model_id,channel_44_1,channel_44_2,channel_44_3,channel_44_4,channel_44_5,channel_44_6,channel_44_7,channel_44_8,channel_44_9,channel_44_10,channel_44_11,channel_44_12,channel_44_13,channel_44_14,channel_44_15,channel_44_16,channel_44_17,channel_44_18,channel_44_19,channel_44_20,channel_44_21,channel_44_22,channel_44_23,channel_44_24,channel_44_25,channel_44_26,channel_44_27,channel_44_28,channel_44_29,channel_44_30,channel_44_31,channel_44_32,channel_44_33,channel_44_34,channel_44_35,channel_44_36,channel_44_37,channel_44_38,channel_44_39,channel_44_40,channel_44_41,channel_44_42,channel_44_43,channel_44_44,channel_44_45,channel_44_46,channel_44_47,channel_44_48,channel_44_49,channel_44_50,channel_44_51,channel_44_52,channel_44_53,channel_44_54,channel_44_55,channel_44_56,channel_44_57,channel_44_58,channel_44_59,channel_44_60,channel_44_61,channel_44_62,channel_44_63,channel_44_64,channel_44_65,channel_44_66,channel_44_67,channel_44_68,channel_44_69,channel_44_70,channel_44_71,channel_44_72,channel_44_73,channel_44_74,channel_44_75,channel_45_1,channel_45_2,channel_45_3,channel_45_4,channel_45_5,channel_45_6,channel_45_7,channel_45_8,channel_45_9,channel_45_10,channel_45_11,channel_45_12,channel_45_13,channel_45_14,channel_45_15,channel_45_16,channel_45_17,channel_45_18,channel_45_19,channel_45_20,channel_45_21,channel_45_22,channel_45_23,channel_45_24,channel_45_25,channel_45_26,channel_45_27,channel_45_28,channel_45_29,channel_45_30,channel_45_31,channel_45_32,channel_45_33,channel_45_34,channel_45_35,channel_45_36,channel_45_37,channel_45_38,channel_45_39,channel_45_40,channel_45_41,channel_45_42,channel_45_43,channel_45_44,channel_45_45,channel_45_46,channel_45_47,channel_45_48,channel_45_49,channel_45_50,channel_45_51,channel_45_52,channel_45_53,channel_45_54,channel_45_55,channel_45_56,channel_45_57,channel_45_58,channel_45_59,channel_45_60,channel_45_61,channel_45_62,channel_45_63,channel_45_64,channel_45_65,channel_45_66,channel_45_67,channel_45_68,channel_45_69,channel_45_70,channel_45_71,channel_45_72,channel_45_73,channel_45_74,channel_45_75,channel_46_1,channel_46_2,channel_46_3,channel_46_4,channel_46_5,channel_46_6,channel_46_7,channel_46_8,channel_46_9,channel_46_10,channel_46_11,channel_46_12,channel_46_13,channel_46_14,channel_46_15,channel_46_16,channel_46_17,channel_46_18,channel_46_19,channel_46_20,channel_46_21,channel_46_22,channel_46_23,channel_46_24,channel_46_25,channel_46_26,channel_46_27,channel_46_28,channel_46_29,channel_46_30,channel_46_31,channel_46_32,channel_46_33,channel_46_34,channel_46_35,channel_46_36,channel_46_37,channel_46_38,channel_46_39,channel_46_40,channel_46_41,channel_46_42,channel_46_43,channel_46_44,channel_46_45,channel_46_46,channel_46_47,channel_46_48,channel_46_49,channel_46_50,channel_46_51,channel_46_52,channel_46_53,channel_46_54,channel_46_55,channel_46_56,channel_46_57,channel_46_58,channel_46_59,channel_46_60,channel_46_61,channel_46_62,channel_46_63,channel_46_64,channel_46_65,channel_46_66,channel_46_67,channel_46_68,channel_46_69,channel_46_70,channel_46_71,channel_46_72,channel_46_73,channel_46_74,channel_46_75
1,0.0,0.0,0.0,0.0,0.0,0.0,0.0,0.0,0.0,0.0,0.0,0.0,0.0,0.0,0.0,0.0,0.0,0.0,0.0,0.0,0.0,0.0,0.0,0.0,0.0,0.0,0.0,0.0,0.0,0.0,0.0,0.0,0.0,0.0,0.0,0.0,0.0,0.0,0.0,0.0,0.0,0.0,0.0,0.0,0.0,0.0,0.0,0.0,0.0,0.0,0.0,0.0,0.0,0.0,0.0,0.0,0.0,0.0,0.0,0.0,0.0,0.0,0.0,0.0,0.0,0.0,0.0,0.0,0.0,0.0,0.0,0.0,0.0,0.0,0.0,0.0,0.0,0.0,0.0,0.0,0.0,0.0,0.0,0.0,0.0,0.0,0.0,0.0,0.0,0.0,0.0,0.0,0.0,0.0,0.0,0.0,0.0,0.0,0.0,0.0,0.0,0.0,0.0,0.0,0.0,0.0,0.0,0.0,0.0,0.0,0.0,0.0,0.0,0.0,0.0,0.0,0.0,0.0,0.0,0.0,0.0,0.0,0.0,0.0,0.0,0.0,0.0,0.0,0.0,0.0,0.0,0.0,0.0,0.0,0.0,0.0,0.0,0.0,0.0,0.0,0.0,0.0,0.0,0.0,0.0,0.0,0.0,0.0,0.0,0.0,-0.003310869098640925,-0.0042791018495336,-0.004921053885482225,-0.006206954596564125,-0.007657115580514025,-0.009061823249794475,-0.01021243142895395,-0.011135756969451849,-0.012453675502911175,-0.013828098541125624,-0.014983818167820549,-0.015703444601967875,-0.0159595559816807,-0.01641538715921337,-0.016659180400893047,-0.016420776722952675,-0.0155589233618229,-0.014052038546651525,-0.012664198875427201,-0.010920291300862976,-0.0087191512575373,-0.005696718930266751,-0.002167979881050925,0.0010229746476397498,0.004593039455357875,0.00840600335504855,0.0126252074260264,0.016795019386336176,0.020444740541279274,0.023921817075461097,0.02718251431360835,0.0305572692304849,0.03329424979165192,0.03495580563321705,0.0362174808979034,0.03682362008839838,0.03723397292196745,0.036910633556544725,0.035408665426075424,0.03343769861385222,0.030999461188912326,0.028512507677078178,0.02532327175140375,0.02147855376824735,0.017460664035752374,0.013450026744976626,0.009833847405388924,0.00589575362391765,0.001857747600297375,-0.001876115842605875,-0.005348657607100849,-0.00789668655488635,-0.010561252478510075,-0.012985706329345651,-0.014932602643966623,-0.01623517763800915,-0.016781007405370425,-0.01733388961292795,-0.0177020579576492,-0.0175728646572679,-0.017082204343751024,-0.01583204139024015,-0.014869441511109424,-0.013936256291344703,-0.01275742542929945,-0.01120101404376325,-0.00930501520633695,-0.0080866912612691,-0.0068341791629791,-0.0056336770066991,-0.004181017458904475,-0.002615322649944525,-0.00173568725585935,-0.000934923678869325,-0.00024034580201252499
2,0.0,0.0,0.0,0.0,0.0,0.0,0.0,0.0,0.0,0.0,0.0,0.0,0.0,0.0,0.0,0.0,0.0,0.0,0.0,0.0,0.0,0.0,0.0,0.0,0.0,0.0,0.0,0.0,0.0,0.0,0.0,0.0,0.0,0.0,0.0,0.0,0.0,0.0,0.0,0.0,0.0,0.0,0.0,0.0,0.0,0.0,0.0,0.0,0.0,0.0,0.0,0.0,0.0,0.0,0.0,0.0,0.0,0.0,0.0,0.0,0.0,0.0,0.0,0.0,0.0,0.0,0.0,0.0,0.0,0.0,0.0,0.0,0.0,0.0,0.0,0.0,0.0,0.0,0.0,0.0,0.0,0.0,0.0,0.0,0.0,0.0,0.0,0.0,0.0,0.0,0.0,0.0,0.0,0.0,0.0,0.0,0.0,0.0,0.0,0.0,0.0,0.0,0.0,0.0,0.0,0.0,0.0,0.0,0.0,0.0,0.0,0.0,0.0,0.0,0.0,0.0,0.0,0.0,0.0,0.0,0.0,0.0,0.0,0.0,0.0,0.0,0.0,0.0,0.0,0.0,0.0,0.0,0.0,0.0,0.0,0.0,0.0,0.0,0.0,0.0,0.0,0.0,0.0,0.0,0.0,0.0,0.0,0.0,0.0,0.0,0.0238997740671038,0.0370809733867645,0.046250601299107054,0.05034355353564022,0.0502404617145657,0.04948832094669338,0.04989119432866567,0.0507299900054931,0.05054056644439695,0.0499612288549542,0.0489770974963903,0.04839208722114558,0.049043297767639125,0.05002119112759826,0.051159411668777424,0.052122195251285974,0.05222635529935355,0.05167063139379023,0.05092458426952358,0.049962802790105273,0.049589529633522,0.04956554900854822,0.05018053017556662,0.05011509824544187,0.04981166124343865,0.04981014598160977,0.049647499807178926,0.04998924862593407,0.0509493453428149,0.051562978886067826,0.0511292358860373,0.05123252142220733,0.051600794307887526,0.05191998742520805,0.04912661574780935,0.041527385823428575,0.0251629156991839,0.0023965289365150497,-0.0197469496633857,-0.035913333296775776,-0.04434893559664485,-0.0463951183483004,-0.04645715095102784,-0.04714371729642147,-0.04825704731047148,-0.04885364137589927,-0.04869841504842038,-0.048025440424680654,-0.047249564900994245,-0.04768326412886375,-0.048487836495041826,-0.049469798803329426,-0.050521016120910596,-0.050596082583069774,-0.04996376670897002,-0.0492150736972689,-0.04824049863964315,-0.048070688731968375,-0.0481708841398358,-0.048847123049199526,-0.04894381761550898,-0.04875552188605065,-0.04869862925261255,-0.0485947923734784,-0.04871629737317561,-0.049434075132012326,-0.0498855113983154,-0.049645493738353225,-0.049639661796390976,-0.04957064054906363,-0.049900899641215746,-0.048419783823192106,-0.044411802664399105,-0.03566490579396482,-0.02346371114253993
3,0.0,0.0,0.0,0.0,0.0,0.0,0.0,0.0,0.0,0.0,0.0,0.0,0.0,0.0,0.0,0.0,0.0,0.0,0.0,0.0,0.0,0.0,0.0,0.0,0.0,0.0,0.0,0.0,0.0,0.0,0.0,0.0,0.0,0.0,0.0,0.0,0.0,0.0,0.0,0.0,0.0,0.0,0.0,0.0,0.0,0.0,0.0,0.0,0.0,0.0,0.0,0.0,0.0,0.0,0.0,0.0,0.0,0.0,0.0,0.0,0.0,0.0,0.0,0.0,0.0,0.0,0.0,0.0,0.0,0.0,0.0,0.0,0.0,0.0,0.0,0.0,0.0,0.0,0.0,0.0,0.0,0.0,0.0,0.0,0.0,0.0,0.0,0.0,0.0,0.0,0.0,0.0,0.0,0.0,0.0,0.0,0.0,0.0,0.0,0.0,0.0,0.0,0.0,0.0,0.0,0.0,0.0,0.0,0.0,0.0,0.0,0.0,0.0,0.0,0.0,0.0,0.0,0.0,0.0,0.0,0.0,0.0,0.0,0.0,0.0,0.0,0.0,0.0,0.0,0.0,0.0,0.0,0.0,0.0,0.0,0.0,0.0,0.0,0.0,0.0,0.0,0.0,0.0,0.0,0.0,0.0,0.0,0.0,0.0,0.0,0.007369706989265925,0.009735619067214374,0.01279874145984645,0.016015693312510775,0.018986160401254826,0.022297824267297924,0.0258976519107818,0.029906288255006023,0.03342766640707845,0.03633905388414855,0.0388486627489328,0.041186964139342246,0.0432125926017761,0.04426184296607968,0.044194986112415756,0.043497259728610474,0.042443275451660094,0.04091554880142208,0.03847230970859525,0.03513249754905698,0.031693045981228296,0.028377711772918653,0.02505282126367085,0.021513541694730475,0.01783360587432975,0.01455375552177425,0.01184943295083935,0.009578227996826125,0.007385725737549325,0.0053632408380508,0.0037283995770849,0.002695585251785775,0.0019473731226753001,0.0008318374602822251,-0.00052358707034725,-0.0017911047179949748,-0.0029416581091936253,-0.0042864679708144995,-0.006391485570929875,-0.0090952018508687,-0.0119426446035504,-0.014595766784623225,-0.0176282825414091,-0.021323621273040726,-0.0252063320949673,-0.028783743269741476,-0.031850973144173574,-0.0346403722651302,-0.03750593401491635,-0.03994234465062613,-0.041458741761743995,-0.041863550432026324,-0.041800290346145574,-0.04126707743853325,-0.04022534657269715,-0.03820716775953765,-0.03532356116920705,-0.032208279706537675,-0.029167378786951272,-0.026005317457020227,-0.02245767880231135,-0.018598452210426275,-0.0151579924859106,-0.012405271409079401,-0.00990786147303875,-0.007345477584749425,-0.004931877134367775,-0.00302790099522095,-0.002060865343082625,-0.001261303827050075,-0.000449965398729475,0.00043473640471342496,0.000805258750915475,0.00066558024263935,0.00045676529407495003
4,0.0,0.0,0.0,0.0,0.0,0.0,0.0,0.0,0.0,0.0,0.0,0.0,0.0,0.0,0.0,0.0,0.0,0.0,0.0,0.0,0.0,0.0,0.0,0.0,0.0,0.0,0.0,0.0,0.0,0.0,0.0,0.0,0.0,0.0,0.0,0.0,0.0,0.0,0.0,0.0,0.0,0.0,0.0,0.0,0.0,0.0,0.0,0.0,0.0,0.0,0.0,0.0,0.0,0.0,0.0,0.0,0.0,0.0,0.0,0.0,0.0,0.0,0.0,0.0,0.0,0.0,0.0,0.0,0.0,0.0,0.0,0.0,0.0,0.0,0.0,0.000665217638015675,0.0006619046034756499,0.0005824317631777,0.000696698829415225,0.0009251981973647499,0.0010413527343189,0.00110680855868845,0.0010577986686257249,0.001191670686239325,0.0015158603782765,0.001694137841695875,0.001843869657022825,0.001884207071270725,0.00214369097375305,0.00262301164912055,0.0029569367761723246,0.003241648257244325,0.0034480194444767498,0.004012460529338501,0.004546582640614325,0.005205790221225424,0.0057973117800429,0.006327470124233474,0.007227689144201525,0.0083331862697377,0.00944614410400385,0.010473415139131201,0.01150501763913775,0.0128866382874548,0.014513617148622825,0.015884429216384825,0.017250348813831775,0.01864961325190955,0.020301436306908678,0.02190602291375395,0.023358216043561676,0.024741028901189503,0.025976687669754,0.027427474502474024,0.028853302821516952,0.030054817441850873,0.030914441682398278,0.03159645106643435,0.03251244639977807,0.0331834149546921,0.033462449908256475,0.03352983342483635,0.033427431713789674,0.0334392692893743,0.03303397167474027,0.03231331193819638,0.031414419878274175,0.030232832301407997,0.029123917687684273,0.027730107773095324,0.02620738744735715,0.024518429767340345,0.02275566733442245,0.02114835847169155,0.019356663338839952,0.01763021457009015,0.01592138921841975,0.014367396477609828,0.013035193202085751,0.011663655284792126,0.010332087869755851,0.009022742742672524,0.008009046316146799,0.007284919440280574,0.006347462534904425,0.0055500915041193,0.004741077602375249,0.0042731463327072,0.003990183293353725,0.0035940011148340497,0.0,0.0,0.0,0.0,0.0,0.0,0.0,0.0,0.0,0.0,0.0,0.0,0.0,0.0,0.0,0.0,0.0,0.0,0.0,0.0,0.0,0.0,0.0,0.0,0.0,0.0,0.0,0.0,0.0,0.0,0.0,0.0,0.0,0.0,0.0,0.0,0.0,0.0,0.0,0.0,0.0,0.0,0.0,0.0,0.0,0.0,0.0,0.0,0.0,0.0,0.0,0.0,0.0,0.0,0.0,0.0,0.0,0.0,0.0,0.0,0.0,0.0,0.0,0.0,0.0,0.0,0.0,0.0,0.0,0.0,0.0,0.0,0.0,0.0,0.0
5,0.001123597248806575,0.00107369819306765,0.0010252843057969,0.001059715941664725,0.00079809129238125,0.00058726965653475,0.0004121512125720714,0.00025364756584165,0.00020330150800872495,-0.00012964010238646954,-0.00037715831422242504,-0.000651732079859325,-0.0008186151778203974,-0.000944713770877525,-0.00127747656370045,-0.001520261183031775,-0.001756469398969725,-0.00196057555149305,-0.002012411743635275,-0.0023293296690098247,-0.0026489048614166,-0.0030104170436970248,-0.0032738497247919,-0.0035959929227828502,-0.004258280096109925,-0.0049378722906111994,-0.005727544426917974,-0.0065264155855401995,-0.007490083691663974,-0.008842468145303374,-0.01019535446539515,-0.011677732458338074,-0.0132253617048263,-0.015003278851509051,-0.017060925252735573,-0.019089445471763573,-0.0212058774195611,-0.023271640297025373,-0.025431498419493374,-0.0276637719944119,-0.029672215692698924,-0.031494642142206375,-0.03296550549566742,-0.034293676726520006,-0.0354291852563619,-0.03617122676223512,-0.03658279869705437,-0.036517481319606256,-0.03627032507210965,-0.0356887532398104,-0.034737844951450755,-0.03352449834346765,-0.0318989800289273,-0.0302449762821197,-0.028429065831005528,-0.026445254683494523,-0.0243217996321618,-0.022038062568753874,-0.020058383699506476,-0.0180548129137605,-0.016077473992481748,-0.014181037899106675,-0.01236560440156605,-0.01089517760556185,-0.00959806167520575,-0.0083985328674316,-0.00729757547378535,-0.006266102194786025,-0.0056026179227046,-0.004971439659129775,-0.004409963963553225,-0.00384487205883485,-0.0032580793485976253,-0.002999410033225975,-0.002750396670307925,0.0,0.0,0.0,0.0,0.0,0.0,0.0,0.0,0.0,0.0,0.0,0.0,0.0,0.0,0.0,0.0,0.0,0.0,0.0,0.0,0.0,0.0,0.0,0.0,0.0,0.0,0.0,0.0,0.0,0.0,0.0,0.0,0.0,0.0,0.0,0.0,0.0,0.0,0.0,0.0,0.0,0.0,0.0,0.0,0.0,0.0,0.0,0.0,0.0,0.0,0.0,0.0,0.0,0.0,0.0,0.0,0.0,0.0,0.0,0.0,0.0,0.0,0.0,0.0,0.0,0.0,0.0,0.0,0.0,0.0,0.0,0.0,0.0,0.0,0.0,0.0,0.0,0.0,0.0,0.0,0.0,0.0,0.0,0.0,0.0,0.0,0.0,0.0,0.0,0.0,0.0,0.0,0.0,0.0,0.0,0.0,0.0,0.0,0.0,0.0,0.0,0.0,0.0,0.0,0.0,0.0,0.0,0.0,0.0,0.0,0.0,0.0,0.0,0.0,0.0,0.0,0.0,0.0,0.0,0.0,0.0,0.0,0.0,0.0,0.0,0.0,0.0,0.0,0.0,0.0,0.0,0.0,0.0,0.0,0.0,0.0,0.0,0.0,0.0,0.0,0.0,0.0,0.0,0.0,0.0,0.0,0.0,0.0,0.0,0.0
6,0.001436014979844875,0.00160195428179575,0.001849030493758575,0.002520576090319025,0.0031608939170836747,0.00410224997904145,0.005098372814245474,0.006326734961476149,0.008075609570369076,0.009832874056883125,0.012004256248474074,0.014327352168038425,0.016853586072102127,0.019890238763764452,0.02309787785634395,0.0264605432748794,0.02984160184860225,0.033347537275403696,0.037024696357548174,0.040697901975363444,0.044348736293613855,0.04756877385079858,0.05054908432066435,0.05332613456994288,0.05579609796404836,0.05785790551453823,0.05928763374686238,0.0602399399504065,0.060577244497835595,0.06045173108577724,0.05996338557451958,0.058686748147010775,0.05701703857630484,0.054844340309500646,0.0522393640130758,0.04951172042638057,0.0462042102590203,0.042923852801322895,0.039364229887723874,0.035963818896561826,0.03253786219283933,0.029011011123657175,0.025769472122192327,0.0226127800997346,0.019791305297985624,0.017202541464939675,0.014665161143057024,0.012557884096167926,0.010531132342293801,0.008945956942625299,0.007681007089558925,0.006450409477110875,0.005435039638541575,0.0046524753561243,0.0040694276394788,0.003541762707754925,0.0031178742938208753,0.0028154154133517,0.0024727980489842247,0.002287954121129525,0.002097725868225075,0.0019043038482777252,0.00187014543917025,0.001677001535426775,0.001623709977138725,0.001435766636859575,0.001209795460454125,0.001231988266226775,0.001270880282390825,0.001231317728524975,0.00103387236595145,0.00089184443640985,0.0009465118346269751,0.0010193685884587,0.001042996853357125,0.0,0.0,0.0,0.0,0.0,0.0,0.0,0.0,0.0,0.0,0.0,0.0,0.0,0.0,0.0,0.0,0.0,0.0,0.0,0.0,0.0,0.0,0.0,0.0,0.0,0.0,0.0,0.0,0.0,0.0,0.0,0.0,0.0,0.0,0.0,0.0,0.0,0.0,0.0,0.0,0.0,0.0,0.0,0.0,0.0,0.0,0.0,0.0,0.0,0.0,0.0,0.0,0.0,0.0,0.0,0.0,0.0,0.0,0.0,0.0,0.0,0.0,0.0,0.0,0.0,0.0,0.0,0.0,0.0,0.0,0.0,0.0,0.0,0.0,0.0,0.0,0.0,0.0,0.0,0.0,0.0,0.0,0.0,0.0,0.0,0.0,0.0,0.0,0.0,0.0,0.0,0.0,0.0,0.0,0.0,0.0,0.0,0.0,0.0,0.0,0.0,0.0,0.0,0.0,0.0,0.0,0.0,0.0,0.0,0.0,0.0,0.0,0.0,0.0,0.0,0.0,0.0,0.0,0.0,0.0,0.0,0.0,0.0,0.0,0.0,0.0,0.0,0.0,0.0,0.0,0.0,0.0,0.0,0.0,0.0,0.0,0.0,0.0,0.0,0.0,0.0,0.0,0.0,0.0,0.0,0.0,0.0,0.0,0.0,0.0
7,0.0,0.0,0.0,0.0,0.0,0.0,0.0,0.0,0.0,0.0,0.0,0.0,0.0,0.0,0.0,0.0,0.0,0.0,0.0,0.0,0.0,0.0,0.0,0.0,0.0,0.0,0.0,0.0,0.0,0.0,0.0,0.0,0.0,0.0,0.0,0.0,0.0,0.0,0.0,0.0,0.0,0.0,0.0,0.0,0.0,0.0,0.0,0.0,0.0,0.0,0.0,0.0,0.0,0.0,0.0,0.0,0.0,0.0,0.0,0.0,0.0,0.0,0.0,0.0,0.0,0.0,0.0,0.0,0.0,0.0,0.0,0.0,0.0,0.0,0.0,-0.0285132927820086,-0.03208763897418972,-0.0348847964778542,-0.03718388546258208,-0.03866976592689745,-0.039335081353783545,-0.039556234143674325,-0.0392396748065948,-0.0381561610847711,-0.036907603032886926,-0.03540129959583275,-0.0334238754585385,-0.03166788769885892,-0.029775440227240275,-0.028120805509388398,-0.0270005366764962,-0.02565359557047482,-0.0245283939875662,-0.0233692275360226,-0.022326226346194675,-0.021262570749968224,-0.02014113962650295,-0.0190729200839996,-0.017647122032940325,-0.016320308437570874,-0.014956777216866574,-0.013507500290870625,-0.01215548813343045,-0.0105070422869175,-0.009271055459976125,-0.008182048681192025,-0.006965085864067051,-0.005982269998639749,-0.00468246138188985,-0.00349997973535205,-0.002354125201236375,-0.0012832383217755,-0.0001669675075390844,0.001158500715973725,0.002310340641997725,0.0035605232114903,0.0048284579534083,0.0060381690273061,0.007663145661354025,0.009266873355954825,0.010820264695212176,0.012158542871475175,0.013576164608821224,0.015082766534760551,0.016172965290024825,0.017387891653925125,0.018247202038764926,0.019206867087632376,0.020332748070359202,0.021408751606941202,0.02275053178891535,0.0239254827611148,0.025474946014583076,0.027379080187529298,0.02904056478291745,0.03107398236170405,0.032886107917874975,0.0347289144992828,0.03654517792165273,0.038001592271029894,0.03896997403353447,0.03933517634868618,0.03906546998769042,0.038309747353196075,0.0366883566603064,0.03461279440671202,0.03156221797689792,0.0282848430797457,0.024278079159557778,0.01972373342141505,0.0,0.0,0.0,0.0,0.0,0.0,0.0,0.0,0.0,0.0,0.0,0.0,0.0,0.0,0.0,0.0,0.0,0.0,0.0,0.0,0.0,0.0,0.0,0.0,0.0,0.0,0.0,0.0,0.0,0.0,0.0,0.0,0.0,0.0,0.0,0.0,0.0,0.0,0.0,0.0,0.0,0.0,0.0,0.0,0.0,0.0,0.0,0.0,0.0,0.0,0.0,0.0,0.0,0.0,0.0,0.0,0.0,0.0,0.0,0.0,0.0,0.0,0.0,0.0,0.0,0.0,0.0,0.0,0.0,0.0,0.0,0.0,0.0,0.0,0.0
8,0.0,0.0,0.0,0.0,0.0,0.0,0.0,0.0,0.0,0.0,0.0,0.0,0.0,0.0,0.0,0.0,0.0,0.0,0.0,0.0,0.0,0.0,0.0,0.0,0.0,0.0,0.0,0.0,0.0,0.0,0.0,0.0,0.0,0.0,0.0,0.0,0.0,0.0,0.0,0.0,0.0,0.0,0.0,0.0,0.0,0.0,0.0,0.0,0.0,0.0,0.0,0.0,0.0,0.0,0.0,0.0,0.0,0.0,0.0,0.0,0.0,0.0,0.0,0.0,0.0,0.0,0.0,0.0,0.0,0.0,0.0,0.0,0.0,0.0,0.0,0.0,0.0,0.0,0.0,0.0,0.0,0.0,0.0,0.0,0.0,0.0,0.0,0.0,0.0,0.0,0.0,0.0,0.0,0.0,0.0,0.0,0.0,0.0,0.0,0.0,0.0,0.0,0.0,0.0,0.0,0.0,0.0,0.0,0.0,0.0,0.0,0.0,0.0,0.0,0.0,0.0,0.0,0.0,0.0,0.0,0.0,0.0,0.0,0.0,0.0,0.0,0.0,0.0,0.0,0.0,0.0,0.0,0.0,0.0,0.0,0.0,0.0,0.0,0.0,0.0,0.0,0.0,0.0,0.0,0.0,0.0,0.0,0.0,0.0,0.0,-0.008287866832688425,-0.008026594761759,-0.007403964875265925,-0.00648753833957015,-0.00561751425266265,-0.00483730435371395,-0.0041707506170496,-0.003522763727232775,-0.0028863003244623247,-0.0023261953610926502,-0.00172426301287485,-0.001149813295342025,-0.000505556643474825,0.000135362151922875,0.0007221549749373999,0.001364459632895875,0.00204455357743425,0.0027128607034683,0.003379493951797475,0.003994156955741325,0.0045373290777206005,0.0049943081103265,0.005556002259254425,0.0062150605954229745,0.00691052293404935,0.007746671559289075,0.008320430992171151,0.008550167083740226,0.008957386249676324,0.0097644976340234,0.0098096327856183,0.007171854376792875,0.0016639580717310001,-0.005007117870263725,-0.010298599954694499,-0.013094539288431375,-0.013769497629255025,-0.013569101691246026,-0.013135284185409525,-0.012486070394515976,-0.01156862080097195,-0.010486280079931,-0.00937864184379575,-0.00822103046812115,-0.00707196677103635,-0.0061334173660725,-0.005313480971381025,-0.00453288853168485,-0.0037074884166941,-0.002745350240729725,-0.00165531039237975,-0.000593369215494,0.00043908756197195,0.0014400432701222499,0.002419397234916675,0.003450920223258425,0.004555006860755375,0.005563159706070975,0.0063866078853607,0.0072155096568167,0.008082240819931025,0.0090209243353456,0.010082627180963751,0.0111291306093335,0.011954073794186074,0.0127733596600592,0.013859122525900575,0.014838397502899125,0.014090076088905324,0.01093145739287135,0.006008645053952899,0.0015940864686854,-0.0011486063303891248,-0.001990343094803375,-0.0017788757686503
9,0.0,0.0,0.0,0.0,0.0,0.0,0.0,0.0,0.0,0.0,0.0,0.0,0.0,0.0,0.0,0.0,0.0,0.0,0.0,0.0,0.0,0.0,0.0,0.0,0.0,0.0,0.0,0.0,0.0,0.0,0.0,0.0,0.0,0.0,0.0,0.0,0.0,0.0,0.0,0.0,0.0,0.0,0.0,0.0,0.0,0.0,0.0,0.0,0.0,0.0,0.0,0.0,0.0,0.0,0.0,0.0,0.0,0.0,0.0,0.0,0.0,0.0,0.0,0.0,0.0,0.0,0.0,0.0,0.0,0.0,0.0,0.0,0.0,0.0,0.0,-0.027635315898805825,-0.0348673365078866,-0.03947696089744562,-0.04132241010665892,-0.0416067354381084,-0.040406977757811505,-0.038192868232727,-0.03612427506595845,-0.034150029066950055,-0.03299083327874535,-0.03203437244519585,-0.031202713958918975,-0.02994820894673465,-0.02861100435256955,-0.027359306812286297,-0.025992080569267224,-0.024595727678388326,-0.02318137371912595,-0.021987647283822277,-0.0208455175161361,-0.0194378248415887,-0.018245975254103527,-0.01706529641523955,-0.0160194237250834,-0.01495556486770505,-0.013711705803871125,-0.012404183624312226,-0.011284843087196276,-0.0102648686151951,-0.00935543561354275,-0.00835349166300145,-0.0071604897966607755,-0.005905831814743525,-0.0047381967306136495,-0.0035941600217483495,-0.00248678529169405,-0.001231874033692275,0.00012179215741524103,0.0014167179615468999,0.002683475613594,0.00368182861711825,0.004820595262572125,0.0061352601042017,0.0073560228338464505,0.00853218638803805,0.009667963022366126,0.0109316706657409,0.012149716494604898,0.013399789575487351,0.014457454672083226,0.0156674883328378,0.016990463016554675,0.0180923489388078,0.019284924026578623,0.020466804504394476,0.02162090456113215,0.02283054590225215,0.023924747947603426,0.02516227448359125,0.0263239839114248,0.027612313628196702,0.029019629117101375,0.030079007614403904,0.030989652499556472,0.03179313754662868,0.032722676172852475,0.03385113691911095,0.03548265434801573,0.037423773668706375,0.03888789843767875,0.03996709454804655,0.03954755235463375,0.03654349828138945,0.031134168151766,0.02353907609358425,-0.027245169039815626,-0.03429558360949155,-0.03902710415422912,-0.0408848626539111,-0.0412737969309091,-0.03987657558172935,-0.03768381942063565,-0.03559408104047172,-0.03372811293229455,-0.03261346695944663,-0.03154988540336483,-0.03063260484486815,-0.0293353646993637,-0.028086478356271927,-0.026766677852719977,-0.025285765528678852,-0.0239296457730233,-0.0227391123771667,-0.0215695495717227,-0.02030640328302975,-0.018781001679599223,-0.017796173458918898,-0.016669392120093076,-0.015589535469189248,-0.014337494736537275,-0.013103495119139526,-0.011963938595727025,-0.010862688301131075,-0.00996450078673655,-0.008975039119832174,-0.007760107517242374,-0.00665474426932625,-0.0055406342726200255,-0.00449470675084735,-0.00320219498826185,-0.001928746671183,-0.00063723821949675,0.0005849252247571266,0.001745740592014,0.002917985140811625,0.0042272011633030255,0.00536361336708065,0.00657618546392765,0.0076934994431212,0.009005765314213874,0.01028277468867595,0.011452069040387826,0.012620826717466076,0.013755877735093198,0.0151588565204292,0.016354173421859675,0.0174749644938856,0.018602276686578927,0.0198384970426559,0.021132111083716102,0.0222080596722662,0.023265789262950375,0.02446593344211575,0.025723183993250076,0.027010639198124346,0.02824512636288995,0.029490769840776875,0.030492439866065923,0.03147107921540732,0.0323295597918331,0.03314221883192652,0.03426061524078242,0.035784457344561746,0.03781181480735535,0.03960192203521723,0.04066594969481225,0.04007014073431488,0.037047977559268426,0.03134915186092252,0.023905709385871825
10,0.0,0.0,0.0,0.0,0.0,0.0,0.0,0.0,0.0,0.0,0.0,0.0,0.0,0.0,0.0,0.0,0.0,0.0,0.0,0.0,0.0,0.0,0.0,0.0,0.0,0.0,0.0,0.0,0.0,0.0,0.0,0.0,0.0,0.0,0.0,0.0,0.0,0.0,0.0,0.0,0.0,0.0,0.0,0.0,0.0,0.0,0.0,0.0,0.0,0.0,0.0,0.0,0.0,0.0,0.0,0.0,0.0,0.0,0.0,0.0,0.0,0.0,0.0,0.0,0.0,0.0,0.0,0.0,0.0,0.0,0.0,0.0,0.0,0.0,0.0,-0.03296203352510925,-0.03659454546868795,-0.03934630844742053,-0.0415967013686895,-0.043240214698016574,-0.0439338525757193,-0.0434164851903915,-0.042337124235928,-0.04093916621059175,-0.03930660057812928,-0.03784645628184073,-0.03597108554095026,-0.03425180353224272,-0.0324102491140365,-0.03115229820832605,-0.029956892132759073,-0.028429840691387622,-0.026861751917749598,-0.025145267602056227,-0.023768241051584427,-0.022503445856273126,-0.021113669034093573,-0.0195689047686755,-0.018046115990728098,-0.016886904835700926,-0.015600949525833074,-0.014229675056412776,-0.0129021804314106,-0.0113318711519241,-0.0101276189088821,-0.00885082315653555,-0.00745362532325085,-0.00576377403922375,-0.004132295551244125,-0.0028768578777089004,-0.0014587243495042751,0.00011838972568510888,0.0017803956870920499,0.0032979150419123245,0.0044926007976755,0.0057561298599466,0.006956413271836876,0.008442794205620826,0.009939824463799525,0.01072642207145685,0.0118929545860737,0.01304112374782555,0.014512474415823776,0.016042744508013074,0.017415414098650175,0.018787617329508,0.020200391765683827,0.021923685912042797,0.023586159106343926,0.024890645872801497,0.0264832423999905,0.027793834917247278,0.02955852448940275,0.031255747191607924,0.032704780809581224,0.034612709656357724,0.036383350379765006,0.038417711853980976,0.04008855018764728,0.041301771998405394,0.042463828809559324,0.043328423984348725,0.04342598654329775,0.042020276188850354,0.04045698605477805,0.03787928819656365,0.03453727532178155,0.030119463335722626,0.02510689711198205,0.0198607346974313,0.0074661821126937,0.01049146056175225,0.013854414224624599,0.017200415488332475,0.020788744091987575,0.02454686164855955,0.0285791009664535,0.03222269890829917,0.03525699768215412,0.03848261106759305,0.041265651583671556,0.044113257899880354,0.046283537521958296,0.04791688919067377,0.04948755074292417,0.05062930844724175,0.051686464808881255,0.052206684835255104,0.051937798038124976,0.0517468741163611,0.05118478275835513,0.0504481997340917,0.04903726186603302,0.047062233090400654,0.0450312495231628,0.04278819821774955,0.04047023691236968,0.03734473977237935,0.03400327730923885,0.030709286220371675,0.027186075691133696,0.02374692773446435,0.01958178495988245,0.015299817081540774,0.011267358902841775,0.007161433459259525,0.0031057595624587996,-0.0013602823310065498,-0.0058098286390304,-0.009976282715797376,-0.013893112773075676,-0.017638996243476826,-0.021868412848561974,-0.025709365960210527,-0.029385815374553124,-0.03267295192927117,-0.03547233808785673,-0.038735037669539424,-0.04140032362192865,-0.0437493277713656,-0.04562944639474151,-0.047081933356821475,-0.04863705765455957,-0.049881473183631876,-0.0505679147318005,-0.050813129171729046,-0.0505095170810818,-0.0503401551395654,-0.04966404568403953,-0.04842285811901088,-0.0465182857587933,-0.04439153801649805,-0.04242483712732788,-0.03967178799211975,-0.036549716256558853,-0.0329401399940252,-0.029392341617494776,-0.026116356253623928,-0.022291223518550347,-0.018776317592710173,-0.015177046181633999,-0.0120232652407139,-0.009360671043395923,-0.0067409524926915244,-0.004509965539909875
11,0.0,0.0,0.0,0.0,0.0,0.0,0.0,0.0,0.0,0.0,0.0,0.0,0.0,0.0,0.0,0.0,0.0,0.0,0.0,0.0,0.0,0.0,0.0,0.0,0.0,0.0,0.0,0.0,0.0,0.0,0.0,0.0,0.0,0.0,0.0,0.0,0.0,0.0,0.0,0.0,0.0,0.0,0.0,0.0,0.0,0.0,0.0,0.0,0.0,0.0,0.0,0.0,0.0,0.0,0.0,0.0,0.0,0.0,0.0,0.0,0.0,0.0,0.0,0.0,0.0,0.0,0.0,0.0,0.0,0.0,0.0,0.0,0.0,0.0,0.0,0.0,0.0,0.0,0.0,0.0,0.0,0.0,0.0,0.0,0.0,0.0,0.0,0.0,0.0,0.0,0.0,0.0,0.0,0.0,0.0,0.0,0.0,0.0,0.0,0.0,0.0,0.0,0.0,0.0,0.0,0.0,0.0,0.0,0.0,0.0,0.0,0.0,0.0,0.0,0.0,0.0,0.0,0.0,0.0,0.0,0.0,0.0,0.0,0.0,0.0,0.0,0.0,0.0,0.0,0.0,0.0,0.0,0.0,0.0,0.0,0.0,0.0,0.0,0.0,0.0,0.0,0.0,0.0,0.0,0.0,0.0,0.0,0.0,0.0,0.0,0.0152067092712968,0.025329405907541454,0.0297289141453802,0.03239139402285215,0.03238853858783835,0.0336282807402312,0.035598278045654255,0.03436158131808038,0.03331434680148952,0.03248688625171775,0.028771186945959898,0.02438022149726745,0.0171749989967793,-0.002557580854045225,-0.016899759648367724,-0.02515224134549495,-0.032107348088175,-0.03412024164572355,-0.035590524319559294,-0.03676340542733665,-0.03581073880195615,-0.0353684769943356,-0.03194135450758038,-0.0248238795320503,-0.019691516412422,0.0010034292936325505,0.019509062170982326,0.0284187942743301,0.0339902890846133,0.034773841965943526,0.03558897459879513,0.03834129404276608,0.03779100347310298,0.036846076603978824,0.037010625470429624,0.03329948103055355,0.027721191290765952,0.017849186901003098,-0.0054359933128580755,-0.0204638140276074,-0.0289418892934918,-0.035133351571857874,-0.03562271548435085,-0.03573791263625022,-0.036600499879568746,-0.036010152194648926,-0.036264503840357024,-0.03345948457717893,-0.02651645254809405,-0.01904218934942035,0.001649618228839275,0.0194179564714431,0.028116817120462625,0.0337491971440613,0.03371000709012145,0.033146694768220124,0.03520870720967645,0.03473635530099267,0.034127096645533976,0.03484349930658935,0.03184570884332055,0.025828952086158048,0.014778172248043075,-0.00487104057538085,-0.0159324754495173,-0.023783237207680878,-0.030220702290534925,-0.0309790819883346,-0.03100617788732045,-0.03205927694216365,-0.032687192317098324,-0.033120125066488926,-0.03152349544689055,-0.027801950229331802,-0.02330973290372635
12,-0.0110801259288564,-0.015464320895262,-0.018695056671276626,-0.020829935790970873,-0.02112337970174845,-0.020651484606787528,-0.020285174483433324,-0.0201080793049186,-0.019580299733206574,-0.0195292180869728,-0.019615133292973,-0.0201837620697915,-0.020355969434604,-0.020134980557486373,-0.019979998702183324,-0.0199434561654925,-0.02017854666337365,-0.020296395057812274,-0.020340164424851478,-0.020196457393467402,-0.0200375914573669,-0.0202638311311602,-0.020196512574329903,-0.02023178315721445,-0.020250931847840502,-0.020335624692961525,-0.020357717992737848,-0.0201346725225448,-0.019928201800212222,-0.019862840417772476,-0.019870693562552298,-0.020015701651573126,-0.019854212645441224,-0.01974602998234325,-0.01974570238962765,-0.020286143058910924,-0.02075629448518155,-0.020884916419163298,-0.020862330915406326,-0.020877351285889675,-0.0211123276967555,-0.02138666296377775,-0.02114224433898925,-0.02087553334422405,-0.02072631311602885,-0.020676280139014076,-0.021117423893883772,-0.0211590728722512,-0.020845577120780875,-0.02084237826056775,-0.021376674296334323,-0.021825775969773475,-0.0219017760828137,-0.021606226917356225,-0.021404922241345,-0.021498968359082927,-0.021591246360912898,-0.021402497775852625,-0.021480560069903676,-0.021620486862957422,-0.021787325385957925,-0.021823242306709248,-0.02187364827841515,-0.02164123975671825,-0.02125051105394955,-0.020909353857859928,-0.0208860738202929,-0.02093290816992515,-0.020956436870619627,-0.021001831162720877,-0.021093736402690348,-0.020784904249012425,-0.019861897220835048,-0.017783333780243972,-0.013827204820699948,-0.01172230648808175,-0.015977923874743248,-0.0190607458353042,-0.021063124295324025,-0.02078096079640085,-0.0205152782145887,-0.02022384130395945,-0.020083606475964126,-0.019749606726691075,-0.019644920947030124,-0.0197751524392515,-0.0202423089649528,-0.02037183963693673,-0.020202288869768326,-0.020035778405144776,-0.0202090837992727,-0.020368377212434972,-0.020368695491924826,-0.020314648747444125,-0.02008146024309095,-0.02020650613121685,-0.020342965843155925,-0.02025181055068965,-0.0203428717795759,-0.020414417376741725,-0.0204169850330799,-0.020217115990817526,-0.01999449706636365,-0.019905457738786873,-0.02009473717771465,-0.02019949210807675,-0.02007939456962045,-0.019981374265626024,-0.0199036400299519,-0.019984965445473724,-0.0204783182125538,-0.020722056506201576,-0.020998815773054926,-0.021028225775808047,-0.021169588202610577,-0.02133960020728405,-0.021382163045927848,-0.021206090692430676,-0.02098645223304625,-0.021008476149290776,-0.0209570673760026,-0.021175811532884774,-0.021108051296323503,-0.020906260004267048,-0.0210300586186349,-0.021577214123681153,-0.021800850750878377,-0.0220003530848771,-0.02174262190237635,-0.021714831702411126,-0.021839608205482298,-0.0218400657176971,-0.021806542994454448,-0.021833549020811874,-0.02203973638825115,-0.02186502492986615,-0.021904860856011475,-0.022008315194398123,-0.021783833391964377,-0.02155334758572275,-0.0211717137135565,-0.021164983510971,-0.021248167147859875,-0.021290644770488098,-0.02133291470818215,-0.02124530589208,-0.0209273449145257,-0.0199541302863508,-0.017872512340545574,-0.013848652364686076,-0.011852979660034124,-0.016316885943524498,-0.01925868308171625,-0.02042051125317805,-0.020062277792021577,-0.019922937033697925,-0.0199240148067474,-0.019751533633097947,-0.01961651933379465,-0.019430696731433224,-0.0194417887832969,-0.01992273353971535,-0.020025009755045148,-0.0200082114897668,-0.01984022068791085,-0.019962539430707624,-0.02009932184591885,-0.020063260802999097,-0.019978572847321577,-0.019711588742211426,-0.019893924472853524,-0.020021652569994247,-0.02000690996646875,-0.020364840980619175,-0.0203143309336155,-0.020072564249858198,-0.0199408528860658,-0.019812544342130402,-0.020016595488414127,-0.020034884102642498,-0.02007716405205425,-0.020028084283694576,-0.020004903199151127,-0.01999601232819255,-0.019883071305230197,-0.02027541422285135,-0.020597731461748425,-0.02100740885362023,-0.0211200166959315,-0.0210697457659989,-0.0211116371210664,-0.021201730007305675,-0.021201710216700975,-0.021068389760330302,-0.020874117966741275,-0.020774047123268198,-0.02096700132824475,-0.02098762453533705,-0.0208431929349899,-0.0207358549814671,-0.021279737353324824,-0.021628001937642652,-0.021936948178335972,-0.02173825097270305,-0.021505027776583977,-0.021743977908045026,-0.021908193826675353,-0.0219861867371946,-0.021862243534997074,-0.021803895477205473,-0.021618877770379123,-0.021684616571292253,-0.021862104535102796,-0.021699816221371248,-0.021319086197763626,-0.021112893940880853,-0.021182259079068823,-0.021287694806232976,-0.021206354023888672,-0.021158029558137025,-0.02108594286255535,-0.02070374786853785,-0.01967720710672435,-0.01743220794014625,-0.0132723450660705
13,-0.0005148450409250877,-8.206566872102722e-05,0.0008228470924223096,0.0022530953283421253,0.004188105420325825,0.00716007256414735,0.0116230448475107,0.01723809051327405,0.023207222577184397,0.028788685798644978,0.033498147968202774,0.03601535083726045,0.036930292379110996,0.0364718828350305,0.03515853499993675,0.033386563416570376,0.031146079767495324,0.0288076498545706,0.02641587425023315,0.024138967273756824,0.022167910821735824,0.02022201824001965,0.018853302113711775,0.01755592203699045,0.016197338467463802,0.014671494485810375,0.012736792326904774,0.010510131542105176,0.007988462835783099,0.005399808365382301,0.0031009713129606003,0.0011396258632885249,0.00025350352734672496,-2.9116861696825002e-05,8.48372746986805e-05,0.0004917482465315942,0.0008762131037655891,0.0009090155435842,0.00061745445418635,0.000530888646608175,0.00032999118047879995,0.0001802345077521437,0.0003578613177523374,0.00046665966328869997,0.0007680753878957249,0.000862648084876075,0.000896945610293125,0.0009346902297693,0.0009295046183978751,0.001154715806478575,0.0011176516709383,0.0010916044411714751,0.0008273919520433617,0.00048533082735955,0.0001246829802994302,-0.00048544506535104997,-0.000954205781454175,-0.0009293754774261751,-0.0005954355001449251,9.6405557997025e-05,0.0005355030334612613,0.0009647458791732501,0.0010364751033193251,0.0009910613298416001,0.00084414084267335,0.0006291816680459,0.00057691334768605,0.0006595303711946711,0.0007164329399529,0.00100309152185215,0.00095903377950885,0.00113000475539585,0.0011655241250991,0.00115446745621735,0.001027137062919725,-0.000304068124933073,-0.00040836632069837244,-0.0009634097295929251,-0.0013819187879561998,-0.0019612262258305747,-0.002192546904552675,-0.0019945949024986,-0.0015860647108638247,-0.0010506659841666723,-0.0006834914165664999,-0.0004985382165614105,-0.0005134642306075,-0.000955199206600756,-0.0011235425718041,-0.001381600901368025,-0.001394167542457525,-0.0011841704399557249,-0.0007999936860869249,-0.00031515460250370675,-0.0001838554835558099,-0.00018220145466331245,-0.0002725819831539402,-0.0005439917367766243,-0.0006617605595238001,-0.00090948244906025,-0.0008072753771557249,-0.00026012460148192495,0.000625362001301275,0.002033308127465684,0.00385186561106815,0.006950989540200649,0.01135732745751735,0.017000580905005277,0.023253440856933524,0.028868918307125527,0.033576940651982974,0.03631624067202205,0.037155857775360304,0.03671149397268887,0.03535985434427855,0.03346573887392875,0.031336635816842276,0.02907060598954555,0.02678481768816705,0.0242955083958804,0.022204166045412376,0.02052129781804975,0.019070670241489975,0.0177433392964303,0.016067141899838974,0.014467964880168376,0.012583245639689225,0.010427459958009375,0.008227725920733,0.005815158088807875,0.003693143524287725,0.0017616252298466748,0.000738034632377075,0.00021608174574789998,0.00015428662300109026,0.000289221602542926,0.00045676528134206275,0.00053839384054295,0.00040162601362677504,0.000322982676152575,0.000247369211137975,3.781418308790001e-05,0.00018186370346026377,0.00027369956296748835,0.00037564834747167325,0.00041300555312768193,0.000470037261948114,0.0005241880717221,0.000436032816651225,0.000387405347282725,0.0004860361368628,0.0001471787691116321,-0.0002794216197799,-0.001064434654836025,-0.0015494426188524249,-0.00179116430808785,-0.0014766554086235997,-0.0009111315266636501,-0.000435948379163125,0.00028137862318545,0.000665371619106725,0.000811994090327025,0.000644559680949875,0.0001343786716461,-0.00011361141878295003,-0.00034968555473822164,-0.00014121333333603695,0.0001444121189706235,0.00027504066019896055,0.0005041658878326007,0.0004858573374803566,0.0007060070929582501,0.000707134597178,0.0006589641125174,0.000673179809382375,0.0005472401680889989,0.00046824416494927503,-7.819134771127499e-05,-0.000710134721884925,-0.0011587888002395,-0.001480773091316175,-0.0013273209042381,-0.0008473495545331055,-0.00011239450395802498,0.000453253596788244,0.000617270648945075,0.0007136116328183501,0.00022216141223902502,-0.00018968183576361565,-0.000426813960075375,-0.00045497714495464076,-5.57750390726e-05,0.0002243965900561,0.00064716241286075,0.0008018265070859,0.0008600701767136,0.000821928173536425,0.000443249926320225,3.830095829468789e-05,-0.00018687049578144498,-8.6784366430925e-05,0.0004969040537616273,0.0015005171189841,0.003094593717833,0.005278085707686775,0.008338967920280925,0.012767404434271101,0.0181307841558009,0.024253353010863024,0.029799352400004822,0.034165064338594626,0.036836479324847404,0.03771889721974722,0.037390882149338674,0.036184092052280875,0.03431568061932917,0.0321765691041946,0.02971390355378385,0.027447343338280875,0.024868021253496377,0.02275465452112255,0.021019026637077252,0.0194134665653109,0.017942522885277826,0.016289363149553475
14,0.0,0.0,0.0,0.0,0.0,0.0,0.0,0.0,0.0,0.0,0.0,0.0,0.0,0.0,0.0,0.0,0.0,0.0,0.0,0.0,0.0,0.0,0.0,0.0,0.0,0.0,0.0,0.0,0.0,0.0,0.0,0.0,0.0,0.0,0.0,0.0,0.0,0.0,0.0,0.0,0.0,0.0,0.0,0.0,0.0,0.0,0.0,0.0,0.0,0.0,0.0,0.0,0.0,0.0,0.0,0.0,0.0,0.0,0.0,0.0,0.0,0.0,0.0,0.0,0.0,0.0,0.0,0.0,0.0,0.0,0.0,0.0,0.0,0.0,0.0,-0.0039455790829378504,-0.0051268585957586245,-0.006460761069320125,-0.0076897640246897745,-0.0090512435417622,-0.0106594809330999,-0.012419228674843876,-0.014329512603580874,-0.01595428073778745,-0.017598996870219652,-0.019407540559768625,-0.0212124888785183,-0.022586241364479023,-0.02371420478448265,-0.0250066220760345,-0.026200578082352825,-0.027115324977785328,-0.0273898793384432,-0.027461280580610002,-0.02747293794527645,-0.02740610623732205,-0.027280062437057474,-0.026204998604953247,-0.024960373528301646,-0.0239778808318078,-0.0228754873387515,-0.021578351501375374,-0.019784847740083877,-0.017935445066541374,-0.016354009509086574,-0.014919355511665301,-0.01357362186536185,-0.0119708129204809,-0.010588024975731927,-0.009607692598365199,-0.009068637969903625,-0.008612309931777376,-0.008049622294492976,-0.007898847223259476,-0.0082294642925262,-0.008890767931006825,-0.009573757648467952,-0.01043135439977045,-0.011432409170083625,-0.013019029982387974,-0.01458188891410825,-0.016205137129873,-0.01765689742751415,-0.019166489364579275,-0.021010980475693927,-0.0225840704515576,-0.024119287263602,-0.025049055926501702,-0.026030729524791175,-0.027104814536869477,-0.027778978459536977,-0.028129855636507224,-0.0278520132414996,-0.027547881007194474,-0.02725316584110255,-0.02669634949415915,-0.025694261305034098,-0.02413107501342885,-0.022480801213532624,-0.021015554666519096,-0.019413719885051202,-0.017477249260991777,-0.015348553890362326,-0.013324961066245974,-0.011410201666876623,-0.0098311903420835,-0.0078688014764338,-0.005889435531571475,-0.004375025746412525,-0.0031212717876769247,0.0,0.0,0.0,0.0,0.0,0.0,0.0,0.0,0.0,0.0,0.0,0.0,0.0,0.0,0.0,0.0,0.0,0.0,0.0,0.0,0.0,0.0,0.0,0.0,0.0,0.0,0.0,0.0,0.0,0.0,0.0,0.0,0.0,0.0,0.0,0.0,0.0,0.0,0.0,0.0,0.0,0.0,0.0,0.0,0.0,0.0,0.0,0.0,0.0,0.0,0.0,0.0,0.0,0.0,0.0,0.0,0.0,0.0,0.0,0.0,0.0,0.0,0.0,0.0,0.0,0.0,0.0,0.0,0.0,0.0,0.0,0.0,0.0,0.0,0.0
15,-0.01092670368961985,-0.02335790777578945,-0.03289257036522025,-0.036327142734080525,-0.035820523276925045,-0.0354025461710989,-0.035515577066689674,-0.036414449568837846,-0.03687667893245812,-0.0370101337321102,-0.03661059821024535,-0.0364064234308898,-0.036587944254279095,-0.03639781521633262,-0.03676759218797082,-0.03755463613197202,-0.03806486679241058,-0.038402666803449344,-0.0385291376151144,-0.037862946745008175,-0.03761666128411882,-0.037666325923055355,-0.03809141600504513,-0.03777860105037685,-0.03819343494251365,-0.0375319863669574,-0.03678726172074673,-0.03782780421897763,-0.03889854159206148,-0.0383516703732311,-0.03712896956130855,-0.0370937436819076,-0.03749401913955801,-0.035341888666152926,-0.031524623278528424,-0.031114703044295276,-0.02679972397163505,-0.011659353971481299,0.010710860311519299,0.0282138036563992,0.03486768389120695,0.035492564085870926,0.0355731947347521,0.03557366691529745,0.03633094858378165,0.0372555856592953,0.03740381682291623,0.036990020889788824,0.03698260104283688,0.03756552934646602,0.037537406198680345,0.03738403785973785,0.03794194711372252,0.03849403001368042,0.0388224669732153,0.0389052731916308,0.03860942041501398,0.0391533616930246,0.0391114009544253,0.038950622547417824,0.0386484120972454,0.039052631240338045,0.039153113961219725,0.03857013164088127,0.039056023117154774,0.03982107294723385,0.039519111160188844,0.03876288235187525,0.03852485213428732,0.03778589796274893,0.035543943289667326,0.032913590315729324,0.0341835813596844,0.03300223220139738,0.02500830078497525,0.0,0.0,0.0,0.0,0.0,0.0,0.0,0.0,0.0,0.0,0.0,0.0,0.0,0.0,0.0,0.0,0.0,0.0,0.0,0.0,0.0,0.0,0.0,0.0,0.0,0.0,0.0,0.0,0.0,0.0,0.0,0.0,0.0,0.0,0.0,0.0,0.0,0.0,0.0,0.0,0.0,0.0,0.0,0.0,0.0,0.0,0.0,0.0,0.0,0.0,0.0,0.0,0.0,0.0,0.0,0.0,0.0,0.0,0.0,0.0,0.0,0.0,0.0,0.0,0.0,0.0,0.0,0.0,0.0,0.0,0.0,0.0,0.0,0.0,0.0,0.011851067189127176,0.02424297737888985,0.03352870605885978,0.036941647529602,0.036690945271402556,0.036362915765494094,0.03637084877118463,0.03699465189129107,0.0375579693354666,0.0378611921332776,0.03756973659619683,0.03723219083622093,0.03726374590769405,0.037249971646815476,0.03789863502606745,0.0387300299480557,0.03913464630022642,0.03927071858197445,0.03944213688373563,0.038949270732700776,0.03872689185664055,0.03859760332852598,0.039048304315656375,0.038831502664834205,0.039312650915235225,0.038750648964196374,0.03779800236225125,0.038731093052774626,0.0397925423458218,0.039500419516116325,0.03818917321041222,0.03793808352202173,0.03833329677581782,0.03630840312689537,0.032743826042860705,0.0322304419241845,0.027587040327489324,0.012493441579863375,-0.00976777094183485,-0.02704793773591515,-0.03381967032328245,-0.034808163996785824,-0.03474111855030055,-0.034573018085211474,-0.0352575634606182,-0.03642925154417748,-0.03677550936117765,-0.03623825218528502,-0.03606275143101805,-0.036536037921905476,-0.03664617193862793,-0.036843250039964845,-0.03734465455636375,-0.03784462856128808,-0.03795742942020295,-0.038171301595866625,-0.03807652974501248,-0.0384979443624615,-0.03835144219920037,-0.038085063919424976,-0.037901789415627656,-0.0386304608546197,-0.03856891347095365,-0.0378685849718749,-0.038272226694971274,-0.039274896495044176,-0.03919285489246245,-0.03827232634648675,-0.03767468454316255,-0.03699672175571317,-0.03511106455698607,-0.032575369346886825,-0.03366913972422477,-0.0322306444868445,-0.024201571941375698
16,0.0,0.0,0.0,0.0,0.0,0.0,0.0,0.0,0.0,0.0,0.0,0.0,0.0,0.0,0.0,0.0,0.0,0.0,0.0,0.0,0.0,0.0,0.0,0.0,0.0,0.0,0.0,0.0,0.0,0.0,0.0,0.0,0.0,0.0,0.0,0.0,0.0,0.0,0.0,0.0,0.0,0.0,0.0,0.0,0.0,0.0,0.0,0.0,0.0,0.0,0.0,0.0,0.0,0.0,0.0,0.0,0.0,0.0,0.0,0.0,0.0,0.0,0.0,0.0,0.0,0.0,0.0,0.0,0.0,0.0,0.0,0.0,0.0,0.0,0.0,0.01087611913681025,0.0120292953215539,0.013481036061420974,0.01470790826715525,0.016266812570393026,0.0174402692355215,0.018893008586019226,0.020414605736732424,0.0217252522706985,0.023480405565351175,0.024725531227886625,0.026239414699375574,0.027717361226677853,0.0291799358092248,0.030810073018074,0.03197710681706663,0.03337775589898225,0.034692337270826046,0.036014685872942175,0.037443553563207325,0.03828363679349415,0.039447516202926594,0.040412187576293904,0.041400427930057,0.042352671734988634,0.042742246761918026,0.04353356361389155,0.0439877519384026,0.044454912655055474,0.044839933514595,0.04473611246794457,0.04489669203758235,0.04480622708797449,0.044803936965763555,0.044691990129649604,0.04407672677189108,0.043680945411324446,0.0430804537609219,0.042615493759512874,0.04191070236265655,0.04071165062487122,0.0400173114612698,0.03883792459964747,0.03794150054454795,0.036834130994975525,0.03541403496637935,0.03425426781177517,0.03286208678036925,0.03176459763199085,0.030413284897804198,0.028778687119483903,0.02752918470650905,0.025919640902429777,0.0246189883910119,0.023168886546045472,0.0215328386984765,0.020184576511383025,0.0186621099710464,0.017488658893853377,0.016078779939562,0.01461923122406,0.013261889573186577,0.0119540344458073,0.011087432503700225,0.0097810525912791,0.008655135636217825,0.0076178461313247256,0.006582578062079775,0.005975435255095325,0.004844928800594,0.0040118694887496,0.0033249655971303253,0.00263009965419765,0.00233771899365815,0.0014750808331882,-0.004206120967864975,-0.004999886034056475,-0.0053803771734237255,-0.0061258078785612746,-0.006974965333938551,-0.00757669412996615,-0.0083690484752878,-0.008903722045943101,-0.009739940287545275,-0.0106014360208064,-0.011216779705136976,-0.012233301764354075,-0.012640153523534474,-0.013452003477141226,-0.014295950531959476,-0.014928733231499725,-0.015718514798209026,-0.01596005773171775,-0.016758625395595975,-0.01740652299486095,-0.0179981640540063,-0.01866181171499187,-0.018893063068389872,-0.0195175013504922,-0.019904687535017673,-0.020243301987647976,-0.020649656653404198,-0.02060533082112665,-0.02109881769865745,-0.021143227815628,-0.021305640228092622,-0.02142233168706295,-0.020982379559427448,-0.021276946179568726,-0.020983531605452226,-0.0209034136496484,-0.0206124582327902,-0.01992991520091887,-0.019976168405264574,-0.019349714275449473,-0.019055982585996327,-0.018656298518180802,-0.017803042894229223,-0.017594545846804924,-0.016825278522446675,-0.016368771437555496,-0.015647053951397476,-0.014652267098426774,-0.014231796376407074,-0.013484512688592026,-0.012865116121247374,-0.011990308761596624,-0.01101091527380045,-0.01056195306591685,-0.009697208879515501,-0.00922044599428765,-0.008287583710625726,-0.00739463674835855,-0.006939396378584175,-0.006197835085913475,-0.0056686103343963,-0.004715825198218175,-0.0039263218059204,-0.003549943445250325,-0.0029943635454401,-0.0025128523411694498,-0.0016125788097269,-0.001222218081238625,-0.00095834834064585,-0.0005084723352410418,-0.00022993485367806584,0.0005634129071551924,0.00063608586788175,0.00084259606956035,0.00112844505929385
17,0.030567338224500352,0.0386240482330322,0.03736519394442435,0.036698703654110376,0.03816489456221455,0.0386166074313223,0.0395000828430056,0.03961071372032163,0.03964402247220275,0.04099561739712947,0.04061214718967673,0.0405418528243899,0.0404914319515228,0.041231855750083875,0.041017099283635575,0.04093273915350435,0.041456227190792505,0.040268451906740624,0.04061829019337888,0.04093079268932338,0.040799896232783746,0.0412799464538693,0.04153858125209805,0.0411463622003793,0.04129953216761345,0.040727590210735756,0.04095106851309535,0.041447962634265374,0.04084804654121393,0.04044036008417602,0.04066806007176633,0.04103552736341948,0.03972853766754263,0.03994380449876185,0.03757094405591483,0.03319600736722347,0.015164439682848726,-0.019185836077667724,-0.03685030294582242,-0.0355940908193588,-0.03396067023277277,-0.03589196503162377,-0.036533211357891525,-0.038045386318117325,-0.03881553839892145,-0.039648398756980854,-0.0407203389331698,-0.04031285177916285,-0.04075203835964197,-0.0409511318430304,-0.0416783690452575,-0.04043913353234525,-0.040772954933345276,-0.04114558268338435,-0.039932042360305724,-0.0405472861602902,-0.04059395659714935,-0.04013189580291507,-0.04055794607847923,-0.04127628635615105,-0.04097563959658143,-0.0412132544443011,-0.040632024407386724,-0.04016618430614467,-0.040454919449985,-0.040750890038907445,-0.03983964957296842,-0.04004004225134847,-0.040354917757213074,-0.03980975318700067,-0.0402080523781478,-0.03913936950266358,-0.03571584355086085,-0.027216518763452727,-0.008592272642999825,0.0159205691888928,0.0186048252508044,0.01709579909220335,0.017199601046740974,0.0181389648932963,0.018033032305538602,0.01851537800393995,0.01872155559249215,0.018860797164961626,0.019458964234217953,0.019075075630098526,0.019334539538249325,0.01915206504054365,0.01931998133659355,0.018913323758169974,0.018982842098921503,0.01925971615128215,0.018924504285678198,0.019107028841972323,0.0188511959277093,0.018911431543529,0.01896501611918205,0.01885265600867565,0.0187322448473423,0.019039501901715952,0.01894028973765665,0.0191545439884066,0.01880924403667445,0.018376270774751877,0.018434911966323825,0.018805275205522748,0.018861606717109625,0.018025577068328802,0.01861234521493315,0.01780697214417155,0.01461922610178585,0.004451254913874425,-0.01356665766797955,-0.019659221405163376,-0.015963698271661924,-0.0162729965522885,-0.0178057302255183,-0.017917687771841828,-0.0187706751748919,-0.019084508530795526,-0.0192864786367863,-0.019643133040517523,-0.019306321861222348,-0.019902492407709325,-0.020019849296659176,-0.0198632874526083,-0.01911501563154155,-0.0195927072782069,-0.01979437959380445,-0.019249618053436224,-0.019277855986729223,-0.019160191062837797,-0.01906230067834255,-0.019473175285384,-0.019472465151920852,-0.019420623779296826,-0.019677411066368153,-0.019675811054184974,-0.019465883728116702,-0.01920996629633005,-0.019173676613718202,-0.01871911692433055,-0.01918230438604945,-0.019700636388733924,-0.019253661390393924,-0.019568264251574825,-0.018671636702492778,-0.0167133409995585,-0.012346560833975648,-0.0027234902081545,0.04271663678809995,0.05512110423296685,0.05575166177004573,0.05706160794943567,0.0582432616502046,0.0586109515279531,0.06046725809574123,0.06057470105588429,0.06052569579333063,0.061971593648195225,0.061961810104548876,0.06198153458535667,0.06178709864616393,0.06269173230975862,0.06256616581231353,0.06282537709921593,0.06337658129632467,0.06181094143539663,0.0619911747053265,0.0624714689329266,0.06254417728632686,0.06290449108928435,0.06347976624965662,0.06339553929865355,0.06346495542675251,0.06261142995208495,0.06223611067980522,0.06298030354082582,0.06321866810321802,0.0624949978664517,0.06198955141007895,0.06218277383595702,0.061061669141054126,0.06143248546868558,0.05688280984759328,0.04978606570512052,0.02316560829058285,-0.026654228451661703,-0.047925516963005024,-0.05108430981636043,-0.05310073401778932,-0.05485157109796995,-0.055701912380754906,-0.05778467282652851,-0.058911168947815847,-0.05993565358221527,-0.06123148836195465,-0.061303555034100975,-0.06218218244612213,-0.06214179098606105,-0.06283320114016527,-0.0620754770934581,-0.06265817955136295,-0.06274511478841299,-0.06094277836382385,-0.06164502445608375,-0.06218560039997095,-0.061867967247962924,-0.06205303035676475,-0.06286821793764827,-0.06291921995580194,-0.06341506168246265,-0.06252516712993378,-0.060987209901213604,-0.0615317933261394,-0.062241210602223804,-0.06150669790804385,-0.061717391014099066,-0.06192828807979818,-0.060963045805692624,-0.06133302580565213,-0.05889222957193847,-0.054224348627030794,-0.042024299968033973,-0.0151449439581483
18,-0.004074275493621775,-0.005354399443604,-0.007083713891915925,-0.00888453912921245,-0.0105064860545098,-0.012030099984258375,-0.013823598390445075,-0.015851850155740924,-0.017666334751993376,-0.019685517065227,-0.02120193839073175,-0.022979184985160776,-0.0250707864761352,-0.026652202010154676,-0.028071457985788525,-0.029186835046857547,-0.03031973540782925,-0.03177978610619898,-0.0327054457738995,-0.033441930543631274,-0.03332475805655115,-0.033536999952048,-0.03371776686981315,-0.03357994602993125,-0.03270314726978535,-0.031665438786148976,-0.030649085994809824,-0.029618695378303476,-0.028064017649739925,-0.026032368652522526,-0.02391228033229705,-0.02158317435532805,-0.019232124323025297,-0.0167416236363351,-0.013947541359811976,-0.01074323069769885,-0.007895335613284225,-0.0050590188038768,-0.00222342216875405,0.001230816007591775,0.004524220945313525,0.00759655737783755,0.010236933827400176,0.01330372202210125,0.0163307688198983,0.019409324042499024,0.021660705097019627,0.023931235540658177,0.0261620781384408,0.0282562226057052,0.030478999484330374,0.03176300227642055,0.032833621371537405,0.033852016553282675,0.03498550131916995,0.035726165398955276,0.03576603904366488,0.0356451170518994,0.03535109665244812,0.0351891326718032,0.0345511939376592,0.03325074398890135,0.0321454061195254,0.030855123419314574,0.02942233253270382,0.02793089533224695,0.0260957232676446,0.02403384912759063,0.022065798286348547,0.020371228456497126,0.0183913165237754,0.0160975602921098,0.0140813984908163,0.012122640851885025,0.01058202970307315,0.0,0.0,0.0,0.0,0.0,0.0,0.0,0.0,0.0,0.0,0.0,0.0,0.0,0.0,0.0,0.0,0.0,0.0,0.0,0.0,0.0,0.0,0.0,0.0,0.0,0.0,0.0,0.0,0.0,0.0,0.0,0.0,0.0,0.0,0.0,0.0,0.0,0.0,0.0,0.0,0.0,0.0,0.0,0.0,0.0,0.0,0.0,0.0,0.0,0.0,0.0,0.0,0.0,0.0,0.0,0.0,0.0,0.0,0.0,0.0,0.0,0.0,0.0,0.0,0.0,0.0,0.0,0.0,0.0,0.0,0.0,0.0,0.0,0.0,0.0,0.0,0.0,0.0,0.0,0.0,0.0,0.0,0.0,0.0,0.0,0.0,0.0,0.0,0.0,0.0,0.0,0.0,0.0,0.0,0.0,0.0,0.0,0.0,0.0,0.0,0.0,0.0,0.0,0.0,0.0,0.0,0.0,0.0,0.0,0.0,0.0,0.0,0.0,0.0,0.0,0.0,0.0,0.0,0.0,0.0,0.0,0.0,0.0,0.0,0.0,0.0,0.0,0.0,0.0,0.0,0.0,0.0,0.0,0.0,0.0,0.0,0.0,0.0,0.0,0.0,0.0,0.0,0.0,0.0,0.0,0.0,0.0,0.0,0.0,0.0
19,0.0,0.0,0.0,0.0,0.0,0.0,0.0,0.0,0.0,0.0,0.0,0.0,0.0,0.0,0.0,0.0,0.0,0.0,0.0,0.0,0.0,0.0,0.0,0.0,0.0,0.0,0.0,0.0,0.0,0.0,0.0,0.0,0.0,0.0,0.0,0.0,0.0,0.0,0.0,0.0,0.0,0.0,0.0,0.0,0.0,0.0,0.0,0.0,0.0,0.0,0.0,0.0,0.0,0.0,0.0,0.0,0.0,0.0,0.0,0.0,0.0,0.0,0.0,0.0,0.0,0.0,0.0,0.0,0.0,0.0,0.0,0.0,0.0,0.0,0.0,0.0,0.0,0.0,0.0,0.0,0.0,0.0,0.0,0.0,0.0,0.0,0.0,0.0,0.0,0.0,0.0,0.0,0.0,0.0,0.0,0.0,0.0,0.0,0.0,0.0,0.0,0.0,0.0,0.0,0.0,0.0,0.0,0.0,0.0,0.0,0.0,0.0,0.0,0.0,0.0,0.0,0.0,0.0,0.0,0.0,0.0,0.0,0.0,0.0,0.0,0.0,0.0,0.0,0.0,0.0,0.0,0.0,0.0,0.0,0.0,0.0,0.0,0.0,0.0,0.0,0.0,0.0,0.0,0.0,0.0,0.0,0.0,0.0,0.0,0.0,0.0,0.0,0.0,0.0,0.0,0.0,0.0,0.0,0.0,0.0,0.0,0.0,0.0,0.0,0.0,0.0,0.0,0.0,0.0,0.0,0.0,0.0,0.0,0.0,0.0,0.0,0.0,0.0,0.0,0.0,0.0,0.0,0.0,0.0,0.0,0.0,0.0,0.0,0.0,0.0,0.0,0.0,0.0,0.0,0.0,0.0,0.0,0.0,0.0,0.0,0.0,0.0,0.0,0.0,0.0,0.0,0.0,0.0,0.0,0.0,0.0,0.0,0.0,0.0,0.0,0.0,0.0,0.0,0.0,0.0,0.0,0.0,0.0,0.0,0.0
20,0.001326610625255825,0.0005209346809351518,-0.000542744994163525,-0.0017084231367334704,-0.002745062200119675,-0.003312751650810225,-0.00334785383893175,-0.002915844263043225,-0.0018707365379668501,-0.00033944347524085,0.0015656898758607,0.00342092910432255,0.004853655816987125,0.005634948727674775,0.005581612582318474,0.00465689110569655,0.0028698146343231,0.00045955675886942505,-0.002226745011284927,-0.0046859980211593,-0.006420746329240475,-0.0072323729982599495,-0.0069884657859802,-0.005521396757103475,-0.0030574500560760247,0.00015974539564922495,0.003509059635689475,0.006427481654100099,0.008440638426691275,0.009263277053833001,0.008725822204723925,0.006684352876618475,0.003529916168190525,-0.00022888684179635005,-0.004029139818157975,-0.007151757483370574,-0.009177704807370875,-0.009803260210901475,-0.008849928854033325,-0.00638246024027465,-0.0027633508434518747,0.001250937581062325,0.005036547663621575,0.008022159570828049,0.00985131645575165,0.010135908843949425,0.008769829990342249,0.006049866322427975,0.0024736572522669753,-0.0013744781026616502,-0.004786029341630625,-0.007316813105717275,-0.008606741903349726,-0.008471940876916025,-0.0068862985353916745,-0.004220301867462675,-0.001075699896318825,0.002064486325252775,0.0047009934205561755,0.006556888343766326,0.0072876312769949245,0.006803805707022525,0.00527955580037085,0.003092000843025725,0.0007487734401365499,-0.001486485241912275,-0.0032527843723073498,-0.004322548629716,-0.004602973582223025,-0.003998001338914025,-0.00283680361462755,-0.001447190850740275,-5.915760993950005e-06,0.001307139784330475,0.0023481647367589,0.0,0.0,0.0,0.0,0.0,0.0,0.0,0.0,0.0,0.0,0.0,0.0,0.0,0.0,0.0,0.0,0.0,0.0,0.0,0.0,0.0,0.0,0.0,0.0,0.0,0.0,0.0,0.0,0.0,0.0,0.0,0.0,0.0,0.0,0.0,0.0,0.0,0.0,0.0,0.0,0.0,0.0,0.0,0.0,0.0,0.0,0.0,0.0,0.0,0.0,0.0,0.0,0.0,0.0,0.0,0.0,0.0,0.0,0.0,0.0,0.0,0.0,0.0,0.0,0.0,0.0,0.0,0.0,0.0,0.0,0.0,0.0,0.0,0.0,0.0,0.0,0.0,0.0,0.0,0.0,0.0,0.0,0.0,0.0,0.0,0.0,0.0,0.0,0.0,0.0,0.0,0.0,0.0,0.0,0.0,0.0,0.0,0.0,0.0,0.0,0.0,0.0,0.0,0.0,0.0,0.0,0.0,0.0,0.0,0.0,0.0,0.0,0.0,0.0,0.0,0.0,0.0,0.0,0.0,0.0,0.0,0.0,0.0,0.0,0.0,0.0,0.0,0.0,0.0,0.0,0.0,0.0,0.0,0.0,0.0,0.0,0.0,0.0,0.0,0.0,0.0,0.0,0.0,0.0,0.0,0.0,0.0,0.0,0.0,0.0
21,0.0,0.0,0.0,0.0,0.0,0.0,0.0,0.0,0.0,0.0,0.0,0.0,0.0,0.0,0.0,0.0,0.0,0.0,0.0,0.0,0.0,0.0,0.0,0.0,0.0,0.0,0.0,0.0,0.0,0.0,0.0,0.0,0.0,0.0,0.0,0.0,0.0,0.0,0.0,0.0,0.0,0.0,0.0,0.0,0.0,0.0,0.0,0.0,0.0,0.0,0.0,0.0,0.0,0.0,0.0,0.0,0.0,0.0,0.0,0.0,0.0,0.0,0.0,0.0,0.0,0.0,0.0,0.0,0.0,0.0,0.0,0.0,0.0,0.0,0.0,-0.000503569841384825,-6.482501794378054e-05,0.000465914607048,0.001154333367594475,0.0013357748393899999,0.000939245015615575,-0.0004067172485520251,-0.0032981882395687746,-0.0076166887301951,-0.013660649536177499,-0.020875315181910926,-0.028163730632513727,-0.03452084492892022,-0.03891373146325345,-0.04094344284385437,-0.0402277056127786,-0.03685570275411005,-0.031275932677090126,-0.024288226850330778,-0.017336999299004625,-0.0107935467967763,-0.0055071563692763,-0.002038821614405575,-6.491442400147498e-05,0.000513260580191825,0.0005872199781151251,0.00056123732792905,0.000668997556203925,0.00093951819872015,0.0010546843113843,0.0008455465358565,-0.0002967466764971632,-0.002988065287354375,-0.007374048349447501,-0.01370394206605845,-0.021243805531412325,-0.02901705121621485,-0.03599395323544735,-0.04107736051082607,-0.0435742428526282,-0.0430600438266992,-0.039627730846404974,-0.03376056719571345,-0.026416738517582375,-0.018812204245477852,-0.011565506458282424,-0.005871747969649675,-0.0019264717993792001,0.00014506778825307498,0.000768075391533775,0.000763828546041575,0.0005277892005324071,0.000407149393140525,0.0002927531841123395,0.0002480645949845075,-5.8293331676424965e-05,-0.001411070374160775,-0.004198282927973125,-0.008831486338749476,-0.015099714044481476,-0.0223348438739776,-0.02963426709175105,-0.035871282219886697,-0.0403619864955544,-0.042287091724574496,-0.041274161078035804,-0.037529284134507124,-0.031540861353278125,-0.024500787258148148,-0.017163042910397025,-0.010380511288531076,-0.005047286671469874,-0.001396631181705725,0.00050108630239265,0.0010945350222755,0.0,0.0,0.0,0.0,0.0,0.0,0.0,0.0,0.0,0.0,0.0,0.0,0.0,0.0,0.0,0.0,0.0,0.0,0.0,0.0,0.0,0.0,0.0,0.0,0.0,0.0,0.0,0.0,0.0,0.0,0.0,0.0,0.0,0.0,0.0,0.0,0.0,0.0,0.0,0.0,0.0,0.0,0.0,0.0,0.0,0.0,0.0,0.0,0.0,0.0,0.0,0.0,0.0,0.0,0.0,0.0,0.0,0.0,0.0,0.0,0.0,0.0,0.0,0.0,0.0,0.0,0.0,0.0,0.0,0.0,0.0,0.0,0.0,0.0,0.0
22,0.0,0.0,0.0,0.0,0.0,0.0,0.0,0.0,0.0,0.0,0.0,0.0,0.0,0.0,0.0,0.0,0.0,0.0,0.0,0.0,0.0,0.0,0.0,0.0,0.0,0.0,0.0,0.0,0.0,0.0,0.0,0.0,0.0,0.0,0.0,0.0,0.0,0.0,0.0,0.0,0.0,0.0,0.0,0.0,0.0,0.0,0.0,0.0,0.0,0.0,0.0,0.0,0.0,0.0,0.0,0.0,0.0,0.0,0.0,0.0,0.0,0.0,0.0,0.0,0.0,0.0,0.0,0.0,0.0,0.0,0.0,0.0,0.0,0.0,0.0,0.0,0.0,0.0,0.0,0.0,0.0,0.0,0.0,0.0,0.0,0.0,0.0,0.0,0.0,0.0,0.0,0.0,0.0,0.0,0.0,0.0,0.0,0.0,0.0,0.0,0.0,0.0,0.0,0.0,0.0,0.0,0.0,0.0,0.0,0.0,0.0,0.0,0.0,0.0,0.0,0.0,0.0,0.0,0.0,0.0,0.0,0.0,0.0,0.0,0.0,0.0,0.0,0.0,0.0,0.0,0.0,0.0,0.0,0.0,0.0,0.0,0.0,0.0,0.0,0.0,0.0,0.0,0.0,0.0,0.0,0.0,0.0,0.0,0.0,0.0,0.00142826634692025,0.0014123817090876,0.0016574362816754,0.0018360714311710998,0.0020324537763371747,0.0022532045841216746,0.002421751647489075,0.00285079574678085,0.0031282007694244,0.0036406517028808004,0.004159107687883025,0.0047202606219798,0.0055493414402007744,0.006292149540968199,0.0072462459793314,0.00818375742528585,0.009175091981887776,0.0105123021639883,0.011838734149932823,0.01344869052991265,0.015070527791976875,0.016829073196276977,0.018964350223541225,0.020987614989280673,0.0232847486622631,0.025340944994240975,0.027475709095597222,0.029709428548812825,0.03179027745500203,0.03409047890454525,0.036013692617416326,0.037833596579730455,0.0396968964487314,0.04127672780305143,0.04297445714473722,0.04416237305849788,0.04527187254279845,0.046305611729621846,0.047150094993412425,0.04811005294322962,0.048803542740643,0.04941776301711792,0.05005028843879695,0.0503802150487899,0.050869047641754095,0.05089597869664425,0.051149010658264105,0.05118132103234525,0.051256163977086495,0.0513713508844375,0.05117212701588863,0.05124507751315827,0.05111631285399197,0.05070189572870727,0.0502551151439547,0.04948808718472715,0.04849906265735623,0.04663953278213735,0.044536679983139024,0.04199536144733422,0.038436969742178875,0.034365033265203175,0.029859025496989426,0.025615195045247625,0.02092410135082895,0.016336853033862973,0.012174432456958999,0.00859787041554225,0.005576193303568275,0.0036590744857676,0.002184584736824,0.001926556229591325,0.0012566695550048751,0.0013991594460094,0.00119908152555575
23,0.0,0.0,0.0,0.0,0.0,0.0,0.0,0.0,0.0,0.0,0.0,0.0,0.0,0.0,0.0,0.0,0.0,0.0,0.0,0.0,0.0,0.0,0.0,0.0,0.0,0.0,0.0,0.0,0.0,0.0,0.0,0.0,0.0,0.0,0.0,0.0,0.0,0.0,0.0,0.0,0.0,0.0,0.0,0.0,0.0,0.0,0.0,0.0,0.0,0.0,0.0,0.0,0.0,0.0,0.0,0.0,0.0,0.0,0.0,0.0,0.0,0.0,0.0,0.0,0.0,0.0,0.0,0.0,0.0,0.0,0.0,0.0,0.0,0.0,0.0,0.0,0.0,0.0,0.0,0.0,0.0,0.0,0.0,0.0,0.0,0.0,0.0,0.0,0.0,0.0,0.0,0.0,0.0,0.0,0.0,0.0,0.0,0.0,0.0,0.0,0.0,0.0,0.0,0.0,0.0,0.0,0.0,0.0,0.0,0.0,0.0,0.0,0.0,0.0,0.0,0.0,0.0,0.0,0.0,0.0,0.0,0.0,0.0,0.0,0.0,0.0,0.0,0.0,0.0,0.0,0.0,0.0,0.0,0.0,0.0,0.0,0.0,0.0,0.0,0.0,0.0,0.0,0.0,0.0,0.0,0.0,0.0,0.0,0.0,0.0,-0.022708008997142277,-0.027485986240208125,-0.0319121186621487,-0.036168004386126926,-0.03944328334182498,-0.0424480931833386,-0.04430130589753385,-0.045712237246334525,-0.04647390078753228,-0.04693761467933649,-0.046946078538894605,-0.04674633871763938,-0.0460128234699368,-0.04546046350151298,-0.04459205735474821,-0.04405841697007412,-0.043656513094902004,-0.043002828955650246,-0.04285416938364502,-0.042770420201122705,-0.04243367537856098,-0.0421188715845346,-0.041405409574508625,-0.04070997238159175,-0.0397780835628509,-0.03850854933261865,-0.036797061562538105,-0.034869710914790575,-0.0327492300420999,-0.030242239590734202,-0.0274760327301919,-0.024435117840766876,-0.02130734873935575,-0.01785873388871545,-0.014103050110861624,-0.010199368000030474,-0.0062001297483220245,-0.002233033344964425,0.0016160209925146249,0.005446900962851875,0.0092994270380586,0.013347133761271775,0.017416864167898824,0.021174197550863,0.024673496372997726,0.02798287570476525,0.0311245424672961,0.033855209127068506,0.0362055348232388,0.03840043675154445,0.0399596989154815,0.041317235678434344,0.0422427356243133,0.0428708000108599,0.0433477517217397,0.0436582416296005,0.04397114180028433,0.04395886790007348,0.0440161526203155,0.044191847555339274,0.044352368451654876,0.044820874929428045,0.04521068837493655,0.04573806095868342,0.04614222981035705,0.04679248295724388,0.04737915564328425,0.0471380893141031,0.0465557919815182,0.04514409136027092,0.042891586199402754,0.04000890813767903,0.03640088904649018,0.0319005800411105,0.026914666406810228
24,8.0441437603425e-05,6.6767133830575e-05,5.18361739523e-05,4.712740701505e-05,2.7100244551525e-05,2.096096750392462e-06,-3.3065676689125e-05,-4.752476888825e-05,-4.8557918489675e-05,-6.33249655948e-05,-9.11404713406e-05,-0.000113839902041925,-0.000115474067570175,-0.0001014620065689,-0.000114982329250775,-0.000121866665722325,-0.000127921506646075,-0.000119313597679125,-8.9039407612275e-05,-8.2969665527325e-05,-9.2327594757075e-05,-8.09927805676e-05,-5.7116150856e-05,-2.135336399078369e-05,-1.216431428474607e-05,-2.1710991859436035e-05,5.180636890145252e-06,3.3507745683875e-05,5.75383492105e-05,6.8595014454325e-05,8.1405043601975e-05,8.137027180055e-05,0.000121280550956725,0.000121866665722325,0.000120858348964225,0.000101774930953975,9.659925854065e-05,9.633103763915e-05,7.53104686737e-05,5.3713720262725e-05,2.7388334274275e-05,1.4513731002807617e-05,1.4379620552062988e-05,7.852911949157715e-06,-1.6202529877773486e-05,-3.7923455238325e-05,-3.8281083106975e-05,-1.0559956535871606e-05,-4.624327175406506e-06,-1.6351541489711963e-05,-1.7255544662475586e-05,-7.684032425459009e-06,2.732376196945e-05,4.1385490476375e-05,4.7082703531475e-05,6.7497290729075e-05,8.168816566465e-05,0.000127663210150775,0.00014373163867275,0.00016140441584865,0.000164131328347125,0.000181784227606825,0.000206867858651075,0.0002140452415915,0.00020863612007815,0.00019267201423645,0.0002007732837228,0.00021156172442715,0.00019241373229305,0.00016305346798615,0.0001278569252463,0.000116293631435825,0.0001081029549823,8.124113082885e-05,5.113084989715e-05,0.000184848904609675,0.00014808277774135,7.0666275860275e-05,-2.379715442657471e-05,-0.0001118928194046,-0.000194634005310925,-0.000253756850725025,-0.000306442379951475,-0.000380342215066775,-0.000445624202257,-0.000488599122036225,-0.000496645749080925,-0.000509753823280325,-0.0005236119031906,-0.000517552078235875,-0.000495955348014825,-0.0004328390059527,-0.000367109983926625,-0.000317762285703775,-0.00025172033929265,-0.000162055090186175,-5.8804947911975e-05,4.3476622522575e-05,0.00011552373325685,0.0001927614212036,0.00028642019606195,0.00038470825529655,0.0004524141550064,0.0005000879173167,0.000554293394088725,0.000581125437747675,0.0006236036424525,0.000621169805526725,0.00058285892009735,0.000535493076313275,0.00048785904073155,0.000432843953603875,0.00033312043524345,0.00021978218865115,0.000111341476440425,1.9823512047878467e-05,-6.678203499175e-05,-0.00017639000725465,-0.0002872546610888,-0.000372712820535525,-0.000432933360571025,-0.0004718055424746,-0.0005214512348175,-0.000562921166419975,-0.00056800741003825,-0.00055082637118175,-0.000512565195094775,-0.00047557553625665,-0.000441188603872425,-0.00037530562258325,-0.000275899976259075,-0.00017365317035,-8.94864424481e-05,-1.3316671356733423e-05,8.78026112332e-05,0.0001895874738693,0.000280971318716175,0.000352193921571575,0.0004070997238159,0.000462313502794125,0.00051769614219665,0.00055377185344695,0.000558579980861375,0.00055351853370665,0.000531395256984975,0.0005102654104121,0.00047506889677605,0.0004112770257052,0.00034035244607365,0.0002726415696088,5.36789484613e-05,1.811981201171875e-05,-3.5375356674175e-05,-7.2106719017025e-05,-6.878872954985e-05,-8.4668397903425e-05,-0.000122706100228225,-0.000140870615723525,-0.000167359903571175,-0.00015473862004,-0.000151490166899725,-0.00017400582146365,-0.000190178558113975,-0.000188201665878275,-0.0001566708087921,-0.0001326998026343,-0.000133479639771375,-0.0001309712679358,-0.0001083811148419,-5.5253505706775e-05,-2.4259090423583984e-05,-1.773238182067871e-05,-4.912415988655993e-06,2.649426460265e-05,7.1326889155875e-05,0.000109265245555425,0.000115404523967275,0.000125492617371475,0.000147521495819075,0.000191852450370775,0.000213628009078075,0.0002104441373376,0.000198895737412375,0.000194773077964775,0.000209664300200525,0.000195021435501975,0.000166296958923325,0.0001244495360879,0.0001083662136807,0.00011879205703735,9.466210758545e-05,5.6654214859e-05,3.2588839530925e-05,3.3671658457e-05,4.69138212793e-05,2.380212208663579e-05,7.480382919311523e-06,-2.0464260614971863e-06,6.680687420157483e-06,2.162158489227295e-05,1.2661020264204124e-05,-4.967053612858763e-08,-2.985199216709589e-06,1.8676122635952197e-05,3.6423403798825e-05,3.96569557779e-05,3.3795833587625e-05,2.96433772746e-05,5.45332841284e-05,7.95076266513e-05,7.2186194302025e-05,5.636612695525e-05,5.7483714044775e-05,7.943312084535e-05,8.6024403572075e-05,6.5286956669275e-05,5.27799129486e-05,3.7744641304e-05,6.147225940365e-05,4.05957289331e-05,4.53492020824342e-06,-1.1896093383256812e-05,-2.61217355728e-05,-1.963973045349121e-05,-2.432862856949214e-05
25,-0.004166737227933425,-0.004100287856999725,-0.00358275070902885,-0.0024281194491777252,-0.001023019343847375,0.000688796233589475,0.0024456729297525877,0.0041818719328148,0.00601165014086285,0.007503340835683,0.0085713167209178,0.00890001159859815,0.008794387220405,0.007974078180268376,0.00644582026870915,0.0044045248359907,0.0015046844564494,-0.00151119131624,-0.004497264693782125,-0.007590606837766175,-0.01015258330153295,-0.0125139302690513,-0.013823742512613474,-0.01421935355756425,-0.013546397618483726,-0.011844317021314,-0.009595910611096726,-0.006184379191836325,-0.002178410708438575,0.002128054700733625,0.006277297914493775,0.009954571869457099,0.013426651421468675,0.015880589489825025,0.017389610176905927,0.0176246366463601,0.016545201302505978,0.0146517999237403,0.011785631242673799,0.0081334907736163,0.00389829274354265,-0.0005835691845277251,-0.00462552414683155,-0.00842428216128605,-0.0114884771755896,-0.013824050489347374,-0.015271514304913551,-0.015269353985786398,-0.014380881795659599,-0.012395128782372875,-0.009939412120729624,-0.007010082335909776,-0.0034675597271415746,-2.5942921638475e-05,0.0033705830719554,0.006072744901757625,0.008243064105045,0.00995325046824285,0.01082668203162025,0.011044542130548425,0.010160828649531974,0.008897994994185799,0.007274071540450651,0.00529935458325775,0.00323649746860605,0.0009720325324451249,-0.0010269433332723,-0.0025309175398433,-0.0037154604797250998,-0.00441834831144655,-0.0049940545286517,-0.004812027065781825,-0.0042209327220916245,-0.00348719462635925,-0.0024917920673032754,0.0,0.0,0.0,0.0,0.0,0.0,0.0,0.0,0.0,0.0,0.0,0.0,0.0,0.0,0.0,0.0,0.0,0.0,0.0,0.0,0.0,0.0,0.0,0.0,0.0,0.0,0.0,0.0,0.0,0.0,0.0,0.0,0.0,0.0,0.0,0.0,0.0,0.0,0.0,0.0,0.0,0.0,0.0,0.0,0.0,0.0,0.0,0.0,0.0,0.0,0.0,0.0,0.0,0.0,0.0,0.0,0.0,0.0,0.0,0.0,0.0,0.0,0.0,0.0,0.0,0.0,0.0,0.0,0.0,0.0,0.0,0.0,0.0,0.0,0.0,0.0,0.0,0.0,0.0,0.0,0.0,0.0,0.0,0.0,0.0,0.0,0.0,0.0,0.0,0.0,0.0,0.0,0.0,0.0,0.0,0.0,0.0,0.0,0.0,0.0,0.0,0.0,0.0,0.0,0.0,0.0,0.0,0.0,0.0,0.0,0.0,0.0,0.0,0.0,0.0,0.0,0.0,0.0,0.0,0.0,0.0,0.0,0.0,0.0,0.0,0.0,0.0,0.0,0.0,0.0,0.0,0.0,0.0,0.0,0.0,0.0,0.0,0.0,0.0,0.0,0.0,0.0,0.0,0.0,0.0,0.0,0.0,0.0,0.0,0.0
26,0.0,0.0,0.0,0.0,0.0,0.0,0.0,0.0,0.0,0.0,0.0,0.0,0.0,0.0,0.0,0.0,0.0,0.0,0.0,0.0,0.0,0.0,0.0,0.0,0.0,0.0,0.0,0.0,0.0,0.0,0.0,0.0,0.0,0.0,0.0,0.0,0.0,0.0,0.0,0.0,0.0,0.0,0.0,0.0,0.0,0.0,0.0,0.0,0.0,0.0,0.0,0.0,0.0,0.0,0.0,0.0,0.0,0.0,0.0,0.0,0.0,0.0,0.0,0.0,0.0,0.0,0.0,0.0,0.0,0.0,0.0,0.0,0.0,0.0,0.0,0.00107474625110625,0.0034175713662988752,0.006058941246010301,0.009023378253914374,0.011733680730685524,0.01396685349754985,0.015717442147433723,0.01658770907670255,0.016388421412557325,0.014670590870082325,0.011496514081954899,0.006930708885192824,0.00105476878889015,-0.005675539257936125,-0.0130731759127229,-0.0207280265167355,-0.02787810098379845,-0.03379062376916402,-0.0379220438189804,-0.03987138485535975,-0.039348076097667176,-0.03607335174456233,-0.029847885016351897,-0.020944694755598875,-0.010202402831055175,0.0017621218867133856,0.0142417999450117,0.026542520150542225,0.037565688136964974,0.04617632925510402,0.051940367557108374,0.054530184715986196,0.05368412099778645,0.0493611143901944,0.04175959993153805,0.031655381899327,0.019753858447074824,0.007158224703744,-0.005499189021065775,-0.017419651150703375,-0.027642508037388276,-0.035576149355620104,-0.04067492997273795,-0.042722935788333374,-0.0420513940043747,-0.03877747105434533,-0.0332141118124127,-0.02584417164325707,-0.017500529764220077,-0.008956203819252526,-0.0006813108811911249,0.0068212101468816,0.0132258534431457,0.018058871151879374,0.020977656356990275,0.022327954415231926,0.022139623295515748,0.020689859986305202,0.018003503093495923,0.014307245612144425,0.010278845787979626,0.0062575639458372495,0.0025453269190619998,-0.00089465080236545,-0.003835613431874625,-0.0059667179593816,-0.007201969623565625,-0.0075509002199396005,-0.007363950135186275,-0.0067469774512573496,-0.005848392785992425,-0.004663750587496849,-0.0032576272496953,-0.0020612230000551252,-0.0010559707770880502,-0.0009178221371257,-0.0030643740901723,-0.005616093636490375,-0.008552591199986574,-0.011364981532096825,-0.013713722117245124,-0.015223652124404876,-0.01608674204908305,-0.0158446880523115,-0.014213785296305948,-0.01108177006244655,-0.006456891773268525,-0.0006147275271359751,0.006193429115228299,0.0136201980058103,0.021184732671827026,0.0284731187857687,0.034482052084058475,0.038714790251105975,0.04064651252701873,0.039994626771658603,0.0367211201228201,0.030625368934124646,0.0218189160805195,0.010904922964982626,-0.0010956128244288001,-0.013412524946033899,-0.02555246651172635,-0.03655926929786798,-0.04538925550878045,-0.051199113950133275,-0.053450037725269746,-0.0526240719482302,-0.0483283251523971,-0.040916715282946776,-0.0307163591496646,-0.018694813363254025,-0.00592913734726605,0.006706918240524799,0.0184556099120527,0.028758744243532378,0.03671574592590328,0.04178252769634125,0.043920109979808296,0.043101877439767074,0.039795816410332904,0.034306824672967175,0.026994948275387225,0.018665820127353024,0.0099852582206949,0.0017479807229391997,-0.0056357482681050255,-0.012061739806085775,-0.016892259474843675,-0.019993354566395227,-0.021204501390457126,-0.020953198429197024,-0.019567464478313874,-0.016937568783760026,-0.013386492850258901,-0.009262104867957475,-0.00513676309492435,-0.00148836772132195,0.0018380831170361001,0.00455013406462965,0.006794124841690025,0.00814184034243225,0.008524760603904674,0.008201489807106499,0.00741506111808115,0.006587828276678875,0.005431234952993651,0.004220749018713775,0.00287033617496485,0.0016987075505311999
27,-0.0006897002458572,-0.0009642094664741,-0.00119456645916215,-0.001323486358160125,-0.001283536344999425,-0.001174052536953225,-0.000978822499746425,-0.00073753295873755,-0.00030912458896635,0.0002293288707733,0.000775704800616925,0.0012857019610237,0.001711760938633225,0.002131750225089475,0.002416824339888975,0.0025650908355600997,0.0024416744126938,0.002102320431731625,0.0016576846537645499,0.001064429699908925,0.0003328621460241,-0.000499293208122225,-0.0013656119990628,-0.002099081932101375,-0.002704674901906375,-0.003172208846081025,-0.00346375512890515,-0.003492315707262575,-0.003229613124858575,-0.0027298827189952,-0.001982733665499825,-0.001144786685472325,-0.00021950403242949998,0.0008099178521661,0.0018190741247962748,0.00271486240671945,0.003375738917384275,0.003809849324170475,0.00405493873404335,0.0040111542330123,0.00365276128286495,0.0030381779652088503,0.0022171834716573,0.001284857629798325,0.000303566466754975,-0.0007153948099585001,-0.00171629092073995,-0.00257040065480395,-0.0031611819867976,-0.003531033871695375,-0.003714750229846675,-0.003652830899227375,-0.0033698827610350998,-0.0027470041532069,-0.002014249592320975,-0.001186519904877025,-0.000369523961126075,0.00046738981473025,0.001273219735594425,0.00195528563926925,0.0023966034641489248,0.00262790927081365,0.002703011094126825,0.002654274372616775,0.00235763695673085,0.001973147242097175,0.00144136445305775,0.000927353918086725,0.00042376419150965,-3.4824014619516674e-05,-0.0005311568456818,-0.000914822026970775,-0.0012196401366963748,-0.00133010740682945,-0.001354073479888,0.0,0.0,0.0,0.0,0.0,0.0,0.0,0.0,0.0,0.0,0.0,0.0,0.0,0.0,0.0,0.0,0.0,0.0,0.0,0.0,0.0,0.0,0.0,0.0,0.0,0.0,0.0,0.0,0.0,0.0,0.0,0.0,0.0,0.0,0.0,0.0,0.0,0.0,0.0,0.0,0.0,0.0,0.0,0.0,0.0,0.0,0.0,0.0,0.0,0.0,0.0,0.0,0.0,0.0,0.0,0.0,0.0,0.0,0.0,0.0,0.0,0.0,0.0,0.0,0.0,0.0,0.0,0.0,0.0,0.0,0.0,0.0,0.0,0.0,0.0,0.0,0.0,0.0,0.0,0.0,0.0,0.0,0.0,0.0,0.0,0.0,0.0,0.0,0.0,0.0,0.0,0.0,0.0,0.0,0.0,0.0,0.0,0.0,0.0,0.0,0.0,0.0,0.0,0.0,0.0,0.0,0.0,0.0,0.0,0.0,0.0,0.0,0.0,0.0,0.0,0.0,0.0,0.0,0.0,0.0,0.0,0.0,0.0,0.0,0.0,0.0,0.0,0.0,0.0,0.0,0.0,0.0,0.0,0.0,0.0,0.0,0.0,0.0,0.0,0.0,0.0,0.0,0.0,0.0,0.0,0.0,0.0,0.0,0.0,0.0
28,-0.005356192588806125,-0.007856254931539276,-0.0087106726132333,-0.0078426203690469,-0.0070031534414738,-0.005983734969049675,-0.0051948378095403,-0.00463239836972205,-0.0037685284623875997,-0.0029752503614872247,-0.0020885517587885,-0.00108830136014145,-0.0002721051496337,0.00066932541085405,0.00148235261440275,0.0025946398964151497,0.0032722553005441746,0.004155054804868975,0.0051062505226582,0.005980814574286325,0.006361246109008775,0.008144542342051826,0.007733925944194175,0.005551556707359825,0.0031813184468774,-0.002371028123889075,-0.006660734536126225,-0.00886425864882765,-0.008252650732174474,-0.007383952615782575,-0.006376018049195376,-0.00557221961207685,-0.0049988975515589,-0.0040554901352152,-0.0033390721073373996,-0.002469023049343375,-0.001455302000977075,-0.000543882468264175,0.00031482675694857504,0.0012043515453115002,0.0024017195682972253,0.0030447790632024,0.0040363471489399255,0.004842380527406925,0.005806182743981449,0.00647650170139965,0.008321568602696025,0.008288393495604375,0.0067923667374998,0.004819343448616524,-0.0010715276148403,-0.005589336156845075,-0.007896403316408375,-0.007614185335114575,-0.00692719197832045,-0.006306136725470399,-0.00568557274527845,-0.005006517050787775,-0.0040534287691116,-0.00329878437332805,-0.002462819160427875,-0.001525918691186225,-0.0006070434856155639,0.00011780361091949999,0.000998993724351725,0.002070392190944375,0.00273568928241725,0.0036496071843430252,0.0041977416258305,0.004984532832168025,0.005837390897795525,0.0072691044770181,0.0074295599479228,0.0074311099015176,0.007301275851204975,0.0,0.0,0.0,0.0,0.0,0.0,0.0,0.0,0.0,0.0,0.0,0.0,0.0,0.0,0.0,0.0,0.0,0.0,0.0,0.0,0.0,0.0,0.0,0.0,0.0,0.0,0.0,0.0,0.0,0.0,0.0,0.0,0.0,0.0,0.0,0.0,0.0,0.0,0.0,0.0,0.0,0.0,0.0,0.0,0.0,0.0,0.0,0.0,0.0,0.0,0.0,0.0,0.0,0.0,0.0,0.0,0.0,0.0,0.0,0.0,0.0,0.0,0.0,0.0,0.0,0.0,0.0,0.0,0.0,0.0,0.0,0.0,0.0,0.0,0.0,0.0,0.0,0.0,0.0,0.0,0.0,0.0,0.0,0.0,0.0,0.0,0.0,0.0,0.0,0.0,0.0,0.0,0.0,0.0,0.0,0.0,0.0,0.0,0.0,0.0,0.0,0.0,0.0,0.0,0.0,0.0,0.0,0.0,0.0,0.0,0.0,0.0,0.0,0.0,0.0,0.0,0.0,0.0,0.0,0.0,0.0,0.0,0.0,0.0,0.0,0.0,0.0,0.0,0.0,0.0,0.0,0.0,0.0,0.0,0.0,0.0,0.0,0.0,0.0,0.0,0.0,0.0,0.0,0.0,0.0,0.0,0.0,0.0,0.0,0.0
29,0.0,0.0,0.0,0.0,0.0,0.0,0.0,0.0,0.0,0.0,0.0,0.0,0.0,0.0,0.0,0.0,0.0,0.0,0.0,0.0,0.0,0.0,0.0,0.0,0.0,0.0,0.0,0.0,0.0,0.0,0.0,0.0,0.0,0.0,0.0,0.0,0.0,0.0,0.0,0.0,0.0,0.0,0.0,0.0,0.0,0.0,0.0,0.0,0.0,0.0,0.0,0.0,0.0,0.0,0.0,0.0,0.0,0.0,0.0,0.0,0.0,0.0,0.0,0.0,0.0,0.0,0.0,0.0,0.0,0.0,0.0,0.0,0.0,0.0,0.0,0.000321288902341575,0.000208104647754175,6.777544740541361e-05,4.2219971872701345e-07,0.000226770840526975,0.000286971528112125,0.000259637836279525,0.00018098453983837696,0.00018894175082091987,0.000419944532040925,0.0004936456753057,0.00054847200954095,0.00057263671624235,0.000666345156787375,0.0009439637215109,0.001255532144568825,0.001607502461411,0.001981173933017925,0.0023527692246716,0.00299016630742695,0.003663127659819975,0.00447241950314485,0.0051362613448872494,0.006185238482430524,0.007610787870362349,0.00908609712496395,0.010656535625457726,0.012152969837188674,0.014080400113016325,0.016385246999561724,0.0186825743876397,0.020889346953481377,0.02317466866225,0.0256856479682028,0.0284237065352499,0.031058132182806675,0.03358097374439235,0.035905295982956824,0.03806513641029592,0.04021555278450245,0.042140523903071825,0.04389311932027332,0.04525764286518093,0.04652481805533167,0.04785256553441282,0.0491776959970593,0.050114423036575276,0.05065009463578458,0.05128942430019375,0.0521083120256662,0.05287994910031553,0.05326049961149688,0.053511694073677,0.054058700799941975,0.05459232162684197,0.05468174908310171,0.05441871285438532,0.054066171869635554,0.054217557422816726,0.054327324032783474,0.05403392110019915,0.05382087267935273,0.0541686555370688,0.054959729313850375,0.05513203609734771,0.054647400043904726,0.052591895684599856,0.04929648805409665,0.04399873828515405,0.038025558693334405,0.03039605449885125,0.022476742509752474,0.014015595275850475,0.007822955885785625,0.00332581994734935,0.00092273453628875,0.000713825233105975,0.0009089857339858499,0.001072898499842225,0.0009681433148216,0.0007765392292639501,0.0006513496191473251,0.0008325676135427251,0.000922173290746225,0.0007996410131454088,0.00054939090478,0.000419492513174175,0.000528613716596725,0.00034439562296025,0.0002101113204844,-0.0002022882399614968,-0.0006529787957844967,-0.000929315869143425,-0.0012587706441990498,-0.0016938745684455501,-0.002546419680584175,-0.003496170102152925,-0.00409781443886455,-0.00510657834820445,-0.00641388201620425,-0.0080261478433385,-0.009842763422056975,-0.01120520150288935,-0.013089701533317524,-0.015226071001961775,-0.01765437424182885,-0.020068163983523797,-0.022229000460356425,-0.0247502969577908,-0.0272558727301657,-0.030005142558366022,-0.0326432879082858,-0.03490586113184688,-0.037072226405143675,-0.03896370530128475,-0.040879225358366925,-0.04276119172573085,-0.04424397647380825,-0.04549422767013305,-0.04649320244789123,-0.047917675226926776,-0.04901208356022833,-0.04963105451315638,-0.05000453162938352,-0.05073152575641865,-0.05159089434891935,-0.052107379771769,-0.05229115486145015,-0.0526273194700479,-0.053089101798832375,-0.053334106691181625,-0.05315979756414885,-0.05278563033789393,-0.0527624739333987,-0.052855462767183725,-0.0526262084022164,-0.05244742333889002,-0.0529228691011667,-0.05359113775193687,-0.053672889247536604,-0.0532097518444061,-0.05123718641698355,-0.04806718230247495,-0.042571470607072046,-0.03642157744616265,-0.028795286430977222,-0.020985499315429423,-0.012611269790795599,-0.0061796010704711,-0.0016657114319968752
30,-0.00026662151140044996,-0.000496124233905,-0.0008686631630325565,-0.0010762264137155917,-0.0015960931632434249,-0.002124632461345725,-0.002757395239314,-0.0035437096958048,-0.004302099288906875,-0.00535113119985905,-0.006466825783718325,-0.007742116868030226,-0.009221330401487624,-0.010659828665666223,-0.012457152013666874,-0.014361361740156977,-0.016511763213202302,-0.0187766302842646,-0.021016756305471024,-0.023436263436451527,-0.0257558627054095,-0.028068999294191554,-0.030181466601788956,-0.0320520401000976,-0.0340530518442392,-0.035865982528775875,-0.03772598458454007,-0.03939373278990385,-0.04083244036883112,-0.04239024780690667,-0.043760925531387274,-0.0449569327756762,-0.04579812753945588,-0.0465803546831011,-0.04736884962767358,-0.04794568847864862,-0.04847912024706598,-0.04878995753824708,-0.04912134073674675,-0.04943409562110897,-0.04943768680095667,-0.0496029304340481,-0.0494175357744097,-0.0495032668113708,-0.04979639314115039,-0.049937540665268856,-0.0503642866387963,-0.05024288594722745,-0.050028637051582246,-0.04948589764535422,-0.04838001262396567,-0.046895995736122104,-0.0444737765938043,-0.0412686564959585,-0.03734428202733395,-0.032533168327063273,-0.026813278440386026,-0.020776788122020627,-0.015681292119552326,-0.01131658782833255,-0.007385850156424574,-0.0041182090062648,-0.0014690011739731004,6.375212615237515e-05,0.001232609109138125,0.0017995983362197499,0.00213306146906685,0.0022643904376309,0.002157449736841925,0.0019100457357126,0.00191140179958885,0.0017250378878088252,0.0018021861760643748,0.00148913265729785,0.001350154474494,0.0,0.0,0.0,0.0,0.0,0.0,0.0,0.0,0.0,0.0,0.0,0.0,0.0,0.0,0.0,0.0,0.0,0.0,0.0,0.0,0.0,0.0,0.0,0.0,0.0,0.0,0.0,0.0,0.0,0.0,0.0,0.0,0.0,0.0,0.0,0.0,0.0,0.0,0.0,0.0,0.0,0.0,0.0,0.0,0.0,0.0,0.0,0.0,0.0,0.0,0.0,0.0,0.0,0.0,0.0,0.0,0.0,0.0,0.0,0.0,0.0,0.0,0.0,0.0,0.0,0.0,0.0,0.0,0.0,0.0,0.0,0.0,0.0,0.0,0.0,0.0,0.0,0.0,0.0,0.0,0.0,0.0,0.0,0.0,0.0,0.0,0.0,0.0,0.0,0.0,0.0,0.0,0.0,0.0,0.0,0.0,0.0,0.0,0.0,0.0,0.0,0.0,0.0,0.0,0.0,0.0,0.0,0.0,0.0,0.0,0.0,0.0,0.0,0.0,0.0,0.0,0.0,0.0,0.0,0.0,0.0,0.0,0.0,0.0,0.0,0.0,0.0,0.0,0.0,0.0,0.0,0.0,0.0,0.0,0.0,0.0,0.0,0.0,0.0,0.0,0.0,0.0,0.0,0.0,0.0,0.0,0.0,0.0,0.0,0.0
31,-0.00042953093847585325,-0.0007014970178715677,-0.0007858872413635058,-0.0008714646100997782,-0.0009622872069598832,-0.0009122292006651144,-0.0008791536092758146,-0.0009233653350974982,-0.0009566297133574005,-0.0007231682732822066,-0.0004999737138859923,0.00016681849956510069,0.0007777114903433257,0.0010975400218739908,0.0014382452160645969,0.0014035850763320908,0.0015705426922067993,0.0016517639548396651,0.0014450798819893808,0.001528173723841055,0.0014112641802057513,0.0014097839982127852,0.001107916274690967,0.0005111992553565786,-0.0001853456099638538,-0.0010441790412514056,-0.0013883610566453914,-0.001485864321381298,-0.001632054646790937,-0.0019079000145438732,-0.001682778199494794,-0.0016156186660509538,-0.0015422354529164156,-0.001575465003611484,-0.0012893527746200544,-0.0008705804744977267,2.0320217458902334e-05,0.0007827927669268138,0.0010477056105742046,0.0013911327114328562,0.0015080273151397516,0.0015343924363548887,0.0016822368294668818,0.0015319734423542182,0.0015048931041974133,0.0013888428995869468,0.0015435318540539759,0.0012369851659741317,0.0005669742628242518,3.684063869966246e-05,-0.0007567405506847495,-0.001159235835075372,-0.0013150771458945044,-0.0013474077374375714,-0.0014114975541232805,-0.0013243257999420086,-0.0013649215301256787,-0.0012469540039319086,-0.0011070817708968917,-0.0011182775100451162,-0.0008465250333529162,-0.00019444524758681584,0.0004105269908905007,0.0006491790020959172,0.0009357830082681077,0.0009534160102191263,0.0008797893727461205,0.0008275856574471075,0.0008299400408873054,0.000887533028901532,0.0006964653730392283,0.0007327199176074751,0.000672524154651892,0.0003156463305344897,-2.8808909746658173e-07,0.0,0.0,0.0,0.0,0.0,0.0,0.0,0.0,0.0,0.0,0.0,0.0,0.0,0.0,0.0,0.0,0.0,0.0,0.0,0.0,0.0,0.0,0.0,0.0,0.0,0.0,0.0,0.0,0.0,0.0,0.0,0.0,0.0,0.0,0.0,0.0,0.0,0.0,0.0,0.0,0.0,0.0,0.0,0.0,0.0,0.0,0.0,0.0,0.0,0.0,0.0,0.0,0.0,0.0,0.0,0.0,0.0,0.0,0.0,0.0,0.0,0.0,0.0,0.0,0.0,0.0,0.0,0.0,0.0,0.0,0.0,0.0,0.0,0.0,0.0,-0.0003842661778179483,-0.0007102091913111431,-0.0007775177752264872,-0.0008120387986565394,-0.0009827018171790609,-0.0009558250700649599,-0.0008817215566523278,-0.0008642226457595682,-0.0009000053202328098,-0.0007263173659452943,-0.0006039689178578432,4.746516668772297e-05,0.0007391671533696346,0.0011289218673482297,0.0013960351546629002,0.0013361126184463273,0.0015426724760914073,0.0017072906096586831,0.0014865994841670592,0.0014952619482641973,0.0013714234033841174,0.0013823608169331928,0.0011605074396356756,0.0006492237249631144,-7.797280704833301e-05,-0.0009863029311709467,-0.0013670622914396654,-0.001443922519683827,-0.0015567540734479951,-0.0019116998106483121,-0.0017430682589178958,-0.001649642984034469,-0.001484180451370774,-0.0015452454099431408,-0.0012932320436220698,-0.0009858607858177317,-0.00010159114992800709,0.0007489820127375188,0.0010518829415673172,0.001343448956816916,0.0014538317530821067,0.0015038102865219086,0.0017344504206846386,0.0015850613902443865,0.0014964243164286,0.001323089003562918,0.0015302698205914567,0.0012945483515522775,0.0006941507259625529,0.0001375426800222828,-0.0007184147834777707,-0.0011276801427015865,-0.0012472370872273796,-0.0013142923125997184,-0.0014331291507332317,-0.001334334374405427,-0.0013473480552192777,-0.0011912187328561898,-0.0011096894353386125,-0.0011425267051663362,-0.0009317894970308694,-0.00023453434795326584,0.0003823687536055122,0.0006499240795960561,0.0008977453107945546,0.0009280790691263892,0.0009038547674719902,0.0008619874715804854,0.0008279134829933579,0.0008511741762049351,0.0006715208292007336,0.0007816453968984966,0.000723396738408152,0.0003489554025577266,5.498528622638333e-06
32,0.0,0.0,0.0,0.0,0.0,0.0,0.0,0.0,0.0,0.0,0.0,0.0,0.0,0.0,0.0,0.0,0.0,0.0,0.0,0.0,0.0,0.0,0.0,0.0,0.0,0.0,0.0,0.0,0.0,0.0,0.0,0.0,0.0,0.0,0.0,0.0,0.0,0.0,0.0,0.0,0.0,0.0,0.0,0.0,0.0,0.0,0.0,0.0,0.0,0.0,0.0,0.0,0.0,0.0,0.0,0.0,0.0,0.0,0.0,0.0,0.0,0.0,0.0,0.0,0.0,0.0,0.0,0.0,0.0,0.0,0.0,0.0,0.0,0.0,0.0,0.02357384609058495,0.03572379518300287,0.0437456369400024,0.047061979770660345,0.047501469030976254,0.04692267347127198,0.046836857683956575,0.04794014431536195,0.04828551877290005,0.047905981540679876,0.047566175460815374,0.047838623635470826,0.04870097339153285,0.0492851780727505,0.0492342412471771,0.04879325628280635,0.048482049256563124,0.04835332557559007,0.04828271269798275,0.04788376484066245,0.047797943465411594,0.048001617193222,0.04920658934861415,0.0497203012928366,0.04917979240417478,0.04815510939806693,0.04795057605952023,0.04858685564249748,0.048991550691425745,0.048612306825816576,0.047160118818283046,0.048095877282321405,0.05037900805473323,0.05281015299260612,0.050573110580444273,0.04303520452231165,0.025978625053539824,0.0009222776861861253,-0.023981878999620627,-0.04063483513891693,-0.04604313243180507,-0.04617527686059473,-0.045936480164527824,-0.046168580651283195,-0.047913848422467625,-0.048060049302875926,-0.04749532602727407,-0.0471725659444928,-0.0474477261304855,-0.04841135907918207,-0.04878165293484921,-0.04862744081765408,-0.048424160107970196,-0.04831139184534543,-0.048100510612130117,-0.04816657770425075,-0.047718340530991527,-0.047449326142668675,-0.04727571737021203,-0.048408031463623005,-0.04886387754231687,-0.0483653740957379,-0.0475907521322369,-0.047219783067703205,-0.0480321049690246,-0.048459320329129627,-0.04830213915556665,-0.047552352771162924,-0.04802956618368622,-0.04877298604696985,-0.05014616250991818,-0.049273839220404576,-0.046004370786249575,-0.0369724482297897,-0.0234706946648657,-0.021713435649871774,-0.03313344717025752,-0.0412963582202792,-0.04537219833582635,-0.04608870111405848,-0.04579232633113857,-0.04548606742173425,-0.04581788741052148,-0.0462394449859857,-0.04626358952373263,-0.0466938223689794,-0.0467393100261688,-0.04685977101325985,-0.046808402054011766,-0.046208241954445804,-0.045957276597619,-0.045873771421611274,-0.045574292540550204,-0.04541667830198998,-0.04472561180591578,-0.04444672074168915,-0.0439368793740868,-0.043195544742047724,-0.04271486867219205,-0.041651526466011946,-0.040195320732891504,-0.03843135666102165,-0.036939581390470225,-0.03560906182974573,-0.03399898065254088,-0.0320840077474713,-0.029217556584626374,-0.0258549801073968,-0.0219787857495248,-0.0176959633827209,-0.0144824087619781,-0.01075917494017625,-0.006279404042288625,-0.0006739994278177501,0.0055612921714782255,0.011587763903662524,0.015599777689203575,0.018844177480787,0.022470752708613824,0.0262110675685107,0.029798696283251,0.03254932165145867,0.03459396492689845,0.03656212519854302,0.0386339724063873,0.04064273834228513,0.04243841767311092,0.04326724540442225,0.044067725539207424,0.0451744999736547,0.04600276611745353,0.04650967381894583,0.04635928012430665,0.04678043257445093,0.047246987000107724,0.04800275340676305,0.048212120309472056,0.04817240033298728,0.048152267932891804,0.048251470550894675,0.048569227568805204,0.04847209155559535,0.047986581921577426,0.0476429713889956,0.048293774016201454,0.0489386320114135,0.049839927814900827,0.04817221034318205,0.044714629650115925,0.03637260664254422
33,-0.031110623851418447,-0.04318727552890772,-0.0475428840145468,-0.047420332208275726,-0.0449893279001116,-0.04274294245988128,-0.04182818997651335,-0.0410466846078634,-0.039922088384628254,-0.0383984753862023,-0.0371539792977273,-0.0357897179201245,-0.0348070757463574,-0.03367632161825892,-0.03198534296825525,-0.030518119223415775,-0.029420062899589497,-0.028366918675601423,-0.027113536838442025,-0.02575361216440795,-0.024027273058891227,-0.02250667382031675,-0.02185482298955317,-0.021656016819179023,-0.020355318672955,-0.018152361037209554,-0.016423344379290876,-0.015130072832107525,-0.01412864495068785,-0.012598117347806649,-0.01029264926910395,-0.008296236395835824,-0.0076873848447576,-0.007273654104210375,-0.0054556876420974254,-0.004259139415808,-0.0022783775930292497,-0.001522044331068125,-0.0009015848436319954,0.00124028325080865,0.00442189961904655,0.0070681720972061,0.007725353003479474,0.008134514209814325,0.009047582745552025,0.0103129346389323,0.011958817718550525,0.013434971449896652,0.014999240636825525,0.01613058173097665,0.017232532147318097,0.0187045037746429,0.020108993165194954,0.02179610729217525,0.023302013520151328,0.0246371277607977,0.025647819042205776,0.027236361987888775,0.0289476863108575,0.03023222601041193,0.03203949797898525,0.03337462199851865,0.03444410860538478,0.03556311083957553,0.03738036239519708,0.0389843434095382,0.04097212385386223,0.04249238967895505,0.043431396596133647,0.04440436698496337,0.04358870349824423,0.045394643209874574,0.04795188736170525,0.04767544567584985,0.0365393455140292,0.03057782817631958,0.04305058158934113,0.050275932066142524,0.052595679648220484,0.051846643909811904,0.0507597671821713,0.05010034609585995,0.050883283838629646,0.05163275171071288,0.05111109185963863,0.05110287666320798,0.051408146508038,0.052005191333591896,0.0523068411275744,0.05194203089922661,0.05218388512730595,0.052495613694190923,0.05256578326225275,0.05267682578414673,0.05316197406500575,0.053008308634161894,0.05323699582368133,0.054373184219002696,0.0551294479519128,0.055733157321810674,0.05494777299463745,0.05438310932368037,0.054650565609335844,0.05550925061106678,0.05586363840848202,0.054678832180798,0.0529561890289187,0.04920167755335565,0.05111073888838284,0.05350564979016777,0.04836261272430415,0.024780606385320376,-0.011457656743004876,-0.038662449456751305,-0.05036491155624385,-0.05193933285772795,-0.04925140272825953,-0.0487183732911944,-0.04927356075495478,-0.049998710863292176,-0.0505245923995971,-0.05009089503437275,-0.050860429182648624,-0.0514626111835241,-0.05160277150571342,-0.05179329123347995,-0.051793599501252126,-0.05212770402431485,-0.05234455969184633,-0.052121495828032424,-0.05195801984518762,-0.05241383053362365,-0.05194840300828214,-0.05192107893526553,-0.05322166811674827,-0.054002170450985404,-0.05372402537614103,-0.053271230310201576,-0.0527433650568127,-0.05278124380856748,-0.05366045795381065,-0.05382229760289187,-0.053005184978246675,-0.05178313422948117,-0.04954790510237213,-0.05144071020185942,-0.05260396469384428,-0.050234764814376776,-0.037545561790466274,-0.0185335183050483,-0.030944302678108174,-0.043402553535997826,-0.04847944341599934,-0.04989199899137017,-0.04925370682030913,-0.04906351864337915,-0.04934970941394562,-0.049591039307415444,-0.05009362101554865,-0.05001285579055544,-0.0501526296138763,-0.04975913465023037,-0.05000441335141655,-0.05034069810062643,-0.049961596727371146,-0.0498098079115152,-0.049872755073010845,-0.0498068183660507,-0.04981598630547517,-0.049621734768152174,-0.04888340365141625,-0.048207685351371724,-0.0478624049574136,-0.04781921207904813,-0.04710896313190455,-0.0459523200988769,-0.0439750254154205,-0.04166851937770841,-0.04014459159225223,-0.03776845289394255,-0.03406636416912073,-0.0304681858979165,-0.027339135296642725,-0.0230074967257678,-0.017754827858880124,-0.01396373915486035,-0.010548144578933674,-0.0066384125966578245,-0.00021243591891103333,0.006552467704750575,0.013692254666238999,0.018726175185292925,0.02151902019977565,0.025089830160140925,0.028833434451371376,0.032342578284442376,0.0353192533366382,0.0380752086639404,0.0406591491773724,0.04258783068507905,0.04405869077891108,0.04563295282423489,0.04720143973827357,0.04812950361520045,0.0491522848606109,0.049631183035671655,0.050205612555146176,0.05105917062610382,0.051573897711932624,0.051951025612652274,0.053056647069752175,0.05294130742549892,0.052403912879526574,0.0524133741855621,0.05308680702000855,0.05356412101536982,0.05368374288082117,0.05346384737640615,0.05353970825672143,0.05327810347080227,0.05087423790246245,0.0519762728363275,0.053416758775711004,0.0506599191576242,0.03750453330576412
34,0.02936164569109675,0.0337152373977005,0.03716950630769128,0.0396516467444598,0.04114810610190028,0.0422733682207763,0.04292141413316128,0.0435885987244546,0.044356609228998374,0.04457656992599365,0.04509619297459715,0.04574800003319975,0.04644303582608695,0.04700004961341613,0.047380283474922125,0.047582685947418144,0.04786961339414115,0.048422296531498404,0.04856315255165095,0.04883536789566272,0.049014662392437396,0.049002598039805854,0.04917631112039085,0.04940691683441395,0.04946351051330563,0.04957504570484158,0.049598510377109,0.04992408677935595,0.0502654062584042,0.05055603850632903,0.051014209166169125,0.05141759943217035,0.05145549215376372,0.051561504602432195,0.051924587227404055,0.05228691454976795,0.052663058042526203,0.0531951487064361,0.05356584489345547,0.054064576514065196,0.05476968642324205,0.0553788291290402,0.05602009128779168,0.056401839479804004,0.057086677290499176,0.057424455881118726,0.057519132271409,0.0575930569320917,0.05755410995334383,0.057540729641914305,0.05764428712427612,0.0579667557030916,0.05829988978803155,0.05840688478201625,0.05852561257779595,0.05876526236534116,0.059298435226082746,0.0593224763870239,0.05945453047752375,0.05935133062303063,0.059582954272627796,0.05965914763510222,0.05979359708726402,0.060111844912171336,0.06098282709717745,0.06218488607555625,0.063040854409337,0.0632828855887055,0.06248117610812182,0.0599301708862185,0.05556145869195454,0.049773280974477474,0.04202134860679505,0.03377192700281735,0.02547237742692225,0.0,0.0,0.0,0.0,0.0,0.0,0.0,0.0,0.0,0.0,0.0,0.0,0.0,0.0,0.0,0.0,0.0,0.0,0.0,0.0,0.0,0.0,0.0,0.0,0.0,0.0,0.0,0.0,0.0,0.0,0.0,0.0,0.0,0.0,0.0,0.0,0.0,0.0,0.0,0.0,0.0,0.0,0.0,0.0,0.0,0.0,0.0,0.0,0.0,0.0,0.0,0.0,0.0,0.0,0.0,0.0,0.0,0.0,0.0,0.0,0.0,0.0,0.0,0.0,0.0,0.0,0.0,0.0,0.0,0.0,0.0,0.0,0.0,0.0,0.0,0.0,0.0,0.0,0.0,0.0,0.0,0.0,0.0,0.0,0.0,0.0,0.0,0.0,0.0,0.0,0.0,0.0,0.0,0.0,0.0,0.0,0.0,0.0,0.0,0.0,0.0,0.0,0.0,0.0,0.0,0.0,0.0,0.0,0.0,0.0,0.0,0.0,0.0,0.0,0.0,0.0,0.0,0.0,0.0,0.0,0.0,0.0,0.0,0.0,0.0,0.0,0.0,0.0,0.0,0.0,0.0,0.0,0.0,0.0,0.0,0.0,0.0,0.0,0.0,0.0,0.0,0.0,0.0,0.0,0.0,0.0,0.0,0.0,0.0,0.0
35,0.0,0.0,0.0,0.0,0.0,0.0,0.0,0.0,0.0,0.0,0.0,0.0,0.0,0.0,0.0,0.0,0.0,0.0,0.0,0.0,0.0,0.0,0.0,0.0,0.0,0.0,0.0,0.0,0.0,0.0,0.0,0.0,0.0,0.0,0.0,0.0,0.0,0.0,0.0,0.0,0.0,0.0,0.0,0.0,0.0,0.0,0.0,0.0,0.0,0.0,0.0,0.0,0.0,0.0,0.0,0.0,0.0,0.0,0.0,0.0,0.0,0.0,0.0,0.0,0.0,0.0,0.0,0.0,0.0,0.0,0.0,0.0,0.0,0.0,0.0,0.029353757388889748,0.037423884030431474,0.04225794970989223,0.0443208659999072,0.04478163551539177,0.045430888887494754,0.045248438604175975,0.04568286286666985,0.04659972107037897,0.04756329394876953,0.0481655746698379,0.048056220635771724,0.047963112592697074,0.048124684952199404,0.048299754038453054,0.048575624823570175,0.0487316399812698,0.04920623172074552,0.04999441839754577,0.050499017350375625,0.05098068714141838,0.051237528212368474,0.05118377506732935,0.051660826429724645,0.052031740546226446,0.05234257411211722,0.0525978254154324,0.0529250111430883,0.0535638770088553,0.054111574776470626,0.05437887087464327,0.054268305189907495,0.0544360280036926,0.055112371221184675,0.056071002967655624,0.05656702909618615,0.05662085488438602,0.05637564789503808,0.056352635845541905,0.05677002575248475,0.05750732216984028,0.057864085771143374,0.0582892838865518,0.058606911450624424,0.05899529252201312,0.05933034420013422,0.05962936673313375,0.059908142313361126,0.06019493937492365,0.06041995808482165,0.060648232698440524,0.06093052681535478,0.06151059363037345,0.06215574406087396,0.06247375812381503,0.06258841324597596,0.0628490354865789,0.06340458616614335,0.06390967871993775,0.06377261877059932,0.06376681663095946,0.06377809680998323,0.0648364378139376,0.06606254819780585,0.06636050809174773,0.06589347030967468,0.06553507316857575,0.06552887894213194,0.0657051550224423,0.0675987862050533,0.06859241891652343,0.0684692515060305,0.063617005944252,0.05432168766856188,0.0398564944043755,-0.028254782781004878,-0.036495093721896375,-0.041360601317137424,-0.043336103204637696,-0.04373949300497765,-0.04462695121765135,-0.0445138267241418,-0.04495854210108515,-0.04577958537265655,-0.046707957983016926,-0.047473480924963896,-0.047209505923092324,-0.04708714783191678,-0.047259530052542624,-0.04740779008716343,-0.047854879871010725,-0.048006157390773255,-0.048478175885975305,-0.04914033878594633,-0.0496355444192886,-0.050325687043368775,-0.05062907468527553,-0.050439009442925405,-0.05068633332848545,-0.051114479079842526,-0.051659092307090704,-0.05208292044699187,-0.05222351849079127,-0.052678853273391654,-0.053346091881394345,-0.053754602558910805,-0.053725580684840624,-0.05373626854270695,-0.05432968307286497,-0.05518902372568843,-0.05584151018410917,-0.055777629837393705,-0.055462118238210595,-0.0552980257198214,-0.05589113105088467,-0.0566596537828445,-0.05689798668026917,-0.05733125470578668,-0.057564869523048345,-0.0578792672604322,-0.05823409929871558,-0.05847597680985922,-0.0586922354996204,-0.05885474290698763,-0.059248751029372174,-0.05951117910444732,-0.059775838628411224,-0.06015500333160158,-0.060785224661231,-0.061161275021731826,-0.0614090161398053,-0.061601440422236906,-0.06186380051076408,-0.06225969363003968,-0.0622625797986984,-0.062338505871593924,-0.0623262226581573,-0.06333576608449215,-0.06450253818184132,-0.06482027936726804,-0.06441911030560728,-0.0640849173069,-0.06389708910137411,-0.06397823989391323,-0.06602377071976658,-0.06704861391335723,-0.06688953470438715,-0.06189180910587307,-0.0526014207862317,-0.03830932499840853
36,-0.028304035309702102,-0.033912927377969,-0.038356061093509156,-0.04091672133654352,-0.042016203515231526,-0.04299817979335782,-0.04318097233772272,-0.04329928662627928,-0.04401603341102597,-0.04489262402057642,-0.045560702681541373,-0.045601655729114975,-0.04602727666497225,-0.04646846652030937,-0.04683834314346309,-0.04674405883997675,-0.04644835460931055,-0.04629943240433925,-0.04621756542474027,-0.04633130691945547,-0.046614498831331654,-0.04685829579830165,-0.047504082322120625,-0.04811507463455195,-0.04864911362528798,-0.04889717698097225,-0.04909979738295073,-0.04953254200518126,-0.04989420436322679,-0.0502625005319714,-0.050386310555040774,-0.050594100728631006,-0.05104993842542167,-0.05149828922003503,-0.05180758144706483,-0.05195402074605223,-0.05230066739022727,-0.052674164995551075,-0.05276227463036769,-0.05313399899750942,-0.0533167468383908,-0.053724144585430574,-0.054213096387684324,-0.05470608640462158,-0.05506534315645692,-0.05511815845966334,-0.05514945089817042,-0.0550972623750567,-0.055160099640488576,-0.055339946411549996,-0.05562051106244317,-0.05626060534268613,-0.05687631759792562,-0.057276327162981,-0.05754474923014635,-0.057738441973924595,-0.05813414324074978,-0.0589416772127151,-0.05986363627016542,-0.06053949333727355,-0.060988466255366754,-0.06118508055806157,-0.06157932616770262,-0.06127994321286673,-0.06092430558055635,-0.06061988510191435,-0.06131976842880242,-0.06219276692718259,-0.06295768916606898,-0.06241959985345598,-0.060008952394127804,-0.05580363608896728,-0.048588831909000846,-0.039090314880013424,-0.028401479125022826,0.0,0.0,0.0,0.0,0.0,0.0,0.0,0.0,0.0,0.0,0.0,0.0,0.0,0.0,0.0,0.0,0.0,0.0,0.0,0.0,0.0,0.0,0.0,0.0,0.0,0.0,0.0,0.0,0.0,0.0,0.0,0.0,0.0,0.0,0.0,0.0,0.0,0.0,0.0,0.0,0.0,0.0,0.0,0.0,0.0,0.0,0.0,0.0,0.0,0.0,0.0,0.0,0.0,0.0,0.0,0.0,0.0,0.0,0.0,0.0,0.0,0.0,0.0,0.0,0.0,0.0,0.0,0.0,0.0,0.0,0.0,0.0,0.0,0.0,0.0,0.0,0.0,0.0,0.0,0.0,0.0,0.0,0.0,0.0,0.0,0.0,0.0,0.0,0.0,0.0,0.0,0.0,0.0,0.0,0.0,0.0,0.0,0.0,0.0,0.0,0.0,0.0,0.0,0.0,0.0,0.0,0.0,0.0,0.0,0.0,0.0,0.0,0.0,0.0,0.0,0.0,0.0,0.0,0.0,0.0,0.0,0.0,0.0,0.0,0.0,0.0,0.0,0.0,0.0,0.0,0.0,0.0,0.0,0.0,0.0,0.0,0.0,0.0,0.0,0.0,0.0,0.0,0.0,0.0,0.0,0.0,0.0,0.0,0.0,0.0
37,0.0,0.0,0.0,0.0,0.0,0.0,0.0,0.0,0.0,0.0,0.0,0.0,0.0,0.0,0.0,0.0,0.0,0.0,0.0,0.0,0.0,0.0,0.0,0.0,0.0,0.0,0.0,0.0,0.0,0.0,0.0,0.0,0.0,0.0,0.0,0.0,0.0,0.0,0.0,0.0,0.0,0.0,0.0,0.0,0.0,0.0,0.0,0.0,0.0,0.0,0.0,0.0,0.0,0.0,0.0,0.0,0.0,0.0,0.0,0.0,0.0,0.0,0.0,0.0,0.0,0.0,0.0,0.0,0.0,0.0,0.0,0.0,0.0,0.0,0.0,0.0,0.0,0.0,0.0,0.0,0.0,0.0,0.0,0.0,0.0,0.0,0.0,0.0,0.0,0.0,0.0,0.0,0.0,0.0,0.0,0.0,0.0,0.0,0.0,0.0,0.0,0.0,0.0,0.0,0.0,0.0,0.0,0.0,0.0,0.0,0.0,0.0,0.0,0.0,0.0,0.0,0.0,0.0,0.0,0.0,0.0,0.0,0.0,0.0,0.0,0.0,0.0,0.0,0.0,0.0,0.0,0.0,0.0,0.0,0.0,0.0,0.0,0.0,0.0,0.0,0.0,0.0,0.0,0.0,0.0,0.0,0.0,0.0,0.0,0.0,0.0,0.0,0.0,0.0,0.0,0.0,0.0,0.0,0.0,0.0,0.0,0.0,0.0,0.0,0.0,0.0,0.0,0.0,0.0,0.0,0.0,0.0,0.0,0.0,0.0,0.0,0.0,0.0,0.0,0.0,0.0,0.0,0.0,0.0,0.0,0.0,0.0,0.0,0.0,0.0,0.0,0.0,0.0,0.0,0.0,0.0,0.0,0.0,0.0,0.0,0.0,0.0,0.0,0.0,0.0,0.0,0.0,0.0,0.0,0.0,0.0,0.0,0.0,0.0,0.0,0.0,0.0,0.0,0.0,0.0,0.0,0.0,0.0,0.0,0.0
38,0.0,0.0,0.0,0.0,0.0,0.0,0.0,0.0,0.0,0.0,0.0,0.0,0.0,0.0,0.0,0.0,0.0,0.0,0.0,0.0,0.0,0.0,0.0,0.0,0.0,0.0,0.0,0.0,0.0,0.0,0.0,0.0,0.0,0.0,0.0,0.0,0.0,0.0,0.0,0.0,0.0,0.0,0.0,0.0,0.0,0.0,0.0,0.0,0.0,0.0,0.0,0.0,0.0,0.0,0.0,0.0,0.0,0.0,0.0,0.0,0.0,0.0,0.0,0.0,0.0,0.0,0.0,0.0,0.0,0.0,0.0,0.0,0.0,0.0,0.0,0.0,0.0,0.0,0.0,0.0,0.0,0.0,0.0,0.0,0.0,0.0,0.0,0.0,0.0,0.0,0.0,0.0,0.0,0.0,0.0,0.0,0.0,0.0,0.0,0.0,0.0,0.0,0.0,0.0,0.0,0.0,0.0,0.0,0.0,0.0,0.0,0.0,0.0,0.0,0.0,0.0,0.0,0.0,0.0,0.0,0.0,0.0,0.0,0.0,0.0,0.0,0.0,0.0,0.0,0.0,0.0,0.0,0.0,0.0,0.0,0.0,0.0,0.0,0.0,0.0,0.0,0.0,0.0,0.0,0.0,0.0,0.0,0.0,0.0,0.0,0.0,0.0,0.0,0.0,0.0,0.0,0.0,0.0,0.0,0.0,0.0,0.0,0.0,0.0,0.0,0.0,0.0,0.0,0.0,0.0,0.0,0.0,0.0,0.0,0.0,0.0,0.0,0.0,0.0,0.0,0.0,0.0,0.0,0.0,0.0,0.0,0.0,0.0,0.0,0.0,0.0,0.0,0.0,0.0,0.0,0.0,0.0,0.0,0.0,0.0,0.0,0.0,0.0,0.0,0.0,0.0,0.0,0.0,0.0,0.0,0.0,0.0,0.0,0.0,0.0,0.0,0.0,0.0,0.0,0.0,0.0,0.0,0.0,0.0,0.0
39,0.0,0.0,0.0,0.0,0.0,0.0,0.0,0.0,0.0,0.0,0.0,0.0,0.0,0.0,0.0,0.0,0.0,0.0,0.0,0.0,0.0,0.0,0.0,0.0,0.0,0.0,0.0,0.0,0.0,0.0,0.0,0.0,0.0,0.0,0.0,0.0,0.0,0.0,0.0,0.0,0.0,0.0,0.0,0.0,0.0,0.0,0.0,0.0,0.0,0.0,0.0,0.0,0.0,0.0,0.0,0.0,0.0,0.0,0.0,0.0,0.0,0.0,0.0,0.0,0.0,0.0,0.0,0.0,0.0,0.0,0.0,0.0,0.0,0.0,0.0,0.00045903026693845,0.00038167834827614245,0.0001926273034768958,0.00016269584625657564,0.00023604433226863798,5.228817553872127e-05,-7.83105679147e-05,-0.00022884707141197498,-0.000323086977004975,-0.000316580131766375,-0.00041777391743379167,-0.00044925510655954284,-0.00051069756227655,-0.0005243718696874,-0.0004781285897479,-0.00038480758666985,-0.00021482010197355,-0.0002998610325448,-0.00026330351829525,-0.0001203020449338341,-6.076693307475202e-05,4.808605081050003e-05,-9.52134464569317e-05,-0.0001852909590524996,-0.000334337339154475,-0.0007009605783423315,-0.0011041164289054,-0.0017975817027035624,-0.002501110306184225,-0.003395423307665575,-0.004600961983669501,-0.00590304526849645,-0.0075717765721492,-0.00924797856714575,-0.01115775620564815,-0.013265321613289376,-0.015489985235035374,-0.017941017402335953,-0.020396475913003025,-0.02291373931802805,-0.025393903255462626,-0.027888650540262426,-0.030394648201763602,-0.032668470870703424,-0.034843892324715804,-0.03671922720968718,-0.038402487989515,-0.03986356221139425,-0.04088827501982445,-0.0417004963383078,-0.04201812949031587,-0.042080570943653556,-0.041815091855823924,-0.04107030201703302,-0.040076850913465,-0.0386992450803518,-0.03705973504111165,-0.035187149886041824,-0.03295824956148857,-0.03077413095161313,-0.02833104087039825,-0.02587213646620508,-0.023389716632664176,-0.020822649355977725,-0.01835971069522198,-0.015885755186900448,-0.01369067537598305,-0.011591394548304351,-0.00959593080915505,-0.00781484431354325,-0.006168926600366775,-0.004771515756146925,-0.0036100249708397,-0.002629061571496975,-0.0018473863699454696,0.0,0.0,0.0,0.0,0.0,0.0,0.0,0.0,0.0,0.0,0.0,0.0,0.0,0.0,0.0,0.0,0.0,0.0,0.0,0.0,0.0,0.0,0.0,0.0,0.0,0.0,0.0,0.0,0.0,0.0,0.0,0.0,0.0,0.0,0.0,0.0,0.0,0.0,0.0,0.0,0.0,0.0,0.0,0.0,0.0,0.0,0.0,0.0,0.0,0.0,0.0,0.0,0.0,0.0,0.0,0.0,0.0,0.0,0.0,0.0,0.0,0.0,0.0,0.0,0.0,0.0,0.0,0.0,0.0,0.0,0.0,0.0,0.0,0.0,0.0
40,-0.005842333077453025,-0.006713181617669725,-0.007856120704673175,-0.008884444832801774,-0.0095351636409759,-0.010570565704256227,-0.011781846405938226,-0.012860884191468299,-0.013956268550828025,-0.0148557822685688,-0.01595013821497555,-0.017263735644519298,-0.018664752133190576,-0.01970781851559875,-0.020754402037709924,-0.0221114256419241,-0.023274565581232275,-0.024459034204482973,-0.025616779923438998,-0.026459112763404798,-0.027873138431459603,-0.02896539401262995,-0.030049811117351,-0.031172653194516852,-0.03197573125362392,-0.032886644359677975,-0.033906488679349374,-0.03477588854730125,-0.0355980889871716,-0.0362037373706698,-0.0369016863405704,-0.037434966303408125,-0.03813557326793665,-0.038431684486567926,-0.038888220675289575,-0.03929334413260218,-0.03937999904155728,-0.039827028289437225,-0.03991917800158258,-0.03970425762236115,-0.039799913763999877,-0.03959853947162625,-0.03938197065144773,-0.0389738883823156,-0.038418416865169974,-0.03826332092285152,-0.03774131834506983,-0.037115381099283654,-0.03633922804147002,-0.035706023685634074,-0.03509451914578673,-0.03390958532690995,-0.03313920460641375,-0.032026172149926375,-0.030861054547131023,-0.029921988490968873,-0.028852725867181954,-0.02803675830364225,-0.02677502250298855,-0.0254115359857678,-0.02429968584328885,-0.023255114443600122,-0.021902426611632074,-0.020616983063518952,-0.01918074488639825,-0.018019860144704525,-0.01682023704051965,-0.015703106997534577,-0.014211152913048825,-0.012994796270504549,-0.012094701174646574,-0.011024812934920126,-0.01001051068305965,-0.00860278308391565,-0.007603824022225975,0.0,0.0,0.0,0.0,0.0,0.0,0.0,0.0,0.0,0.0,0.0,0.0,0.0,0.0,0.0,0.0,0.0,0.0,0.0,0.0,0.0,0.0,0.0,0.0,0.0,0.0,0.0,0.0,0.0,0.0,0.0,0.0,0.0,0.0,0.0,0.0,0.0,0.0,0.0,0.0,0.0,0.0,0.0,0.0,0.0,0.0,0.0,0.0,0.0,0.0,0.0,0.0,0.0,0.0,0.0,0.0,0.0,0.0,0.0,0.0,0.0,0.0,0.0,0.0,0.0,0.0,0.0,0.0,0.0,0.0,0.0,0.0,0.0,0.0,0.0,0.0,0.0,0.0,0.0,0.0,0.0,0.0,0.0,0.0,0.0,0.0,0.0,0.0,0.0,0.0,0.0,0.0,0.0,0.0,0.0,0.0,0.0,0.0,0.0,0.0,0.0,0.0,0.0,0.0,0.0,0.0,0.0,0.0,0.0,0.0,0.0,0.0,0.0,0.0,0.0,0.0,0.0,0.0,0.0,0.0,0.0,0.0,0.0,0.0,0.0,0.0,0.0,0.0,0.0,0.0,0.0,0.0,0.0,0.0,0.0,0.0,0.0,0.0,0.0,0.0,0.0,0.0,0.0,0.0,0.0,0.0,0.0,0.0,0.0,0.0
41,0.0044140964164398,0.00523099309066305,0.006252974155358901,0.007167060975916625,0.0079243083018809,0.0088626791257411,0.01006178068928415,0.011373052839189726,0.012547795893624375,0.013555631274357376,0.0149193406105041,0.01617335272021585,0.017630676273256474,0.019004563102498574,0.0201461962424218,0.0216040811501443,0.022996485233306826,0.02468415629118675,0.026004940271377473,0.027220522053539697,0.028711284976452527,0.0301350499503314,0.03181325364857907,0.033077895175665575,0.03417733218520875,0.03540374897420403,0.0367544740438461,0.03800961934030048,0.038977324962615925,0.0399782815948128,0.04108819458633657,0.0420972844585776,0.0430875523015856,0.04356419108808035,0.044157917611300904,0.044853369705378975,0.04545120801776643,0.045952110551297595,0.045893182046711396,0.0459701027721166,0.0462210932746529,0.046296243555843775,0.046186396852135624,0.0456877658143639,0.04538951814174648,0.04498228430747983,0.04447171092033382,0.04380562435835595,0.04283138550817965,0.04205576516687865,0.0410873638466,0.040226752869784804,0.03920702636241907,0.0377667741850018,0.03652305342257017,0.035360584966838304,0.0342050339095294,0.032901514787226874,0.0311779379844665,0.029777432326227374,0.028383885975927052,0.027123455889523,0.02558299386873835,0.02382935537025328,0.022362326271831923,0.020963107701390926,0.0197513652965426,0.018315474037080927,0.01663644122891125,0.015375480288639625,0.014225959777832,0.01310199499130245,0.0117317887488752,0.010219117160886474,0.009246468660421624,0.0,0.0,0.0,0.0,0.0,0.0,0.0,0.0,0.0,0.0,0.0,0.0,0.0,0.0,0.0,0.0,0.0,0.0,0.0,0.0,0.0,0.0,0.0,0.0,0.0,0.0,0.0,0.0,0.0,0.0,0.0,0.0,0.0,0.0,0.0,0.0,0.0,0.0,0.0,0.0,0.0,0.0,0.0,0.0,0.0,0.0,0.0,0.0,0.0,0.0,0.0,0.0,0.0,0.0,0.0,0.0,0.0,0.0,0.0,0.0,0.0,0.0,0.0,0.0,0.0,0.0,0.0,0.0,0.0,0.0,0.0,0.0,0.0,0.0,0.0,0.0,0.0,0.0,0.0,0.0,0.0,0.0,0.0,0.0,0.0,0.0,0.0,0.0,0.0,0.0,0.0,0.0,0.0,0.0,0.0,0.0,0.0,0.0,0.0,0.0,0.0,0.0,0.0,0.0,0.0,0.0,0.0,0.0,0.0,0.0,0.0,0.0,0.0,0.0,0.0,0.0,0.0,0.0,0.0,0.0,0.0,0.0,0.0,0.0,0.0,0.0,0.0,0.0,0.0,0.0,0.0,0.0,0.0,0.0,0.0,0.0,0.0,0.0,0.0,0.0,0.0,0.0,0.0,0.0,0.0,0.0,0.0,0.0,0.0,0.0
42,0.0110263973474502,0.01213345420546825,0.01319559919647865,0.014357159612700275,0.01549788308329875,0.0166235461365431,0.01766603230498725,0.018893172033131074,0.020064110867679077,0.021172816399484828,0.022182583808898874,0.02316829096525905,0.024307867046445577,0.025416627526283198,0.026508808135986273,0.027588307857513372,0.028553118929266874,0.029595891479402725,0.03058110130950805,0.031823918223381,0.032966117840260226,0.0339173222891986,0.035021916497498695,0.036089693661779124,0.03720982419326897,0.03824651706963772,0.03936938475817435,0.04070490039885037,0.04191074799746272,0.04303238261491055,0.0440241144970059,0.04513190221041437,0.04614210221916436,0.04712848458439108,0.04815928544849153,0.04912904836237428,0.050176357850432354,0.051179975271224906,0.052286917343735625,0.05343585275113577,0.05427855346351858,0.055482596158981275,0.05680551566183562,0.05816527642309662,0.05940382648259397,0.060470324940979446,0.06190171185880895,0.06304994691163297,0.06425935868173835,0.0652389386668801,0.06613422930240628,0.06720951665192837,0.06814302969723934,0.06904000043869014,0.0696607623249292,0.07025964092463252,0.07071106135845183,0.0708234207704663,0.07016747072339055,0.0680928928777575,0.06429219339042898,0.059517350047826725,0.0535439145751297,0.04677232960239047,0.038873811485245775,0.03087830566801128,0.023482262855395626,0.016083633177913673,0.009988367499317925,0.005218952857830975,0.0018492191593395251,-0.0003446737755439,-0.0007119278161553499,-0.00052360695190145,-0.00011673567951222505,0.0,0.0,0.0,0.0,0.0,0.0,0.0,0.0,0.0,0.0,0.0,0.0,0.0,0.0,0.0,0.0,0.0,0.0,0.0,0.0,0.0,0.0,0.0,0.0,0.0,0.0,0.0,0.0,0.0,0.0,0.0,0.0,0.0,0.0,0.0,0.0,0.0,0.0,0.0,0.0,0.0,0.0,0.0,0.0,0.0,0.0,0.0,0.0,0.0,0.0,0.0,0.0,0.0,0.0,0.0,0.0,0.0,0.0,0.0,0.0,0.0,0.0,0.0,0.0,0.0,0.0,0.0,0.0,0.0,0.0,0.0,0.0,0.0,0.0,0.0,0.0,0.0,0.0,0.0,0.0,0.0,0.0,0.0,0.0,0.0,0.0,0.0,0.0,0.0,0.0,0.0,0.0,0.0,0.0,0.0,0.0,0.0,0.0,0.0,0.0,0.0,0.0,0.0,0.0,0.0,0.0,0.0,0.0,0.0,0.0,0.0,0.0,0.0,0.0,0.0,0.0,0.0,0.0,0.0,0.0,0.0,0.0,0.0,0.0,0.0,0.0,0.0,0.0,0.0,0.0,0.0,0.0,0.0,0.0,0.0,0.0,0.0,0.0,0.0,0.0,0.0,0.0,0.0,0.0,0.0,0.0,0.0,0.0,0.0,0.0
43,0.0,0.0,0.0,0.0,0.0,0.0,0.0,0.0,0.0,0.0,0.0,0.0,0.0,0.0,0.0,0.0,0.0,0.0,0.0,0.0,0.0,0.0,0.0,0.0,0.0,0.0,0.0,0.0,0.0,0.0,0.0,0.0,0.0,0.0,0.0,0.0,0.0,0.0,0.0,0.0,0.0,0.0,0.0,0.0,0.0,0.0,0.0,0.0,0.0,0.0,0.0,0.0,0.0,0.0,0.0,0.0,0.0,0.0,0.0,0.0,0.0,0.0,0.0,0.0,0.0,0.0,0.0,0.0,0.0,0.0,0.0,0.0,0.0,0.0,0.0,0.0084515362977981,0.009491910459473651,0.010555331828072601,0.011478270171210125,0.012507885694503725,0.0135128151159733,0.014580373885109974,0.015591203933581675,0.016655609011650002,0.017650495283305624,0.018571396823972425,0.0195785756222903,0.0206119618378579,0.02166176354512565,0.0227852114476263,0.023833726998418524,0.024847422726452302,0.0258824378252029,0.027047291398048377,0.02815309632569545,0.029041161295026475,0.030025253538042248,0.03111761342734095,0.032297591213136856,0.03331626439467067,0.034260526299476575,0.0353352921083569,0.03632958792150015,0.037322192452847895,0.03829244244843717,0.0392510443925857,0.040313865989446626,0.041324625723063904,0.042498777620494324,0.04361160006374117,0.0445828633382916,0.045547654852271025,0.046701396815478746,0.04803063906729217,0.048954357393085894,0.0496985558420419,0.050556470640003626,0.0515321539714932,0.05256383121013637,0.053538456559181144,0.05471947789192194,0.05586574971675867,0.0568473553285002,0.057721148245036547,0.05845759809017175,0.05934772361069912,0.06040545832365747,0.0614674743264913,0.06261690985411403,0.06334401108324522,0.06402656342834227,0.06486562360078094,0.06543762516230342,0.06593927834182975,0.06730378326028583,0.06963176559656856,0.07231497578322885,0.07364272046834225,0.07161881588399407,0.06439483258873217,0.05317992903292175,0.0384315703995525,0.024629662977531525,0.013796781771816275,0.005881026445422276,0.0013153901145415,0.0001493195691182133,0.0001390725446981,0.000351682298060025,0.00013088684499960003,-0.0079876133240759,-0.009031797526404201,-0.00998200499452645,-0.010956461075693324,-0.011916190152987775,-0.012898718239739475,-0.014088253024965473,-0.01506928121671075,-0.0162854441441595,-0.017399499658495153,-0.018320376519113727,-0.019304285757243602,-0.0202442109584808,-0.021360565908253124,-0.02241350244730705,-0.023478175513446276,-0.024424483068287352,-0.025504494551569175,-0.026670654769986823,-0.0278239399194717,-0.0288043865002691,-0.0297123044729232,-0.030769631266593902,-0.031963352579623426,-0.033021619077771874,-0.033929249271750395,-0.0349295493215322,-0.03582987654954192,-0.03699152078479524,-0.03794631361961357,-0.03900438919663428,-0.039922693744301775,-0.040833914652466725,-0.041979630477726425,-0.043084056116640526,-0.044114818796515395,-0.044893453828990425,-0.04594876430928703,-0.04721883404999963,-0.0483022984117269,-0.0491123748943209,-0.04982272814959282,-0.0508305979892611,-0.05192434787750238,-0.052961787208914674,-0.054004510864615406,-0.05507348012179132,-0.055986413732171024,-0.0568738421425223,-0.057587370276451076,-0.0584227899089455,-0.059296432882547344,-0.06046557333320372,-0.0616215961053967,-0.062345296144485425,-0.0630337987095117,-0.06369071826338762,-0.06422159168869254,-0.06472672894597048,-0.0662629501894116,-0.06849178764969108,-0.07097681239247318,-0.07242824230343098,-0.0704101081937551,-0.06326500605791804,-0.051978434436023166,-0.037028531078249174,-0.02326952898874875,-0.012435406737495176,-0.004678279064137277,-2.979941200749296e-07,0.0013432005944195673,0.00119768577860665,0.001007154596663848,0.0010494887901586
44,-0.010323986178263975,-0.011496961116790725,-0.01238575577735895,-0.013305261731147726,-0.014382401714101399,-0.015366052510216773,-0.01641015219502145,-0.017393336165696324,-0.018324097152799326,-0.019325623754411873,-0.02005320787429805,-0.0211260765790939,-0.0221038158051669,-0.022958914749324277,-0.023815493099391398,-0.02461360860615965,-0.025518968701362575,-0.02636175835505125,-0.02726556360721585,-0.028174012899398776,-0.029125879053026375,-0.030183235649019424,-0.031089961994439325,-0.03193859243765468,-0.03307615779340262,-0.03418367588892575,-0.03526863036677237,-0.0361927347257733,-0.03717680741101497,-0.03806478809565303,-0.039005836471915176,-0.03995641041547055,-0.040754437446594204,-0.04151743650436397,-0.04232721030712122,-0.04311631061136718,-0.04406271874904627,-0.044781311415135805,-0.04553264379501337,-0.046349818818271125,-0.0472582727670669,-0.04842755105346435,-0.04919568262994285,-0.05016726255416865,-0.0508197452872991,-0.051721304655075025,-0.052667841315269394,-0.05331064295023673,-0.053914477117359576,-0.054093401879072175,-0.0545226717367768,-0.05522316787391895,-0.05584571231156585,-0.057311908341944176,-0.05878347158432002,-0.06059544254094355,-0.06158622074872248,-0.06175416801124807,-0.0610616514459252,-0.058852563612163046,-0.05499918339774008,-0.049426073674112496,-0.04236094048246738,-0.03434557211585337,-0.02546288026496765,-0.01800888264551755,-0.011286049964837674,-0.00621777263586405,-0.002236256928881625,0.0006735672650393001,0.0016984840403892747,0.0021801739931106,0.002318317730328056,0.001814464729250175,0.0014463613824772749,0.0,0.0,0.0,0.0,0.0,0.0,0.0,0.0,0.0,0.0,0.0,0.0,0.0,0.0,0.0,0.0,0.0,0.0,0.0,0.0,0.0,0.0,0.0,0.0,0.0,0.0,0.0,0.0,0.0,0.0,0.0,0.0,0.0,0.0,0.0,0.0,0.0,0.0,0.0,0.0,0.0,0.0,0.0,0.0,0.0,0.0,0.0,0.0,0.0,0.0,0.0,0.0,0.0,0.0,0.0,0.0,0.0,0.0,0.0,0.0,0.0,0.0,0.0,0.0,0.0,0.0,0.0,0.0,0.0,0.0,0.0,0.0,0.0,0.0,0.0,0.0,0.0,0.0,0.0,0.0,0.0,0.0,0.0,0.0,0.0,0.0,0.0,0.0,0.0,0.0,0.0,0.0,0.0,0.0,0.0,0.0,0.0,0.0,0.0,0.0,0.0,0.0,0.0,0.0,0.0,0.0,0.0,0.0,0.0,0.0,0.0,0.0,0.0,0.0,0.0,0.0,0.0,0.0,0.0,0.0,0.0,0.0,0.0,0.0,0.0,0.0,0.0,0.0,0.0,0.0,0.0,0.0,0.0,0.0,0.0,0.0,0.0,0.0,0.0,0.0,0.0,0.0,0.0,0.0,0.0,0.0,0.0,0.0,0.0,0.0
45,0.043137565255165045,0.048617800697684246,0.049819226376712274,0.0498522128909826,0.0497492356225848,0.05028111208230253,0.05098373629152772,0.0520403133705258,0.05264139175415035,0.0530359642580151,0.053776557557284776,0.053972695954143945,0.0541372941806912,0.054388275370001724,0.054751852527260725,0.055612018331885296,0.055963446386158404,0.05566787812858817,0.055628499016165726,0.056078354828059625,0.05682304501533505,0.057347516529262024,0.057877207174897145,0.05831497348845002,0.058264816179871504,0.0584307666867971,0.05862550437450405,0.059274653904139975,0.059840366244316046,0.05981353390961883,0.06006454024463888,0.060537150129675796,0.06131352111697193,0.061975522898137514,0.062432471662759725,0.06282385718077418,0.06277579627931112,0.06264156661927694,0.06273726746439928,0.0633013108745217,0.06400770973414177,0.06396626401692626,0.06413552816957233,0.06472358200699085,0.0651287445798516,0.0657172249630093,0.06592206098139282,0.06622940395027395,0.06616980861872429,0.06632525287568566,0.06714706588536498,0.06751830782741303,0.06758827436715363,0.06702540721744298,0.06745667103677983,0.0684311138466,0.06885554734617465,0.06873414851725099,0.06923671998083587,0.07023260556161398,0.06987987458705897,0.06879041064530605,0.06843369174748655,0.06845355499535795,0.06748699210584158,0.0668667554855346,0.0663446635007858,0.06749852560460563,0.06721346639096733,0.06644225120544428,0.06472424231469627,0.06443676911294455,0.058515414595603873,0.04585601808503265,0.027290121186524574,0.0026751558179966255,0.0035111208853777,0.00489714753348375,0.006074458360671924,0.007205143454484575,0.0076337109785526505,0.0084008129779249,0.009680892108008224,0.010914365528151324,0.0120979398488998,0.01288126921281215,0.01389318215660745,0.014841844560578401,0.015851015923544723,0.016945466399192775,0.01798136532306665,0.019109581597149327,0.020068903919309326,0.021180664654821123,0.0219611627981066,0.022829920053482,0.0240770578384399,0.02542768418788905,0.026707366108894327,0.02745717251673335,0.02792886365205045,0.028791730757802676,0.0299723399803042,0.031224607955664375,0.032002250198274775,0.03294543968513605,0.034369394183158805,0.03561957180500025,0.03680611122399565,0.03795468434691425,0.03888958226889368,0.039740854874253245,0.0402113394811749,0.04092541895806787,0.04190163873136037,0.04303082730621095,0.04416063427925105,0.04519767127931115,0.04623492527753109,0.04687908384948965,0.048140406608581474,0.0493853092193603,0.05027733184397217,0.05084281135350463,0.0512829469516873,0.05265289545059197,0.05396923888474697,0.054618109948933076,0.0548154460266232,0.05543324816972013,0.05719948839396233,0.05837394762784237,0.058803498744964544,0.0600123200565576,0.06143379863351579,0.061830129474401446,0.061611901037394945,0.061616808176040594,0.06199508346617218,0.0614669909700751,0.061774861067533444,0.06208911631256337,0.06345663126558057,0.06353388726711268,0.06317463610321278,0.06240164581686255,0.06264430191367859,0.056990315206348854,0.04462375864386555,0.026234592078253575,-0.0022731473527528253,-0.00334760054829525,-0.0044998922967351505,-0.005742564797401375,-0.0067971498938277,-0.007669280050322374,-0.008402327541261877,-0.009120931266806975,-0.010440404061228,-0.011655102251097501,-0.012533287284895724,-0.013439883710816426,-0.01442837691865855,-0.0158906180877238,-0.016931647900491873,-0.01798952650278805,-0.018956681247800526,-0.019764463417231974,-0.021114547736942678,-0.0221485644578933,-0.023285691626369925,-0.024314657319337074,-0.0252302535809576,-0.026669248938560427,-0.027785271871834924,-0.028483991511166047,-0.029176557902246672,-0.029834374785423223,-0.031110912561416577,-0.0320528144948184,-0.03320021834224457,-0.034421453252434675,-0.03575887810438865,-0.037129859440028626,-0.037991573102772194,-0.038971622474491555,-0.03968293964862817,-0.04042828083038325,-0.0412225974723696,-0.04197301436215635,-0.042962795123457874,-0.04394836258143183,-0.04489170014858243,-0.046004826202988576,-0.046791955828666625,-0.048028235323727075,-0.04894305672496555,-0.04984350595623248,-0.050275881774723474,-0.05098190344870085,-0.05265682376921173,-0.05386899970471853,-0.05408464837819335,-0.05403677094727752,-0.05464204680174582,-0.05631034541875118,-0.057298162020742824,-0.05800837371498343,-0.05925332102924582,-0.06060476601123808,-0.060880919918417875,-0.06021121330559252,-0.0607419945299625,-0.061450363136827876,-0.060757164843380396,-0.06059125158935777,-0.06040710210800168,-0.062096546404063646,-0.062418539077043506,-0.062280236743390525,-0.0607679989188909,-0.06072850525379178,-0.055920477956533376,-0.04388183401897545,-0.025103698484599524
