model_id,channel_44_1,channel_44_2,channel_44_3,channel_44_4,channel_44_5,channel_44_6,channel_44_7,channel_44_8,channel_44_9,channel_44_10,channel_44_11,channel_44_12,channel_44_13,channel_44_14,channel_44_15,channel_44_16,channel_44_17,channel_44_18,channel_44_19,channel_44_20,channel_44_21,channel_44_22,channel_44_23,channel_44_24,channel_44_25,channel_44_26,channel_44_27,channel_44_28,channel_44_29,channel_44_30,channel_44_31,channel_44_32,channel_44_33,channel_44_34,channel_44_35,channel_44_36,channel_44_37,channel_44_38,channel_44_39,channel_44_40,channel_44_41,channel_44_42,channel_44_43,channel_44_44,channel_44_45,channel_44_46,channel_44_47,channel_44_48,channel_44_49,channel_44_50,channel_44_51,channel_44_52,channel_44_53,channel_44_54,channel_44_55,channel_44_56,channel_44_57,channel_44_58,channel_44_59,channel_44_60,channel_44_61,channel_44_62,channel_44_63,channel_44_64,channel_44_65,channel_44_66,channel_44_67,channel_44_68,channel_44_69,channel_44_70,channel_44_71,channel_44_72,channel_44_73,channel_44_74,channel_44_75,channel_45_1,channel_45_2,channel_45_3,channel_45_4,channel_45_5,channel_45_6,channel_45_7,channel_45_8,channel_45_9,channel_45_10,channel_45_11,channel_45_12,channel_45_13,channel_45_14,channel_45_15,channel_45_16,channel_45_17,channel_45_18,channel_45_19,channel_45_20,channel_45_21,channel_45_22,channel_45_23,channel_45_24,channel_45_25,channel_45_26,channel_45_27,channel_45_28,channel_45_29,channel_45_30,channel_45_31,channel_45_32,channel_45_33,channel_45_34,channel_45_35,channel_45_36,channel_45_37,channel_45_38,channel_45_39,channel_45_40,channel_45_41,channel_45_42,channel_45_43,channel_45_44,channel_45_45,channel_45_46,channel_45_47,channel_45_48,channel_45_49,channel_45_50,channel_45_51,channel_45_52,channel_45_53,channel_45_54,channel_45_55,channel_45_56,channel_45_57,channel_45_58,channel_45_59,channel_45_60,channel_45_61,channel_45_62,channel_45_63,channel_45_64,channel_45_65,channel_45_66,channel_45_67,channel_45_68,channel_45_69,channel_45_70,channel_45_71,channel_45_72,channel_45_73,channel_45_74,channel_45_75,channel_46_1,channel_46_2,channel_46_3,channel_46_4,channel_46_5,channel_46_6,channel_46_7,channel_46_8,channel_46_9,channel_46_10,channel_46_11,channel_46_12,channel_46_13,channel_46_14,channel_46_15,channel_46_16,channel_46_17,channel_46_18,channel_46_19,channel_46_20,channel_46_21,channel_46_22,channel_46_23,channel_46_24,channel_46_25,channel_46_26,channel_46_27,channel_46_28,channel_46_29,channel_46_30,channel_46_31,channel_46_32,channel_46_33,channel_46_34,channel_46_35,channel_46_36,channel_46_37,channel_46_38,channel_46_39,channel_46_40,channel_46_41,channel_46_42,channel_46_43,channel_46_44,channel_46_45,channel_46_46,channel_46_47,channel_46_48,channel_46_49,channel_46_50,channel_46_51,channel_46_52,channel_46_53,channel_46_54,channel_46_55,channel_46_56,channel_46_57,channel_46_58,channel_46_59,channel_46_60,channel_46_61,channel_46_62,channel_46_63,channel_46_64,channel_46_65,channel_46_66,channel_46_67,channel_46_68,channel_46_69,channel_46_70,channel_46_71,channel_46_72,channel_46_73,channel_46_74,channel_46_75
1,0.0,0.0,0.0,0.0,0.0,0.0,0.0,0.0,0.0,0.0,0.0,0.0,0.0,0.0,0.0,0.0,0.0,0.0,0.0,0.0,0.0,0.0,0.0,0.0,0.0,0.0,0.0,0.0,0.0,0.0,0.0,0.0,0.0,0.0,0.0,0.0,0.0,0.0,0.0,0.0,0.0,0.0,0.0,0.0,0.0,0.0,0.0,0.0,0.0,0.0,0.0,0.0,0.0,0.0,0.0,0.0,0.0,0.0,0.0,0.0,0.0,0.0,0.0,0.0,0.0,0.0,0.0,0.0,0.0,0.0,0.0,0.0,0.0,0.0,0.0,0.0,0.0,0.0,0.0,0.0,0.0,0.0,0.0,0.0,0.0,0.0,0.0,0.0,0.0,0.0,0.0,0.0,0.0,0.0,0.0,0.0,0.0,0.0,0.0,0.0,0.0,0.0,0.0,0.0,0.0,0.0,0.0,0.0,0.0,0.0,0.0,0.0,0.0,0.0,0.0,0.0,0.0,0.0,0.0,0.0,0.0,0.0,0.0,0.0,0.0,0.0,0.0,0.0,0.0,0.0,0.0,0.0,0.0,0.0,0.0,0.0,0.0,0.0,0.0,0.0,0.0,0.0,0.0,0.0,0.0,0.0,0.0,0.0,0.0,0.0,-0.0029183249631656756,-0.004509429987890761,-0.0059451576687678045,-0.00720386799289124,-0.008714720363120555,-0.010518328263392267,-0.01238803563436369,-0.013929553236151132,-0.0152539527937628,-0.016834289091686536,-0.01813110019682617,-0.019600672447650316,-0.020227720025397456,-0.020320536194494802,-0.02080415458717826,-0.02038232817447397,-0.020146800735433033,-0.018843733512818324,-0.01675347236102498,-0.014741310118367134,-0.011926929008660199,-0.009175109073703957,-0.005394619330961678,-0.0013369630722132402,0.0028225345742851015,0.007388731136314404,0.011768218487468882,0.016588915959570075,0.02141489523576907,0.025667721847879108,0.029596153385011353,0.032976149050046304,0.03622071515564143,0.03890402547628052,0.04082214083820658,0.041714611891781266,0.04180219753643224,0.04201208514975568,0.04097613363146587,0.03923534330420203,0.036853249656092116,0.033710217260338286,0.030886041737207267,0.027254160424323607,0.022994667457527023,0.018648255481548116,0.01408221275847312,0.010165883219079533,0.006137353802346174,0.0020149313438353345,-0.0018470417650371547,-0.005393388619327238,-0.007919014011803708,-0.010522225516901327,-0.012505312197195528,-0.014443221504575497,-0.015714444063649073,-0.01623482996641142,-0.016856852138317932,-0.01673993453304614,-0.017040843527666702,-0.016671937715243335,-0.015435277641236948,-0.014863304409130992,-0.01373412648453236,-0.012958470476926597,-0.0114913083697199,-0.010055016612677069,-0.008911634224630942,-0.007593644623448651,-0.00652410493346892,-0.005410208344997917,-0.004208315874664459,-0.003281333615674019,-0.002312507161112622
2,0.0,0.0,0.0,0.0,0.0,0.0,0.0,0.0,0.0,0.0,0.0,0.0,0.0,0.0,0.0,0.0,0.0,0.0,0.0,0.0,0.0,0.0,0.0,0.0,0.0,0.0,0.0,0.0,0.0,0.0,0.0,0.0,0.0,0.0,0.0,0.0,0.0,0.0,0.0,0.0,0.0,0.0,0.0,0.0,0.0,0.0,0.0,0.0,0.0,0.0,0.0,0.0,0.0,0.0,0.0,0.0,0.0,0.0,0.0,0.0,0.0,0.0,0.0,0.0,0.0,0.0,0.0,0.0,0.0,0.0,0.0,0.0,0.0,0.0,0.0,0.0,0.0,0.0,0.0,0.0,0.0,0.0,0.0,0.0,0.0,0.0,0.0,0.0,0.0,0.0,0.0,0.0,0.0,0.0,0.0,0.0,0.0,0.0,0.0,0.0,0.0,0.0,0.0,0.0,0.0,0.0,0.0,0.0,0.0,0.0,0.0,0.0,0.0,0.0,0.0,0.0,0.0,0.0,0.0,0.0,0.0,0.0,0.0,0.0,0.0,0.0,0.0,0.0,0.0,0.0,0.0,0.0,0.0,0.0,0.0,0.0,0.0,0.0,0.0,0.0,0.0,0.0,0.0,0.0,0.0,0.0,0.0,0.0,0.0,0.0,0.03575872546948355,0.050354186320834625,0.05979478146669126,0.062146938052379745,0.05833633975839061,0.05598775371434736,0.05646172235878941,0.05711006629288252,0.05741306411761431,0.0573905614016641,0.057606620689126996,0.05869588499848067,0.059412816546503204,0.05884360577957079,0.057940258743326034,0.05767255115578554,0.05850199628355912,0.05899904889491688,0.05850099985333254,0.057435732905268946,0.05643888749943034,0.05712617524821219,0.059508473848254646,0.061070793407676,0.059978539807642596,0.057670973474593455,0.0559845983519632,0.05574304705787036,0.05662870745759336,0.05751063124396669,0.05719509500555047,0.0559739697628797,0.056103671764039215,0.054215104341265925,0.049053512731742084,0.03703888920307903,0.014797570115641888,-0.013587654713020118,-0.037999032762238705,-0.054932451068549534,-0.06246521447391905,-0.06053861663083139,-0.057654947555116,-0.0575780563559651,-0.05839662378709855,-0.05919816886852796,-0.05903799270960562,-0.05924035108145308,-0.05959001505512958,-0.05976845910153917,-0.05934539143450479,-0.058611686644334866,-0.05830694506670657,-0.058872419220289324,-0.0592702439882504,-0.05921759925794622,-0.05824392085487554,-0.05668425844272505,-0.05629199707686237,-0.057479409763533926,-0.058569089252148675,-0.05785481485139701,-0.05660852974550516,-0.05528693112165449,-0.05496060022245035,-0.05547185196453684,-0.05580681859237132,-0.055739061336964046,-0.055041394106655345,-0.05545258764682301,-0.05444876722939836,-0.05219965813630843,-0.04716320155607229,-0.03605267238632392,-0.021444008834470688
3,0.0,0.0,0.0,0.0,0.0,0.0,0.0,0.0,0.0,0.0,0.0,0.0,0.0,0.0,0.0,0.0,0.0,0.0,0.0,0.0,0.0,0.0,0.0,0.0,0.0,0.0,0.0,0.0,0.0,0.0,0.0,0.0,0.0,0.0,0.0,0.0,0.0,0.0,0.0,0.0,0.0,0.0,0.0,0.0,0.0,0.0,0.0,0.0,0.0,0.0,0.0,0.0,0.0,0.0,0.0,0.0,0.0,0.0,0.0,0.0,0.0,0.0,0.0,0.0,0.0,0.0,0.0,0.0,0.0,0.0,0.0,0.0,0.0,0.0,0.0,0.0,0.0,0.0,0.0,0.0,0.0,0.0,0.0,0.0,0.0,0.0,0.0,0.0,0.0,0.0,0.0,0.0,0.0,0.0,0.0,0.0,0.0,0.0,0.0,0.0,0.0,0.0,0.0,0.0,0.0,0.0,0.0,0.0,0.0,0.0,0.0,0.0,0.0,0.0,0.0,0.0,0.0,0.0,0.0,0.0,0.0,0.0,0.0,0.0,0.0,0.0,0.0,0.0,0.0,0.0,0.0,0.0,0.0,0.0,0.0,0.0,0.0,0.0,0.0,0.0,0.0,0.0,0.0,0.0,0.0,0.0,0.0,0.0,0.0,0.0,0.018733483685295066,0.021956594246289766,0.02573705103067173,0.029618246228711117,0.032845967243420114,0.0355648094294134,0.037859720396376945,0.04019912224168346,0.041831395748559444,0.042408624553589624,0.041888104329245314,0.040768916690099334,0.03958714214178176,0.0374486408170758,0.0344860785216104,0.031056534895557982,0.027307198673747535,0.02403441047398127,0.020413878802814037,0.016637456165432083,0.012891404891893072,0.009602480104126763,0.0072898765210346024,0.004929439480656595,0.0029580094724225296,0.0011450061799460484,-0.0002846955168579363,-0.0007465477176877949,-0.0014308543102325593,-0.002188121332806098,-0.0031789654666802883,-0.004196896016125983,-0.004760869766727554,-0.00602914795285966,-0.008104658953694017,-0.010580818382300917,-0.013199786614708216,-0.015358862089114234,-0.018528145602994494,-0.022068455379532934,-0.02579525800881475,-0.029115822035195433,-0.03156506794024511,-0.03442942757159596,-0.037046493991846105,-0.03935177847966682,-0.040341008954741,-0.04028412748204084,-0.04007878939974027,-0.039221475531566456,-0.03786577161687696,-0.03541231867281298,-0.03203614104850357,-0.028821156412180325,-0.025420889167213707,-0.021915561208232508,-0.01796434474440721,-0.013853087906024323,-0.010513448127400729,-0.007525413075163831,-0.0052250848250859905,-0.0025489469666213896,-0.00031247350048658513,0.0010280735476171509,0.0017541047462763173,0.002152102163163141,0.002771516619679153,0.003162483094651671,0.0029018771984509447,0.0022988874832921215,0.001543810426232874,0.0015761412329043927,0.0015009332066898975,0.0009275656566454422,0.0004087743524439964
4,0.0,0.0,0.0,0.0,0.0,0.0,0.0,0.0,0.0,0.0,0.0,0.0,0.0,0.0,0.0,0.0,0.0,0.0,0.0,0.0,0.0,0.0,0.0,0.0,0.0,0.0,0.0,0.0,0.0,0.0,0.0,0.0,0.0,0.0,0.0,0.0,0.0,0.0,0.0,0.0,0.0,0.0,0.0,0.0,0.0,0.0,0.0,0.0,0.0,0.0,0.0,0.0,0.0,0.0,0.0,0.0,0.0,0.0,0.0,0.0,0.0,0.0,0.0,0.0,0.0,0.0,0.0,0.0,0.0,0.0,0.0,0.0,0.0,0.0,0.0,7.568464721353353e-05,0.0002343579008434952,0.0003367335594651375,0.0005094135825953004,0.0004260041719449606,0.0004251625634771373,0.0005143129461758428,0.0006906599776300927,0.0007232723057582437,0.0006545309284042519,0.0006941466412825033,0.0008412477784798954,0.0010229750926391582,0.0010223438862882908,0.001039055825863638,0.0013806286340187592,0.001698456060403153,0.0019167031705768888,0.002202068556059529,0.0025247051736886268,0.002920201038674995,0.003431177608424824,0.003962623298409926,0.004490191577953985,0.005008742623914223,0.005625821975500341,0.00651260678357853,0.007476038077119193,0.00820613342295586,0.008992646593581965,0.010080996629703822,0.011273135024375453,0.012406360826299458,0.013248059466458543,0.014231028099430817,0.015402967890874692,0.01655317614938156,0.01763611584535312,0.018250249567301858,0.018852330253693553,0.01946189524395982,0.02005078071187386,0.02054345229744853,0.020454452201976225,0.02032237978741853,0.02025580254612466,0.02001158580322952,0.019620478325253942,0.018915751463233092,0.018255419447889915,0.01775637568391601,0.016995321169441555,0.01609882780653812,0.015025837124954039,0.014117110381821885,0.01326483152092445,0.01230173085928186,0.011231024543539012,0.010076848702255265,0.009172239829126391,0.00845080102753019,0.007642406036740682,0.00682409208900897,0.005939501474436177,0.005390442121517346,0.004983464312434247,0.00445878154763701,0.003916695522023,0.0033054473148210867,0.0029524827349050723,0.002711301793983153,0.0024623359747338682,0.0022315849673239015,0.0018567986821350414,0.001734434822402597,0.0,0.0,0.0,0.0,0.0,0.0,0.0,0.0,0.0,0.0,0.0,0.0,0.0,0.0,0.0,0.0,0.0,0.0,0.0,0.0,0.0,0.0,0.0,0.0,0.0,0.0,0.0,0.0,0.0,0.0,0.0,0.0,0.0,0.0,0.0,0.0,0.0,0.0,0.0,0.0,0.0,0.0,0.0,0.0,0.0,0.0,0.0,0.0,0.0,0.0,0.0,0.0,0.0,0.0,0.0,0.0,0.0,0.0,0.0,0.0,0.0,0.0,0.0,0.0,0.0,0.0,0.0,0.0,0.0,0.0,0.0,0.0,0.0,0.0,0.0
5,0.0001794283934574753,-2.509722027100083e-05,-0.00038335167389944735,-0.0005601699564487386,-0.0007868480499364181,-0.0012625574944331486,-0.0015423078430539044,-0.0018405966717148397,-0.0020249775833057924,-0.0022428883811788022,-0.0025977965387711153,-0.0027718039326500546,-0.003016618950653577,-0.0030861549822844303,-0.003184803789429644,-0.0033622244052654393,-0.0035751826850049717,-0.003964156136245124,-0.0043121709240030014,-0.004912630284726787,-0.005613813156138189,-0.006414247167981308,-0.007559751227070509,-0.008756788245116165,-0.01031589449427146,-0.012123228983387132,-0.014104838570064636,-0.0163201534719057,-0.018506489450073844,-0.021035017660897,-0.0236038352759952,-0.02635382135848966,-0.028958645118936657,-0.03140445289174659,-0.03402179179936873,-0.03640161061434611,-0.038499470525318887,-0.04022174216919605,-0.041491929218591586,-0.042664605201494184,-0.043242242823251544,-0.04338954677476214,-0.04300646280454558,-0.04218374246110181,-0.04117764509487793,-0.03973291524423768,-0.03803159141354671,-0.036154921670562355,-0.03391450954845029,-0.03160978161652374,-0.02920299165549512,-0.02690964113009143,-0.024668559748772138,-0.022311763450523353,-0.02030512356949557,-0.01829647591084611,-0.016494897050912588,-0.014788352998405252,-0.013208499713825931,-0.011911475370220607,-0.010677629095777484,-0.009617589437451132,-0.008642813402125459,-0.007777996654547132,-0.007189115478108369,-0.006557870193852156,-0.006039595863775808,-0.005495354276459065,-0.005004452647958288,-0.004705628411931572,-0.004258630187424867,-0.003923665954207909,-0.003454113694417664,-0.0030410469117173513,-0.0026312594991324497,0.0,0.0,0.0,0.0,0.0,0.0,0.0,0.0,0.0,0.0,0.0,0.0,0.0,0.0,0.0,0.0,0.0,0.0,0.0,0.0,0.0,0.0,0.0,0.0,0.0,0.0,0.0,0.0,0.0,0.0,0.0,0.0,0.0,0.0,0.0,0.0,0.0,0.0,0.0,0.0,0.0,0.0,0.0,0.0,0.0,0.0,0.0,0.0,0.0,0.0,0.0,0.0,0.0,0.0,0.0,0.0,0.0,0.0,0.0,0.0,0.0,0.0,0.0,0.0,0.0,0.0,0.0,0.0,0.0,0.0,0.0,0.0,0.0,0.0,0.0,0.0,0.0,0.0,0.0,0.0,0.0,0.0,0.0,0.0,0.0,0.0,0.0,0.0,0.0,0.0,0.0,0.0,0.0,0.0,0.0,0.0,0.0,0.0,0.0,0.0,0.0,0.0,0.0,0.0,0.0,0.0,0.0,0.0,0.0,0.0,0.0,0.0,0.0,0.0,0.0,0.0,0.0,0.0,0.0,0.0,0.0,0.0,0.0,0.0,0.0,0.0,0.0,0.0,0.0,0.0,0.0,0.0,0.0,0.0,0.0,0.0,0.0,0.0,0.0,0.0,0.0,0.0,0.0,0.0,0.0,0.0,0.0,0.0,0.0,0.0
6,0.001830901360676594,0.0024084344995805814,0.0029382915643861936,0.0035045417344780365,0.004118062381750171,0.004707468448619879,0.005632929998345422,0.006403269163127527,0.007082938980494392,0.00773377454423022,0.008492646377964687,0.009329835289336393,0.009981297684672897,0.010915129279889801,0.011550736522973944,0.012135459789062141,0.012915754514560845,0.013716329085963729,0.014573023521850548,0.015133890314666009,0.015813449514691578,0.016718373111383248,0.017783544363165052,0.01873935193685267,0.019517360570631265,0.020597686398170556,0.021504416744770057,0.02238946609247563,0.023258623415481745,0.024191385709732796,0.02504321298260261,0.02575005779348108,0.026385075077411644,0.02695995340012454,0.027297483780864315,0.02783121245261527,0.028010191310831444,0.02813747499821551,0.027955103874866268,0.027421448948009512,0.02699461350039714,0.026524489799891117,0.02599876244916054,0.02513908134505874,0.024221363009223885,0.02308853081701631,0.022134935590154604,0.021103281392785347,0.02005215854334808,0.018959185466453997,0.01784250340607557,0.01674584308447164,0.015780854271456493,0.014793188903475762,0.013863634512122283,0.013034889391136137,0.012065586501810463,0.01142352658048408,0.010631432671913854,0.010009431361809061,0.009428469085324912,0.008825715192605542,0.008343276094768617,0.007724556432455592,0.007147834487387772,0.006732097646352054,0.006116843994066289,0.005744837875289405,0.005105432770154115,0.004538666385802893,0.004321819524416546,0.004068173960825885,0.003564754440589906,0.0030362985287740374,0.002606808264970574,0.0,0.0,0.0,0.0,0.0,0.0,0.0,0.0,0.0,0.0,0.0,0.0,0.0,0.0,0.0,0.0,0.0,0.0,0.0,0.0,0.0,0.0,0.0,0.0,0.0,0.0,0.0,0.0,0.0,0.0,0.0,0.0,0.0,0.0,0.0,0.0,0.0,0.0,0.0,0.0,0.0,0.0,0.0,0.0,0.0,0.0,0.0,0.0,0.0,0.0,0.0,0.0,0.0,0.0,0.0,0.0,0.0,0.0,0.0,0.0,0.0,0.0,0.0,0.0,0.0,0.0,0.0,0.0,0.0,0.0,0.0,0.0,0.0,0.0,0.0,0.0,0.0,0.0,0.0,0.0,0.0,0.0,0.0,0.0,0.0,0.0,0.0,0.0,0.0,0.0,0.0,0.0,0.0,0.0,0.0,0.0,0.0,0.0,0.0,0.0,0.0,0.0,0.0,0.0,0.0,0.0,0.0,0.0,0.0,0.0,0.0,0.0,0.0,0.0,0.0,0.0,0.0,0.0,0.0,0.0,0.0,0.0,0.0,0.0,0.0,0.0,0.0,0.0,0.0,0.0,0.0,0.0,0.0,0.0,0.0,0.0,0.0,0.0,0.0,0.0,0.0,0.0,0.0,0.0,0.0,0.0,0.0,0.0,0.0,0.0
7,0.0,0.0,0.0,0.0,0.0,0.0,0.0,0.0,0.0,0.0,0.0,0.0,0.0,0.0,0.0,0.0,0.0,0.0,0.0,0.0,0.0,0.0,0.0,0.0,0.0,0.0,0.0,0.0,0.0,0.0,0.0,0.0,0.0,0.0,0.0,0.0,0.0,0.0,0.0,0.0,0.0,0.0,0.0,0.0,0.0,0.0,0.0,0.0,0.0,0.0,0.0,0.0,0.0,0.0,0.0,0.0,0.0,0.0,0.0,0.0,0.0,0.0,0.0,0.0,0.0,0.0,0.0,0.0,0.0,0.0,0.0,0.0,0.0,0.0,0.0,-0.024414161815900327,-0.027003863958347904,-0.029133566199843725,-0.030631043214375923,-0.0314666566420138,-0.03146706019003101,-0.031135523074558028,-0.030041594077236652,-0.028900136091221554,-0.027559549578047203,-0.025958315884423246,-0.024558407812718903,-0.02313630460006797,-0.021843516107598816,-0.020714030046094303,-0.019560689812905777,-0.01858092006578648,-0.017816734637194923,-0.01686319551119433,-0.016148467134045386,-0.015270212132588903,-0.01450266380385392,-0.013674628111205895,-0.012831436948578172,-0.011613753225978808,-0.010371318558323846,-0.00938015978938549,-0.008530511858482396,-0.007585716272854704,-0.006464121817020095,-0.005351719288244176,-0.0043614572926774,-0.0034627110196803214,-0.0024591319395455874,-0.0014126870922493487,-0.00042717799555194394,0.0005262266144429111,0.0015168024806897407,0.0024159523017040297,0.003152606787788095,0.004145334910126715,0.0052363493939904604,0.0064288786235170165,0.0075728924136411165,0.008803265479448331,0.010169992936404226,0.011569228428079881,0.012849148222666869,0.013931239811483398,0.014891953124456627,0.015790654558785127,0.016594298015726188,0.01746910043970209,0.018197459772099044,0.01897442422123561,0.01972847611072832,0.020494186054051563,0.021356702682836827,0.022649177304625928,0.02407769244688366,0.02529492778279723,0.026645782351076168,0.02784019480468304,0.028988423429653565,0.030183373947283387,0.030125352710142186,0.02986694746312152,0.02991774967462151,0.02930565700984985,0.027666086254590862,0.025661125189081764,0.022972912491766168,0.020237529515105483,0.01736395376188438,0.014062034207728282,0.0,0.0,0.0,0.0,0.0,0.0,0.0,0.0,0.0,0.0,0.0,0.0,0.0,0.0,0.0,0.0,0.0,0.0,0.0,0.0,0.0,0.0,0.0,0.0,0.0,0.0,0.0,0.0,0.0,0.0,0.0,0.0,0.0,0.0,0.0,0.0,0.0,0.0,0.0,0.0,0.0,0.0,0.0,0.0,0.0,0.0,0.0,0.0,0.0,0.0,0.0,0.0,0.0,0.0,0.0,0.0,0.0,0.0,0.0,0.0,0.0,0.0,0.0,0.0,0.0,0.0,0.0,0.0,0.0,0.0,0.0,0.0,0.0,0.0,0.0
8,0.0,0.0,0.0,0.0,0.0,0.0,0.0,0.0,0.0,0.0,0.0,0.0,0.0,0.0,0.0,0.0,0.0,0.0,0.0,0.0,0.0,0.0,0.0,0.0,0.0,0.0,0.0,0.0,0.0,0.0,0.0,0.0,0.0,0.0,0.0,0.0,0.0,0.0,0.0,0.0,0.0,0.0,0.0,0.0,0.0,0.0,0.0,0.0,0.0,0.0,0.0,0.0,0.0,0.0,0.0,0.0,0.0,0.0,0.0,0.0,0.0,0.0,0.0,0.0,0.0,0.0,0.0,0.0,0.0,0.0,0.0,0.0,0.0,0.0,0.0,0.0,0.0,0.0,0.0,0.0,0.0,0.0,0.0,0.0,0.0,0.0,0.0,0.0,0.0,0.0,0.0,0.0,0.0,0.0,0.0,0.0,0.0,0.0,0.0,0.0,0.0,0.0,0.0,0.0,0.0,0.0,0.0,0.0,0.0,0.0,0.0,0.0,0.0,0.0,0.0,0.0,0.0,0.0,0.0,0.0,0.0,0.0,0.0,0.0,0.0,0.0,0.0,0.0,0.0,0.0,0.0,0.0,0.0,0.0,0.0,0.0,0.0,0.0,0.0,0.0,0.0,0.0,0.0,0.0,0.0,0.0,0.0,0.0,0.0,0.0,-0.016788648810784016,-0.02280015266013934,-0.026007359112181716,-0.02562000547166293,-0.023816326261549524,-0.022483360012309078,-0.020915735063794776,-0.019419385908184372,-0.017914969721571947,-0.016578429471254662,-0.015003724596797663,-0.01353368689673392,-0.012111676963521847,-0.010594870906509702,-0.008742789510384194,-0.006816471006176836,-0.004918063748474346,-0.003204006870125964,-0.0014959747364499747,0.00028639661962434783,0.002345565849573783,0.004263340789302212,0.006149017795550043,0.00780636719014585,0.009140048239601661,0.010834601283502129,0.012899352762752538,0.015368715202007062,0.01789195996225818,0.019457066090965945,0.02057212038883545,0.02070092058002377,0.021092426869412793,0.022230831307651005,0.021925645653794113,0.0188165370217847,0.011535275685090815,0.0005918886164306851,-0.010949888346809433,-0.01917652402548652,-0.02252090404266868,-0.023102649303662227,-0.023004789750367717,-0.022835824594696782,-0.02203167435240712,-0.020410371311529184,-0.018759897614243116,-0.016798724090010164,-0.014715932414848072,-0.012828485427114567,-0.011009114650368546,-0.009356394438119888,-0.0073938934277726805,-0.0053493946212910485,-0.00322671028649029,-0.0010423829426403648,0.0009377498063526008,0.0030529117198392418,0.004825820482586304,0.006656185567406803,0.008701433212209298,0.010754305392642391,0.01256475818574905,0.013998000693774059,0.015508441625058874,0.01753197295855636,0.01933922616974661,0.0208503478631413,0.02174507350414981,0.022517432155908314,0.02425415841251553,0.025462783462387333,0.02567150512527496,0.023334176497230665,0.017711251660191902
9,0.0,0.0,0.0,0.0,0.0,0.0,0.0,0.0,0.0,0.0,0.0,0.0,0.0,0.0,0.0,0.0,0.0,0.0,0.0,0.0,0.0,0.0,0.0,0.0,0.0,0.0,0.0,0.0,0.0,0.0,0.0,0.0,0.0,0.0,0.0,0.0,0.0,0.0,0.0,0.0,0.0,0.0,0.0,0.0,0.0,0.0,0.0,0.0,0.0,0.0,0.0,0.0,0.0,0.0,0.0,0.0,0.0,0.0,0.0,0.0,0.0,0.0,0.0,0.0,0.0,0.0,0.0,0.0,0.0,0.0,0.0,0.0,0.0,0.0,0.0,-0.024704989827581243,-0.0346811502827789,-0.04237863974610247,-0.046931316473112335,-0.0476128736516037,-0.04668657464922284,-0.04555383803617221,-0.04351420006717891,-0.04197779597635118,-0.040473189293292376,-0.03903009033723064,-0.03729209804734268,-0.03567319257419554,-0.03461417929460146,-0.033372116072986194,-0.032407574242342696,-0.03101947620782723,-0.0294403481868698,-0.027996573996280145,-0.026667712445349673,-0.025527179942749514,-0.02400415777256585,-0.02237856133909667,-0.02093902271054574,-0.019550126671588192,-0.01804312597520316,-0.016132273646169776,-0.014488138955661561,-0.013120113802112202,-0.011635273075234095,-0.010332377361149685,-0.00850531549853445,-0.006828278471029803,-0.005527531230443294,-0.004098612199467703,-0.0027401630992232744,-0.0013076223557797933,-2.7684615644384882e-05,0.001092529466161335,0.002399353817499051,0.003417116405933422,0.005125705301378674,0.006712813366756881,0.00819667193432166,0.009600852827592845,0.011041250845542937,0.012565623484782426,0.013890986093159176,0.015201125232179367,0.01677122966444561,0.018337282689544387,0.019926355073549246,0.021045893920827053,0.02252588523609561,0.02393927387292923,0.025437066825751826,0.027061742484864766,0.028405397810452215,0.029976914096731366,0.031371027857040955,0.032985697768149386,0.034974508992678045,0.03650182810985751,0.03767360555561286,0.038770923048426664,0.03985050028864351,0.04074451080359877,0.041056100845751536,0.041557431790247526,0.04321906119352436,0.04572344467259224,0.04672119576501759,0.04446671044623417,0.03999653510154371,0.0327272670988304,-0.02287823016387452,-0.03228051113210621,-0.03983791890646553,-0.04418144439038605,-0.04507827644389937,-0.04381127584832969,-0.042452332995120384,-0.04094737108856237,-0.03955588851845452,-0.03837093951117938,-0.036591321325116145,-0.034911429177893076,-0.033620140843990835,-0.0326423691709259,-0.03121144097277916,-0.03000635947878981,-0.02887373152710335,-0.027439760046081205,-0.026187097994828327,-0.024773024901837668,-0.02340776138419484,-0.02212677339233243,-0.020946740457394482,-0.01981247381492896,-0.018261921189910563,-0.016334645259719546,-0.014896928199773824,-0.013434630778142147,-0.012176760031198674,-0.010428159920596286,-0.008867833675574187,-0.007691780418242539,-0.006308257203347284,-0.005000055239618281,-0.0033643492187592494,-0.0018132113470340442,-0.0008663992247592792,0.0002670480723167111,0.001123146955036161,0.0026525721739387715,0.0041552516183402345,0.005538189586528681,0.006884139962846832,0.007930561074620401,0.009576860060872666,0.011319607704406967,0.01215791508723944,0.013447623255033295,0.014955862543149439,0.016881558307232074,0.018333613911494604,0.019245369756031538,0.02059687997606437,0.02203096850642788,0.023577307355157253,0.024983479617605997,0.026251650706589302,0.02756412497127801,0.028589886874301237,0.030607583420694164,0.0321552683368492,0.03367562223179628,0.035010101772660986,0.036236252148095435,0.037846734035891026,0.038603048355099624,0.03917676570178398,0.03935719726149304,0.03989925276133906,0.04200333172165692,0.04410782035466954,0.04494109461582346,0.04282618859142964,0.038560266820831926,0.03184397561349777
10,0.0,0.0,0.0,0.0,0.0,0.0,0.0,0.0,0.0,0.0,0.0,0.0,0.0,0.0,0.0,0.0,0.0,0.0,0.0,0.0,0.0,0.0,0.0,0.0,0.0,0.0,0.0,0.0,0.0,0.0,0.0,0.0,0.0,0.0,0.0,0.0,0.0,0.0,0.0,0.0,0.0,0.0,0.0,0.0,0.0,0.0,0.0,0.0,0.0,0.0,0.0,0.0,0.0,0.0,0.0,0.0,0.0,0.0,0.0,0.0,0.0,0.0,0.0,0.0,0.0,0.0,0.0,0.0,0.0,0.0,0.0,0.0,0.0,0.0,0.0,-0.030323896370174585,-0.03433593455875548,-0.03812409526845539,-0.04025816202953018,-0.04169911778417022,-0.04219953184912059,-0.04151179048513381,-0.040400518573065015,-0.03887816392040719,-0.037552777515726415,-0.035995825280477824,-0.0343312971402777,-0.032313531953132364,-0.03068988631793368,-0.029263819117353852,-0.028130641504843994,-0.026872680724083494,-0.02529266343377439,-0.02403995025813348,-0.022907932000243065,-0.021276964125342624,-0.019742893889162002,-0.018528378397298546,-0.017470253741731615,-0.016548139688624675,-0.01551729037594676,-0.01420148390154244,-0.013036759639650878,-0.011857268861027455,-0.010469399344225088,-0.008730428433723852,-0.007174269441109617,-0.0057256253347827335,-0.004265021570276325,-0.0028836200318771705,-0.001503072754776553,-8.17650100028653e-05,0.0014427863145654851,0.0028163164452852598,0.004193324639863365,0.005320217329962556,0.0067548271435277545,0.00805574506387185,0.008980116807553498,0.010131783075310274,0.011473827575312526,0.012759856941596398,0.014025139962058649,0.015530653463402452,0.01697801617778153,0.01849134006814053,0.020027973088216768,0.02131595505175444,0.022791691444977797,0.02427920444038813,0.02582877341727079,0.027765871930368526,0.02918608133918695,0.030630454139021147,0.032186430075642834,0.0337568064170113,0.03550187919393066,0.03654352881016866,0.0374441642934838,0.03824369185025062,0.038761618271821015,0.03936429961793915,0.03984042825454539,0.03881897581615138,0.036919830912174385,0.03570653579359455,0.03356111956098205,0.029877056692375344,0.0257074072942143,0.021517072568895818,0.008021834698329015,0.010398648903980632,0.01339933661618857,0.017007682676054674,0.020886449634899378,0.02490673644358286,0.028770360841588818,0.0322074697759701,0.03554003194656055,0.03852084504766764,0.04147282418917761,0.04395342803057813,0.04612247368272146,0.04807226767272045,0.04945926315154606,0.05073432986817194,0.05166692233382819,0.05214687841841293,0.05231565487776145,0.05229243628447537,0.05211186124647333,0.05080202973392183,0.04904915212883003,0.04722333785569827,0.045343767491588964,0.043255671445929435,0.04022785331221874,0.03710305969513658,0.0339507570925307,0.030711006201081064,0.02712367044437872,0.023169947809382224,0.019253829200468614,0.015246224286487585,0.011118109825831534,0.006994222663409636,0.002839293251268308,-0.0012856665092130023,-0.005525962108082759,-0.009687705672601523,-0.013880743862853694,-0.017781846098935548,-0.021983023415638545,-0.0260591484174149,-0.02978730998991758,-0.0333568532376344,-0.036840083888570366,-0.04002361802290616,-0.04253841881420085,-0.044535974964845376,-0.046396743315913244,-0.048409505121400014,-0.04975031578966745,-0.05037311669816436,-0.05080865460428878,-0.05102033498601375,-0.051274225256076715,-0.05103112406061135,-0.04999644549730056,-0.04867273330398021,-0.04722825918797086,-0.045706747293694394,-0.04330242410251906,-0.040221670099876254,-0.03672840750238462,-0.033355402075554014,-0.029634622501460227,-0.025941288818886663,-0.022449477383475407,-0.018604276434489923,-0.015032020144622828,-0.01213960174241192,-0.009581455370716323,-0.007486986830703818,-0.005421730814309393
11,0.0,0.0,0.0,0.0,0.0,0.0,0.0,0.0,0.0,0.0,0.0,0.0,0.0,0.0,0.0,0.0,0.0,0.0,0.0,0.0,0.0,0.0,0.0,0.0,0.0,0.0,0.0,0.0,0.0,0.0,0.0,0.0,0.0,0.0,0.0,0.0,0.0,0.0,0.0,0.0,0.0,0.0,0.0,0.0,0.0,0.0,0.0,0.0,0.0,0.0,0.0,0.0,0.0,0.0,0.0,0.0,0.0,0.0,0.0,0.0,0.0,0.0,0.0,0.0,0.0,0.0,0.0,0.0,0.0,0.0,0.0,0.0,0.0,0.0,0.0,0.0,0.0,0.0,0.0,0.0,0.0,0.0,0.0,0.0,0.0,0.0,0.0,0.0,0.0,0.0,0.0,0.0,0.0,0.0,0.0,0.0,0.0,0.0,0.0,0.0,0.0,0.0,0.0,0.0,0.0,0.0,0.0,0.0,0.0,0.0,0.0,0.0,0.0,0.0,0.0,0.0,0.0,0.0,0.0,0.0,0.0,0.0,0.0,0.0,0.0,0.0,0.0,0.0,0.0,0.0,0.0,0.0,0.0,0.0,0.0,0.0,0.0,0.0,0.0,0.0,0.0,0.0,0.0,0.0,0.0,0.0,0.0,0.0,0.0,0.0,0.03185496926199454,0.047021702449585936,0.04382353074150191,0.046309586797132485,0.05045772471575434,0.04545265968319519,0.04839060912515767,0.04899872656727616,0.047213297989701565,0.04790092569146568,0.04259875530656154,0.03602887999291597,0.015950196449460684,-0.021242163521577602,-0.042107787011259314,-0.04405442793087203,-0.04841162039148988,-0.04990999576931726,-0.04935319721151376,-0.049045510645907946,-0.04932621511769866,-0.04745326479043811,-0.04933407544754956,-0.03816991291614897,-0.014607893967230449,0.01929023199533447,0.04630202878766047,0.04616742063896384,0.04671537632568508,0.05153020625983356,0.04904671992742347,0.049717190947686105,0.04938335366930711,0.04880524152479252,0.050217228854354756,0.04514240339436889,0.03567773487284606,0.013421588800502648,-0.027989803218005007,-0.04483116456431122,-0.04535591716195337,-0.046039690278886755,-0.050066824465861616,-0.04983963070113278,-0.04769353391155353,-0.047580466089852155,-0.04576548569524198,-0.048238315234296524,-0.03527942777367076,-0.01241743166205046,0.02142642779250538,0.04636876601129838,0.04726915167969977,0.046137188601075775,0.05091105412388592,0.049799799991215254,0.0500604001578104,0.05099645963091971,0.05039960362291453,0.05104029608585742,0.04549528685661736,0.03279873790476531,0.0110637921656122,-0.025801835055950784,-0.038782036103287634,-0.04133460264227196,-0.04052211662403013,-0.046154042962198376,-0.0463321096653591,-0.045126229254098774,-0.04460336615882463,-0.04513280472233942,-0.049995628016635214,-0.04013930344427246,-0.02872096505432794
12,-0.019497269037801777,-0.03035083930042414,-0.03705592212388179,-0.03728065279038097,-0.0346005691606594,-0.03548047523486614,-0.035791498171657575,-0.036405231761407725,-0.036504440961972424,-0.036344175345629205,-0.03645522506561031,-0.036534341263528995,-0.0366017365432375,-0.035482388854165756,-0.03364812495487643,-0.03363108178298918,-0.034153739054198023,-0.035817212430996226,-0.036328806590629134,-0.035834016400471014,-0.03508985769533111,-0.0346133066891225,-0.03492767845968827,-0.03579430880000389,-0.0365025273426728,-0.037066088226411026,-0.03639123842027925,-0.035588116320469786,-0.035306634881616235,-0.03554458148140342,-0.03616381672663998,-0.03694343718942598,-0.037965489297232646,-0.03828135608287625,-0.03794725011328314,-0.03743966259405881,-0.03717139708849327,-0.03709192208695591,-0.0372188787673651,-0.03737579554993398,-0.0375028718315494,-0.037445403451957675,-0.038429482176787495,-0.03920204616840615,-0.03960713545389455,-0.03892475077177052,-0.038317714849569036,-0.03804269187585171,-0.038239136857078374,-0.03859172121303344,-0.03818860534744777,-0.0381432166896849,-0.038100220056046546,-0.037731609138457155,-0.0373640746317238,-0.03712804165123624,-0.03719525752913541,-0.037190712683298814,-0.03718551003082797,-0.03712505162108058,-0.036911563467966674,-0.03687065985543729,-0.03637993610629087,-0.03627157741344986,-0.03598602953358462,-0.03536625608292004,-0.03529479436219984,-0.03531231593891199,-0.0352886947006823,-0.035093744734533465,-0.035105226450331185,-0.03583587021916752,-0.03798205406429499,-0.03505409693466945,-0.029517996300867447,-0.023569923375540158,-0.03277478649402232,-0.03943268412864913,-0.03655657439189003,-0.03507976808720257,-0.03580845301100513,-0.03621752969365998,-0.03650786177132742,-0.03629928429126257,-0.036257070736036866,-0.03644736579865864,-0.03661731332027234,-0.03640211529701382,-0.035348051933867225,-0.03403372226260244,-0.03400074102449085,-0.034852300800410824,-0.036416145989470135,-0.036294182221278455,-0.03565065327506789,-0.03519474687863028,-0.03514342248414723,-0.035264110734842875,-0.03623143890825953,-0.03683919262565291,-0.03758245489226723,-0.03722166565767632,-0.036145979236025624,-0.035809424833859245,-0.036006644134316604,-0.03679442803543515,-0.03809005011675819,-0.03869124402988628,-0.0392147528536134,-0.03880488656488958,-0.03850070601155098,-0.03802791419302309,-0.037945916639706964,-0.038267772221204824,-0.038025241680174265,-0.038219788467782796,-0.03840522441613399,-0.03936678239135432,-0.04010700771154952,-0.03997119546768668,-0.0394255776740284,-0.03900131625927797,-0.03872720147548861,-0.03932377923005965,-0.03942873609830428,-0.03913500264064743,-0.03915036958952815,-0.03908458933009011,-0.03876923281392917,-0.03838141475620812,-0.03814744840407947,-0.038214382703156774,-0.03829789872968245,-0.037984971770656795,-0.03789319524987112,-0.037887485790603186,-0.037480534970441716,-0.03719056732634457,-0.036929997323584464,-0.036901632244029925,-0.03652225689735403,-0.03647500201107259,-0.03670356259857522,-0.036279969312036996,-0.03581470912062851,-0.03589943992572183,-0.037544493062028284,-0.03985093238948971,-0.03414645371368001,-0.026197489417358846,-0.026629095251475835,-0.03364735968129008,-0.037018146234987524,-0.03406615976172222,-0.03395350390309741,-0.034613557008496186,-0.03486298810210576,-0.03499703731420955,-0.03488218878500657,-0.03490482662719209,-0.03491484179821134,-0.034872055091253365,-0.03460952723554169,-0.03352403677660928,-0.033390995007744104,-0.033083250729028374,-0.03399072004155947,-0.034974814301592876,-0.034845209692012415,-0.034524546435295525,-0.033914569184993,-0.03387966423984307,-0.03404571459011488,-0.035021156690569516,-0.03596975339178321,-0.036505416887895575,-0.035941604242468755,-0.03478867434791559,-0.034565496039877186,-0.03506121737464651,-0.03569981786519932,-0.036925461457034243,-0.03769532587544288,-0.03822690033723378,-0.038107784989608394,-0.03749241495491088,-0.03715409181083461,-0.036948810435623494,-0.037198597097434935,-0.03700457538194961,-0.03708303743182822,-0.03747819222683621,-0.03795086088985117,-0.038688190817788994,-0.03849511728417531,-0.037957379640218725,-0.03760892280238924,-0.037342720741924955,-0.03820035124482772,-0.03818992124423962,-0.03797989895967029,-0.03791909679715107,-0.037578699505230566,-0.03773556434362081,-0.03742734597396925,-0.0372860076137272,-0.037006056916124054,-0.03680913139365681,-0.03685174031651385,-0.03676444832295555,-0.036748447753871545,-0.03622487357662265,-0.035836415316083156,-0.03592074424129257,-0.035892772876079046,-0.035554508993369746,-0.035840089520835776,-0.035582776665418155,-0.03526181710186637,-0.03491110833209173,-0.035021986349707206,-0.03729205227315893,-0.0368785857157548,-0.0314204360329982,-0.021265230403580918
13,0.0005313559065258972,0.0009908153028504348,0.0027530937255407415,0.005765014887806378,0.009849686243793431,0.01655166187869564,0.024347210564519096,0.03116198232816174,0.03742294748256467,0.0422546642756817,0.0456176574537985,0.04707118784400146,0.04584440276851844,0.0440057512604633,0.041543431439859564,0.039001143708380925,0.0365367890808847,0.03441584202994459,0.03246283437453143,0.030403135011055314,0.028348861799292503,0.026281430169624916,0.024120397422902732,0.021886111628050858,0.01941110817781726,0.01655037316766373,0.013459908459347929,0.010059135699927203,0.006816128301570972,0.003595028990757229,0.0020391478138619573,0.0008727286761895225,0.0005133139520791409,0.00039916128541037847,0.0003833576185453627,5.5550228165012744e-05,-7.800093087883351e-05,-6.375728263139436e-05,9.414373222593124e-05,3.3099525451191966e-05,0.0001667185113914546,0.00012174927906739666,0.0004338886563755635,0.0005002233610707802,0.0005700172374832321,0.0008270811749013008,0.0010996096447023036,0.001486697742550567,0.0018741249748809121,0.002515156972912091,0.002430102044805954,0.0020998528861546147,0.001222783288594444,0.0003204820855673812,-0.0006421850552702572,-0.0009209535995415665,-0.000976775135292245,-0.0006212265442775967,-6.755558883071147e-05,0.0006101029332653109,0.0007064171261765661,0.0008262672521443043,0.0006882395179369772,0.0006259066001303267,0.000532576790661392,0.0008044948183946473,0.0010631187744302927,0.0010247287510586234,0.001165333907329773,0.0010380906496526496,0.0010781763454347285,0.0012050804686297696,0.0014443059322903312,0.0016072261374824688,0.0018892503727817643,0.0008024940393818382,0.00021571192090619757,-0.0005403269475126114,-0.0015438094109926925,-0.0019712985252098585,-0.0016827941437919196,-0.0011163202967755268,-0.0006923216667154191,-0.0006837541146935489,-0.0006280967582255479,-0.0007601639860589686,-0.0008855040989715136,-0.0005723759384092368,-1.2121499527238522e-05,0.00018480527027915484,0.00011245705320558462,0.00013498654185568762,0.00011194934641910341,-0.00023938374982588326,-0.000659193798897521,-0.0010577436262852588,-0.001365921645679344,-0.0011990765029719615,-0.0010048786571429044,-0.00035203119307639834,0.00020581163856981427,0.0002487128620274752,0.0017534288504611158,0.004430947515666316,0.008555557449039542,0.014680214804407123,0.02179356766309852,0.02842840687553139,0.03437733421942817,0.039049950165459535,0.04233519385408272,0.04364101570891236,0.042589999197547974,0.04077006075805782,0.03840052972220177,0.035956936958867786,0.033654550145523876,0.031793106676238886,0.02986496322787993,0.02808430860099376,0.026270081862851524,0.02432607257741503,0.022170920732150667,0.020192958555368245,0.017872738541149184,0.01512115814846604,0.01215900636608982,0.009433572872910457,0.006588066724728291,0.004055181030321922,0.002174571629847267,0.0008863291224995455,0.0002663556728576967,0.000194642089267228,0.0001896284847507262,-5.883052388350843e-05,-0.00012933830385608434,-0.0001367635156083718,3.401635469424004e-05,0.00012908445046284374,0.00043212193864380677,0.0005099280036720498,0.0004993930878525651,0.0005570178081181807,0.0006369816269889688,0.0006614150160883763,0.0008740806962756867,0.0009163472862502461,0.0011697564360526724,0.0014472181948646454,0.0012853560784959253,0.0003650462931019144,-0.0005754252798649561,-0.0012509294050080063,-0.0014214341043706851,-0.001079189164345598,-0.0006601721808327698,-0.000138773752346897,0.00019937143700181478,0.00029344105868576965,0.000304167803606149,7.020121021190661e-05,-0.00011687097476078214,-2.0554914350046256e-05,-6.402350371325884e-06,0.0001056949420950466,0.00016129430058287663,0.00024328931411038356,0.0004294629235923599,0.0005110086493745106,0.0006839844313366486,0.0011534339642657104,0.0015847501998076648,0.0018206262661196709,0.0017613764447008218,0.0015415624152852996,0.0006937002788299764,-0.00011423140925681444,-0.0009218261315345882,-0.0012404273039603052,-0.0012681708222360506,-0.000830396075354601,-0.0003976758156084086,-0.00013843678653787986,1.2973183647160343e-05,-0.00015129764824870114,-0.00024879308899099705,6.8516381166820855e-06,0.0006062576513900255,0.0007687313323044622,0.0006876910552358372,0.0006449525584588284,0.0006874102503949895,0.00021155836709460177,-3.46513173605971e-05,-0.00014528842465456193,-0.0004276096116427656,-0.00023896491956133011,-0.00016179974929640236,0.00025637481969388294,0.0007036969311641519,0.00101269457803288,0.002778900865996281,0.005219881186516528,0.009061403731248398,0.01410926387226167,0.020361945263415768,0.026122263446627637,0.03135450004614146,0.03539404616463908,0.038247641118300826,0.03955596703277809,0.038949765542356234,0.037205686675851626,0.03520674933579371,0.03310868788691659,0.0310586440658244,0.0292793522722775,0.027640462899154415,0.026045716047012574,0.024044251463387033,0.022198745888368263,0.020245130449623155,0.018176160382257844,0.015907144946272683
14,0.0,0.0,0.0,0.0,0.0,0.0,0.0,0.0,0.0,0.0,0.0,0.0,0.0,0.0,0.0,0.0,0.0,0.0,0.0,0.0,0.0,0.0,0.0,0.0,0.0,0.0,0.0,0.0,0.0,0.0,0.0,0.0,0.0,0.0,0.0,0.0,0.0,0.0,0.0,0.0,0.0,0.0,0.0,0.0,0.0,0.0,0.0,0.0,0.0,0.0,0.0,0.0,0.0,0.0,0.0,0.0,0.0,0.0,0.0,0.0,0.0,0.0,0.0,0.0,0.0,0.0,0.0,0.0,0.0,0.0,0.0,0.0,0.0,0.0,0.0,-0.011517477520269612,-0.013245480726305077,-0.015606976085602587,-0.016624735450234115,-0.01776823384941628,-0.019201949569384973,-0.021216317975495294,-0.022993744617076674,-0.024328758828999257,-0.02546062818452356,-0.026383392798774927,-0.028118591475573697,-0.02963371050114742,-0.03050196397325256,-0.030975338731650412,-0.03153338746418208,-0.033162616480648575,-0.03401160934919538,-0.03458041494711057,-0.034971514221629044,-0.035099724427956974,-0.035965506728284816,-0.03635202706686302,-0.03614851880285042,-0.03571410134070641,-0.0358033542507805,-0.036257177679528574,-0.03638371621083069,-0.035475923990288816,-0.03457271070568723,-0.03418546355188042,-0.03453019201481317,-0.034603818397472015,-0.03354891877465819,-0.03294602554252089,-0.032974516699482655,-0.033191034956087474,-0.03274789571120006,-0.03164357265284032,-0.030618908543536938,-0.030814785247649055,-0.031576342244193305,-0.03138206453358414,-0.030816166196583426,-0.029921820057770956,-0.030130343346861,-0.030682359512995146,-0.03062435965775156,-0.030595287048606902,-0.030034476418206498,-0.030337122279402363,-0.031190984809980896,-0.03105819566771268,-0.030616073964145334,-0.030032150609474926,-0.030550442549001272,-0.031132766910168724,-0.030851707461262767,-0.030456610702986896,-0.029889622143143252,-0.02988082767887699,-0.030051556576078983,-0.029516983975431628,-0.028671697864550767,-0.02767894094378364,-0.027499926352975424,-0.02736539285415853,-0.026714093727795384,-0.02503544127578297,-0.023912221021479205,-0.023569891048800886,-0.022570156701839043,-0.021048423657684907,-0.019567174221764707,-0.01814290709976803,0.0,0.0,0.0,0.0,0.0,0.0,0.0,0.0,0.0,0.0,0.0,0.0,0.0,0.0,0.0,0.0,0.0,0.0,0.0,0.0,0.0,0.0,0.0,0.0,0.0,0.0,0.0,0.0,0.0,0.0,0.0,0.0,0.0,0.0,0.0,0.0,0.0,0.0,0.0,0.0,0.0,0.0,0.0,0.0,0.0,0.0,0.0,0.0,0.0,0.0,0.0,0.0,0.0,0.0,0.0,0.0,0.0,0.0,0.0,0.0,0.0,0.0,0.0,0.0,0.0,0.0,0.0,0.0,0.0,0.0,0.0,0.0,0.0,0.0,0.0
15,-0.0025795539071395627,-0.00864108590949372,-0.013961146454149727,-0.01779639254003296,-0.02142100492590924,-0.026198828312308246,-0.02963129557819972,-0.03078308874283118,-0.03243912106383363,-0.034025452572421275,-0.032905589072061196,-0.03169549449558075,-0.03371352867634205,-0.03707017007876844,-0.03892600383356855,-0.03805636001129966,-0.03753845291693684,-0.03735033445088324,-0.03796822733229837,-0.037348973328427626,-0.0363774154622943,-0.0356132019169002,-0.035923594550216854,-0.039137318094803315,-0.04120803905728418,-0.0397673476514477,-0.0379299457632341,-0.03401683213020236,-0.03139168062079958,-0.029647402193924536,-0.030766641846492457,-0.034507233208274556,-0.03624946995146617,-0.036888290090636426,-0.03474009857505661,-0.03312648790392094,-0.03026745018589439,-0.020841336900122732,-0.005891675262580105,0.005473527101526987,0.012493629593250438,0.017651376285073943,0.023531198439603038,0.026950111194373978,0.027003988958242207,0.028366359109444975,0.030663423393608058,0.032283385969536615,0.032692176413707356,0.03474083584972007,0.03695787747617992,0.0389224876005582,0.038652758500603145,0.03765942267517993,0.03657041128381387,0.03671996461362495,0.03628128618886625,0.03520395776524425,0.03407581410327916,0.03552053216304684,0.03969435745976516,0.042667048902835854,0.04133927394738006,0.038079725946787775,0.033855595832647224,0.03349716691933437,0.033455539257566703,0.034730400577560334,0.03707901737472996,0.03820160312000128,0.037857636132779364,0.0354879786509833,0.0337543623500106,0.032282762121744454,0.025517699950142515,0.0,0.0,0.0,0.0,0.0,0.0,0.0,0.0,0.0,0.0,0.0,0.0,0.0,0.0,0.0,0.0,0.0,0.0,0.0,0.0,0.0,0.0,0.0,0.0,0.0,0.0,0.0,0.0,0.0,0.0,0.0,0.0,0.0,0.0,0.0,0.0,0.0,0.0,0.0,0.0,0.0,0.0,0.0,0.0,0.0,0.0,0.0,0.0,0.0,0.0,0.0,0.0,0.0,0.0,0.0,0.0,0.0,0.0,0.0,0.0,0.0,0.0,0.0,0.0,0.0,0.0,0.0,0.0,0.0,0.0,0.0,0.0,0.0,0.0,0.0,0.004190034262160464,0.010447596812576138,0.01601379126866423,0.02011626408751568,0.023931644379793744,0.028920810109339362,0.03253233456506376,0.03381489050971653,0.0352982216447443,0.0368232007463798,0.03592045292963912,0.03468102603148768,0.03697847716242372,0.04032708031543812,0.04217457937470167,0.04140530647797128,0.04079776750562086,0.04082389375494378,0.0412500893051231,0.040567489203765565,0.039555615420465214,0.038565661619589985,0.03922474217223732,0.04241338869674404,0.04462250822282641,0.04291778526530489,0.040912817791754895,0.036956497936802855,0.034024374449865835,0.03226224483566878,0.03330462886477708,0.03704672532392033,0.03893113289413214,0.03929233865858074,0.0371591096662459,0.035492124624413035,0.03255229952202935,0.022581314219210318,0.006883881615816806,-0.00498851405439244,-0.012461746981466383,-0.017889549332297472,-0.023985614931116145,-0.027638313407882337,-0.027633692438614337,-0.029237228017805827,-0.03170725457794292,-0.03330759102456426,-0.033801620033869974,-0.03595961268202563,-0.038500494104272046,-0.0406728828489934,-0.040310314491042686,-0.039281556396955415,-0.038169976315218616,-0.03851163182507184,-0.037969438097626595,-0.036809219352184314,-0.03570622953383034,-0.037252713915520756,-0.041756796358317944,-0.04472428803311388,-0.04321601551267807,-0.03984045670560035,-0.03543886499143956,-0.03531599460346738,-0.03500609344653271,-0.036477931401586214,-0.038970529619301614,-0.04008981131648508,-0.039801356196409586,-0.037172439385288206,-0.035330212970445835,-0.033669685436949016,-0.02657294301882553
16,0.0,0.0,0.0,0.0,0.0,0.0,0.0,0.0,0.0,0.0,0.0,0.0,0.0,0.0,0.0,0.0,0.0,0.0,0.0,0.0,0.0,0.0,0.0,0.0,0.0,0.0,0.0,0.0,0.0,0.0,0.0,0.0,0.0,0.0,0.0,0.0,0.0,0.0,0.0,0.0,0.0,0.0,0.0,0.0,0.0,0.0,0.0,0.0,0.0,0.0,0.0,0.0,0.0,0.0,0.0,0.0,0.0,0.0,0.0,0.0,0.0,0.0,0.0,0.0,0.0,0.0,0.0,0.0,0.0,0.0,0.0,0.0,0.0,0.0,0.0,0.008542743264766896,0.009356451201073422,0.010753341284784036,0.011451265672566753,0.012572010753395523,0.013978272610412774,0.015051266274869626,0.016525758608447377,0.01743556441072356,0.018702538906797177,0.02003119851394729,0.021117332495474296,0.022839358650992462,0.023879278385314246,0.025345093151015477,0.026670182558810682,0.02800444539550392,0.029533680785856956,0.03044482541289123,0.03189774779203307,0.032977931441301886,0.03416864251226646,0.0353420976196823,0.03613106209101522,0.03720861767687001,0.038055697059924516,0.038880908971930195,0.0397768802517061,0.04026480749687711,0.041177985154099594,0.041451353335260954,0.041909181816425986,0.04226580506309975,0.04227577186963221,0.04255543748576681,0.04258370156399318,0.04261127143678943,0.04241044772307575,0.041965065353550754,0.041763249917794044,0.04105694547874772,0.04073701594766608,0.03982492918469093,0.03881505862827297,0.03813915046984553,0.037148320976653756,0.03645966918997338,0.03511682795760793,0.03398190125156382,0.0331408713729718,0.03164877597313026,0.030591253172544682,0.02901848118450261,0.027717837725068105,0.02667295938053117,0.025135889386038193,0.02409329200220023,0.02246572737128072,0.02124516546682093,0.020149213437067923,0.01861620950295137,0.01751108404430033,0.016050723749835766,0.01507288581540769,0.014083345560871856,0.012645001495762568,0.011695576397867316,0.010372916709077536,0.00969517386487049,0.008831383965390923,0.007812736668892144,0.0071992574130734744,0.006012166127565964,0.005570552301804481,0.004909916662839712,-0.0036121148498686763,-0.004371098001338877,-0.005299218938974095,-0.005466543609514066,-0.006532008055746529,-0.006666696645035669,-0.00789838494160718,-0.008874747705694519,-0.009152866691750701,-0.010646679704400312,-0.010830840448601425,-0.012190288642609222,-0.012960539012606496,-0.013467304829806888,-0.01459454471554985,-0.014994530973260919,-0.016292203727758216,-0.017075469677778142,-0.017604640423773747,-0.018664600769001605,-0.01889758612682003,-0.02029983680040481,-0.020759008332447742,-0.021423191438379816,-0.022088928643419076,-0.02211476554107598,-0.023500439157517483,-0.02353346376354511,-0.023788077000605156,-0.024424027306090085,-0.024560982289910535,-0.025197709644949055,-0.0249638177293181,-0.024846807017373164,-0.024998979221618103,-0.02482770454918071,-0.02534392446928313,-0.0247727930473936,-0.024547578185111087,-0.02429102232416706,-0.023926974608309583,-0.024016788585878832,-0.022799087181271962,-0.0224279812653027,-0.02188961543292293,-0.021370222560476684,-0.020878091176535593,-0.01957018726958268,-0.019048139477828324,-0.0180411480105036,-0.017570255981027336,-0.01716159266996783,-0.015624264882317117,-0.015063299858753739,-0.014040896908616122,-0.013327824434937267,-0.012888208649993049,-0.011340779218145646,-0.010986833146484857,-0.009705996465648702,-0.009617930849575032,-0.008547480335373694,-0.00730387727898045,-0.007181232957771973,-0.006055482417006727,-0.0059656036853080125,-0.005268136956830448,-0.004147566746422476,-0.003976939615279743,-0.0030246653873537317,-0.0031088457556594446,-0.002545808599953157,-0.0016313507836352508,-0.0016189179907777917,-0.0009502020957831012
17,0.010975465421718717,0.020676924418259846,0.020922917815022063,0.021540748183744178,0.022552900041324386,0.028627147475923608,0.029952804380487502,0.027874874802027248,0.030442525292464058,0.03259366027477892,0.0300763820741373,0.030101829666905805,0.03197478411457317,0.031406861239431295,0.029030590590500095,0.02947388998050853,0.03209348144796599,0.03177614183220897,0.028912125655214747,0.029435137596087086,0.028082813008690442,0.028788780359672424,0.028042491937043543,0.027964929068673785,0.027013781714305747,0.026836694356409847,0.026367017781203005,0.024547108201566796,0.02599384452012513,0.024399884000481424,0.02567830598970104,0.025724204615927337,0.022600715951937352,0.017617229034771732,0.010292389284323017,0.0019700387570650174,-0.0019025852063704178,-0.0007902697644685138,-0.008281157962708069,-0.01129379272943251,-0.01057306809862587,-0.015112326033353152,-0.026885730357087058,-0.028182744194904664,-0.025305132728623163,-0.02735488403655208,-0.03195148620429881,-0.02854133447473849,-0.02659058476059389,-0.031091555107114678,-0.030814710861585163,-0.028063814463404366,-0.028404393889908883,-0.03156919131750254,-0.03153241431699463,-0.02916427760182505,-0.029883840242094315,-0.026932268078108914,-0.02874689060080007,-0.0288404889385856,-0.028369534173787642,-0.028066138444479118,-0.026684066899325683,-0.02650076289205483,-0.02496792307467703,-0.025699977113223076,-0.025039443592252443,-0.026452482185226913,-0.02602649645422536,-0.02334456419443775,-0.020649850038739016,-0.019371369949992535,-0.014626497789676804,-0.010950017828950213,-0.008551901757916366,0.006450328741891889,0.00946172584681786,0.007275967865546226,0.006691617312033675,0.008443560732136892,0.01370062237070703,0.014601868119555068,0.013999662581265502,0.015123787795261093,0.01630314032423938,0.014816682057096452,0.014873325457078704,0.016076874568875497,0.014755051575159243,0.013557844061403942,0.014331703729204939,0.015679077821826228,0.015365692054533121,0.013814155446323629,0.01344942120556835,0.012070400691652628,0.01262667582082615,0.012733682591662186,0.012708624044061341,0.012214779792694344,0.01229426525940857,0.01081747331161044,0.008944177563936551,0.010564301941254985,0.01001061270642848,0.01089086345593527,0.01136623703339501,0.01036007785675376,0.004436840579261928,-0.0011566336000723616,-0.006772457294834431,-0.006273872237164572,-0.0030488925729576996,-0.003447428146963257,-0.001563480977336184,0.0023566117149137504,-0.004452355945344023,-0.01502989520289921,-0.014425226908088676,-0.01291007752747648,-0.013980637787141028,-0.01637185123117437,-0.014880713726641607,-0.013731714671784244,-0.015684926868563525,-0.014310462454211595,-0.013592445790523535,-0.014487657785895202,-0.0159875380760774,-0.01628165277359394,-0.015416486407778075,-0.015035682680723483,-0.012616763225829256,-0.014199823117507131,-0.014600636741294583,-0.01446807887155351,-0.014259975945531762,-0.013352080754077112,-0.01247195314239637,-0.01154712649986007,-0.01127209816538103,-0.011821539145208868,-0.01307495907655525,-0.01248753007739149,-0.010540166927349505,-0.007740074331922542,-0.005900456779672883,-0.0019526580765620648,-0.001222881750486386,-0.0016986863103372967,0.016499475257800284,0.028766717030322304,0.03270996673037545,0.03534901222295929,0.04281852360932269,0.04983543362749844,0.04739130230208615,0.04463432504486791,0.0480367793626118,0.05136416984236776,0.04724818937774334,0.04758675606553717,0.05010768992806012,0.04883957871617287,0.04763232197358096,0.047912312487481644,0.05089088395013392,0.05027010840817938,0.045843320486582545,0.046333034087769016,0.04418262300381271,0.04696520110673451,0.045698768638827825,0.04498170513855968,0.04432051983078735,0.04292890102604456,0.04116412141647995,0.040665414543969054,0.04381533780292286,0.041502328373420806,0.04251401144227738,0.04264459374190815,0.035527078995183065,0.027414488753980528,0.01951312047861785,0.00756939665320677,0.006394515687382817,0.006345592291377901,-0.007643261388351448,-0.01464032625447129,-0.017238422384957878,-0.03553181545141393,-0.0466246558992493,-0.044295458581363266,-0.03964425856265074,-0.04315553146342028,-0.050219925954189046,-0.0449285249274612,-0.041776323373105204,-0.04714722491834104,-0.047539811189223624,-0.045722930561119465,-0.04545642995420543,-0.04995162669301012,-0.04993376006064558,-0.046155147180971724,-0.04594188674029833,-0.04268842095082922,-0.04616485991400211,-0.04623878460428896,-0.04517158307378955,-0.04365627681076472,-0.04137576306831495,-0.04173297580532143,-0.04037289340535632,-0.04123906534418356,-0.04168459200559598,-0.042376714166724366,-0.04129482362639505,-0.03569267509783696,-0.032809192490655024,-0.03189697500264668,-0.026795332000864383,-0.02300173033564981,-0.020954921737350977
18,-0.010620498027623318,-0.012283799963744945,-0.014423194743299372,-0.016864183597814136,-0.019523923027918604,-0.022296028601967558,-0.024403134999003307,-0.026611030032307522,-0.02922619605785931,-0.031811646480375974,-0.034505346599663436,-0.03605525328004715,-0.03792997337023033,-0.03972911806308393,-0.041789721470954326,-0.043122614201899744,-0.0437615639866419,-0.044605757254685074,-0.04511439575858491,-0.04554642975336175,-0.0455952482440623,-0.044822578245662104,-0.04413423109483559,-0.04304498058098332,-0.04193900700048791,-0.040170992939385385,-0.03763532579987561,-0.03519504445971882,-0.03257235305417762,-0.030038744138254688,-0.026661134912749858,-0.02267969434245346,-0.019015220204531676,-0.015289256636952802,-0.011603557068291645,-0.007341040339416306,-0.0027042485151700557,0.0017186810145052578,0.0058720475737905585,0.009738098984249282,0.014127903978073758,0.01852574890778436,0.022392958069010687,0.026084832308432386,0.029200596901997885,0.0326912154663181,0.03598610983142647,0.03872534814757295,0.04095607659879376,0.042723640423486656,0.04469747684327399,0.04632238004560348,0.047377862828734026,0.04792824467975463,0.047961690813040914,0.04814750981124104,0.04777394223022811,0.04732357718163091,0.045929002062567136,0.04437684420013531,0.04302407674767939,0.04136045321412232,0.039159569004910806,0.03659090596852437,0.0340657229054101,0.0320478276369668,0.02942172729860988,0.02667470632452564,0.02367574591951377,0.020729334535453614,0.018633934285068064,0.016017160272339053,0.013542468006589651,0.010977664139428554,0.008639908061691638,0.0,0.0,0.0,0.0,0.0,0.0,0.0,0.0,0.0,0.0,0.0,0.0,0.0,0.0,0.0,0.0,0.0,0.0,0.0,0.0,0.0,0.0,0.0,0.0,0.0,0.0,0.0,0.0,0.0,0.0,0.0,0.0,0.0,0.0,0.0,0.0,0.0,0.0,0.0,0.0,0.0,0.0,0.0,0.0,0.0,0.0,0.0,0.0,0.0,0.0,0.0,0.0,0.0,0.0,0.0,0.0,0.0,0.0,0.0,0.0,0.0,0.0,0.0,0.0,0.0,0.0,0.0,0.0,0.0,0.0,0.0,0.0,0.0,0.0,0.0,0.0,0.0,0.0,0.0,0.0,0.0,0.0,0.0,0.0,0.0,0.0,0.0,0.0,0.0,0.0,0.0,0.0,0.0,0.0,0.0,0.0,0.0,0.0,0.0,0.0,0.0,0.0,0.0,0.0,0.0,0.0,0.0,0.0,0.0,0.0,0.0,0.0,0.0,0.0,0.0,0.0,0.0,0.0,0.0,0.0,0.0,0.0,0.0,0.0,0.0,0.0,0.0,0.0,0.0,0.0,0.0,0.0,0.0,0.0,0.0,0.0,0.0,0.0,0.0,0.0,0.0,0.0,0.0,0.0,0.0,0.0,0.0,0.0,0.0,0.0
19,0.0,0.0,0.0,0.0,0.0,0.0,0.0,0.0,0.0,0.0,0.0,0.0,0.0,0.0,0.0,0.0,0.0,0.0,0.0,0.0,0.0,0.0,0.0,0.0,0.0,0.0,0.0,0.0,0.0,0.0,0.0,0.0,0.0,0.0,0.0,0.0,0.0,0.0,0.0,0.0,0.0,0.0,0.0,0.0,0.0,0.0,0.0,0.0,0.0,0.0,0.0,0.0,0.0,0.0,0.0,0.0,0.0,0.0,0.0,0.0,0.0,0.0,0.0,0.0,0.0,0.0,0.0,0.0,0.0,0.0,0.0,0.0,0.0,0.0,0.0,0.0,0.0,0.0,0.0,0.0,0.0,0.0,0.0,0.0,0.0,0.0,0.0,0.0,0.0,0.0,0.0,0.0,0.0,0.0,0.0,0.0,0.0,0.0,0.0,0.0,0.0,0.0,0.0,0.0,0.0,0.0,0.0,0.0,0.0,0.0,0.0,0.0,0.0,0.0,0.0,0.0,0.0,0.0,0.0,0.0,0.0,0.0,0.0,0.0,0.0,0.0,0.0,0.0,0.0,0.0,0.0,0.0,0.0,0.0,0.0,0.0,0.0,0.0,0.0,0.0,0.0,0.0,0.0,0.0,0.0,0.0,0.0,0.0,0.0,0.0,-0.015548687056105508,-0.001392835915213073,-0.00802356436847392,-0.010933825964308691,-0.019911518254414916,-0.012130317332112216,-0.016852128988445812,-0.010692412639027522,-0.01936350504887419,-0.005045100616574944,-0.011354109874543227,0.0011671615490236428,-0.007504343956862178,0.004529721998127327,0.009257771404652138,0.01286707411794207,0.017330618130597043,0.01838240195588518,0.017824350516593028,0.013998750717202448,-0.00125593588783768,0.0017083173603144237,-0.007665410102528037,-0.0013072837255044313,-0.007710148403568336,-0.008335906283677705,-0.016051342316547205,0.0014067159421286227,0.003477566386403954,0.0016974116248807773,0.00439286328035585,-0.0007054854156659507,-0.004423804173688429,0.0016892323233055426,-0.008657914646197678,-0.008807248864351585,-0.015401872723790436,0.005602573721412279,-0.0008678321590531849,0.004354693206338088,-0.011369477047199728,-2.1439684432054597e-05,-0.012795154097525486,0.004089155072370367,-0.01684473456934497,0.005419861343294789,-0.009175069577613654,0.007512151472002174,0.007742369894622291,0.02030032424646597,0.02229066227271033,0.02421866410664646,0.02506394122196188,0.028490903343569556,0.02169390373454952,0.021276181019757735,-0.00504770312162161,0.0020308627476852952,-0.001785731558051746,0.0001294229890667188,-0.0027839781366656175,-0.002588129304503053,0.004173467973961549,-0.00563421687801142,-0.019785193485641846,-0.00025863943011386094,-0.010173233537019695,-0.009034699543509373,-0.01629002920796996,-0.00010331531939223228,0.004856976680344546,-0.0075116557567551905,-0.004794847036055895,0.003752110014025216,0.002380135448789383
20,0.0040142772602264135,-0.0013169184877504466,-0.007562031641538258,-0.013278209955560349,-0.017713767951532036,-0.01825451928179363,-0.01543507853568623,-0.010299148661041788,-0.0028150666860895924,0.005334851678738015,0.01458938340925755,0.02257419732953227,0.026829831304472813,0.027044878374602198,0.022673168597994973,0.015751055408614652,0.005825333961033728,-0.005824354693865561,-0.017007651038806037,-0.02636187216704493,-0.030718370660306634,-0.030741546649953242,-0.02643087786016174,-0.01812231821409114,-0.006939609429451566,0.006992946847877706,0.0200715821545657,0.03015117911650454,0.03619998184531389,0.03717709462571052,0.034046899764904916,0.025523750040050076,0.012855166538912376,-0.0020078241171309235,-0.01646102410553544,-0.028117175923744627,-0.03621532369761516,-0.03909841680965339,-0.0367923731975768,-0.029023585614599633,-0.014963789889886581,0.0006786321475394553,0.01647656181127035,0.029559310040064644,0.03890034370377223,0.043720427274444,0.04132840400500238,0.03312012131695204,0.0195878241734914,0.004191263479753057,-0.01122214060927775,-0.025057880005914284,-0.034677286683292695,-0.03912916579873382,-0.0368129378081083,-0.02791211737873054,-0.0156657285960284,-0.0013282779869011792,0.012239076921179828,0.02429418218370009,0.03260548377784155,0.03517938960265065,0.03243332860967787,0.024500481133793856,0.014535980706353532,0.0040943160301045636,-0.006614819152009643,-0.01530894892442637,-0.021025584229793604,-0.022018038862491516,-0.019169220101339115,-0.014282024087408994,-0.00791411083073309,-0.0013590922604594883,0.005607936649700742,0.0,0.0,0.0,0.0,0.0,0.0,0.0,0.0,0.0,0.0,0.0,0.0,0.0,0.0,0.0,0.0,0.0,0.0,0.0,0.0,0.0,0.0,0.0,0.0,0.0,0.0,0.0,0.0,0.0,0.0,0.0,0.0,0.0,0.0,0.0,0.0,0.0,0.0,0.0,0.0,0.0,0.0,0.0,0.0,0.0,0.0,0.0,0.0,0.0,0.0,0.0,0.0,0.0,0.0,0.0,0.0,0.0,0.0,0.0,0.0,0.0,0.0,0.0,0.0,0.0,0.0,0.0,0.0,0.0,0.0,0.0,0.0,0.0,0.0,0.0,0.0,0.0,0.0,0.0,0.0,0.0,0.0,0.0,0.0,0.0,0.0,0.0,0.0,0.0,0.0,0.0,0.0,0.0,0.0,0.0,0.0,0.0,0.0,0.0,0.0,0.0,0.0,0.0,0.0,0.0,0.0,0.0,0.0,0.0,0.0,0.0,0.0,0.0,0.0,0.0,0.0,0.0,0.0,0.0,0.0,0.0,0.0,0.0,0.0,0.0,0.0,0.0,0.0,0.0,0.0,0.0,0.0,0.0,0.0,0.0,0.0,0.0,0.0,0.0,0.0,0.0,0.0,0.0,0.0,0.0,0.0,0.0,0.0,0.0,0.0
21,0.0,0.0,0.0,0.0,0.0,0.0,0.0,0.0,0.0,0.0,0.0,0.0,0.0,0.0,0.0,0.0,0.0,0.0,0.0,0.0,0.0,0.0,0.0,0.0,0.0,0.0,0.0,0.0,0.0,0.0,0.0,0.0,0.0,0.0,0.0,0.0,0.0,0.0,0.0,0.0,0.0,0.0,0.0,0.0,0.0,0.0,0.0,0.0,0.0,0.0,0.0,0.0,0.0,0.0,0.0,0.0,0.0,0.0,0.0,0.0,0.0,0.0,0.0,0.0,0.0,0.0,0.0,0.0,0.0,0.0,0.0,0.0,0.0,0.0,0.0,-0.008553544944403912,-0.011900567299896454,-0.015424796436659389,-0.01964396834087761,-0.023301241964774323,-0.02636689697656315,-0.028251489422559603,-0.028742014298215875,-0.027923896647240674,-0.02617513671199774,-0.023599337450196448,-0.02187037248265364,-0.02037013697287393,-0.018859195452394444,-0.017424701539568103,-0.01642229552732838,-0.016137972878587745,-0.0160098353130247,-0.01497374997545857,-0.013185009781508628,-0.011198821754809013,-0.009962500560873477,-0.008878684258937473,-0.008473249864155529,-0.009384431743557506,-0.012335666265992386,-0.016888731878910136,-0.02217008502177521,-0.0270306138794774,-0.031181590725956887,-0.033889821109695614,-0.03469528113343722,-0.03335981781958389,-0.030644505855851028,-0.027673587886660814,-0.025259103671497425,-0.024025458980236832,-0.023743534031809174,-0.024375132902624067,-0.02559717941562656,-0.026739209650742637,-0.027335121819224917,-0.026673412293316878,-0.024270135933104824,-0.02025627408824393,-0.015948666074807702,-0.012115635441922856,-0.009301794723468542,-0.008043838466243857,-0.008937623078258685,-0.012179648464231984,-0.017046980099566327,-0.02271676069313296,-0.02798958248372164,-0.032115244075733934,-0.03533775329636908,-0.03609392106251376,-0.034714295454523814,-0.03233583250452741,-0.02918068193454507,-0.02646403171947474,-0.024295116624737656,-0.022664624651443904,-0.021487799881553523,-0.020754828471925044,-0.0203283166185779,-0.01971110394964084,-0.01833365300007429,-0.01518050980709816,-0.011269860596639876,-0.007703643824163725,-0.004970655790681743,-0.002897035343267222,-0.0010345240443390773,-0.0005595563404809272,0.0,0.0,0.0,0.0,0.0,0.0,0.0,0.0,0.0,0.0,0.0,0.0,0.0,0.0,0.0,0.0,0.0,0.0,0.0,0.0,0.0,0.0,0.0,0.0,0.0,0.0,0.0,0.0,0.0,0.0,0.0,0.0,0.0,0.0,0.0,0.0,0.0,0.0,0.0,0.0,0.0,0.0,0.0,0.0,0.0,0.0,0.0,0.0,0.0,0.0,0.0,0.0,0.0,0.0,0.0,0.0,0.0,0.0,0.0,0.0,0.0,0.0,0.0,0.0,0.0,0.0,0.0,0.0,0.0,0.0,0.0,0.0,0.0,0.0,0.0
22,0.0,0.0,0.0,0.0,0.0,0.0,0.0,0.0,0.0,0.0,0.0,0.0,0.0,0.0,0.0,0.0,0.0,0.0,0.0,0.0,0.0,0.0,0.0,0.0,0.0,0.0,0.0,0.0,0.0,0.0,0.0,0.0,0.0,0.0,0.0,0.0,0.0,0.0,0.0,0.0,0.0,0.0,0.0,0.0,0.0,0.0,0.0,0.0,0.0,0.0,0.0,0.0,0.0,0.0,0.0,0.0,0.0,0.0,0.0,0.0,0.0,0.0,0.0,0.0,0.0,0.0,0.0,0.0,0.0,0.0,0.0,0.0,0.0,0.0,0.0,0.0,0.0,0.0,0.0,0.0,0.0,0.0,0.0,0.0,0.0,0.0,0.0,0.0,0.0,0.0,0.0,0.0,0.0,0.0,0.0,0.0,0.0,0.0,0.0,0.0,0.0,0.0,0.0,0.0,0.0,0.0,0.0,0.0,0.0,0.0,0.0,0.0,0.0,0.0,0.0,0.0,0.0,0.0,0.0,0.0,0.0,0.0,0.0,0.0,0.0,0.0,0.0,0.0,0.0,0.0,0.0,0.0,0.0,0.0,0.0,0.0,0.0,0.0,0.0,0.0,0.0,0.0,0.0,0.0,0.0,0.0,0.0,0.0,0.0,0.0,0.011462447070959706,0.012691378572450925,0.0138778937943791,0.015262945719808236,0.01662033795369038,0.01811360485790388,0.020044294100602798,0.021737879904937554,0.0230952721388197,0.024136074965072484,0.025836219252969927,0.027714725778626582,0.0298074523380428,0.032073550984681405,0.03399825204673613,0.03615863078985877,0.03796178604240932,0.0396380488955948,0.041408839457520774,0.043041188985982165,0.04494649974880807,0.046601661394009244,0.0485554479049072,0.0507360011137716,0.052562966513169294,0.05474843858470571,0.05637401576600998,0.05765741119621744,0.05805705096635258,0.05743584851238225,0.05661247367380556,0.05562991303310404,0.05517267266820094,0.05455788612206368,0.0540918060619239,0.054178634681264715,0.05431415291227201,0.053897047615257966,0.05272372064831998,0.0516462045716891,0.05068175104864979,0.049371836532732326,0.04734362549097082,0.04505849298442746,0.043122314576138035,0.04159219184581681,0.040062924569873336,0.0385784973608965,0.0378261252356724,0.03663540402972033,0.03598967855025473,0.034158934894022004,0.0319837995628833,0.028287808923848922,0.02427537145291481,0.0200388762228771,0.015496128325607747,0.010978331181022538,0.006982503782589581,0.004164280622983321,0.003658350646413731,0.00477429088217819,0.006139596069054448,0.007133847919585106,0.007535483749934982,0.008217779904049052,0.008175791351674882,0.007774797112108311,0.006724584287700363,0.005583122996333267,0.004935971759571432,0.0038883965861615214,0.002970636614573962,0.002451090655825311,0.0018635360740461699
23,0.0,0.0,0.0,0.0,0.0,0.0,0.0,0.0,0.0,0.0,0.0,0.0,0.0,0.0,0.0,0.0,0.0,0.0,0.0,0.0,0.0,0.0,0.0,0.0,0.0,0.0,0.0,0.0,0.0,0.0,0.0,0.0,0.0,0.0,0.0,0.0,0.0,0.0,0.0,0.0,0.0,0.0,0.0,0.0,0.0,0.0,0.0,0.0,0.0,0.0,0.0,0.0,0.0,0.0,0.0,0.0,0.0,0.0,0.0,0.0,0.0,0.0,0.0,0.0,0.0,0.0,0.0,0.0,0.0,0.0,0.0,0.0,0.0,0.0,0.0,0.0,0.0,0.0,0.0,0.0,0.0,0.0,0.0,0.0,0.0,0.0,0.0,0.0,0.0,0.0,0.0,0.0,0.0,0.0,0.0,0.0,0.0,0.0,0.0,0.0,0.0,0.0,0.0,0.0,0.0,0.0,0.0,0.0,0.0,0.0,0.0,0.0,0.0,0.0,0.0,0.0,0.0,0.0,0.0,0.0,0.0,0.0,0.0,0.0,0.0,0.0,0.0,0.0,0.0,0.0,0.0,0.0,0.0,0.0,0.0,0.0,0.0,0.0,0.0,0.0,0.0,0.0,0.0,0.0,0.0,0.0,0.0,0.0,0.0,0.0,-0.015682842987523406,-0.019041239805173298,-0.021973921521066735,-0.023931520010591144,-0.026185114430071342,-0.02800222733774784,-0.028889411664178858,-0.0293754668700061,-0.029469552438404104,-0.029482769411932258,-0.029080033364455762,-0.028704695420159215,-0.02851789017120503,-0.02809655394517675,-0.0281654509348448,-0.028152233961316643,-0.02794968082900976,-0.027915734498823463,-0.027628215108121287,-0.027681042829062096,-0.027251792488185652,-0.026894773510238158,-0.026309811955394738,-0.025627430458892417,-0.025209790164671404,-0.024279700890738654,-0.023380504785934023,-0.022359342931489626,-0.02124963940635813,-0.02001395281440506,-0.018032933365710695,-0.016209714135917846,-0.01387183640196326,-0.011690834903958374,-0.009343596820970171,-0.006599648666278188,-0.004034029221286769,-0.0011737797341813737,0.0013760114811137113,0.003840997130700778,0.0065776739412936845,0.009383488780585548,0.01203636435476589,0.014232712004405292,0.016369723879269354,0.01876332180253565,0.020889848479555186,0.02304397412561376,0.024268773788004128,0.025386833332873792,0.026433183766048137,0.02711950223338863,0.02775214934318014,0.02762925961058856,0.02761949752983676,0.027914408784153466,0.02789018436154715,0.02793079943825525,0.027609092678335872,0.027719408208148385,0.02833349531255993,0.028576060923997643,0.029334369715236182,0.029576935326673895,0.03030816740010703,0.030693588810529925,0.03057439500974561,0.03046865922152036,0.029289255243284452,0.028612899722554846,0.0274194351341826,0.025224011467495016,0.022477211017603946,0.019184497335876655,0.016158654034537034
24,0.0001297972476908131,-0.000251695997067867,-0.0006384267487297884,-0.0006997562650483894,-0.0020912435829547175,-0.002600717843171635,-0.0032094090688378598,-0.0037535606933093027,-0.003703635425892921,-0.005030794332398954,-0.005564513181022811,-0.005790021643574472,-0.006175400780551685,-0.0059928905601572815,-0.006742445378745361,-0.007139186526665897,-0.006800944951817856,-0.006944216108396847,-0.006825020588389207,-0.007207443068243624,-0.007073590976498689,-0.0070618910618841894,-0.006566988897486774,-0.006174471545455949,-0.006130881971874134,-0.005360672791385368,-0.0047896578250553636,-0.003977590827299564,-0.0033974102238888875,-0.0034102928013525057,-0.00327132991658102,-0.0023928648474389664,-0.0016828025204196826,-0.0014078756459584062,-0.0015850638835317745,-0.000675722866435935,-0.00025211837665683806,0.00024109426938469288,0.0004707420519082694,0.0007907368285127601,0.0012926082561281983,0.0016402688958102947,0.002477974334616639,0.0023741111936886506,0.002551341669220916,0.0034441676443879863,0.004102446233799416,0.004388861833080705,0.0046410224476964405,0.0049569201422879116,0.005520585703769819,0.005875680224217806,0.006340002106373715,0.00641983184868925,0.006806689314227863,0.007026242224575031,0.006941343927191843,0.007172343324400127,0.007198911000546408,0.007503235494400072,0.007399668019184363,0.00751071161312486,0.007847939476959371,0.007071605792430525,0.006709077391216646,0.006628149461969787,0.006037198179040347,0.005801130226764411,0.004826278135419157,0.0040833124384190254,0.003367041131441867,0.0030959579112402272,0.002511595749898737,0.0018085026860974762,0.0013274968101772094,-0.00315858148179789,-0.0040126763925389585,-0.0056546161493230725,-0.007682006630960007,-0.010118393156610733,-0.011622015705147266,-0.012935752179744449,-0.014701281778477418,-0.016626042368948008,-0.017501928241736093,-0.017728748149653435,-0.017987700493131635,-0.018480213169228158,-0.017819559213946824,-0.016001491236380158,-0.014149167127798908,-0.012200214876072734,-0.010134874880023412,-0.007154175976122027,-0.0035543736801645484,-2.7977379238329064e-05,0.003150225201860369,0.006692872389736905,0.009523943098734949,0.013135425719687968,0.01587046846034323,0.01821715193671991,0.020126400316919743,0.021024954330311818,0.02189391510922903,0.02197697006838704,0.021873601500541132,0.020213610332400277,0.01772957916091794,0.015591064006299721,0.013064051085525498,0.010421896937324884,0.006465821645357198,0.0028831474149070132,-0.0008430609278401437,-0.004124955247832055,-0.007219456527678129,-0.011164359334867471,-0.01439099140576981,-0.016270785053372195,-0.018236357530388464,-0.01983134515072806,-0.02104873048593515,-0.021750334829639586,-0.02115565393530144,-0.020521730842361675,-0.018800891182742075,-0.017748553918124133,-0.01464754305003944,-0.01176928936813451,-0.008697133057845122,-0.005406420784990966,-0.0021300203728032807,0.0018233772162010006,0.005851334982548353,0.009579066845947103,0.012268773305394382,0.015091118396115126,0.01792168126489597,0.019762417383066628,0.020726205780722335,0.02143159584240951,0.021441844981338404,0.020857136222174315,0.02007353876703874,0.018783855451819726,0.016599496175776326,0.015114248209643842,0.012604178685207024,0.010234319228009155,-0.003098951537019094,-0.005096744242407479,-0.006364312017034885,-0.007821972901858572,-0.008381937445610959,-0.009364631171772352,-0.010757614358879045,-0.011282650289695972,-0.011231651858641917,-0.010932921465627361,-0.010666950481449613,-0.010647560452975937,-0.00977036087716334,-0.008255503835289444,-0.006841049954553222,-0.005757466103068745,-0.0051869654251228995,-0.0038291321983086705,-0.002101029112695726,-0.00043428351444469175,0.0005601416216379903,0.001347474170506374,0.0031802745559828963,0.00449158056835458,0.005383211991843931,0.006614257452565438,0.007289101274603653,0.00852089931633898,0.009356219972206144,0.010189238615560453,0.01041660662067645,0.010665002624707966,0.01154016580483611,0.011596520841929699,0.012096810138233416,0.012153519331098211,0.011675896004151852,0.011407224582218638,0.01119118956178132,0.011756422172630435,0.010900914637804373,0.010007512435458978,0.01021509198685869,0.00957575228088415,0.009714891229497775,0.00855303895257617,0.007716611559923978,0.007480212582642158,0.006986165281805995,0.007219775282389546,0.005935296569686923,0.005433811997655377,0.00482506249641899,0.004460459129959613,0.003935998702270902,0.00279251825598075,0.0016599280996552664,0.0014858162686347798,0.0010095652953018548,-0.00023914368450868756,-0.0015960472524234937,-0.0021273251787079736,-0.0023756326437966865,-0.003607652032889018,-0.0038682664110272344,-0.005569984891685129,-0.0059221928061522,-0.006227740697762523,-0.006657818612424111,-0.006849018459405418,-0.007746272105762708,-0.007186484639895927,-0.0064279715169096524,-0.006282324956000067,-0.005504775960311324
25,-0.011118190120398254,-0.007524070212845779,-0.003647000284238112,0.001395110900729711,0.0063790318500049495,0.011677543760993222,0.01793052101292911,0.023134764742095398,0.02791654736013352,0.02996571651004788,0.030539326758387532,0.029853482092955807,0.026882725085260142,0.02286294360361641,0.015679940909723793,0.007211443171587369,-0.0015639353220328217,-0.01106596438386416,-0.01999489236191816,-0.029226627778957442,-0.036896464532213145,-0.041419955241570806,-0.04341842614863801,-0.04217999245751058,-0.039522298917841016,-0.03299211793062458,-0.023555916572920478,-0.012810216698749377,-0.0001630781355284678,0.011648375905352315,0.024465357219000956,0.03591014003722384,0.04432772131912925,0.05057153360894356,0.052038436712959,0.051618594162437,0.04819431700531225,0.04095647001427938,0.031381412206653844,0.019280098054229373,0.006505304661457857,-0.006302511690069201,-0.01866582737869953,-0.029244448538638296,-0.038447743477982826,-0.04361656390117125,-0.04567067922111948,-0.04433230380019004,-0.04027091630002611,-0.03396265832418227,-0.024980195329291095,-0.014829199663898208,-0.0036672941289359003,0.006685185227542559,0.015702198674876208,0.024176369960992657,0.03023761038632148,0.03482198262977251,0.03605343349261683,0.03440657708472208,0.0319920459924529,0.027281182724165114,0.021525441036222358,0.013954163994670971,0.006108447254034432,2.9386069024755122e-05,-0.006494903156827808,-0.01137706393143564,-0.01577559110964348,-0.018503694834501067,-0.01845219647591313,-0.01796223469138157,-0.01562276900315583,-0.013564871317887582,-0.010548653188557085,0.0,0.0,0.0,0.0,0.0,0.0,0.0,0.0,0.0,0.0,0.0,0.0,0.0,0.0,0.0,0.0,0.0,0.0,0.0,0.0,0.0,0.0,0.0,0.0,0.0,0.0,0.0,0.0,0.0,0.0,0.0,0.0,0.0,0.0,0.0,0.0,0.0,0.0,0.0,0.0,0.0,0.0,0.0,0.0,0.0,0.0,0.0,0.0,0.0,0.0,0.0,0.0,0.0,0.0,0.0,0.0,0.0,0.0,0.0,0.0,0.0,0.0,0.0,0.0,0.0,0.0,0.0,0.0,0.0,0.0,0.0,0.0,0.0,0.0,0.0,0.0,0.0,0.0,0.0,0.0,0.0,0.0,0.0,0.0,0.0,0.0,0.0,0.0,0.0,0.0,0.0,0.0,0.0,0.0,0.0,0.0,0.0,0.0,0.0,0.0,0.0,0.0,0.0,0.0,0.0,0.0,0.0,0.0,0.0,0.0,0.0,0.0,0.0,0.0,0.0,0.0,0.0,0.0,0.0,0.0,0.0,0.0,0.0,0.0,0.0,0.0,0.0,0.0,0.0,0.0,0.0,0.0,0.0,0.0,0.0,0.0,0.0,0.0,0.0,0.0,0.0,0.0,0.0,0.0,0.0,0.0,0.0,0.0,0.0,0.0
26,0.0,0.0,0.0,0.0,0.0,0.0,0.0,0.0,0.0,0.0,0.0,0.0,0.0,0.0,0.0,0.0,0.0,0.0,0.0,0.0,0.0,0.0,0.0,0.0,0.0,0.0,0.0,0.0,0.0,0.0,0.0,0.0,0.0,0.0,0.0,0.0,0.0,0.0,0.0,0.0,0.0,0.0,0.0,0.0,0.0,0.0,0.0,0.0,0.0,0.0,0.0,0.0,0.0,0.0,0.0,0.0,0.0,0.0,0.0,0.0,0.0,0.0,0.0,0.0,0.0,0.0,0.0,0.0,0.0,0.0,0.0,0.0,0.0,0.0,0.0,0.0034000534361089056,0.007007691625036113,0.011054295767842698,0.015127535021499695,0.018490685843709276,0.0212263714354768,0.02287943942635167,0.023322029204836545,0.02192105861235085,0.018543291697565762,0.013313267232756904,0.0064710635980385536,-0.001389857530362166,-0.010098210042758694,-0.019070860163049576,-0.027552784034679208,-0.0349707530021345,-0.04022753337194729,-0.043164462023473495,-0.043277646145318566,-0.040280199622880535,-0.034333865827718156,-0.025466970988831068,-0.014471441576674205,-0.0019932243271776552,0.01110521050354995,0.0238560601575335,0.035537217185050665,0.04465180043572357,0.05104724689366072,0.05397112977660713,0.05307562231951171,0.048853866654106036,0.04135460322133406,0.03105684123696592,0.018856631731787858,0.005864374962001357,-0.00690006403425281,-0.019039453683135255,-0.029295843669923955,-0.03726620430141073,-0.04194081724835019,-0.04338062316119148,-0.0421026210169857,-0.0379352227206625,-0.03133768764389205,-0.022902390315519827,-0.013334647797929346,-0.003817880413122875,0.0053511810007860205,0.013383207047643024,0.01994196720113464,0.024677158416062685,0.02716914180311044,0.02778748707496199,0.02629972588317461,0.023444756064809426,0.019434027785597278,0.014304806041898035,0.008910259939999549,0.00323148519487647,-0.0014540596229562467,-0.005408377032476138,-0.008708594100703562,-0.010905477370710228,-0.012172124864485448,-0.012022158922894571,-0.011100076752025494,-0.009558139382385911,-0.007777150382936947,-0.005994772250722542,-0.0037175004715505684,-0.0017782107339180816,-6.534963705248843e-05,0.0012104782123899935,-0.0029405290423129226,-0.0063797464066870134,-0.010478408712136926,-0.014347994339013393,-0.0178201087743194,-0.020520014085739086,-0.021932663627091568,-0.022310047758897382,-0.020692859025151025,-0.017604383374990724,-0.01249787990925366,-0.005710017372138874,0.002266530004042359,0.011089139526238608,0.01993021230396703,0.028427339288899046,0.036031674650459374,0.04131926235856573,0.044284328887058216,0.04429040311770561,0.041411157649944096,0.03533253671703425,0.02639205103574009,0.015618230235088397,0.0030264102439414016,-0.00985811549533291,-0.022579960106872604,-0.03399271780255298,-0.043145741415608375,-0.049614917336876306,-0.05228198571826157,-0.05152252646464502,-0.047284216995202584,-0.03989608816015093,-0.029829945300369205,-0.01733236609560304,-0.004340368572498131,0.008583248750150489,0.020514841968554177,0.03072448100976836,0.03876742393678842,0.04348379340044989,0.045136344981925626,0.04353208654114154,0.039222209403675365,0.03277955561820447,0.024448958778447005,0.015166812658461391,0.005312606321465912,-0.003730660153653929,-0.0115243792014384,-0.018276518045438818,-0.022941707605328696,-0.025594402312211717,-0.026139459266244565,-0.024739078467981866,-0.02200922298960771,-0.01788121192617832,-0.013078239570118382,-0.007677226129329034,-0.0022249726438705953,0.002563144910507106,0.006774932244152514,0.00968418801976599,0.011843667226260245,0.012992238086694904,0.012971489477057771,0.012090425328698376,0.010499939153441544,0.008709965621180744,0.006922337583922404,0.004753476397418315,0.00274867957929132,0.0008139469067505848,-0.00028711264465991514
27,0.0006522525135198194,0.004005779536381272,0.0075708917438823,0.01097912877213059,0.013532916714688365,0.016439545784031135,0.01810141554204532,0.01840722825546347,0.017900413884188844,0.014678071382824379,0.010598121807938954,0.004633792359526893,-0.0021472610226552754,-0.008863020872667507,-0.016223949101336673,-0.023193286839031105,-0.02910324768614611,-0.03282019936257566,-0.03449401826373205,-0.03426911831959116,-0.032343343200179,-0.02666400081570867,-0.018374965568979502,-0.008159301692613736,0.0023994732939783673,0.014424493495142177,0.026892400151769785,0.037735564745146506,0.04783924808006527,0.05401994237037379,0.05746641665667715,0.05719448829916941,0.05355068244897468,0.046582198221504695,0.0356530851485265,0.021948186123612743,0.007178789146772898,-0.007879008934906449,-0.02301746373279572,-0.03800578608220535,-0.049370957528851796,-0.057790835892988175,-0.06202091791635323,-0.06199898270358503,-0.05933381167673736,-0.05178109970063571,-0.04051886158705717,-0.02644567290029599,-0.011766662656224725,0.0034143823018642837,0.018199569217856336,0.03104122800176781,0.04235373786756608,0.05019288787499101,0.05425602329845489,0.0542748858744151,0.0510522873199833,0.04632981524813671,0.03793229885188076,0.027653133814816388,0.016713437215055093,0.005621986497387724,-0.004194490647005758,-0.013404378074887154,-0.020669542456373747,-0.02583216975096591,-0.02878907057252841,-0.029107685939313215,-0.027065492025286953,-0.023695662957138625,-0.019279515704844857,-0.014029659665314555,-0.007725121041439263,-0.0022868099443518084,0.0024651935812605263,0.0,0.0,0.0,0.0,0.0,0.0,0.0,0.0,0.0,0.0,0.0,0.0,0.0,0.0,0.0,0.0,0.0,0.0,0.0,0.0,0.0,0.0,0.0,0.0,0.0,0.0,0.0,0.0,0.0,0.0,0.0,0.0,0.0,0.0,0.0,0.0,0.0,0.0,0.0,0.0,0.0,0.0,0.0,0.0,0.0,0.0,0.0,0.0,0.0,0.0,0.0,0.0,0.0,0.0,0.0,0.0,0.0,0.0,0.0,0.0,0.0,0.0,0.0,0.0,0.0,0.0,0.0,0.0,0.0,0.0,0.0,0.0,0.0,0.0,0.0,0.0,0.0,0.0,0.0,0.0,0.0,0.0,0.0,0.0,0.0,0.0,0.0,0.0,0.0,0.0,0.0,0.0,0.0,0.0,0.0,0.0,0.0,0.0,0.0,0.0,0.0,0.0,0.0,0.0,0.0,0.0,0.0,0.0,0.0,0.0,0.0,0.0,0.0,0.0,0.0,0.0,0.0,0.0,0.0,0.0,0.0,0.0,0.0,0.0,0.0,0.0,0.0,0.0,0.0,0.0,0.0,0.0,0.0,0.0,0.0,0.0,0.0,0.0,0.0,0.0,0.0,0.0,0.0,0.0,0.0,0.0,0.0,0.0,0.0,0.0
28,-0.037037635886371816,-0.037992440375063004,-0.03870784749516274,-0.03895515422307016,-0.03496087206879796,-0.029934641322647226,-0.02741718137191943,-0.021540026102741323,-0.016674990327438355,-0.012356034543217433,-0.008665928524328652,-0.00482214699591362,-0.0004697713835971016,0.003953955561703516,0.007899778965237102,0.011382960548500649,0.016669698854656554,0.021441660408713287,0.025376622368115803,0.02876166105620528,0.03021291709125656,0.03254456279777283,0.03767834969067789,0.041174175108904275,0.012990064381904391,-0.028304756306424983,-0.03239690285730379,-0.03662100202944671,-0.037900090250092174,-0.03382014193646826,-0.031132185162739433,-0.028824935930732945,-0.023205336136744897,-0.018051775845549945,-0.01368018383207846,-0.009539355731607068,-0.0056278433515849595,-0.0021150852204568104,0.002263135058920303,0.006631942086717156,0.01089569945486685,0.015336080614501774,0.020240161888963097,0.024501858367713566,0.028124400634135748,0.029811823454395908,0.03201636241472193,0.039660535394741216,0.0438469258608496,0.012590029039600102,-0.027077301720187217,-0.03011120941441896,-0.034346337129833426,-0.03256038151640475,-0.029163255990487365,-0.028251674479466478,-0.026228660885413035,-0.02156715186321225,-0.017056143466868633,-0.013461228258338809,-0.009428179103475716,-0.0057104460266945755,-0.0023139888973391022,0.002002627498915128,0.006512800399556355,0.011184223970758835,0.014663228075510432,0.019338940524651845,0.02334475251961703,0.027081033600991226,0.029510933602108554,0.03204059179009124,0.040212630954880466,0.04577073826517262,0.02583770459640805,0.0,0.0,0.0,0.0,0.0,0.0,0.0,0.0,0.0,0.0,0.0,0.0,0.0,0.0,0.0,0.0,0.0,0.0,0.0,0.0,0.0,0.0,0.0,0.0,0.0,0.0,0.0,0.0,0.0,0.0,0.0,0.0,0.0,0.0,0.0,0.0,0.0,0.0,0.0,0.0,0.0,0.0,0.0,0.0,0.0,0.0,0.0,0.0,0.0,0.0,0.0,0.0,0.0,0.0,0.0,0.0,0.0,0.0,0.0,0.0,0.0,0.0,0.0,0.0,0.0,0.0,0.0,0.0,0.0,0.0,0.0,0.0,0.0,0.0,0.0,0.0,0.0,0.0,0.0,0.0,0.0,0.0,0.0,0.0,0.0,0.0,0.0,0.0,0.0,0.0,0.0,0.0,0.0,0.0,0.0,0.0,0.0,0.0,0.0,0.0,0.0,0.0,0.0,0.0,0.0,0.0,0.0,0.0,0.0,0.0,0.0,0.0,0.0,0.0,0.0,0.0,0.0,0.0,0.0,0.0,0.0,0.0,0.0,0.0,0.0,0.0,0.0,0.0,0.0,0.0,0.0,0.0,0.0,0.0,0.0,0.0,0.0,0.0,0.0,0.0,0.0,0.0,0.0,0.0,0.0,0.0,0.0,0.0,0.0,0.0
29,0.0,0.0,0.0,0.0,0.0,0.0,0.0,0.0,0.0,0.0,0.0,0.0,0.0,0.0,0.0,0.0,0.0,0.0,0.0,0.0,0.0,0.0,0.0,0.0,0.0,0.0,0.0,0.0,0.0,0.0,0.0,0.0,0.0,0.0,0.0,0.0,0.0,0.0,0.0,0.0,0.0,0.0,0.0,0.0,0.0,0.0,0.0,0.0,0.0,0.0,0.0,0.0,0.0,0.0,0.0,0.0,0.0,0.0,0.0,0.0,0.0,0.0,0.0,0.0,0.0,0.0,0.0,0.0,0.0,0.0,0.0,0.0,0.0,0.0,0.0,0.001596700926425223,0.0016954612831058266,0.0017611010939894342,0.0019142773549598072,0.002329862539287015,0.0027329711488737504,0.003092737440586959,0.003620812224481876,0.004156252697079,0.004696954375891985,0.005408219349550619,0.006192790463150259,0.0069745054933755745,0.007672241651050565,0.008564692545438303,0.009756481020145636,0.010990359144579865,0.012169771257998459,0.013433312564144973,0.014806637706662469,0.016356839591484647,0.0180107623988481,0.019574593313105654,0.021079799358100747,0.02267274228008607,0.02436830377664363,0.02618782931299206,0.02781740025158495,0.02931879818541428,0.03066742071208016,0.03196122648064934,0.033132771838107075,0.03423572108785515,0.03526997401644182,0.03617244625600263,0.037003215770850126,0.03779645534802447,0.03852615959680155,0.038803600537917995,0.039060998788688295,0.03911155647508643,0.03949717783734616,0.03973102592695974,0.04003026329382761,0.04031166266628741,0.040913043590123335,0.041250311961923004,0.04117189493594373,0.040738571970660185,0.03996692839233381,0.03898929606397498,0.03768692204528282,0.03729884545345569,0.03717047202178866,0.03738808553222187,0.0376902791959158,0.03751806237911659,0.03661163170821242,0.03458661848909019,0.030501617556191716,0.025172616940234215,0.01980197763508261,0.014871024849399443,0.011153556750723308,0.008163337671256854,0.006047180317785554,0.004617234575040214,0.004182007554173789,0.004997845264713407,0.0061620750401948,0.006971899943630577,0.005923516918349871,0.004419062474242757,0.0027779669887008345,0.0014549489989521497,-0.0007053564254709036,-0.0010068106265388075,-0.001247343354961451,-0.0013712685771490264,-0.0018243720299481493,-0.002443879153634765,-0.0028045890058302856,-0.0032992785029448742,-0.0038833869193815587,-0.004523716812038722,-0.005191889721490791,-0.006003858724090899,-0.007049280713663665,-0.007922528150662815,-0.008885967924117253,-0.010082920178169977,-0.011609348130962401,-0.013097819150602798,-0.014551783867377715,-0.01597861949086529,-0.01785064591494318,-0.01990156967129089,-0.02174004169051338,-0.02362598962298872,-0.02538057563007272,-0.027429655084025895,-0.029539537023373072,-0.03131922934047299,-0.033094995078281314,-0.03463189390918464,-0.03622102814339123,-0.037482947436632066,-0.03877604138970309,-0.040115718851642515,-0.04120016865962865,-0.042166226152610814,-0.042948983785026526,-0.04385876030816258,-0.044347381455462895,-0.04447160414577862,-0.04445536238598159,-0.04484754436613546,-0.0451234163081824,-0.045701396881179183,-0.045862267644883076,-0.04658112912337202,-0.047070880649559305,-0.04703536295505811,-0.046488616535517155,-0.04548567299464431,-0.04440074723765313,-0.042909063562228705,-0.04240176141648053,-0.0423495855068029,-0.04259422329539402,-0.04305535838765321,-0.04294136860094587,-0.041948836444558296,-0.03946741681315091,-0.03456704585724779,-0.028276606338496525,-0.02196135797785749,-0.016141513037840602,-0.011697934139525676,-0.008072630568127652,-0.005622742558304242,-0.004001957715262422,-0.0035421314827670932,-0.004453930789174572,-0.005792477872227023,-0.006874131479808542,-0.00570436781266879,-0.0038530451703101885,-0.0018291910136241903,-0.00039711995108116405
30,-0.003321954208086581,-0.0037348411522563504,-0.004314755673524333,-0.004997499949558647,-0.005706811845418231,-0.006430017299842178,-0.007178309555937199,-0.008180692785902097,-0.00902759010967648,-0.009643697568772003,-0.01014229775198461,-0.010424175842983212,-0.010546256233754084,-0.010660976087229102,-0.01096371629281181,-0.011347683729499644,-0.011951465555135246,-0.012781551237512,-0.013804840135536128,-0.015019415896302199,-0.01631665615285247,-0.017561762899680037,-0.018769631425277107,-0.020111122012552746,-0.021750126388396282,-0.02323124941691752,-0.023812601202864575,-0.023867522134995173,-0.023866607512017583,-0.024019218888849954,-0.02495535728315217,-0.02629941752546009,-0.027666561109583408,-0.02878453526252579,-0.029347071947219538,-0.029481390864500086,-0.02944859509773217,-0.029438969779729898,-0.028964236900884913,-0.02816023975010707,-0.027268700114331208,-0.026976543403203487,-0.026660911368984255,-0.026345714869516257,-0.02613630976112298,-0.02569502595117276,-0.02500261280366105,-0.02399413208717888,-0.022919058107233038,-0.021474824872141314,-0.02010903144574682,-0.019006823650799105,-0.01822072697829698,-0.01744111977358824,-0.017004975273702577,-0.016960681389502085,-0.017129102677804247,-0.017792509210883777,-0.01860003419314661,-0.01940050351243946,-0.020139867306134183,-0.02023067630176646,-0.019699106137885444,-0.018283139108148803,-0.01611556975820776,-0.013269306605418883,-0.010225876870746402,-0.0070621088843079854,-0.0040982513486859445,-0.0015505472678679268,0.0001139794443979204,0.0010513808894787155,0.001534737356398135,0.0019324241377498396,0.0023059387404080612,0.0,0.0,0.0,0.0,0.0,0.0,0.0,0.0,0.0,0.0,0.0,0.0,0.0,0.0,0.0,0.0,0.0,0.0,0.0,0.0,0.0,0.0,0.0,0.0,0.0,0.0,0.0,0.0,0.0,0.0,0.0,0.0,0.0,0.0,0.0,0.0,0.0,0.0,0.0,0.0,0.0,0.0,0.0,0.0,0.0,0.0,0.0,0.0,0.0,0.0,0.0,0.0,0.0,0.0,0.0,0.0,0.0,0.0,0.0,0.0,0.0,0.0,0.0,0.0,0.0,0.0,0.0,0.0,0.0,0.0,0.0,0.0,0.0,0.0,0.0,0.0,0.0,0.0,0.0,0.0,0.0,0.0,0.0,0.0,0.0,0.0,0.0,0.0,0.0,0.0,0.0,0.0,0.0,0.0,0.0,0.0,0.0,0.0,0.0,0.0,0.0,0.0,0.0,0.0,0.0,0.0,0.0,0.0,0.0,0.0,0.0,0.0,0.0,0.0,0.0,0.0,0.0,0.0,0.0,0.0,0.0,0.0,0.0,0.0,0.0,0.0,0.0,0.0,0.0,0.0,0.0,0.0,0.0,0.0,0.0,0.0,0.0,0.0,0.0,0.0,0.0,0.0,0.0,0.0,0.0,0.0,0.0,0.0,0.0,0.0
31,0.017536086791017612,0.017396051254394994,0.01327584815097548,-0.0013677889623604613,-0.006682626073246825,-0.012273847494676646,-0.01625604278095952,-0.015915938921720295,-0.017994351394848892,-0.02131802941654879,-0.022326051785260533,-0.024854187861961287,-0.019900653495849387,-0.022081066403727236,-0.01736907644062697,0.004409675421554291,0.018681871192685873,0.024500995995130743,0.02991949258398216,0.034715663628773076,0.036933927300389205,0.03880588106221811,0.04021213524876715,0.043714068247098115,0.04289284185527657,0.04056723194299361,0.04081111129571637,0.03491419580026394,0.009127256974752258,-0.010613022343569686,-0.025141571014565055,-0.03170787972457072,-0.03639983827699131,-0.0366164355857209,-0.04042314096739903,-0.040402433650224036,-0.04207997212557906,-0.03799165951952995,-0.03712656065155722,-0.033286244283247855,-0.010627707948331778,0.01064798514319157,0.02107925008556349,0.02893746189231797,0.0351738053405143,0.036849254650338316,0.03764190863122106,0.03707789538389372,0.03831271510480998,0.03825274376486102,0.03552976227937118,0.035632622958750845,0.03065782826105868,0.01256221378400089,-0.01119006215244332,-0.023801985786873214,-0.02618590799588933,-0.03100788637959271,-0.03011722595688764,-0.03204595586432396,-0.029961706016917545,-0.03249057944615866,-0.032286640022705176,-0.029506636607427805,-0.028507401023155306,-0.016931211923745536,-0.0005862567156280845,0.008421917823856673,0.013111541426566141,0.015638694366546423,0.015793169723751013,0.016482410010848825,0.014672823984725034,0.016181078606023323,0.01591133046834307,-0.0045941476763964395,-0.004046899912391337,-0.0024188243266081624,-0.00036225416123155204,0.0012954947341345475,0.0016415035076954474,0.001446738693887519,0.0016747136359963378,0.001954961559835078,0.0019451903488007002,0.0017995813205644864,0.000948107200734441,9.417529162580974e-05,0.0002470377955378497,-0.0001486662783144546,-0.0013582582798584322,-0.0021313828731735615,-0.002170407771231106,-0.0035345407669261576,-0.004465323550550567,-0.004536659385709519,-0.004447759349120674,-0.0038493775789049944,-0.0029535433599004748,-0.002214048517445994,-0.0022274764393582676,-0.0018788300382788852,-0.0008418827470355646,-0.0019177350441764987,-0.0013998608593544933,0.0012598268165550715,0.002895395662333934,0.004021662612725858,0.0043062266543221145,0.004533362351311417,0.0039220921739031534,0.0031137192855683065,0.0023865133895067544,0.0027968443068706423,0.003222461474625734,0.0032829470693109294,0.0021181347895011847,0.0005688283527926853,-0.0019216315393742564,-0.003589451376174561,-0.0034124905481163876,-0.0026881620638931803,-0.0017705674178611817,-0.0016974332003032646,-0.0018125896199170013,-0.0012930968909359273,-0.0005788393481469247,0.000427895118793781,5.6828883807299574e-05,0.000780438015070921,0.003788412415580075,0.005622342839964796,0.006976165109905781,0.0067266695250893455,0.005802840486740935,0.004607395760068816,0.0036001817244883864,0.0029637341934946105,0.0025522043545314127,0.002993047826597743,0.005248219354900074,0.0054080955501680785,0.0045568612146578945,0.0037303846101734654,0.0031803193804099835,0.002955941203099095,0.003138536962674026,0.00346194606408793,0.004427257789772471,0.005087743698832415,0.015405462046430982,0.017374008165125215,0.01416268005279296,0.00042035445099223835,-0.005656708153202485,-0.011941407282793541,-0.015693291243942413,-0.014703527936103801,-0.016742687995502444,-0.02017234109571979,-0.021758672468368004,-0.02414967568641292,-0.019075109094005158,-0.020787832995755387,-0.0171298089210515,0.0032519209070299925,0.017429786753522827,0.023288349149135922,0.0279943098029287,0.03295492453568857,0.03486728321769328,0.03690953884273074,0.03933348355172461,0.042421164259200596,0.040943878566697234,0.03821586754231284,0.03924488028617574,0.033424107154115784,0.008088304165945137,-0.008217032971000978,-0.022448749978229515,-0.029584904879192648,-0.033618134872081075,-0.034352017556076836,-0.03854084352749011,-0.03902667211208834,-0.04053281081262146,-0.03572463808584877,-0.03486880179706327,-0.03150030071993733,-0.010077818361324965,0.009086069218925602,0.019259558080559763,0.02591111094180043,0.03345839200373819,0.0347882586835551,0.03631507342627958,0.03604231320867033,0.036414890816406816,0.03667141391613697,0.033806321900161806,0.034412293475685564,0.029643370184937158,0.011579167696152737,-0.008837255829843077,-0.02093770509819336,-0.023801745789989302,-0.02864618920094515,-0.029002471283903694,-0.03154159439742121,-0.02949034410996152,-0.03133670299627063,-0.03074568358685136,-0.02859192919191753,-0.025789858219796832,-0.014824138182220097,-0.0009989915978562242,0.00768167533618163,0.01175689988934009,0.014591211469623592,0.014800950643378368,0.01605488835469591,0.014702126170531507,0.01583364302186854,0.015452304379305205
32,0.0,0.0,0.0,0.0,0.0,0.0,0.0,0.0,0.0,0.0,0.0,0.0,0.0,0.0,0.0,0.0,0.0,0.0,0.0,0.0,0.0,0.0,0.0,0.0,0.0,0.0,0.0,0.0,0.0,0.0,0.0,0.0,0.0,0.0,0.0,0.0,0.0,0.0,0.0,0.0,0.0,0.0,0.0,0.0,0.0,0.0,0.0,0.0,0.0,0.0,0.0,0.0,0.0,0.0,0.0,0.0,0.0,0.0,0.0,0.0,0.0,0.0,0.0,0.0,0.0,0.0,0.0,0.0,0.0,0.0,0.0,0.0,0.0,0.0,0.0,0.025684618954687304,0.035608785783347766,0.04070164939928781,0.04236559616135682,0.04084899592662736,0.04008463190890117,0.040105886817384605,0.04126059097796531,0.04269817296468579,0.04317040701963824,0.042781004593334455,0.041982007577667624,0.042885591245960274,0.044149070526426776,0.04405323589494119,0.04341883939114751,0.04266366499561858,0.0420190786386402,0.04259502414410444,0.04247662180096439,0.04166806007648002,0.04031062159762941,0.041751954450552846,0.04280425996379279,0.043827683807269965,0.04394952444442939,0.043100765937136645,0.04241667045615377,0.04142869229829456,0.04140487429790578,0.04246930761186862,0.04190423961839296,0.042564454584550326,0.042514818121797845,0.04159516824326919,0.03626081135829535,0.015169753213497627,-0.014525479428702824,-0.029916908834795287,-0.03834091672558258,-0.04122133191170768,-0.03997498158690136,-0.03998054537176908,-0.03956594962746876,-0.04064651166610433,-0.04269904816679981,-0.04302024734264648,-0.04214704569059779,-0.04203764542634484,-0.04270936304885795,-0.04365689436616193,-0.043810429822736356,-0.04325955260639522,-0.042324461661997714,-0.0421267284986651,-0.04283232894587827,-0.04281269941274945,-0.04237047228742067,-0.041429442471535155,-0.041287847272373474,-0.04118938703454582,-0.040801860041343514,-0.03971242095269428,-0.03971467147241606,-0.04035563199206491,-0.040870125806237355,-0.04121833121874532,-0.041110056214353256,-0.04012570389382357,-0.04015221001499114,-0.03971810976643544,-0.0407622884029023,-0.03905283113090407,-0.026249436890416106,-0.012448999898745119,-0.022446118119413334,-0.030185330826391795,-0.0353234480423649,-0.03679888123993565,-0.036341741866168245,-0.03652833425399367,-0.03656791627207858,-0.037406444258830614,-0.03858857530121238,-0.03943369031064118,-0.03946722424426834,-0.03878480869495561,-0.038793850880630074,-0.03871175262526786,-0.038591928694575096,-0.03806245183541195,-0.03878696444783164,-0.039375305336915314,-0.039004994898432524,-0.038487015387941546,-0.037228774292630995,-0.035399498213269355,-0.034190719670058864,-0.03388765674490339,-0.03320368426295797,-0.03236844978754432,-0.031223206072152433,-0.030154910758030014,-0.028965414226655137,-0.02713661720348817,-0.024018679960454193,-0.022222398876500703,-0.019966882547928107,-0.017404710372739992,-0.013913947646201182,-0.008926014547258294,-0.009890654077258186,-0.005702565177347426,0.004982304188655471,0.011912690392951671,0.015895623477493404,0.016816070073534646,0.018503246109151193,0.02109955103820981,0.02382891382533906,0.026509951818830597,0.02933213174367788,0.031708789407478594,0.0332305114098597,0.034047062693681074,0.03550267494119721,0.03619311468177072,0.03672983726587831,0.03737800029727186,0.037871009003615466,0.03839731211548889,0.03881618687570674,0.03905936777652799,0.03824066073983058,0.03779430013044333,0.03871947740640698,0.03985172672251834,0.040319046040422565,0.039735795123407296,0.03940303071418206,0.03908565598521071,0.03885726594440001,0.03897810786950646,0.03901517484256934,0.03904655302332047,0.039888853577605556,0.037585671157662925,0.03615892204587588,0.03503858925260703,0.026082034872938285
33,-0.021246092510260856,-0.02655232062268688,-0.029880615853034937,-0.03220573561012176,-0.03229454947749843,-0.03129439972717387,-0.030079482976245752,-0.02903899025343213,-0.02772855558234607,-0.026701174325591395,-0.02593329330658257,-0.02445567261126976,-0.023588120719052655,-0.022655901415051603,-0.02175999078629071,-0.020709412320354822,-0.019662630840064962,-0.018625757119195212,-0.017760341031403996,-0.016687277291095523,-0.015738208863290214,-0.01445470905913068,-0.01349656346251533,-0.012460876299659964,-0.01149163638561012,-0.010415843561868563,-0.00922020837867419,-0.008632387538348189,-0.00846039595416318,-0.00803400633169417,-0.00645101928470403,-0.004600522733370941,-0.0036359697234779158,-0.0019953752848894156,0.000156862969501609,-0.00026211066537749943,-0.00044584917390491364,-0.0022079471531663694,-0.0012115943884878438,0.0005008461378716275,0.0027016146150509717,0.004832316841480921,0.006406048735958863,0.007512988707578009,0.008110539323621959,0.009051895124333771,0.010040653917720237,0.011057178168643296,0.011900108982061928,0.012760185558788412,0.013918088197125365,0.014969319269969165,0.015801452405456898,0.01661347338260082,0.017346825563391056,0.018910115747342415,0.020352495669628014,0.020818990952983216,0.021409659532543736,0.02229934073172911,0.023202014741171992,0.023207176268534566,0.022465755493246514,0.023776842771240484,0.025861328563010162,0.028371373386638782,0.02918517420080428,0.028989273472629425,0.029415010488190525,0.02974119528634478,0.03161459240735549,0.03193834476158025,0.03166662297628624,0.028008642601641494,0.02052691969774251,0.02055661699865168,0.02611039378231887,0.03223653457176073,0.0365707347705588,0.03809893528697111,0.03909579943619365,0.03881562301984801,0.03806410288502922,0.03788937192501583,0.0379820476078594,0.03814944543062187,0.03813130223759587,0.038446563922685154,0.03863140955476878,0.039018106111354124,0.03888731075814584,0.03866959244183393,0.03887706965267472,0.04049851480223455,0.04170235042869437,0.04177846333602292,0.04134745187242984,0.04009531868683463,0.03825052893462382,0.03623303115681368,0.037007182870389635,0.03920345747704126,0.042518478031361814,0.04274548920263825,0.04074006581461196,0.03906438073607547,0.037807126997744696,0.039113057595413496,0.040029257234875874,0.03719860303931891,0.026685981839815933,0.008047169882382103,-0.009375479192006306,-0.0207176299346698,-0.030226180281100197,-0.03651971889330453,-0.037935330466234984,-0.03786945866437755,-0.03852368829722073,-0.03835572152415431,-0.03800316198580603,-0.037899739463887826,-0.03819306495392477,-0.03793046278030118,-0.038009041138946854,-0.038238517761540414,-0.03898712992813901,-0.03910338544024633,-0.03897973357418765,-0.038510539223529414,-0.038718079651070644,-0.03927931751756806,-0.039571062590094026,-0.039395320162873615,-0.03872275768690313,-0.037868700063972284,-0.036989545410967155,-0.03733900733099393,-0.03781781062011889,-0.03942149187685536,-0.04030399701498376,-0.03978625223838837,-0.03928209905238737,-0.03825084501812602,-0.03830205054548161,-0.03714853541257123,-0.03529811937402135,-0.03037720497844896,-0.02323346496204056,-0.01740362084755627,-0.021955708440996657,-0.02668078243041278,-0.030791499386678578,-0.03384697055346028,-0.03478490812732995,-0.034766070740030186,-0.03513630462312746,-0.034701577628994534,-0.0342717800446223,-0.03447376847791138,-0.03455874211283369,-0.034023842470349674,-0.03383094997173805,-0.033909879211358566,-0.03401539205361707,-0.033807007124329005,-0.03362573394872471,-0.03307111666719795,-0.03279988176346113,-0.03285557235706698,-0.03242782869342836,-0.03186071183715129,-0.03092424134951992,-0.030197446827066328,-0.029291198315943928,-0.028172163616818565,-0.027150250026668633,-0.02611360689068617,-0.025731460267333906,-0.024193953889595977,-0.02149721464980328,-0.018673191007975716,-0.01532547626252474,-0.011437345630333747,-0.009515462658161339,-0.007697977542706326,-0.006687213807967469,-0.004448733625570018,0.0002000518794545264,0.0046271899955967755,0.009269109537026077,0.01349085557980639,0.016835694836230295,0.018976408391707465,0.021536473877540176,0.023951004408533573,0.026243355997601383,0.028080030601053355,0.029374352763930748,0.030942609269223435,0.0324348707073722,0.033110493261833907,0.034041623555557864,0.03440334833847301,0.03533823437296701,0.036335383547414446,0.03642458239070306,0.03659317994120844,0.03654517687949128,0.03697896493843169,0.03691629101433153,0.03587917841075282,0.034896054580743525,0.03523823777496451,0.03638086322080173,0.037877760651463525,0.03757565825327288,0.03667709727403917,0.035989327245524345,0.03578158783418113,0.03650544818415813,0.03615369958766343,0.034568542248905536,0.02933274619821257,0.02081683873592948
34,0.02970932851490744,0.03348527073323915,0.03744575206207342,0.039681395473647574,0.04304459757925141,0.04475691651162818,0.045764385683999154,0.04670949176500683,0.04691582318252853,0.048104122136547744,0.0493880908639347,0.05117405542960667,0.052954996945788424,0.05409275629416749,0.05545547098202434,0.05625807701287844,0.055579037999483966,0.054659588109718694,0.05343295942420481,0.05270214436221875,0.0528358347563433,0.05384276298492302,0.05458710164169047,0.055687922256895235,0.05702799458320382,0.057807185475665004,0.05840577841953135,0.058541941699558786,0.05874270912379901,0.059144939471439645,0.05977815281794634,0.060796749976880275,0.06087549593735017,0.06133815743424248,0.06164286334408821,0.06095377823171328,0.06086251328636004,0.060214385346751595,0.059598636756934005,0.05978495325417926,0.05946061881247941,0.059852416672717255,0.05955899330480343,0.05934987989064098,0.059468114747872516,0.060158049914776565,0.060762361407293325,0.060647449490493784,0.0608214788359091,0.06091382566884484,0.06076885273278839,0.06127038490496663,0.062097642517165076,0.06280426966391357,0.06322682404256852,0.06354683093393833,0.06498303669972146,0.06560937233231075,0.06640672348062122,0.06612404171084804,0.06585264248300676,0.06497221782389634,0.06319753580015626,0.061660791766884104,0.0586341339771256,0.056606522092131385,0.05483168551302238,0.05277694916078093,0.05189629266861712,0.04920331992037874,0.04837196659090364,0.04619389505425595,0.042124297634957016,0.037088729159844847,0.03163037447302434,0.0,0.0,0.0,0.0,0.0,0.0,0.0,0.0,0.0,0.0,0.0,0.0,0.0,0.0,0.0,0.0,0.0,0.0,0.0,0.0,0.0,0.0,0.0,0.0,0.0,0.0,0.0,0.0,0.0,0.0,0.0,0.0,0.0,0.0,0.0,0.0,0.0,0.0,0.0,0.0,0.0,0.0,0.0,0.0,0.0,0.0,0.0,0.0,0.0,0.0,0.0,0.0,0.0,0.0,0.0,0.0,0.0,0.0,0.0,0.0,0.0,0.0,0.0,0.0,0.0,0.0,0.0,0.0,0.0,0.0,0.0,0.0,0.0,0.0,0.0,0.0,0.0,0.0,0.0,0.0,0.0,0.0,0.0,0.0,0.0,0.0,0.0,0.0,0.0,0.0,0.0,0.0,0.0,0.0,0.0,0.0,0.0,0.0,0.0,0.0,0.0,0.0,0.0,0.0,0.0,0.0,0.0,0.0,0.0,0.0,0.0,0.0,0.0,0.0,0.0,0.0,0.0,0.0,0.0,0.0,0.0,0.0,0.0,0.0,0.0,0.0,0.0,0.0,0.0,0.0,0.0,0.0,0.0,0.0,0.0,0.0,0.0,0.0,0.0,0.0,0.0,0.0,0.0,0.0,0.0,0.0,0.0,0.0,0.0,0.0
35,0.0,0.0,0.0,0.0,0.0,0.0,0.0,0.0,0.0,0.0,0.0,0.0,0.0,0.0,0.0,0.0,0.0,0.0,0.0,0.0,0.0,0.0,0.0,0.0,0.0,0.0,0.0,0.0,0.0,0.0,0.0,0.0,0.0,0.0,0.0,0.0,0.0,0.0,0.0,0.0,0.0,0.0,0.0,0.0,0.0,0.0,0.0,0.0,0.0,0.0,0.0,0.0,0.0,0.0,0.0,0.0,0.0,0.0,0.0,0.0,0.0,0.0,0.0,0.0,0.0,0.0,0.0,0.0,0.0,0.0,0.0,0.0,0.0,0.0,0.0,0.02877717144277885,0.0330510890610398,0.0347775245497501,0.03469407735989873,0.034040293635246244,0.03422166623400835,0.03436850169930516,0.03378621405277137,0.033642379527425055,0.032827229470347066,0.032334706781981463,0.03149065293485401,0.03160568896628948,0.032463483959506025,0.03330901195257407,0.034684284819007656,0.03519202279940294,0.03481090342569064,0.03426999716163204,0.03383896741821684,0.033592416509652855,0.03411052615970159,0.034891402323660815,0.03569949753945169,0.036423092604005065,0.036721765101182836,0.03696305120281614,0.036870443248905385,0.036628472722371096,0.036613520670687946,0.037155848432617836,0.037485846531033186,0.03780447264647825,0.03789971300385435,0.03784011538939899,0.038433985611180284,0.038693856481278904,0.03924834594721867,0.0395067426713767,0.03950716385593116,0.039781512945089165,0.04017100336182126,0.04121438279934445,0.041732176560977344,0.04197293618191758,0.041980201615481924,0.04111987951493865,0.04063420107558294,0.04036990776766254,0.04114499264399802,0.04243339619607531,0.04339885649102436,0.0446477213430522,0.04496539979324975,0.04556074416097163,0.045986456449386835,0.0461367666872579,0.04631971872809921,0.04792274714235425,0.04999018417596502,0.050519034032152355,0.05003956806497485,0.048080006925373814,0.045321511334041296,0.04377518489042974,0.04390101377607312,0.04351778847958854,0.0427399132555798,0.04060503404518694,0.037581455424894425,0.03394768568133549,0.028504980924462422,0.02350072928877682,0.01820838741784412,0.01046554116102399,-0.03195272125836571,-0.03648518943394009,-0.03874461383703628,-0.03866139079689761,-0.03810612620945431,-0.038189233340066325,-0.03785402298897854,-0.03767697118701222,-0.03712999413072479,-0.0365964625795294,-0.03585075863979107,-0.03493258132438932,-0.03500989297866856,-0.035884256492994517,-0.03701466415170254,-0.038256344955999874,-0.03878344352846588,-0.038618736091088374,-0.037946055153143025,-0.03745656922207674,-0.0369707344411001,-0.03743246004053239,-0.03857509615430257,-0.03935603659014418,-0.039873166943317814,-0.040069459726708945,-0.040322895906741256,-0.04032822774496741,-0.039845348656920486,-0.04007264723869197,-0.040357321036157946,-0.04078862038484316,-0.04094440278866819,-0.04122501975270122,-0.04148344004237972,-0.04161882236951337,-0.04185649485392053,-0.04264838874003109,-0.042832684887413375,-0.04311469276576627,-0.04274430387333854,-0.04337015736251505,-0.044352316736630655,-0.04505652506582631,-0.04539075018593752,-0.04486701298974453,-0.04442076131212075,-0.04383814207638674,-0.043336891328364914,-0.0441708024178881,-0.04538055014759183,-0.04674689164780718,-0.04800630660968281,-0.048283851971259464,-0.048892898579070934,-0.04924277148528064,-0.0497117414301289,-0.04973706766170313,-0.05157550866398644,-0.053352459662379,-0.05404901796281538,-0.05399216433999084,-0.05134965895129815,-0.048719555881957595,-0.04707010536288612,-0.04704941551237811,-0.04693993896445196,-0.04580935744145396,-0.04357195584842233,-0.040282559391465134,-0.03610871529136295,-0.030520601101773348,-0.024820808083251152,-0.018981923632742325,-0.010254226049397805
36,-0.03399279045684286,-0.040044080579598684,-0.0450710691773841,-0.04783509746556078,-0.04947796249940892,-0.05034512276298345,-0.051155787859760264,-0.051967804515551386,-0.05336000040421411,-0.05390747190893968,-0.0534672240860152,-0.05307346989318263,-0.05240814244241015,-0.05217216023851346,-0.05244427412005909,-0.0532535876578216,-0.053988114930126216,-0.05553907395100199,-0.056921268302958905,-0.05786591795001994,-0.05838149266200804,-0.05812046156437967,-0.05775509011084738,-0.05730177721745135,-0.0577751832881933,-0.05897951247386841,-0.05991190798586646,-0.06034440687044229,-0.06024781545288702,-0.05958311872965455,-0.05907817628191227,-0.058855979979961434,-0.058564583856478475,-0.05880795458298666,-0.05903744930361471,-0.05968836012490133,-0.060448026394871915,-0.06092422568757676,-0.06128707423094902,-0.061628117622223914,-0.06186734356775492,-0.061961412075150164,-0.06205367850385967,-0.06233218976473965,-0.062577813089605,-0.06287425503340802,-0.06349606228392006,-0.06470922165515525,-0.06590742377329886,-0.06689072800816886,-0.06708337021967369,-0.067058952053482,-0.06644291145476432,-0.06568513736741374,-0.06563314739733037,-0.06594851116733356,-0.06693983465235508,-0.06806334060897508,-0.0691867564616608,-0.07026196670950316,-0.07135195400256852,-0.0715273863626246,-0.0713521342104371,-0.07201601999826099,-0.07231165100665543,-0.07257655657345811,-0.07301509242163115,-0.0735000317959618,-0.07335009884930885,-0.07072428999632785,-0.06661095529220888,-0.06059931090053917,-0.05146853861566916,-0.040970168816196674,-0.03053820561629344,0.0,0.0,0.0,0.0,0.0,0.0,0.0,0.0,0.0,0.0,0.0,0.0,0.0,0.0,0.0,0.0,0.0,0.0,0.0,0.0,0.0,0.0,0.0,0.0,0.0,0.0,0.0,0.0,0.0,0.0,0.0,0.0,0.0,0.0,0.0,0.0,0.0,0.0,0.0,0.0,0.0,0.0,0.0,0.0,0.0,0.0,0.0,0.0,0.0,0.0,0.0,0.0,0.0,0.0,0.0,0.0,0.0,0.0,0.0,0.0,0.0,0.0,0.0,0.0,0.0,0.0,0.0,0.0,0.0,0.0,0.0,0.0,0.0,0.0,0.0,0.0,0.0,0.0,0.0,0.0,0.0,0.0,0.0,0.0,0.0,0.0,0.0,0.0,0.0,0.0,0.0,0.0,0.0,0.0,0.0,0.0,0.0,0.0,0.0,0.0,0.0,0.0,0.0,0.0,0.0,0.0,0.0,0.0,0.0,0.0,0.0,0.0,0.0,0.0,0.0,0.0,0.0,0.0,0.0,0.0,0.0,0.0,0.0,0.0,0.0,0.0,0.0,0.0,0.0,0.0,0.0,0.0,0.0,0.0,0.0,0.0,0.0,0.0,0.0,0.0,0.0,0.0,0.0,0.0,0.0,0.0,0.0,0.0,0.0,0.0
37,0.0,0.0,0.0,0.0,0.0,0.0,0.0,0.0,0.0,0.0,0.0,0.0,0.0,0.0,0.0,0.0,0.0,0.0,0.0,0.0,0.0,0.0,0.0,0.0,0.0,0.0,0.0,0.0,0.0,0.0,0.0,0.0,0.0,0.0,0.0,0.0,0.0,0.0,0.0,0.0,0.0,0.0,0.0,0.0,0.0,0.0,0.0,0.0,0.0,0.0,0.0,0.0,0.0,0.0,0.0,0.0,0.0,0.0,0.0,0.0,0.0,0.0,0.0,0.0,0.0,0.0,0.0,0.0,0.0,0.0,0.0,0.0,0.0,0.0,0.0,0.0,0.0,0.0,0.0,0.0,0.0,0.0,0.0,0.0,0.0,0.0,0.0,0.0,0.0,0.0,0.0,0.0,0.0,0.0,0.0,0.0,0.0,0.0,0.0,0.0,0.0,0.0,0.0,0.0,0.0,0.0,0.0,0.0,0.0,0.0,0.0,0.0,0.0,0.0,0.0,0.0,0.0,0.0,0.0,0.0,0.0,0.0,0.0,0.0,0.0,0.0,0.0,0.0,0.0,0.0,0.0,0.0,0.0,0.0,0.0,0.0,0.0,0.0,0.0,0.0,0.0,0.0,0.0,0.0,0.0,0.0,0.0,0.0,0.0,0.0,0.0,0.0,0.0,0.0,0.0,0.0,0.0,0.0,0.0,0.0,0.0,0.0,0.0,0.0,0.0,0.0,0.0,0.0,0.0,0.0,0.0,0.0,0.0,0.0,0.0,0.0,0.0,0.0,0.0,0.0,0.0,0.0,0.0,0.0,0.0,0.0,0.0,0.0,0.0,0.0,0.0,0.0,0.0,0.0,0.0,0.0,0.0,0.0,0.0,0.0,0.0,0.0,0.0,0.0,0.0,0.0,0.0,0.0,0.0,0.0,0.0,0.0,0.0,0.0,0.0,0.0,0.0,0.0,0.0,0.0,0.0,0.0,0.0,0.0,0.0
38,0.0,0.0,0.0,0.0,0.0,0.0,0.0,0.0,0.0,0.0,0.0,0.0,0.0,0.0,0.0,0.0,0.0,0.0,0.0,0.0,0.0,0.0,0.0,0.0,0.0,0.0,0.0,0.0,0.0,0.0,0.0,0.0,0.0,0.0,0.0,0.0,0.0,0.0,0.0,0.0,0.0,0.0,0.0,0.0,0.0,0.0,0.0,0.0,0.0,0.0,0.0,0.0,0.0,0.0,0.0,0.0,0.0,0.0,0.0,0.0,0.0,0.0,0.0,0.0,0.0,0.0,0.0,0.0,0.0,0.0,0.0,0.0,0.0,0.0,0.0,-0.003714872397359076,-0.0075146032406068495,-0.011402812529928046,-0.015076172457636308,-0.017915286888228257,-0.019809299192670347,-0.020678099237004494,-0.019711324122735695,-0.017757511295761513,-0.014116590330747547,-0.009844519982877198,-0.005001194800661382,0.000521609117526373,0.005851753805103666,0.01110117718986052,0.015229434803119496,0.018511176529025623,0.020721351187263554,0.021574213828187028,0.02142537070370857,0.019699476849403864,0.016558350974829095,0.012512789209945863,0.007095106336083386,0.0014103896823606302,-0.005294226763666509,-0.01213264217756026,-0.018633222249539227,-0.024183810844469487,-0.028226034687104468,-0.030980572749744188,-0.03194734786401299,-0.030561687014083082,-0.027162036710731606,-0.021799547086438845,-0.015316079742605852,-0.0074764286932042885,0.0010715670676681947,0.00961100646446769,0.017673734148629293,0.024201628767456646,0.029447056048113478,0.03268893075899821,0.034326064089293014,0.033759416527909925,0.03074268702331936,0.026318764719648186,0.02028643402221295,0.013601092901844736,0.006520043449595545,-0.0008047213397655636,-0.006914623469730637,-0.012201375168080635,-0.016429676422808393,-0.01922295318872362,-0.02085016677825249,-0.020815330153098183,-0.019674559965015496,-0.017175913603745402,-0.013549566665449162,-0.009053573449009356,-0.003913079160720157,0.0012607473370621672,0.0071138645188587825,0.012410347906017069,0.016782179817419727,0.020112674013346116,0.021780365786758737,0.022991044290097105,0.022399949974219763,0.0201720514189735,0.017085742690053144,0.013085078330058394,0.009267999693717584,0.005344906766252668,0.0,0.0,0.0,0.0,0.0,0.0,0.0,0.0,0.0,0.0,0.0,0.0,0.0,0.0,0.0,0.0,0.0,0.0,0.0,0.0,0.0,0.0,0.0,0.0,0.0,0.0,0.0,0.0,0.0,0.0,0.0,0.0,0.0,0.0,0.0,0.0,0.0,0.0,0.0,0.0,0.0,0.0,0.0,0.0,0.0,0.0,0.0,0.0,0.0,0.0,0.0,0.0,0.0,0.0,0.0,0.0,0.0,0.0,0.0,0.0,0.0,0.0,0.0,0.0,0.0,0.0,0.0,0.0,0.0,0.0,0.0,0.0,0.0,0.0,0.0
39,0.0,0.0,0.0,0.0,0.0,0.0,0.0,0.0,0.0,0.0,0.0,0.0,0.0,0.0,0.0,0.0,0.0,0.0,0.0,0.0,0.0,0.0,0.0,0.0,0.0,0.0,0.0,0.0,0.0,0.0,0.0,0.0,0.0,0.0,0.0,0.0,0.0,0.0,0.0,0.0,0.0,0.0,0.0,0.0,0.0,0.0,0.0,0.0,0.0,0.0,0.0,0.0,0.0,0.0,0.0,0.0,0.0,0.0,0.0,0.0,0.0,0.0,0.0,0.0,0.0,0.0,0.0,0.0,0.0,0.0,0.0,0.0,0.0,0.0,0.0,-0.001999758557380408,-0.002625582902512554,-0.0037827566315845025,-0.0049449605452486995,-0.005994187669335272,-0.0071935108761974394,-0.008915395098516401,-0.011017549712366601,-0.013237133118249636,-0.01519381710642056,-0.017352807024341797,-0.019920745167791458,-0.022732155809148683,-0.02559022574896504,-0.028037555098628146,-0.030509399370901753,-0.03330941982415929,-0.03608770062906412,-0.03849854668588,-0.04052906453295094,-0.04241226157150407,-0.04418381163939478,-0.045785954341132744,-0.04695313062117548,-0.0475120592930521,-0.04766423683152104,-0.047680194658503344,-0.04746973636062077,-0.04668508538244372,-0.0453334111824715,-0.04371409647126344,-0.04210489994745358,-0.040345665159081834,-0.037989283859575125,-0.03535323586038215,-0.032687874026841236,-0.03019752792618235,-0.02764230978974757,-0.024763772202279998,-0.021909518264568106,-0.019317065198507944,-0.016898587137483136,-0.014623787337512777,-0.01229718241806363,-0.010075922283983182,-0.008216372894834985,-0.006685404414166647,-0.005388946608281751,-0.004026691675201698,-0.0028307219247343625,-0.0018918119523950313,-0.0012414726846523873,-0.0007612346016269249,-0.00017200918576941375,0.00021155684394295293,0.0003564492874851885,0.0003776685719145582,0.00040594167841581647,0.0006616138194149249,0.0006575087262419406,0.0005704344964037097,0.00043086132852224244,0.0005164901030178733,0.0005170682851549133,0.0004931893628951594,0.0004272765992725942,0.00033447836627766676,0.00028695179461297494,0.0005053311877730004,0.000513425737691561,0.0004420202437671154,0.0003544834682192524,0.00044294533518637945,0.0005829232305637746,0.0007726247897266138,0.0,0.0,0.0,0.0,0.0,0.0,0.0,0.0,0.0,0.0,0.0,0.0,0.0,0.0,0.0,0.0,0.0,0.0,0.0,0.0,0.0,0.0,0.0,0.0,0.0,0.0,0.0,0.0,0.0,0.0,0.0,0.0,0.0,0.0,0.0,0.0,0.0,0.0,0.0,0.0,0.0,0.0,0.0,0.0,0.0,0.0,0.0,0.0,0.0,0.0,0.0,0.0,0.0,0.0,0.0,0.0,0.0,0.0,0.0,0.0,0.0,0.0,0.0,0.0,0.0,0.0,0.0,0.0,0.0,0.0,0.0,0.0,0.0,0.0,0.0
40,-0.005134253228594597,-0.006427205461714923,-0.008102578362343696,-0.008440968204605655,-0.009719027658598495,-0.010690295862565086,-0.01222172681536601,-0.013841802179582283,-0.014800249643256515,-0.016013104625156396,-0.01718374181579053,-0.019094550129060806,-0.02060551969836483,-0.021508086864704186,-0.02307059840003204,-0.024416711379516138,-0.026070586877230448,-0.027499646161333293,-0.028316547472082794,-0.02959117511175495,-0.03081341901962651,-0.032695154037991385,-0.03360050550651544,-0.034388204019932346,-0.035666651981206776,-0.03672028372886973,-0.038233972849144864,-0.03891094678730958,-0.03952640707255641,-0.040566700070218224,-0.04086533266733115,-0.04209431070141688,-0.04227930491866572,-0.04277083138108641,-0.043021353826496196,-0.043391148007353074,-0.04416136369309858,-0.04387205527074373,-0.04409240365061695,-0.04394910921492508,-0.0437974618726791,-0.04403438656323335,-0.04320194496122038,-0.04283758988230572,-0.042086864311853135,-0.0415937190690925,-0.041516147115202365,-0.04051781290395191,-0.03965869380193666,-0.038438586684113825,-0.037762778267793874,-0.037178851823569156,-0.03585948109530094,-0.03482890077967879,-0.03323770445672712,-0.03223289512411688,-0.03130455697476562,-0.029712842642105167,-0.028329627217229546,-0.02676329536029942,-0.02583741775706487,-0.024537342890448788,-0.02300377514759914,-0.021888046986095915,-0.01995198569952251,-0.019030770183666997,-0.01791348799303743,-0.01629179384848121,-0.014929363563170475,-0.01332554075356724,-0.012648825820256919,-0.011396537349275994,-0.009902726851575375,-0.008690713635452265,-0.007317599399897896,0.0,0.0,0.0,0.0,0.0,0.0,0.0,0.0,0.0,0.0,0.0,0.0,0.0,0.0,0.0,0.0,0.0,0.0,0.0,0.0,0.0,0.0,0.0,0.0,0.0,0.0,0.0,0.0,0.0,0.0,0.0,0.0,0.0,0.0,0.0,0.0,0.0,0.0,0.0,0.0,0.0,0.0,0.0,0.0,0.0,0.0,0.0,0.0,0.0,0.0,0.0,0.0,0.0,0.0,0.0,0.0,0.0,0.0,0.0,0.0,0.0,0.0,0.0,0.0,0.0,0.0,0.0,0.0,0.0,0.0,0.0,0.0,0.0,0.0,0.0,0.0,0.0,0.0,0.0,0.0,0.0,0.0,0.0,0.0,0.0,0.0,0.0,0.0,0.0,0.0,0.0,0.0,0.0,0.0,0.0,0.0,0.0,0.0,0.0,0.0,0.0,0.0,0.0,0.0,0.0,0.0,0.0,0.0,0.0,0.0,0.0,0.0,0.0,0.0,0.0,0.0,0.0,0.0,0.0,0.0,0.0,0.0,0.0,0.0,0.0,0.0,0.0,0.0,0.0,0.0,0.0,0.0,0.0,0.0,0.0,0.0,0.0,0.0,0.0,0.0,0.0,0.0,0.0,0.0,0.0,0.0,0.0,0.0,0.0,0.0
41,0.00797797018966831,0.00922225507607368,0.009937794070816148,0.010921381725404154,0.012012400475949371,0.013206339218889052,0.014581334723340856,0.015663888193126353,0.016707958051037083,0.018214610948357128,0.019537255374426465,0.021220955163425086,0.022455605223702622,0.023611951436952765,0.024901848592714774,0.0263453460401564,0.028009442021079883,0.029135435747395515,0.0306585179725058,0.03184577359905623,0.03321759462322314,0.034638759323397356,0.035817048435458874,0.0369415941532235,0.03808340458832702,0.03929956469326096,0.040473621164942616,0.04122162896680953,0.041965905362025775,0.042663232864607534,0.0435764250265621,0.04442557065645301,0.04459543319801314,0.04500689039704468,0.04533987667113911,0.0457548981989116,0.04603241460697524,0.04585252739083124,0.04567575896233555,0.045328738143823696,0.04529521117660429,0.04508770041271804,0.044496467382815645,0.043681349953873336,0.04298725262421305,0.04266178485605653,0.04200199419052773,0.04069895357253353,0.0397081258751905,0.03864389528283887,0.03770330234368837,0.03648006927390914,0.035060909508651705,0.03386919847117511,0.032399079943449635,0.03127325329504373,0.029812045589170593,0.028141489262404167,0.026922711603551103,0.02541138052475858,0.024225461521486,0.022786196714424233,0.021134186035637978,0.019677099584871544,0.018287623994909696,0.017311443460986443,0.015912500122806487,0.01423147358036357,0.012999663844551467,0.011732767747695796,0.01107921465746363,0.009881878663692749,0.008607185597716286,0.007494391026269427,0.006451602098999972,0.0,0.0,0.0,0.0,0.0,0.0,0.0,0.0,0.0,0.0,0.0,0.0,0.0,0.0,0.0,0.0,0.0,0.0,0.0,0.0,0.0,0.0,0.0,0.0,0.0,0.0,0.0,0.0,0.0,0.0,0.0,0.0,0.0,0.0,0.0,0.0,0.0,0.0,0.0,0.0,0.0,0.0,0.0,0.0,0.0,0.0,0.0,0.0,0.0,0.0,0.0,0.0,0.0,0.0,0.0,0.0,0.0,0.0,0.0,0.0,0.0,0.0,0.0,0.0,0.0,0.0,0.0,0.0,0.0,0.0,0.0,0.0,0.0,0.0,0.0,0.0,0.0,0.0,0.0,0.0,0.0,0.0,0.0,0.0,0.0,0.0,0.0,0.0,0.0,0.0,0.0,0.0,0.0,0.0,0.0,0.0,0.0,0.0,0.0,0.0,0.0,0.0,0.0,0.0,0.0,0.0,0.0,0.0,0.0,0.0,0.0,0.0,0.0,0.0,0.0,0.0,0.0,0.0,0.0,0.0,0.0,0.0,0.0,0.0,0.0,0.0,0.0,0.0,0.0,0.0,0.0,0.0,0.0,0.0,0.0,0.0,0.0,0.0,0.0,0.0,0.0,0.0,0.0,0.0,0.0,0.0,0.0,0.0,0.0,0.0
42,0.012545530100013372,0.013579577021734745,0.014259946595438147,0.014975339413019954,0.015592360933588102,0.016250721364963548,0.017047898879543735,0.01801240967043185,0.0188061422757781,0.019588009082651882,0.020614081677442837,0.022030003167208146,0.02329173307144686,0.024430147984033566,0.02542055938879168,0.026302775125757866,0.02737554537905336,0.028433323897719662,0.028654818802538996,0.02938099291013073,0.029855816232875636,0.030316477150992116,0.03076922753679362,0.03122395555567387,0.03219765277118583,0.03367283945869801,0.034657955910374336,0.03588396082996477,0.03741145910214051,0.03902361282900958,0.03993772587369745,0.04142363005660412,0.04176435709768709,0.041976920756344356,0.042353755549768266,0.04278073291093065,0.04341357549612875,0.04384540124806484,0.0445539680417942,0.044987324864500924,0.04601760790391114,0.04728890700046636,0.04832206079757153,0.04877921301183862,0.049769815800443075,0.0503035215532422,0.05165826400679733,0.052548198892232154,0.05286072871328916,0.053448723683830586,0.05382249633571321,0.0544300124585803,0.054986556683708145,0.0551498071046277,0.05481265256200955,0.05506559821224247,0.054936286526738785,0.054414191393950345,0.05241206118287603,0.04978563686507302,0.046057926100871345,0.04180812020388123,0.037225178825045904,0.03266112065238182,0.027725714023221944,0.022867881646441195,0.018557343275549008,0.014569478069569316,0.011229893745725021,0.008533359145549764,0.006568867757587028,0.005456863815793872,0.004222119033887696,0.003453074944718028,0.0033602537792479436,0.0,0.0,0.0,0.0,0.0,0.0,0.0,0.0,0.0,0.0,0.0,0.0,0.0,0.0,0.0,0.0,0.0,0.0,0.0,0.0,0.0,0.0,0.0,0.0,0.0,0.0,0.0,0.0,0.0,0.0,0.0,0.0,0.0,0.0,0.0,0.0,0.0,0.0,0.0,0.0,0.0,0.0,0.0,0.0,0.0,0.0,0.0,0.0,0.0,0.0,0.0,0.0,0.0,0.0,0.0,0.0,0.0,0.0,0.0,0.0,0.0,0.0,0.0,0.0,0.0,0.0,0.0,0.0,0.0,0.0,0.0,0.0,0.0,0.0,0.0,0.0,0.0,0.0,0.0,0.0,0.0,0.0,0.0,0.0,0.0,0.0,0.0,0.0,0.0,0.0,0.0,0.0,0.0,0.0,0.0,0.0,0.0,0.0,0.0,0.0,0.0,0.0,0.0,0.0,0.0,0.0,0.0,0.0,0.0,0.0,0.0,0.0,0.0,0.0,0.0,0.0,0.0,0.0,0.0,0.0,0.0,0.0,0.0,0.0,0.0,0.0,0.0,0.0,0.0,0.0,0.0,0.0,0.0,0.0,0.0,0.0,0.0,0.0,0.0,0.0,0.0,0.0,0.0,0.0,0.0,0.0,0.0,0.0,0.0,0.0
43,0.0,0.0,0.0,0.0,0.0,0.0,0.0,0.0,0.0,0.0,0.0,0.0,0.0,0.0,0.0,0.0,0.0,0.0,0.0,0.0,0.0,0.0,0.0,0.0,0.0,0.0,0.0,0.0,0.0,0.0,0.0,0.0,0.0,0.0,0.0,0.0,0.0,0.0,0.0,0.0,0.0,0.0,0.0,0.0,0.0,0.0,0.0,0.0,0.0,0.0,0.0,0.0,0.0,0.0,0.0,0.0,0.0,0.0,0.0,0.0,0.0,0.0,0.0,0.0,0.0,0.0,0.0,0.0,0.0,0.0,0.0,0.0,0.0,0.0,0.0,0.005266668142685231,0.006333500118252514,0.007226609208559161,0.008227158413078438,0.009193698931738823,0.009980944817532634,0.010814762103127028,0.011626450089267645,0.012634988969599211,0.013442261608580405,0.014014995211545577,0.01505023642946032,0.01593477764373142,0.0170445015631331,0.017882576504916935,0.018534313283841784,0.019496753837282707,0.020365893900152483,0.021326389598296993,0.022275741801229626,0.022981671710170726,0.0237378524748786,0.024354739549438,0.02516059296968938,0.02598211035962538,0.02651852247583863,0.027516706315808215,0.02841848840946373,0.029520905980589696,0.030358192467523637,0.031025015015909846,0.03185121057128857,0.03256265966417895,0.03336457081018085,0.034228664762011286,0.03504555655016122,0.03665353137104114,0.03816321215396722,0.03978979450930471,0.041015368727984586,0.04221113935333835,0.0431997040441392,0.0438112296257193,0.04380823349728969,0.04302713755932508,0.042106064603675414,0.04081252557693442,0.039709845187525156,0.03962732024656927,0.03996130972098563,0.04026523278379259,0.04086140977762803,0.04136807086417184,0.041701429574708286,0.04204850739963294,0.042838959668482994,0.04365663991148283,0.044259702744340705,0.04456835653624704,0.043885396945266275,0.043457108270802236,0.04361096209384546,0.0450524678140838,0.04642022672402843,0.0482007154660658,0.05017789741132415,0.05131316726786249,0.050546684026449296,0.047148653878019926,0.0403095439463568,0.033349117095122865,0.026348005973634243,0.019565401972880404,0.01278952612017902,0.0063003850145568405,-0.005608909544368337,-0.006979988171147099,-0.008150280977074022,-0.009257357946220506,-0.010292983838368666,-0.011181738072242497,-0.012073513869073968,-0.012876360920818805,-0.01403231611428006,-0.015053011930637527,-0.015816163939605516,-0.01681013966000424,-0.017717911966611457,-0.01900409059891377,-0.020026208327251303,-0.020755056709700195,-0.021549194550567127,-0.02245951444947196,-0.0235312213581143,-0.024587820451968435,-0.02542591907155241,-0.026008369766387,-0.026625657304733204,-0.027569747613164608,-0.028412111968688782,-0.029265614634723474,-0.030047310745764826,-0.031106516678249083,-0.03227757968649854,-0.033248508583553694,-0.0341324046181623,-0.03461389956241219,-0.03536040335194691,-0.03622806589144976,-0.037156337429102924,-0.038335220953242745,-0.039792266008483006,-0.04134854867066538,-0.043212379044869555,-0.04460194252738918,-0.04599748988949157,-0.046608141838597475,-0.04727780313487612,-0.047396888263206656,-0.04661377024018523,-0.04544004114697315,-0.04375898570853998,-0.04250201551816152,-0.04246006911474957,-0.04287378625461631,-0.04337743932722223,-0.04368789010953667,-0.04428053117356173,-0.044687197999860644,-0.045160872428220165,-0.045884803365071336,-0.04660908977991752,-0.04747681156575287,-0.047978805741048715,-0.04727377438426593,-0.046590130953516634,-0.04661821371512294,-0.04840348345242847,-0.050053908536957716,-0.05225692416474016,-0.05423444825101713,-0.05541931565473973,-0.054722341799177315,-0.05103046583560063,-0.0434994275258454,-0.035339904120900954,-0.027416299611982473,-0.020033791857811654,-0.012395576932558945,-0.005284535873915753
44,-0.006156197344573127,-0.007084053081151081,-0.008165916544093587,-0.008949439166092747,-0.009697709921397549,-0.01075677758031986,-0.012318501787836014,-0.014168106162302163,-0.016127094116271046,-0.01819709824048152,-0.020327084957763693,-0.022579636913106705,-0.02473193570381979,-0.026150052392641083,-0.027188621967842316,-0.027750233182005632,-0.028102509983654583,-0.028336816987840935,-0.028412399892417176,-0.028725675915304786,-0.02893132188207583,-0.029476909520468976,-0.03005980488056096,-0.030133210997485407,-0.030647053815956535,-0.03162322214513962,-0.03318246723338568,-0.034531410447938796,-0.03541827001707459,-0.035857255526853406,-0.03629043626956077,-0.03660189830273855,-0.03686964318390943,-0.03679297188550729,-0.03698876184152159,-0.037610718446698575,-0.038458698169720355,-0.039232969444199385,-0.03989525708725825,-0.04039718803996817,-0.0411159512293264,-0.04194651665113382,-0.04274134647565758,-0.043323092975600004,-0.04449480939550275,-0.045494075860324334,-0.04699376161976431,-0.048678353396959605,-0.05065009974522096,-0.05224375017163012,-0.05380777209944539,-0.055821421610003814,-0.056064738096415656,-0.05498438629156468,-0.05300127227445506,-0.04944742456760379,-0.04519766994173814,-0.04050542275932134,-0.035272243845433295,-0.030369150592410604,-0.02610536777945561,-0.02263097282189489,-0.019715105295990774,-0.017914478643690033,-0.016700012532958965,-0.015656303320246548,-0.01524035547978257,-0.013536958675928705,-0.012091692607783627,-0.009604289451341314,-0.006505632229010012,-0.0031496907995011807,3.7912384935443274e-05,0.0030076554052215054,0.004857138847040331,0.0,0.0,0.0,0.0,0.0,0.0,0.0,0.0,0.0,0.0,0.0,0.0,0.0,0.0,0.0,0.0,0.0,0.0,0.0,0.0,0.0,0.0,0.0,0.0,0.0,0.0,0.0,0.0,0.0,0.0,0.0,0.0,0.0,0.0,0.0,0.0,0.0,0.0,0.0,0.0,0.0,0.0,0.0,0.0,0.0,0.0,0.0,0.0,0.0,0.0,0.0,0.0,0.0,0.0,0.0,0.0,0.0,0.0,0.0,0.0,0.0,0.0,0.0,0.0,0.0,0.0,0.0,0.0,0.0,0.0,0.0,0.0,0.0,0.0,0.0,0.0,0.0,0.0,0.0,0.0,0.0,0.0,0.0,0.0,0.0,0.0,0.0,0.0,0.0,0.0,0.0,0.0,0.0,0.0,0.0,0.0,0.0,0.0,0.0,0.0,0.0,0.0,0.0,0.0,0.0,0.0,0.0,0.0,0.0,0.0,0.0,0.0,0.0,0.0,0.0,0.0,0.0,0.0,0.0,0.0,0.0,0.0,0.0,0.0,0.0,0.0,0.0,0.0,0.0,0.0,0.0,0.0,0.0,0.0,0.0,0.0,0.0,0.0,0.0,0.0,0.0,0.0,0.0,0.0,0.0,0.0,0.0,0.0,0.0,0.0
45,0.03778737872428036,0.04073414974040135,0.041849126888250154,0.042214659795987354,0.04346584666060951,0.04373774265801148,0.04293234890998528,0.04223146791219038,0.04273065151554891,0.04376909066712371,0.0455174255500971,0.04607383817194623,0.04566462742590981,0.04594559631648711,0.046817582774037435,0.047208124297578445,0.047241391572554685,0.047643332372136506,0.04862291403721488,0.04891446796983008,0.04826918752251995,0.047979494696197125,0.04891999312913558,0.049809601936891844,0.04982210624479375,0.05020892555575001,0.050550147762543025,0.05134425855367169,0.05112226346873408,0.04972212994115011,0.04919305231797028,0.050666874022818054,0.052177976013085006,0.05243108646884829,0.052228225882979186,0.05244521924475603,0.05388740214263339,0.054283468825479894,0.05317250468807403,0.05220525285218266,0.05279528170643784,0.05360114073103713,0.05372752148020387,0.05379481210458763,0.0531466818382673,0.05200367177688956,0.051356123106285595,0.05133373167120543,0.05246871571169729,0.05297342447436131,0.05225166419034881,0.05183989442316037,0.05309817675552222,0.0544823745604777,0.05594648361686213,0.053710771523572474,0.05184582669946732,0.053252706737361155,0.05362347400654566,0.053012449546929595,0.05307770458630607,0.05313836501952324,0.052394096981287296,0.053093814787649456,0.05388961220635559,0.05112360113888172,0.04618596982606195,0.04346293868202767,0.040714142847758296,0.04107781464920311,0.04383609049364928,0.04365125937498758,0.04055205212160658,0.0340513823210482,0.020988568052711362,0.003939129239585652,0.005386528837707382,0.006702713027171283,0.0074854419802625,0.008463334592211094,0.008979780423757763,0.009658082299136651,0.010440455654914431,0.011216250460393649,0.012105599341296715,0.013073950092001447,0.014102752385990274,0.015259747511472724,0.01659857139655871,0.01743920344552106,0.01809658434562614,0.019329380965089335,0.020497399607288296,0.021657061712621516,0.02208851978625702,0.021914988297300323,0.022786675844969406,0.024230400937518968,0.025370386658175405,0.025968560605593414,0.026617347903957124,0.027655810591627625,0.028826140616363922,0.02950782066622045,0.02813551136745259,0.028003525497948982,0.029939930668263916,0.03229985223888095,0.03322357552674948,0.0330720318050069,0.03384729321451597,0.036077362499510005,0.037222563647430165,0.03682796916195418,0.036616388760459855,0.03799829918669048,0.03946004120978745,0.04018142962631099,0.04064139475124026,0.04009270809660874,0.03964216630048552,0.039994029842130296,0.0402380881315851,0.041507096410799846,0.0419530154418484,0.041986560121749186,0.04253180933568416,0.044349089405998084,0.04615925753004329,0.0477641867380171,0.045955618801882356,0.04470640543978221,0.046567364713429836,0.047091574419653184,0.04694838723477635,0.04759166277478181,0.04804149337627816,0.04792426479528214,0.049391933440269715,0.04955758252211191,0.04734612282985435,0.043420091424646916,0.04135798260403241,0.038397101573708785,0.038705048847144236,0.04244682157777299,0.042560968315385896,0.03963274297167947,0.03346241838894056,0.01977168475678463,-0.00646650862879376,-0.007319235729639567,-0.00813720237944098,-0.009055003549899627,-0.010368384916387806,-0.011632350074093956,-0.011830014909222078,-0.012331191718694581,-0.013597724765576984,-0.01460057943606858,-0.01569825811175155,-0.016801886774550225,-0.01788384495795906,-0.01913058646875132,-0.01986512803604619,-0.020516056626504544,-0.021470622454193924,-0.022699075583535802,-0.0244662217569008,-0.025034414210729165,-0.02507856937827204,-0.02556158306918081,-0.026912480670219605,-0.02829939135116926,-0.028685514199256988,-0.029009005604021483,-0.029696761483153894,-0.030614312127839247,-0.03134039845028548,-0.030232009797794238,-0.03011971161991568,-0.03197347707939671,-0.034594352456700686,-0.035680131158152245,-0.03548328053178732,-0.03597349683867826,-0.037842794896103454,-0.039269977595109945,-0.039225822427567066,-0.03899145556665153,-0.0401495109536981,-0.041451430766058124,-0.0425647673025719,-0.04274545901655943,-0.04190024768891241,-0.0414656481036925,-0.041523206400106545,-0.04192905815284109,-0.04307364777957316,-0.043748626844267634,-0.043734785295293205,-0.04427303991921306,-0.04643720681180403,-0.04828571123004591,-0.049911623498717014,-0.047987773454157286,-0.0453469186464332,-0.046641197422707795,-0.04895705767102763,-0.049879493568292195,-0.050662511872719244,-0.051482169571490384,-0.051504967416860045,-0.05046835439841722,-0.050289729522059366,-0.049326457923748054,-0.04444521375690862,-0.04194139654717577,-0.039855143170078905,-0.04059237788943667,-0.04410581396554003,-0.04489659856893916,-0.0423434277818676,-0.03437420293341953,-0.019546396620974262
