model_id,channel_44_1,channel_44_2,channel_44_3,channel_44_4,channel_44_5,channel_44_6,channel_44_7,channel_44_8,channel_44_9,channel_44_10,channel_44_11,channel_44_12,channel_44_13,channel_44_14,channel_44_15,channel_44_16,channel_44_17,channel_44_18,channel_44_19,channel_44_20,channel_44_21,channel_44_22,channel_44_23,channel_44_24,channel_44_25,channel_44_26,channel_44_27,channel_44_28,channel_44_29,channel_44_30,channel_44_31,channel_44_32,channel_44_33,channel_44_34,channel_44_35,channel_44_36,channel_44_37,channel_44_38,channel_44_39,channel_44_40,channel_44_41,channel_44_42,channel_44_43,channel_44_44,channel_44_45,channel_44_46,channel_44_47,channel_44_48,channel_44_49,channel_44_50,channel_44_51,channel_44_52,channel_44_53,channel_44_54,channel_44_55,channel_44_56,channel_44_57,channel_44_58,channel_44_59,channel_44_60,channel_44_61,channel_44_62,channel_44_63,channel_44_64,channel_44_65,channel_44_66,channel_44_67,channel_44_68,channel_44_69,channel_44_70,channel_44_71,channel_44_72,channel_44_73,channel_44_74,channel_44_75,channel_45_1,channel_45_2,channel_45_3,channel_45_4,channel_45_5,channel_45_6,channel_45_7,channel_45_8,channel_45_9,channel_45_10,channel_45_11,channel_45_12,channel_45_13,channel_45_14,channel_45_15,channel_45_16,channel_45_17,channel_45_18,channel_45_19,channel_45_20,channel_45_21,channel_45_22,channel_45_23,channel_45_24,channel_45_25,channel_45_26,channel_45_27,channel_45_28,channel_45_29,channel_45_30,channel_45_31,channel_45_32,channel_45_33,channel_45_34,channel_45_35,channel_45_36,channel_45_37,channel_45_38,channel_45_39,channel_45_40,channel_45_41,channel_45_42,channel_45_43,channel_45_44,channel_45_45,channel_45_46,channel_45_47,channel_45_48,channel_45_49,channel_45_50,channel_45_51,channel_45_52,channel_45_53,channel_45_54,channel_45_55,channel_45_56,channel_45_57,channel_45_58,channel_45_59,channel_45_60,channel_45_61,channel_45_62,channel_45_63,channel_45_64,channel_45_65,channel_45_66,channel_45_67,channel_45_68,channel_45_69,channel_45_70,channel_45_71,channel_45_72,channel_45_73,channel_45_74,channel_45_75,channel_46_1,channel_46_2,channel_46_3,channel_46_4,channel_46_5,channel_46_6,channel_46_7,channel_46_8,channel_46_9,channel_46_10,channel_46_11,channel_46_12,channel_46_13,channel_46_14,channel_46_15,channel_46_16,channel_46_17,channel_46_18,channel_46_19,channel_46_20,channel_46_21,channel_46_22,channel_46_23,channel_46_24,channel_46_25,channel_46_26,channel_46_27,channel_46_28,channel_46_29,channel_46_30,channel_46_31,channel_46_32,channel_46_33,channel_46_34,channel_46_35,channel_46_36,channel_46_37,channel_46_38,channel_46_39,channel_46_40,channel_46_41,channel_46_42,channel_46_43,channel_46_44,channel_46_45,channel_46_46,channel_46_47,channel_46_48,channel_46_49,channel_46_50,channel_46_51,channel_46_52,channel_46_53,channel_46_54,channel_46_55,channel_46_56,channel_46_57,channel_46_58,channel_46_59,channel_46_60,channel_46_61,channel_46_62,channel_46_63,channel_46_64,channel_46_65,channel_46_66,channel_46_67,channel_46_68,channel_46_69,channel_46_70,channel_46_71,channel_46_72,channel_46_73,channel_46_74,channel_46_75
1,0.0,0.0,0.0,0.0,0.0,0.0,0.0,0.0,0.0,0.0,0.0,0.0,0.0,0.0,0.0,0.0,0.0,0.0,0.0,0.0,0.0,0.0,0.0,0.0,0.0,0.0,0.0,0.0,0.0,0.0,0.0,0.0,0.0,0.0,0.0,0.0,0.0,0.0,0.0,0.0,0.0,0.0,0.0,0.0,0.0,0.0,0.0,0.0,0.0,0.0,0.0,0.0,0.0,0.0,0.0,0.0,0.0,0.0,0.0,0.0,0.0,0.0,0.0,0.0,0.0,0.0,0.0,0.0,0.0,0.0,0.0,0.0,0.0,0.0,0.0,0.0,0.0,0.0,0.0,0.0,0.0,0.0,0.0,0.0,0.0,0.0,0.0,0.0,0.0,0.0,0.0,0.0,0.0,0.0,0.0,0.0,0.0,0.0,0.0,0.0,0.0,0.0,0.0,0.0,0.0,0.0,0.0,0.0,0.0,0.0,0.0,0.0,0.0,0.0,0.0,0.0,0.0,0.0,0.0,0.0,0.0,0.0,0.0,0.0,0.0,0.0,0.0,0.0,0.0,0.0,0.0,0.0,0.0,0.0,0.0,0.0,0.0,0.0,0.0,0.0,0.0,0.0,0.0,0.0,0.0,0.0,0.0,0.0,0.0,0.0,-0.013856828212738037,-0.016461431980133057,-0.0184442400932312,-0.020668387413024902,-0.02324730157852173,-0.025025010108947754,-0.02665579319000244,-0.02718430757522583,-0.02778381109237671,-0.02830803394317627,-0.02766573429107666,-0.026614487171173096,-0.024685144424438477,-0.022177815437316895,-0.019421696662902832,-0.015189826488494873,-0.010795891284942627,-0.005514323711395264,-0.00010967254638671875,0.005722165107727051,0.012094259262084961,0.018218934535980225,0.024958491325378418,0.030830681324005127,0.036624372005462646,0.04224550724029541,0.04676872491836548,0.05121457576751709,0.05411499738693237,0.05695408582687378,0.058142900466918945,0.05843770503997803,0.05812478065490723,0.05652099847793579,0.05446267127990723,0.05073493719100952,0.04636275768280029,0.0421065092086792,0.03651618957519531,0.030873537063598633,0.024411022663116455,0.018849670886993408,0.01358938217163086,0.006932735443115234,0.0016317963600158691,-0.003916561603546143,-0.008630335330963135,-0.012871742248535156,-0.01692742109298706,-0.020009756088256836,-0.022956490516662598,-0.024759948253631592,-0.026179134845733643,-0.027055978775024414,-0.026822149753570557,-0.0271073579788208,-0.026561856269836426,-0.025378942489624023,-0.024171411991119385,-0.022160351276397705,-0.021019399166107178,-0.018328070640563965,-0.016466915607452393,-0.014935970306396484,-0.01277834177017212,-0.011075139045715332,-0.008911311626434326,-0.007010817527770996,-0.005696654319763184,-0.0037816762924194336,-0.0025442838668823242,-0.0008897185325622559,-0.00010704994201660156,0.0012566447257995605,0.0019171833992004395
2,0.0,0.0,0.0,0.0,0.0,0.0,0.0,0.0,0.0,0.0,0.0,0.0,0.0,0.0,0.0,0.0,0.0,0.0,0.0,0.0,0.0,0.0,0.0,0.0,0.0,0.0,0.0,0.0,0.0,0.0,0.0,0.0,0.0,0.0,0.0,0.0,0.0,0.0,0.0,0.0,0.0,0.0,0.0,0.0,0.0,0.0,0.0,0.0,0.0,0.0,0.0,0.0,0.0,0.0,0.0,0.0,0.0,0.0,0.0,0.0,0.0,0.0,0.0,0.0,0.0,0.0,0.0,0.0,0.0,0.0,0.0,0.0,0.0,0.0,0.0,0.0,0.0,0.0,0.0,0.0,0.0,0.0,0.0,0.0,0.0,0.0,0.0,0.0,0.0,0.0,0.0,0.0,0.0,0.0,0.0,0.0,0.0,0.0,0.0,0.0,0.0,0.0,0.0,0.0,0.0,0.0,0.0,0.0,0.0,0.0,0.0,0.0,0.0,0.0,0.0,0.0,0.0,0.0,0.0,0.0,0.0,0.0,0.0,0.0,0.0,0.0,0.0,0.0,0.0,0.0,0.0,0.0,0.0,0.0,0.0,0.0,0.0,0.0,0.0,0.0,0.0,0.0,0.0,0.0,0.0,0.0,0.0,0.0,0.0,0.0,0.026106834411621094,0.03100961446762085,0.032812297344207764,0.03303682804107666,0.032157182693481445,0.03151124715805054,0.03164219856262207,0.03261619806289673,0.035307109355926514,0.03847783803939819,0.04091125726699829,0.042227208614349365,0.04245239496231079,0.04259026050567627,0.04271596670150757,0.04364269971847534,0.04340165853500366,0.04301577806472778,0.044011056423187256,0.04354184865951538,0.04262810945510864,0.04099595546722412,0.03928089141845703,0.03846538066864014,0.038580358028411865,0.03922349214553833,0.03965604305267334,0.0395321249961853,0.03953051567077637,0.03854459524154663,0.039761483669281006,0.04086768627166748,0.040968239307403564,0.03979212045669556,0.03408700227737427,0.022713124752044678,0.007333993911743164,-0.0070792436599731445,-0.01621544361114502,-0.02246004343032837,-0.025974929332733154,-0.026616215705871582,-0.026480674743652344,-0.027082502841949463,-0.028352797031402588,-0.032171785831451416,-0.03651857376098633,-0.03975933790206909,-0.042479753494262695,-0.04450267553329468,-0.04418051242828369,-0.043889403343200684,-0.044558167457580566,-0.04398751258850098,-0.0439075231552124,-0.04534101486206055,-0.04474920034408569,-0.04335111379623413,-0.04198414087295532,-0.038863956928253174,-0.03659391403198242,-0.036203742027282715,-0.03800642490386963,-0.040721595287323,-0.04214191436767578,-0.043431639671325684,-0.042444586753845215,-0.04259592294692993,-0.04289156198501587,-0.04224663972854614,-0.04205983877182007,-0.03905898332595825,-0.03318685293197632,-0.024072229862213135,-0.014671564102172852
3,0.0,0.0,0.0,0.0,0.0,0.0,0.0,0.0,0.0,0.0,0.0,0.0,0.0,0.0,0.0,0.0,0.0,0.0,0.0,0.0,0.0,0.0,0.0,0.0,0.0,0.0,0.0,0.0,0.0,0.0,0.0,0.0,0.0,0.0,0.0,0.0,0.0,0.0,0.0,0.0,0.0,0.0,0.0,0.0,0.0,0.0,0.0,0.0,0.0,0.0,0.0,0.0,0.0,0.0,0.0,0.0,0.0,0.0,0.0,0.0,0.0,0.0,0.0,0.0,0.0,0.0,0.0,0.0,0.0,0.0,0.0,0.0,0.0,0.0,0.0,0.0,0.0,0.0,0.0,0.0,0.0,0.0,0.0,0.0,0.0,0.0,0.0,0.0,0.0,0.0,0.0,0.0,0.0,0.0,0.0,0.0,0.0,0.0,0.0,0.0,0.0,0.0,0.0,0.0,0.0,0.0,0.0,0.0,0.0,0.0,0.0,0.0,0.0,0.0,0.0,0.0,0.0,0.0,0.0,0.0,0.0,0.0,0.0,0.0,0.0,0.0,0.0,0.0,0.0,0.0,0.0,0.0,0.0,0.0,0.0,0.0,0.0,0.0,0.0,0.0,0.0,0.0,0.0,0.0,0.0,0.0,0.0,0.0,0.0,0.0,-0.0008650422096252441,-0.0011594295501708984,-0.0005481243133544922,0.0009232759475708008,0.0014330744743347168,0.002114415168762207,0.002828538417816162,0.004653334617614746,0.007481217384338379,0.009387433528900146,0.011105239391326904,0.0139731764793396,0.016846776008605957,0.02104121446609497,0.023924946784973145,0.027365565299987793,0.030538439750671387,0.034543633460998535,0.038464128971099854,0.040815770626068115,0.04276543855667114,0.044772207736968994,0.047231972217559814,0.0487101674079895,0.04858928918838501,0.047945499420166016,0.046781301498413086,0.04565387964248657,0.044661641120910645,0.041929423809051514,0.03838986158370972,0.0353129506111145,0.03332781791687012,0.030682682991027832,0.026505649089813232,0.02253854274749756,0.019640207290649414,0.01740849018096924,0.015135109424591064,0.011075377464294434,0.007735610008239746,0.005410671234130859,0.0037950873374938965,0.001369774341583252,-0.0023308992385864258,-0.005437254905700684,-0.008143603801727295,-0.010435938835144043,-0.01323479413986206,-0.01730191707611084,-0.020935773849487305,-0.02416592836380005,-0.0271112322807312,-0.03009086847305298,-0.03371715545654297,-0.0367390513420105,-0.04009789228439331,-0.04186701774597168,-0.04393410682678223,-0.04575854539871216,-0.04752272367477417,-0.04799085855484009,-0.04707205295562744,-0.04678046703338623,-0.04686939716339111,-0.04541349411010742,-0.04302328824996948,-0.03960138559341431,-0.0372157096862793,-0.03478342294692993,-0.03160417079925537,-0.027632415294647217,-0.02372676134109497,-0.020674467086791992,-0.018278419971466064
4,0.0,0.0,0.0,0.0,0.0,0.0,0.0,0.0,0.0,0.0,0.0,0.0,0.0,0.0,0.0,0.0,0.0,0.0,0.0,0.0,0.0,0.0,0.0,0.0,0.0,0.0,0.0,0.0,0.0,0.0,0.0,0.0,0.0,0.0,0.0,0.0,0.0,0.0,0.0,0.0,0.0,0.0,0.0,0.0,0.0,0.0,0.0,0.0,0.0,0.0,0.0,0.0,0.0,0.0,0.0,0.0,0.0,0.0,0.0,0.0,0.0,0.0,0.0,0.0,0.0,0.0,0.0,0.0,0.0,0.0,0.0,0.0,0.0,0.0,0.0,0.008256137371063232,0.009526550769805908,0.010686814785003662,0.011676251888275146,0.013153254985809326,0.01533496379852295,0.017487287521362305,0.019627094268798828,0.021560490131378174,0.023250043392181396,0.02581864595413208,0.028542041778564453,0.030565857887268066,0.03262847661972046,0.0346108078956604,0.03665876388549805,0.038616716861724854,0.04003351926803589,0.04117673635482788,0.042919039726257324,0.04421955347061157,0.045247793197631836,0.04554116725921631,0.04581481218338013,0.046021342277526855,0.046251118183135986,0.04639214277267456,0.04541146755218506,0.043761253356933594,0.043145716190338135,0.041976213455200195,0.041041016578674316,0.03919118642807007,0.03689080476760864,0.035031020641326904,0.03324604034423828,0.03134208917617798,0.028968214988708496,0.0269278883934021,0.02495110034942627,0.022901058197021484,0.020994722843170166,0.0188940167427063,0.016839265823364258,0.015180885791778564,0.013762235641479492,0.012620925903320312,0.01110684871673584,0.00900191068649292,0.008275449275970459,0.007597744464874268,0.006594300270080566,0.005122780799865723,0.004075229167938232,0.0034860968589782715,0.003023505210876465,0.002581000328063965,0.0018811225891113281,0.0006859898567199707,0.00029987096786499023,0.00029534101486206055,0.00037533044815063477,-0.0003268718719482422,-0.00107651948928833,-0.0014276504516601562,-0.0014262199401855469,-0.0014188885688781738,-0.0015849471092224121,-0.001935422420501709,-0.0020995736122131348,-0.0020081400871276855,-0.0015171170234680176,-0.0016519427299499512,-0.0018689632415771484,-0.0018520355224609375,0.0,0.0,0.0,0.0,0.0,0.0,0.0,0.0,0.0,0.0,0.0,0.0,0.0,0.0,0.0,0.0,0.0,0.0,0.0,0.0,0.0,0.0,0.0,0.0,0.0,0.0,0.0,0.0,0.0,0.0,0.0,0.0,0.0,0.0,0.0,0.0,0.0,0.0,0.0,0.0,0.0,0.0,0.0,0.0,0.0,0.0,0.0,0.0,0.0,0.0,0.0,0.0,0.0,0.0,0.0,0.0,0.0,0.0,0.0,0.0,0.0,0.0,0.0,0.0,0.0,0.0,0.0,0.0,0.0,0.0,0.0,0.0,0.0,0.0,0.0
5,-0.0025365352630615234,-0.0030899643898010254,-0.0034623146057128906,-0.004061281681060791,-0.00471651554107666,-0.006045818328857422,-0.0070307254791259766,-0.00814884901046753,-0.008571982383728027,-0.009790420532226562,-0.011583983898162842,-0.013283491134643555,-0.015515506267547607,-0.016691088676452637,-0.01890653371810913,-0.021473586559295654,-0.02400416135787964,-0.026564180850982666,-0.02881091833114624,-0.031386375427246094,-0.034432053565979004,-0.03675943613052368,-0.0392189621925354,-0.04089754819869995,-0.04320800304412842,-0.04555225372314453,-0.04686903953552246,-0.047714054584503174,-0.048018455505371094,-0.04845458269119263,-0.048544466495513916,-0.04768991470336914,-0.04630446434020996,-0.0439605712890625,-0.04262644052505493,-0.04099142551422119,-0.038562119007110596,-0.03593635559082031,-0.032489657402038574,-0.030130743980407715,-0.02790313959121704,-0.024876177310943604,-0.022514641284942627,-0.019454538822174072,-0.017638027667999268,-0.015861868858337402,-0.013430118560791016,-0.011645257472991943,-0.009733140468597412,-0.00895315408706665,-0.007669508457183838,-0.0064547061920166016,-0.005564391613006592,-0.004451632499694824,-0.004652202129364014,-0.004067361354827881,-0.0035663247108459473,-0.003207564353942871,-0.0022488832473754883,-0.002118706703186035,-0.0020409226417541504,-0.0020386576652526855,-0.0012796521186828613,-0.0009151101112365723,-0.0014369487762451172,-0.0012642145156860352,-0.0010248422622680664,-7.56978988647461e-05,0.00028139352798461914,-0.0001589059829711914,0.00014954805374145508,0.000750124454498291,0.0014133453369140625,0.0013821125030517578,0.0013630986213684082,0.0,0.0,0.0,0.0,0.0,0.0,0.0,0.0,0.0,0.0,0.0,0.0,0.0,0.0,0.0,0.0,0.0,0.0,0.0,0.0,0.0,0.0,0.0,0.0,0.0,0.0,0.0,0.0,0.0,0.0,0.0,0.0,0.0,0.0,0.0,0.0,0.0,0.0,0.0,0.0,0.0,0.0,0.0,0.0,0.0,0.0,0.0,0.0,0.0,0.0,0.0,0.0,0.0,0.0,0.0,0.0,0.0,0.0,0.0,0.0,0.0,0.0,0.0,0.0,0.0,0.0,0.0,0.0,0.0,0.0,0.0,0.0,0.0,0.0,0.0,0.0,0.0,0.0,0.0,0.0,0.0,0.0,0.0,0.0,0.0,0.0,0.0,0.0,0.0,0.0,0.0,0.0,0.0,0.0,0.0,0.0,0.0,0.0,0.0,0.0,0.0,0.0,0.0,0.0,0.0,0.0,0.0,0.0,0.0,0.0,0.0,0.0,0.0,0.0,0.0,0.0,0.0,0.0,0.0,0.0,0.0,0.0,0.0,0.0,0.0,0.0,0.0,0.0,0.0,0.0,0.0,0.0,0.0,0.0,0.0,0.0,0.0,0.0,0.0,0.0,0.0,0.0,0.0,0.0,0.0,0.0,0.0,0.0,0.0,0.0
6,0.0016580820083618164,0.0023220181465148926,0.0025850534439086914,0.002723991870880127,0.0030190348625183105,0.0038754940032958984,0.005562186241149902,0.006965994834899902,0.008574724197387695,0.009117424488067627,0.010966122150421143,0.01365196704864502,0.015435397624969482,0.01769387722015381,0.019392728805541992,0.021211624145507812,0.023890554904937744,0.02606201171875,0.028154730796813965,0.02976745367050171,0.031451642513275146,0.03314763307571411,0.034350037574768066,0.03620553016662598,0.03691285848617554,0.037670016288757324,0.0388302206993103,0.03963428735733032,0.04017043113708496,0.03990209102630615,0.04011201858520508,0.04123842716217041,0.04156142473220825,0.042179226875305176,0.041153669357299805,0.041864871978759766,0.042523205280303955,0.0432056188583374,0.042976319789886475,0.042299091815948486,0.04333466291427612,0.0445438027381897,0.04473531246185303,0.04453074932098389,0.04405432939529419,0.04430454969406128,0.04534119367599487,0.044920265674591064,0.044444501399993896,0.04338008165359497,0.04268079996109009,0.04182028770446777,0.04067254066467285,0.03951233625411987,0.037094950675964355,0.035813093185424805,0.03376489877700806,0.031760334968566895,0.029473066329956055,0.02677333354949951,0.02490520477294922,0.022818565368652344,0.020750343799591064,0.018083631992340088,0.015376389026641846,0.013867318630218506,0.012070000171661377,0.010537326335906982,0.008308172225952148,0.006562352180480957,0.005189239978790283,0.004016757011413574,0.003421187400817871,0.0024895668029785156,0.001995384693145752,0.0,0.0,0.0,0.0,0.0,0.0,0.0,0.0,0.0,0.0,0.0,0.0,0.0,0.0,0.0,0.0,0.0,0.0,0.0,0.0,0.0,0.0,0.0,0.0,0.0,0.0,0.0,0.0,0.0,0.0,0.0,0.0,0.0,0.0,0.0,0.0,0.0,0.0,0.0,0.0,0.0,0.0,0.0,0.0,0.0,0.0,0.0,0.0,0.0,0.0,0.0,0.0,0.0,0.0,0.0,0.0,0.0,0.0,0.0,0.0,0.0,0.0,0.0,0.0,0.0,0.0,0.0,0.0,0.0,0.0,0.0,0.0,0.0,0.0,0.0,0.0,0.0,0.0,0.0,0.0,0.0,0.0,0.0,0.0,0.0,0.0,0.0,0.0,0.0,0.0,0.0,0.0,0.0,0.0,0.0,0.0,0.0,0.0,0.0,0.0,0.0,0.0,0.0,0.0,0.0,0.0,0.0,0.0,0.0,0.0,0.0,0.0,0.0,0.0,0.0,0.0,0.0,0.0,0.0,0.0,0.0,0.0,0.0,0.0,0.0,0.0,0.0,0.0,0.0,0.0,0.0,0.0,0.0,0.0,0.0,0.0,0.0,0.0,0.0,0.0,0.0,0.0,0.0,0.0,0.0,0.0,0.0,0.0,0.0,0.0
7,0.0,0.0,0.0,0.0,0.0,0.0,0.0,0.0,0.0,0.0,0.0,0.0,0.0,0.0,0.0,0.0,0.0,0.0,0.0,0.0,0.0,0.0,0.0,0.0,0.0,0.0,0.0,0.0,0.0,0.0,0.0,0.0,0.0,0.0,0.0,0.0,0.0,0.0,0.0,0.0,0.0,0.0,0.0,0.0,0.0,0.0,0.0,0.0,0.0,0.0,0.0,0.0,0.0,0.0,0.0,0.0,0.0,0.0,0.0,0.0,0.0,0.0,0.0,0.0,0.0,0.0,0.0,0.0,0.0,0.0,0.0,0.0,0.0,0.0,0.0,-0.03294241428375244,-0.03718137741088867,-0.04082828760147095,-0.04330933094024658,-0.044380247592926025,-0.044870972633361816,-0.045485496520996094,-0.04350113868713379,-0.04167354106903076,-0.039998412132263184,-0.03810596466064453,-0.03652238845825195,-0.03484952449798584,-0.032714009284973145,-0.03059709072113037,-0.02879929542541504,-0.02691948413848877,-0.024958372116088867,-0.024395644664764404,-0.02304166555404663,-0.022093534469604492,-0.020857572555541992,-0.019055724143981934,-0.01785862445831299,-0.016529858112335205,-0.015141069889068604,-0.014582395553588867,-0.013316631317138672,-0.012311100959777832,-0.01024562120437622,-0.008539080619812012,-0.006974279880523682,-0.005202770233154297,-0.003320932388305664,-0.001637279987335205,-0.0004222989082336426,0.0015421509742736816,0.0029649734497070312,0.0045656561851501465,0.006399035453796387,0.0071179866790771484,0.00879901647567749,0.010418176651000977,0.011074841022491455,0.012955784797668457,0.014216482639312744,0.01639878749847412,0.01791226863861084,0.01902848482131958,0.02074122428894043,0.021236181259155273,0.02254408597946167,0.024048209190368652,0.025243401527404785,0.025990545749664307,0.027494728565216064,0.029891252517700195,0.031858086585998535,0.03374296426773071,0.034920454025268555,0.03620678186416626,0.03889721632003784,0.04109305143356323,0.042673468589782715,0.043327510356903076,0.04359239339828491,0.04315519332885742,0.04249298572540283,0.04129326343536377,0.038984835147857666,0.03590977191925049,0.032126009464263916,0.027960658073425293,0.023431837558746338,0.018641412258148193,0.0,0.0,0.0,0.0,0.0,0.0,0.0,0.0,0.0,0.0,0.0,0.0,0.0,0.0,0.0,0.0,0.0,0.0,0.0,0.0,0.0,0.0,0.0,0.0,0.0,0.0,0.0,0.0,0.0,0.0,0.0,0.0,0.0,0.0,0.0,0.0,0.0,0.0,0.0,0.0,0.0,0.0,0.0,0.0,0.0,0.0,0.0,0.0,0.0,0.0,0.0,0.0,0.0,0.0,0.0,0.0,0.0,0.0,0.0,0.0,0.0,0.0,0.0,0.0,0.0,0.0,0.0,0.0,0.0,0.0,0.0,0.0,0.0,0.0,0.0
8,0.0,0.0,0.0,0.0,0.0,0.0,0.0,0.0,0.0,0.0,0.0,0.0,0.0,0.0,0.0,0.0,0.0,0.0,0.0,0.0,0.0,0.0,0.0,0.0,0.0,0.0,0.0,0.0,0.0,0.0,0.0,0.0,0.0,0.0,0.0,0.0,0.0,0.0,0.0,0.0,0.0,0.0,0.0,0.0,0.0,0.0,0.0,0.0,0.0,0.0,0.0,0.0,0.0,0.0,0.0,0.0,0.0,0.0,0.0,0.0,0.0,0.0,0.0,0.0,0.0,0.0,0.0,0.0,0.0,0.0,0.0,0.0,0.0,0.0,0.0,0.0,0.0,0.0,0.0,0.0,0.0,0.0,0.0,0.0,0.0,0.0,0.0,0.0,0.0,0.0,0.0,0.0,0.0,0.0,0.0,0.0,0.0,0.0,0.0,0.0,0.0,0.0,0.0,0.0,0.0,0.0,0.0,0.0,0.0,0.0,0.0,0.0,0.0,0.0,0.0,0.0,0.0,0.0,0.0,0.0,0.0,0.0,0.0,0.0,0.0,0.0,0.0,0.0,0.0,0.0,0.0,0.0,0.0,0.0,0.0,0.0,0.0,0.0,0.0,0.0,0.0,0.0,0.0,0.0,0.0,0.0,0.0,0.0,0.0,0.0,-0.03789067268371582,-0.04667478799819946,-0.04841315746307373,-0.04499626159667969,-0.040518343448638916,-0.03682398796081543,-0.03552675247192383,-0.033630311489105225,-0.03188765048980713,-0.02929013967514038,-0.02691417932510376,-0.02370619773864746,-0.019403159618377686,-0.01619887351989746,-0.014122426509857178,-0.011472523212432861,-0.008068501949310303,-0.003575146198272705,-0.00168687105178833,0.0011023879051208496,0.00426793098449707,0.00853186845779419,0.013455808162689209,0.01624619960784912,0.01869034767150879,0.02133101224899292,0.024938762187957764,0.028970718383789062,0.03134751319885254,0.034521520137786865,0.03746753931045532,0.04163163900375366,0.045591533184051514,0.045910537242889404,0.04343593120574951,0.03397953510284424,0.01831430196762085,-0.004611551761627197,-0.02806025743484497,-0.042439162731170654,-0.04736757278442383,-0.044729650020599365,-0.038942039012908936,-0.035899996757507324,-0.03386116027832031,-0.03196650743484497,-0.02843475341796875,-0.026091277599334717,-0.02454543113708496,-0.02300029993057251,-0.021475374698638916,-0.017940044403076172,-0.01416170597076416,-0.011477470397949219,-0.007746219635009766,-0.004605650901794434,-0.001964390277862549,0.0018047094345092773,0.004634559154510498,0.009575843811035156,0.012784481048583984,0.016394495964050293,0.01911717653274536,0.021793127059936523,0.025315701961517334,0.029260635375976562,0.033453166484832764,0.03678494691848755,0.039914488792419434,0.04411506652832031,0.04737883806228638,0.04983508586883545,0.04846280813217163,0.04245615005493164,0.028711557388305664
9,0.0,0.0,0.0,0.0,0.0,0.0,0.0,0.0,0.0,0.0,0.0,0.0,0.0,0.0,0.0,0.0,0.0,0.0,0.0,0.0,0.0,0.0,0.0,0.0,0.0,0.0,0.0,0.0,0.0,0.0,0.0,0.0,0.0,0.0,0.0,0.0,0.0,0.0,0.0,0.0,0.0,0.0,0.0,0.0,0.0,0.0,0.0,0.0,0.0,0.0,0.0,0.0,0.0,0.0,0.0,0.0,0.0,0.0,0.0,0.0,0.0,0.0,0.0,0.0,0.0,0.0,0.0,0.0,0.0,0.0,0.0,0.0,0.0,0.0,0.0,-0.018211424350738525,-0.026699960231781006,-0.03295320272445679,-0.038473546504974365,-0.04359233379364014,-0.04540896415710449,-0.04654198884963989,-0.04480564594268799,-0.04567056894302368,-0.0473254919052124,-0.048423826694488525,-0.048135995864868164,-0.04521673917770386,-0.042919278144836426,-0.040494322776794434,-0.037317752838134766,-0.03609752655029297,-0.03539323806762695,-0.03610634803771973,-0.034771859645843506,-0.03421145677566528,-0.03251159191131592,-0.030498921871185303,-0.028979003429412842,-0.026980340480804443,-0.02580970525741577,-0.024290800094604492,-0.0221136212348938,-0.022288501262664795,-0.021730661392211914,-0.021371066570281982,-0.020430445671081543,-0.01812964677810669,-0.015904784202575684,-0.013578593730926514,-0.011193037033081055,-0.00880199670791626,-0.007219910621643066,-0.004414379596710205,-0.003058016300201416,-0.002502739429473877,-0.0009342432022094727,0.0012711882591247559,0.002700984477996826,0.004829227924346924,0.005952298641204834,0.007692933082580566,0.009443461894989014,0.010828852653503418,0.012682020664215088,0.01405954360961914,0.016040563583374023,0.017632007598876953,0.019783437252044678,0.021970391273498535,0.023543238639831543,0.025365114212036133,0.02736508846282959,0.029975712299346924,0.031829655170440674,0.03409522771835327,0.036577701568603516,0.03799313306808472,0.04026901721954346,0.041537344455718994,0.04244285821914673,0.04451799392700195,0.04571676254272461,0.048010826110839844,0.049499332904815674,0.0485270619392395,0.04699832201004028,0.044831156730651855,0.039226651191711426,0.0345304012298584,-0.01834648847579956,-0.026130378246307373,-0.03235870599746704,-0.03789949417114258,-0.043975114822387695,-0.04527240991592407,-0.04542583227157593,-0.04416614770889282,-0.044582903385162354,-0.04733067750930786,-0.047345101833343506,-0.046313345432281494,-0.04473137855529785,-0.04252278804779053,-0.04006987810134888,-0.03587973117828369,-0.03545111417770386,-0.03580176830291748,-0.0357968807220459,-0.035085976123809814,-0.0334513783454895,-0.03200775384902954,-0.030485570430755615,-0.028935372829437256,-0.026813149452209473,-0.025035619735717773,-0.02369999885559082,-0.021889030933380127,-0.02238839864730835,-0.02186000347137451,-0.020494937896728516,-0.01974189281463623,-0.017884016036987305,-0.01590549945831299,-0.01376199722290039,-0.010850667953491211,-0.008496463298797607,-0.006400346755981445,-0.0035817623138427734,-0.003187716007232666,-0.002293109893798828,-0.00084686279296875,0.0014199614524841309,0.003116130828857422,0.005226016044616699,0.007090926170349121,0.007998526096343994,0.010014533996582031,0.010991334915161133,0.012918710708618164,0.01538848876953125,0.016807377338409424,0.018411457538604736,0.019648611545562744,0.022273361682891846,0.02469635009765625,0.025897681713104248,0.02838718891143799,0.029935836791992188,0.03246510028839111,0.03561735153198242,0.036941587924957275,0.03847205638885498,0.04011964797973633,0.04187434911727905,0.04329925775527954,0.04500788450241089,0.04655468463897705,0.048191845417022705,0.05041313171386719,0.049750685691833496,0.04783129692077637,0.04552656412124634,0.03943502902984619,0.03510802984237671
10,0.0,0.0,0.0,0.0,0.0,0.0,0.0,0.0,0.0,0.0,0.0,0.0,0.0,0.0,0.0,0.0,0.0,0.0,0.0,0.0,0.0,0.0,0.0,0.0,0.0,0.0,0.0,0.0,0.0,0.0,0.0,0.0,0.0,0.0,0.0,0.0,0.0,0.0,0.0,0.0,0.0,0.0,0.0,0.0,0.0,0.0,0.0,0.0,0.0,0.0,0.0,0.0,0.0,0.0,0.0,0.0,0.0,0.0,0.0,0.0,0.0,0.0,0.0,0.0,0.0,0.0,0.0,0.0,0.0,0.0,0.0,0.0,0.0,0.0,0.0,-0.028848230838775635,-0.03351724147796631,-0.03652548789978027,-0.038990139961242676,-0.040442049503326416,-0.041290879249572754,-0.04266953468322754,-0.04185521602630615,-0.04122352600097656,-0.04107832908630371,-0.03907054662704468,-0.03813141584396362,-0.03660011291503906,-0.03701484203338623,-0.03628808259963989,-0.03463488817214966,-0.03424251079559326,-0.03226369619369507,-0.03191429376602173,-0.029453635215759277,-0.02780282497406006,-0.02634406089782715,-0.02418285608291626,-0.022943079471588135,-0.02087301015853882,-0.01930612325668335,-0.01793539524078369,-0.016010761260986328,-0.01575911045074463,-0.013552248477935791,-0.011954128742218018,-0.01060575246810913,-0.009249746799468994,-0.008697032928466797,-0.007013380527496338,-0.0058591365814208984,-0.004929304122924805,-0.003724336624145508,-0.0026256442070007324,-0.0003408193588256836,0.0013806819915771484,0.0038793087005615234,0.005602121353149414,0.006200432777404785,0.009107112884521484,0.010665059089660645,0.013016104698181152,0.013333320617675781,0.0137290358543396,0.016181886196136475,0.017679333686828613,0.019904017448425293,0.021095097064971924,0.022681355476379395,0.02548205852508545,0.027177751064300537,0.02985292673110962,0.03088003396987915,0.03260242938995361,0.034502267837524414,0.034608304500579834,0.03716319799423218,0.038091421127319336,0.03846621513366699,0.04018604755401611,0.04097384214401245,0.04255640506744385,0.04250800609588623,0.04094552993774414,0.0416337251663208,0.03965723514556885,0.03796970844268799,0.034429311752319336,0.030776143074035645,0.027336716651916504,0.007594943046569824,0.010018110275268555,0.011427640914916992,0.016152501106262207,0.01904773712158203,0.023309707641601562,0.02718144655227661,0.03014957904815674,0.03521096706390381,0.03815048933029175,0.042228877544403076,0.045089006423950195,0.04671698808670044,0.050181448459625244,0.051622748374938965,0.05365335941314697,0.05411243438720703,0.054518163204193115,0.05591857433319092,0.05500948429107666,0.055000364780426025,0.0537182092666626,0.05278658866882324,0.05209463834762573,0.04919302463531494,0.04730957746505737,0.04384809732437134,0.04106426239013672,0.03861713409423828,0.03488117456436157,0.030924856662750244,0.025936424732208252,0.02202063798904419,0.01822817325592041,0.0131492018699646,0.00892174243927002,0.003462672233581543,-0.0006887316703796387,-0.005006074905395508,-0.009845912456512451,-0.013834595680236816,-0.018810272216796875,-0.022129714488983154,-0.026045918464660645,-0.02955526113510132,-0.03289574384689331,-0.0374489426612854,-0.03982877731323242,-0.042539238929748535,-0.045274198055267334,-0.047303617000579834,-0.05034279823303223,-0.05134063959121704,-0.052381038665771484,-0.05327796936035156,-0.05388224124908447,-0.055790841579437256,-0.054917097091674805,-0.054635822772979736,-0.05287575721740723,-0.05201923847198486,-0.05061769485473633,-0.047130703926086426,-0.044905662536621094,-0.041634202003479004,-0.03900057077407837,-0.03604191541671753,-0.03156250715255737,-0.02892124652862549,-0.02462148666381836,-0.021050572395324707,-0.018536627292633057,-0.014393389225006104,-0.011825382709503174,-0.008183896541595459
11,0.0,0.0,0.0,0.0,0.0,0.0,0.0,0.0,0.0,0.0,0.0,0.0,0.0,0.0,0.0,0.0,0.0,0.0,0.0,0.0,0.0,0.0,0.0,0.0,0.0,0.0,0.0,0.0,0.0,0.0,0.0,0.0,0.0,0.0,0.0,0.0,0.0,0.0,0.0,0.0,0.0,0.0,0.0,0.0,0.0,0.0,0.0,0.0,0.0,0.0,0.0,0.0,0.0,0.0,0.0,0.0,0.0,0.0,0.0,0.0,0.0,0.0,0.0,0.0,0.0,0.0,0.0,0.0,0.0,0.0,0.0,0.0,0.0,0.0,0.0,0.0,0.0,0.0,0.0,0.0,0.0,0.0,0.0,0.0,0.0,0.0,0.0,0.0,0.0,0.0,0.0,0.0,0.0,0.0,0.0,0.0,0.0,0.0,0.0,0.0,0.0,0.0,0.0,0.0,0.0,0.0,0.0,0.0,0.0,0.0,0.0,0.0,0.0,0.0,0.0,0.0,0.0,0.0,0.0,0.0,0.0,0.0,0.0,0.0,0.0,0.0,0.0,0.0,0.0,0.0,0.0,0.0,0.0,0.0,0.0,0.0,0.0,0.0,0.0,0.0,0.0,0.0,0.0,0.0,0.0,0.0,0.0,0.0,0.0,0.0,0.026521682739257812,0.03364896774291992,0.0352175235748291,0.03560054302215576,0.03594762086868286,0.038872599601745605,0.04142719507217407,0.0434497594833374,0.04208284616470337,0.03761559724807739,0.03177368640899658,0.01999521255493164,0.004150986671447754,-0.017087876796722412,-0.030171692371368408,-0.03133106231689453,-0.036148786544799805,-0.03883165121078491,-0.04001319408416748,-0.0410119891166687,-0.04141354560852051,-0.03715997934341431,-0.03217226266860962,-0.02102261781692505,-0.0037618279457092285,0.022930026054382324,0.034758031368255615,0.03775155544281006,0.038779258728027344,0.03762233257293701,0.04021185636520386,0.03996390104293823,0.042038023471832275,0.04048418998718262,0.039311110973358154,0.034718990325927734,0.02431565523147583,0.0025235414505004883,-0.02257770299911499,-0.037484586238861084,-0.03908306360244751,-0.04120713472366333,-0.0421905517578125,-0.04285228252410889,-0.042928993701934814,-0.04408538341522217,-0.043006062507629395,-0.03955942392349243,-0.029290378093719482,-0.009898364543914795,0.020273447036743164,0.031072497367858887,0.03403717279434204,0.03714799880981445,0.035936951637268066,0.03906363248825073,0.03969275951385498,0.04228007793426514,0.04078078269958496,0.04178339242935181,0.036413490772247314,0.02806466817855835,0.004517614841461182,-0.01982980966567993,-0.03262549638748169,-0.036737143993377686,-0.03846341371536255,-0.040580034255981445,-0.040926575660705566,-0.04018712043762207,-0.03967714309692383,-0.04083371162414551,-0.0392722487449646,-0.03380805253982544,-0.023831605911254883
12,-0.019984185695648193,-0.02569645643234253,-0.034488797187805176,-0.03675222396850586,-0.03508436679840088,-0.034181296825408936,-0.03212052583694458,-0.033531129360198975,-0.03441202640533447,-0.03587597608566284,-0.036885201930999756,-0.03622472286224365,-0.03617626428604126,-0.03510826826095581,-0.03565704822540283,-0.035331785678863525,-0.034947216510772705,-0.03477877378463745,-0.03466671705245972,-0.03483438491821289,-0.03562426567077637,-0.03450047969818115,-0.03480154275894165,-0.03460550308227539,-0.035400450229644775,-0.0358661413192749,-0.03565889596939087,-0.035343050956726074,-0.03538918495178223,-0.03615015745162964,-0.03690183162689209,-0.036451101303100586,-0.03636825084686279,-0.03585559129714966,-0.036786019802093506,-0.03704947233200073,-0.03613770008087158,-0.03649228811264038,-0.03642928600311279,-0.036983489990234375,-0.036864399909973145,-0.03634148836135864,-0.03563582897186279,-0.035661399364471436,-0.03680098056793213,-0.037180185317993164,-0.0363040566444397,-0.0358160138130188,-0.03614097833633423,-0.03757721185684204,-0.037029147148132324,-0.0360751748085022,-0.03619587421417236,-0.03625011444091797,-0.03711962699890137,-0.0371556282043457,-0.037080228328704834,-0.036415696144104004,-0.03577280044555664,-0.036161065101623535,-0.03650045394897461,-0.036492347717285156,-0.036083221435546875,-0.03627312183380127,-0.03679007291793823,-0.03713703155517578,-0.037119507789611816,-0.0352361798286438,-0.03435051441192627,-0.03370344638824463,-0.03461873531341553,-0.03557693958282471,-0.035764992237091064,-0.033014655113220215,-0.027400732040405273,-0.020112156867980957,-0.027411699295043945,-0.0365256667137146,-0.03692042827606201,-0.03554743528366089,-0.03382617235183716,-0.03251528739929199,-0.034071922302246094,-0.035107195377349854,-0.03645062446594238,-0.03675544261932373,-0.03630596399307251,-0.03637826442718506,-0.03597182035446167,-0.03617888689041138,-0.03574734926223755,-0.035401761531829834,-0.03528928756713867,-0.03585100173950195,-0.036288678646087646,-0.03588747978210449,-0.03474169969558716,-0.03527587652206421,-0.035495638847351074,-0.03607875108718872,-0.035541415214538574,-0.03562504053115845,-0.03628575801849365,-0.036828815937042236,-0.036967694759368896,-0.03680700063705444,-0.036176085472106934,-0.03681325912475586,-0.037355661392211914,-0.03719139099121094,-0.036779701709747314,-0.035945892333984375,-0.036909520626068115,-0.037471890449523926,-0.03766751289367676,-0.03691750764846802,-0.036298394203186035,-0.03629881143569946,-0.03733426332473755,-0.03752237558364868,-0.036778271198272705,-0.03579831123352051,-0.036515772342681885,-0.03762924671173096,-0.03824639320373535,-0.037396788597106934,-0.035971224308013916,-0.037057459354400635,-0.03759145736694336,-0.0371854305267334,-0.03697788715362549,-0.03669381141662598,-0.037024736404418945,-0.036860108375549316,-0.03683674335479736,-0.03615248203277588,-0.03607207536697388,-0.03697246313095093,-0.03723251819610596,-0.03697401285171509,-0.03658229112625122,-0.03643596172332764,-0.03609120845794678,-0.03536897897720337,-0.0343664288520813,-0.034822046756744385,-0.035908520221710205,-0.03763091564178467,-0.032397568225860596,-0.02494603395462036,-0.018882811069488525,-0.029688537120819092,-0.03626793622970581,-0.03550601005554199,-0.034065186977386475,-0.03257471323013306,-0.033014535903930664,-0.03441518545150757,-0.034785330295562744,-0.03550457954406738,-0.03552478551864624,-0.03632146120071411,-0.036952435970306396,-0.03529250621795654,-0.0354495644569397,-0.03515273332595825,-0.03540140390396118,-0.035760343074798584,-0.03527343273162842,-0.03500288724899292,-0.03492385149002075,-0.03490006923675537,-0.035557568073272705,-0.034906864166259766,-0.03460836410522461,-0.03448361158370972,-0.03661656379699707,-0.03710252046585083,-0.03657788038253784,-0.03606986999511719,-0.036521315574645996,-0.03677326440811157,-0.037062227725982666,-0.03637140989303589,-0.03587228059768677,-0.03609108924865723,-0.03656107187271118,-0.03693974018096924,-0.03672957420349121,-0.036436498165130615,-0.036056339740753174,-0.03699147701263428,-0.03681457042694092,-0.036623477935791016,-0.036034584045410156,-0.03626757860183716,-0.03697925806045532,-0.03687477111816406,-0.037070393562316895,-0.03725486993789673,-0.03701472282409668,-0.03726309537887573,-0.03770172595977783,-0.0367351770401001,-0.035987019538879395,-0.036504149436950684,-0.037433922290802,-0.0369909405708313,-0.035940587520599365,-0.03574252128601074,-0.03570687770843506,-0.03667539358139038,-0.03665268421173096,-0.036393940448760986,-0.03558671474456787,-0.03649622201919556,-0.036828041076660156,-0.03559941053390503,-0.033925771713256836,-0.033631742000579834,-0.03549593687057495,-0.03736978769302368,-0.03587585687637329,-0.030104219913482666,-0.021281123161315918
13,0.012873411178588867,0.019536495208740234,0.026893794536590576,0.03316456079483032,0.03871208429336548,0.04169440269470215,0.044000446796417236,0.0445135235786438,0.04483199119567871,0.043155133724212646,0.0409623384475708,0.03840821981430054,0.03478723764419556,0.03221607208251953,0.028674721717834473,0.026278316974639893,0.02424687147140503,0.022677719593048096,0.022010624408721924,0.02134573459625244,0.01883620023727417,0.016431808471679688,0.012475669384002686,0.009190738201141357,0.005451381206512451,0.002493917942047119,0.0006300806999206543,-0.00023430585861206055,-0.00017875432968139648,-0.00043386220932006836,-0.0007687807083129883,-0.001010298728942871,-0.0014892816543579102,-0.0008544325828552246,-0.001981496810913086,-0.0020492076873779297,-0.0016413331031799316,-0.0013970136642456055,-0.0012622475624084473,-0.0014226436614990234,-0.0020644664764404297,-0.0015963315963745117,-0.0020985007286071777,-0.0008636713027954102,-0.0004958510398864746,-0.0001933574676513672,4.649162292480469e-05,-0.000805199146270752,-0.0009627342224121094,-0.001703500747680664,-0.0017945170402526855,-0.0022826790809631348,-0.002066671848297119,-0.0017467737197875977,-0.0012764930725097656,-0.0013848543167114258,-0.0019217133522033691,-0.00221860408782959,-0.0022373199462890625,-0.0026262998580932617,-0.002113163471221924,-0.0022722482681274414,-0.0016117095947265625,-0.001263439655303955,-0.0018094778060913086,-0.001710057258605957,-0.0023561716079711914,-0.00154036283493042,-0.0013988614082336426,-0.001103520393371582,-0.000744938850402832,-0.0006763935089111328,-0.0008244514465332031,-0.001565396785736084,-0.0016489028930664062,-0.0010507702827453613,-0.0004931092262268066,0.0002752542495727539,-0.00011116266250610352,-0.0001596212387084961,-0.00039136409759521484,-0.0007682442665100098,-0.0009052157402038574,-0.001232743263244629,-0.0012682080268859863,-0.00041478872299194336,0.00011038780212402344,0.0012739300727844238,0.0017216801643371582,0.0020261406898498535,0.00184553861618042,0.0013154149055480957,0.0013635754585266113,0.0005845427513122559,4.76837158203125e-05,-0.0012753009796142578,-0.0011453628540039062,0.0003420710563659668,0.0018625855445861816,0.005869746208190918,0.011425435543060303,0.018143951892852783,0.02503979206085205,0.031119883060455322,0.037297725677490234,0.0402979850769043,0.042686402797698975,0.043226420879364014,0.04276174306869507,0.041359007358551025,0.039103686809539795,0.03684514760971069,0.034129977226257324,0.03089749813079834,0.027924060821533203,0.024548470973968506,0.02255570888519287,0.021180033683776855,0.020374834537506104,0.019574999809265137,0.017178595066070557,0.014973580837249756,0.010995447635650635,0.007209122180938721,0.00446319580078125,0.001255631446838379,-9.149312973022461e-05,-0.001219034194946289,-0.0010504722595214844,-0.0012638568878173828,-0.0019269585609436035,-0.002041339874267578,-0.00275498628616333,-0.002972543239593506,-0.003678739070892334,-0.0036040544509887695,-0.002673029899597168,-0.0023785829544067383,-0.002479732036590576,-0.0022370219230651855,-0.003157973289489746,-0.0024150609970092773,-0.0025267601013183594,-0.0019347071647644043,-0.00173872709274292,-0.001483917236328125,-0.001198887825012207,-0.0017040371894836426,-0.0012238621711730957,-0.0008228421211242676,-0.0008845329284667969,-0.00026351213455200195,0.00042682886123657227,0.0012280941009521484,0.000585019588470459,0.0010364651679992676,0.0005779266357421875,0.0005098581314086914,0.0004188418388366699,0.0001634359359741211,0.0006340742111206055,0.00033396482467651367,-6.002187728881836e-05,9.191036224365234e-05,-0.00020140409469604492,0.0003128647804260254,0.00042188167572021484,0.00047397613525390625,0.0010360479354858398,0.0009621381759643555,0.0013120770454406738,0.000702977180480957,-0.00026547908782958984,-0.0016113519668579102,-0.0018472671508789062,-0.001248776912689209,-0.0015991926193237305,-0.001127481460571289,-0.0007835030555725098,-0.0005519986152648926,-0.0008602738380432129,-0.0018936991691589355,-0.0019774436950683594,-0.0020393729209899902,-0.002090632915496826,-0.0012370944023132324,-0.0009327530860900879,0.0006617903709411621,0.001414179801940918,0.0017156600952148438,0.001069188117980957,0.0007954835891723633,0.001205146312713623,8.344650268554688e-05,-0.0007643699645996094,-0.0014470815658569336,-0.001550137996673584,-0.0003756880760192871,0.0015766620635986328,0.005745291709899902,0.011192798614501953,0.018025338649749756,0.025058388710021973,0.03136247396469116,0.03718608617782593,0.04032796621322632,0.04224115610122681,0.04259836673736572,0.041526973247528076,0.04087948799133301,0.03912121057510376,0.03646576404571533,0.033691465854644775,0.030754387378692627,0.027558088302612305,0.02491927146911621,0.022755742073059082,0.02157294750213623,0.01970118284225464,0.01913398504257202,0.017010390758514404,0.014683306217193604,0.011397838592529297,0.008009135723114014,0.0056386590003967285
14,0.0,0.0,0.0,0.0,0.0,0.0,0.0,0.0,0.0,0.0,0.0,0.0,0.0,0.0,0.0,0.0,0.0,0.0,0.0,0.0,0.0,0.0,0.0,0.0,0.0,0.0,0.0,0.0,0.0,0.0,0.0,0.0,0.0,0.0,0.0,0.0,0.0,0.0,0.0,0.0,0.0,0.0,0.0,0.0,0.0,0.0,0.0,0.0,0.0,0.0,0.0,0.0,0.0,0.0,0.0,0.0,0.0,0.0,0.0,0.0,0.0,0.0,0.0,0.0,0.0,0.0,0.0,0.0,0.0,0.0,0.0,0.0,0.0,0.0,0.0,-0.0016718506813049316,-0.003300309181213379,-0.004793047904968262,-0.00814664363861084,-0.010706126689910889,-0.013979971408843994,-0.01654595136642456,-0.01912897825241089,-0.022818028926849365,-0.02612316608428955,-0.029799163341522217,-0.032327353954315186,-0.034930527210235596,-0.038185060024261475,-0.04047513008117676,-0.042608559131622314,-0.04371923208236694,-0.04442352056503296,-0.04566013813018799,-0.04578208923339844,-0.04624021053314209,-0.04508399963378906,-0.044041216373443604,-0.04270315170288086,-0.04096728563308716,-0.03979027271270752,-0.036840856075286865,-0.0347895622253418,-0.03322291374206543,-0.030709385871887207,-0.02889382839202881,-0.025982201099395752,-0.024612903594970703,-0.023205816745758057,-0.021885931491851807,-0.021618187427520752,-0.020361125469207764,-0.020960509777069092,-0.021088600158691406,-0.022021174430847168,-0.02295154333114624,-0.02330070734024048,-0.025173664093017578,-0.026749730110168457,-0.02858072519302368,-0.03091496229171753,-0.03176772594451904,-0.034381985664367676,-0.03640627861022949,-0.03842192888259888,-0.040035128593444824,-0.04025900363922119,-0.04202622175216675,-0.04253774881362915,-0.043496906757354736,-0.043624699115753174,-0.04266232252120972,-0.0430145263671875,-0.042121708393096924,-0.041517019271850586,-0.039952099323272705,-0.03759211301803589,-0.0361475944519043,-0.03432208299636841,-0.03280061483383179,-0.030420005321502686,-0.02770894765853882,-0.025984346866607666,-0.024088799953460693,-0.02248966693878174,-0.01997053623199463,-0.017777740955352783,-0.016709208488464355,-0.014916062355041504,-0.01360619068145752,0.0,0.0,0.0,0.0,0.0,0.0,0.0,0.0,0.0,0.0,0.0,0.0,0.0,0.0,0.0,0.0,0.0,0.0,0.0,0.0,0.0,0.0,0.0,0.0,0.0,0.0,0.0,0.0,0.0,0.0,0.0,0.0,0.0,0.0,0.0,0.0,0.0,0.0,0.0,0.0,0.0,0.0,0.0,0.0,0.0,0.0,0.0,0.0,0.0,0.0,0.0,0.0,0.0,0.0,0.0,0.0,0.0,0.0,0.0,0.0,0.0,0.0,0.0,0.0,0.0,0.0,0.0,0.0,0.0,0.0,0.0,0.0,0.0,0.0,0.0
15,0.000431060791015625,-0.003006279468536377,-0.008683860301971436,-0.016388237476348877,-0.023579776287078857,-0.030323445796966553,-0.033136069774627686,-0.03514575958251953,-0.03788810968399048,-0.037712931632995605,-0.03768736124038696,-0.036969125270843506,-0.03800874948501587,-0.03882509469985962,-0.03896963596343994,-0.03726476430892944,-0.03683537244796753,-0.03705233335494995,-0.03973037004470825,-0.03896051645278931,-0.03831136226654053,-0.03749847412109375,-0.03675413131713867,-0.03671622276306152,-0.037633657455444336,-0.03949862718582153,-0.039939165115356445,-0.03812593221664429,-0.03780388832092285,-0.036358654499053955,-0.03605085611343384,-0.03830981254577637,-0.04048323631286621,-0.03992187976837158,-0.03861624002456665,-0.03744930028915405,-0.034366488456726074,-0.03061211109161377,-0.021955251693725586,-0.010765373706817627,0.0020706653594970703,0.015310585498809814,0.02578282356262207,0.031181752681732178,0.03331488370895386,0.036859095096588135,0.038281798362731934,0.03823274374008179,0.03804832696914673,0.03937852382659912,0.040487587451934814,0.04032665491104126,0.03983354568481445,0.04022854566574097,0.039618849754333496,0.0417596697807312,0.040670156478881836,0.03940081596374512,0.03719443082809448,0.03461134433746338,0.03381878137588501,0.034838855266571045,0.03720587491989136,0.037593305110931396,0.0364842414855957,0.03735756874084473,0.03717416524887085,0.03657114505767822,0.03824514150619507,0.03966379165649414,0.038636863231658936,0.036193907260894775,0.03543156385421753,0.03562802076339722,0.03502631187438965,0.0,0.0,0.0,0.0,0.0,0.0,0.0,0.0,0.0,0.0,0.0,0.0,0.0,0.0,0.0,0.0,0.0,0.0,0.0,0.0,0.0,0.0,0.0,0.0,0.0,0.0,0.0,0.0,0.0,0.0,0.0,0.0,0.0,0.0,0.0,0.0,0.0,0.0,0.0,0.0,0.0,0.0,0.0,0.0,0.0,0.0,0.0,0.0,0.0,0.0,0.0,0.0,0.0,0.0,0.0,0.0,0.0,0.0,0.0,0.0,0.0,0.0,0.0,0.0,0.0,0.0,0.0,0.0,0.0,0.0,0.0,0.0,0.0,0.0,0.0,0.0004170536994934082,0.0045149922370910645,0.01080852746963501,0.01838308572769165,0.024546563625335693,0.030984103679656982,0.03399306535720825,0.03624218702316284,0.03996920585632324,0.03874945640563965,0.03775888681411743,0.037690043449401855,0.038714468479156494,0.0401419997215271,0.03893280029296875,0.0374753475189209,0.03729057312011719,0.03823155164718628,0.04033011198043823,0.03908151388168335,0.03812950849533081,0.03760397434234619,0.03674119710922241,0.03644263744354248,0.03675961494445801,0.03900289535522461,0.039333462715148926,0.03768360614776611,0.03722262382507324,0.03561502695083618,0.0346144437789917,0.03752928972244263,0.04015225172042847,0.039290547370910645,0.037008702754974365,0.03507429361343384,0.032788991928100586,0.029561877250671387,0.020648598670959473,0.008450865745544434,-0.004721999168395996,-0.01705920696258545,-0.027054250240325928,-0.032818377017974854,-0.03524637222290039,-0.03961074352264404,-0.039814889430999756,-0.03934502601623535,-0.040159761905670166,-0.04232823848724365,-0.042658329010009766,-0.041747987270355225,-0.0414426326751709,-0.042349934577941895,-0.04233044385910034,-0.04383283853530884,-0.04235893487930298,-0.04106253385543823,-0.03941690921783447,-0.03644031286239624,-0.0354573130607605,-0.0360109806060791,-0.038198769092559814,-0.03928864002227783,-0.03852343559265137,-0.039474666118621826,-0.03886556625366211,-0.03779822587966919,-0.03984719514846802,-0.04112511873245239,-0.03989189863204956,-0.03653436899185181,-0.035715341567993164,-0.03679251670837402,-0.03571110963821411
16,0.0,0.0,0.0,0.0,0.0,0.0,0.0,0.0,0.0,0.0,0.0,0.0,0.0,0.0,0.0,0.0,0.0,0.0,0.0,0.0,0.0,0.0,0.0,0.0,0.0,0.0,0.0,0.0,0.0,0.0,0.0,0.0,0.0,0.0,0.0,0.0,0.0,0.0,0.0,0.0,0.0,0.0,0.0,0.0,0.0,0.0,0.0,0.0,0.0,0.0,0.0,0.0,0.0,0.0,0.0,0.0,0.0,0.0,0.0,0.0,0.0,0.0,0.0,0.0,0.0,0.0,0.0,0.0,0.0,0.0,0.0,0.0,0.0,0.0,0.0,0.0038944482803344727,0.006029963493347168,0.006918668746948242,0.006939530372619629,0.007985413074493408,0.010205686092376709,0.011879444122314453,0.013626635074615479,0.013928711414337158,0.015401899814605713,0.01719498634338379,0.01987546682357788,0.021461784839630127,0.022409915924072266,0.023896396160125732,0.026979446411132812,0.029262185096740723,0.030635476112365723,0.031168818473815918,0.03304314613342285,0.03523969650268555,0.037075817584991455,0.03899276256561279,0.0393330454826355,0.04078972339630127,0.042912960052490234,0.04450315237045288,0.04560697078704834,0.04498147964477539,0.046156466007232666,0.04792851209640503,0.04950684309005737,0.04947531223297119,0.04874873161315918,0.04978179931640625,0.05098217725753784,0.05173647403717041,0.05122983455657959,0.04981386661529541,0.05044436454772949,0.05068761110305786,0.05071556568145752,0.048899054527282715,0.04749655723571777,0.047217369079589844,0.04688960313796997,0.04609203338623047,0.04371839761734009,0.04224526882171631,0.04144155979156494,0.04086941480636597,0.03927260637283325,0.036772727966308594,0.03440791368484497,0.03291219472885132,0.031891584396362305,0.030703425407409668,0.02747368812561035,0.025050222873687744,0.024259984493255615,0.02370518445968628,0.021915555000305176,0.01877903938293457,0.016765713691711426,0.01608598232269287,0.015262901782989502,0.013518273830413818,0.010434567928314209,0.009186863899230957,0.008841097354888916,0.008221209049224854,0.0065062642097473145,0.0038153529167175293,0.0029135942459106445,0.0032849907875061035,0.0,0.0,0.0,0.0,0.0,0.0,0.0,0.0,0.0,0.0,0.0,0.0,0.0,0.0,0.0,0.0,0.0,0.0,0.0,0.0,0.0,0.0,0.0,0.0,0.0,0.0,0.0,0.0,0.0,0.0,0.0,0.0,0.0,0.0,0.0,0.0,0.0,0.0,0.0,0.0,0.0,0.0,0.0,0.0,0.0,0.0,0.0,0.0,0.0,0.0,0.0,0.0,0.0,0.0,0.0,0.0,0.0,0.0,0.0,0.0,0.0,0.0,0.0,0.0,0.0,0.0,0.0,0.0,0.0,0.0,0.0,0.0,0.0,0.0,0.0
17,0.031103193759918213,0.03649979829788208,0.03893232345581055,0.039714813232421875,0.040069758892059326,0.03608673810958862,0.03486090898513794,0.034860432147979736,0.0330432653427124,0.03191488981246948,0.03258579969406128,0.03385061025619507,0.0353471040725708,0.03730440139770508,0.03521251678466797,0.033556580543518066,0.03444564342498779,0.03486055135726929,0.03522181510925293,0.03500235080718994,0.03389453887939453,0.03411579132080078,0.034844279289245605,0.036160051822662354,0.03515869379043579,0.03108912706375122,0.031583547592163086,0.031105458736419678,0.03144407272338867,0.033348679542541504,0.03459060192108154,0.033371925354003906,0.03565168380737305,0.04268479347229004,0.04508119821548462,0.02798527479171753,0.002298295497894287,-0.02250075340270996,-0.036340534687042236,-0.03822505474090576,-0.04078572988510132,-0.040963590145111084,-0.037624895572662354,-0.036722004413604736,-0.03259474039077759,-0.034441232681274414,-0.03540849685668945,-0.03316986560821533,-0.03385114669799805,-0.03673052787780762,-0.03745138645172119,-0.03569221496582031,-0.03574264049530029,-0.036444127559661865,-0.03637278079986572,-0.03784680366516113,-0.036462485790252686,-0.03525477647781372,-0.03548145294189453,-0.03707897663116455,-0.037900567054748535,-0.03715813159942627,-0.03342604637145996,-0.03358739614486694,-0.034177422523498535,-0.035027146339416504,-0.037199974060058594,-0.035235702991485596,-0.034160494804382324,-0.03550159931182861,-0.04026550054550171,-0.0387536883354187,-0.03167074918746948,-0.018529415130615234,-0.006221592426300049,0.01665198802947998,0.02033400535583496,0.021359145641326904,0.0216294527053833,0.020208120346069336,0.017342805862426758,0.019231855869293213,0.020096778869628906,0.01714169979095459,0.015888869762420654,0.017795562744140625,0.019615650177001953,0.019594132900238037,0.019051671028137207,0.01787722110748291,0.01827406883239746,0.01940697431564331,0.018683433532714844,0.018365859985351562,0.017780542373657227,0.018108010292053223,0.01925438642501831,0.019633173942565918,0.019076168537139893,0.018215835094451904,0.017218828201293945,0.01832038164138794,0.017439723014831543,0.016522109508514404,0.01744556427001953,0.01873326301574707,0.01888740062713623,0.018902242183685303,0.028102576732635498,0.02804797887802124,0.01724231243133545,0.0010687708854675293,-0.016412675380706787,-0.021708309650421143,-0.022858798503875732,-0.024288952350616455,-0.022902607917785645,-0.021384835243225098,-0.020320117473602295,-0.01816856861114502,-0.01937258243560791,-0.018692374229431152,-0.0180014967918396,-0.020142972469329834,-0.02066218852996826,-0.01933807134628296,-0.018677115440368652,-0.020563185214996338,-0.021243035793304443,-0.020737767219543457,-0.02027076482772827,-0.01910310983657837,-0.019792914390563965,-0.021432697772979736,-0.021517276763916016,-0.02027791738510132,-0.019628584384918213,-0.018715620040893555,-0.020206570625305176,-0.01986759901046753,-0.019023895263671875,-0.01997131109237671,-0.019979238510131836,-0.020120978355407715,-0.021440088748931885,-0.02470231056213379,-0.022538483142852783,-0.018745064735412598,-0.01063758134841919,-0.00306856632232666,0.04631894826889038,0.054474830627441406,0.05592125654220581,0.0563700795173645,0.05480480194091797,0.052398681640625,0.05462002754211426,0.0503193736076355,0.04477638006210327,0.046505868434906006,0.04948467016220093,0.049969613552093506,0.050093114376068115,0.05208790302276611,0.05165088176727295,0.05042201280593872,0.05031007528305054,0.04912412166595459,0.049498915672302246,0.05026876926422119,0.05087423324584961,0.050229668617248535,0.04887503385543823,0.05043339729309082,0.05049961805343628,0.046390414237976074,0.04602253437042236,0.04323852062225342,0.043358683586120605,0.04683828353881836,0.050852835178375244,0.04793483018875122,0.053229689598083496,0.06376755237579346,0.0536460280418396,0.03274041414260864,-0.004144787788391113,-0.036392271518707275,-0.05206090211868286,-0.05773383378982544,-0.05921173095703125,-0.05768698453903198,-0.05465197563171387,-0.053227007389068604,-0.05011343955993652,-0.050761401653289795,-0.05135577917098999,-0.05072540044784546,-0.05113852024078369,-0.05172473192214966,-0.05278825759887695,-0.05429035425186157,-0.05450761318206787,-0.053756535053253174,-0.05202895402908325,-0.0533367395401001,-0.053805410861968994,-0.05370837450027466,-0.05298030376434326,-0.05136227607727051,-0.05273842811584473,-0.05413961410522461,-0.05110412836074829,-0.04955422878265381,-0.04764974117279053,-0.04913735389709473,-0.05464482307434082,-0.0534936785697937,-0.05038493871688843,-0.05305761098861694,-0.058347880840301514,-0.05312007665634155,-0.04480862617492676,-0.024505555629730225,-0.009447216987609863
18,-0.006728947162628174,-0.008363425731658936,-0.009849905967712402,-0.011975347995758057,-0.015017330646514893,-0.018426239490509033,-0.020703613758087158,-0.02253204584121704,-0.024841129779815674,-0.028060197830200195,-0.031036317348480225,-0.03316539525985718,-0.03580838441848755,-0.03793126344680786,-0.040468692779541016,-0.042473673820495605,-0.044014036655426025,-0.04489380121231079,-0.0460624098777771,-0.047497451305389404,-0.04910546541213989,-0.04874289035797119,-0.04825747013092041,-0.047642648220062256,-0.047508060932159424,-0.04672437906265259,-0.044961392879486084,-0.04282879829406738,-0.04051768779754639,-0.038755834102630615,-0.036450088024139404,-0.032631874084472656,-0.028612792491912842,-0.02513784170150757,-0.022021234035491943,-0.018198370933532715,-0.013175249099731445,-0.008479654788970947,-0.0043370723724365234,-0.0010578036308288574,0.003053426742553711,0.008408844470977783,0.012948334217071533,0.01663386821746826,0.01957225799560547,0.02335524559020996,0.027494430541992188,0.03093355894088745,0.03403186798095703,0.03592705726623535,0.038306236267089844,0.04106956720352173,0.0431598424911499,0.04439520835876465,0.04471558332443237,0.045787155628204346,0.04654276371002197,0.04699873924255371,0.04647648334503174,0.045467376708984375,0.04480862617492676,0.04388773441314697,0.043182313442230225,0.04116332530975342,0.03829759359359741,0.03663897514343262,0.034799158573150635,0.03298068046569824,0.03006964921951294,0.02676159143447876,0.024543046951293945,0.022286832332611084,0.02022087574005127,0.01684647798538208,0.013878166675567627,0.0,0.0,0.0,0.0,0.0,0.0,0.0,0.0,0.0,0.0,0.0,0.0,0.0,0.0,0.0,0.0,0.0,0.0,0.0,0.0,0.0,0.0,0.0,0.0,0.0,0.0,0.0,0.0,0.0,0.0,0.0,0.0,0.0,0.0,0.0,0.0,0.0,0.0,0.0,0.0,0.0,0.0,0.0,0.0,0.0,0.0,0.0,0.0,0.0,0.0,0.0,0.0,0.0,0.0,0.0,0.0,0.0,0.0,0.0,0.0,0.0,0.0,0.0,0.0,0.0,0.0,0.0,0.0,0.0,0.0,0.0,0.0,0.0,0.0,0.0,0.0,0.0,0.0,0.0,0.0,0.0,0.0,0.0,0.0,0.0,0.0,0.0,0.0,0.0,0.0,0.0,0.0,0.0,0.0,0.0,0.0,0.0,0.0,0.0,0.0,0.0,0.0,0.0,0.0,0.0,0.0,0.0,0.0,0.0,0.0,0.0,0.0,0.0,0.0,0.0,0.0,0.0,0.0,0.0,0.0,0.0,0.0,0.0,0.0,0.0,0.0,0.0,0.0,0.0,0.0,0.0,0.0,0.0,0.0,0.0,0.0,0.0,0.0,0.0,0.0,0.0,0.0,0.0,0.0,0.0,0.0,0.0,0.0,0.0,0.0
19,0.0,0.0,0.0,0.0,0.0,0.0,0.0,0.0,0.0,0.0,0.0,0.0,0.0,0.0,0.0,0.0,0.0,0.0,0.0,0.0,0.0,0.0,0.0,0.0,0.0,0.0,0.0,0.0,0.0,0.0,0.0,0.0,0.0,0.0,0.0,0.0,0.0,0.0,0.0,0.0,0.0,0.0,0.0,0.0,0.0,0.0,0.0,0.0,0.0,0.0,0.0,0.0,0.0,0.0,0.0,0.0,0.0,0.0,0.0,0.0,0.0,0.0,0.0,0.0,0.0,0.0,0.0,0.0,0.0,0.0,0.0,0.0,0.0,0.0,0.0,0.0,0.0,0.0,0.0,0.0,0.0,0.0,0.0,0.0,0.0,0.0,0.0,0.0,0.0,0.0,0.0,0.0,0.0,0.0,0.0,0.0,0.0,0.0,0.0,0.0,0.0,0.0,0.0,0.0,0.0,0.0,0.0,0.0,0.0,0.0,0.0,0.0,0.0,0.0,0.0,0.0,0.0,0.0,0.0,0.0,0.0,0.0,0.0,0.0,0.0,0.0,0.0,0.0,0.0,0.0,0.0,0.0,0.0,0.0,0.0,0.0,0.0,0.0,0.0,0.0,0.0,0.0,0.0,0.0,0.0,0.0,0.0,0.0,0.0,0.0,0.0,0.0,0.0,0.0,0.0,0.0,0.0,0.0,0.0,0.0,0.0,0.0,0.0,0.0,0.0,0.0,0.0,0.0,0.0,0.0,0.0,0.0,0.0,0.0,0.0,0.0,0.0,0.0,0.0,0.0,0.0,0.0,0.0,0.0,0.0,0.0,0.0,0.0,0.0,0.0,0.0,0.0,0.0,0.0,0.0,0.0,0.0,0.0,0.0,0.0,0.0,0.0,0.0,0.0,0.0,0.0,0.0,0.0,0.0,0.0,0.0,0.0,0.0,0.0,0.0,0.0,0.0,0.0,0.0,0.0,0.0,0.0,0.0,0.0,0.0
20,-0.010514676570892334,-0.01907634735107422,-0.02422124147415161,-0.025433897972106934,-0.020810961723327637,-0.012213587760925293,-0.00015687942504882812,0.01349329948425293,0.025136351585388184,0.032472193241119385,0.03396046161651611,0.029951870441436768,0.019334852695465088,0.005085110664367676,-0.010438382625579834,-0.023651182651519775,-0.03213590383529663,-0.03417527675628662,-0.029934048652648926,-0.018886864185333252,-0.004255712032318115,0.011283397674560547,0.024362504482269287,0.03240710496902466,0.03347969055175781,0.0283658504486084,0.01723337173461914,0.002528667449951172,-0.011993169784545898,-0.023296773433685303,-0.029444396495819092,-0.028241991996765137,-0.021168649196624756,-0.008652448654174805,0.005804777145385742,0.018838882446289062,0.028149425983428955,0.031188666820526123,0.027158915996551514,0.01669687032699585,0.002832174301147461,-0.011458396911621094,-0.02433544397354126,-0.03209155797958374,-0.033407747745513916,-0.027334511280059814,-0.014789164066314697,0.0003400444984436035,0.016168296337127686,0.029152333736419678,0.03635728359222412,0.03697735071182251,0.030020534992218018,0.018337368965148926,0.0027080178260803223,-0.013007044792175293,-0.02608776092529297,-0.03482377529144287,-0.03619694709777832,-0.031273603439331055,-0.021327555179595947,-0.007689118385314941,0.006975650787353516,0.019885241985321045,0.028286218643188477,0.03151059150695801,0.02962571382522583,0.023313701152801514,0.013183534145355225,0.001697242259979248,-0.008642792701721191,-0.01669597625732422,-0.02187061309814453,-0.02286583185195923,-0.01980191469192505,0.0,0.0,0.0,0.0,0.0,0.0,0.0,0.0,0.0,0.0,0.0,0.0,0.0,0.0,0.0,0.0,0.0,0.0,0.0,0.0,0.0,0.0,0.0,0.0,0.0,0.0,0.0,0.0,0.0,0.0,0.0,0.0,0.0,0.0,0.0,0.0,0.0,0.0,0.0,0.0,0.0,0.0,0.0,0.0,0.0,0.0,0.0,0.0,0.0,0.0,0.0,0.0,0.0,0.0,0.0,0.0,0.0,0.0,0.0,0.0,0.0,0.0,0.0,0.0,0.0,0.0,0.0,0.0,0.0,0.0,0.0,0.0,0.0,0.0,0.0,0.0,0.0,0.0,0.0,0.0,0.0,0.0,0.0,0.0,0.0,0.0,0.0,0.0,0.0,0.0,0.0,0.0,0.0,0.0,0.0,0.0,0.0,0.0,0.0,0.0,0.0,0.0,0.0,0.0,0.0,0.0,0.0,0.0,0.0,0.0,0.0,0.0,0.0,0.0,0.0,0.0,0.0,0.0,0.0,0.0,0.0,0.0,0.0,0.0,0.0,0.0,0.0,0.0,0.0,0.0,0.0,0.0,0.0,0.0,0.0,0.0,0.0,0.0,0.0,0.0,0.0,0.0,0.0,0.0,0.0,0.0,0.0,0.0,0.0,0.0
21,0.0,0.0,0.0,0.0,0.0,0.0,0.0,0.0,0.0,0.0,0.0,0.0,0.0,0.0,0.0,0.0,0.0,0.0,0.0,0.0,0.0,0.0,0.0,0.0,0.0,0.0,0.0,0.0,0.0,0.0,0.0,0.0,0.0,0.0,0.0,0.0,0.0,0.0,0.0,0.0,0.0,0.0,0.0,0.0,0.0,0.0,0.0,0.0,0.0,0.0,0.0,0.0,0.0,0.0,0.0,0.0,0.0,0.0,0.0,0.0,0.0,0.0,0.0,0.0,0.0,0.0,0.0,0.0,0.0,0.0,0.0,0.0,0.0,0.0,0.0,-0.0024538636207580566,-0.005832791328430176,-0.01019662618637085,-0.014988243579864502,-0.020136475563049316,-0.025113999843597412,-0.030047178268432617,-0.03395920991897583,-0.03642302751541138,-0.038562119007110596,-0.03987884521484375,-0.040220439434051514,-0.03945237398147583,-0.03721505403518677,-0.03452521562576294,-0.030729174613952637,-0.025887131690979004,-0.019966304302215576,-0.015367865562438965,-0.010757803916931152,-0.007181704044342041,-0.004312336444854736,-0.0030913949012756348,-0.0033044815063476562,-0.004440724849700928,-0.006913244724273682,-0.011259019374847412,-0.01685243844985962,-0.022669494152069092,-0.028040647506713867,-0.03301817178726196,-0.03686714172363281,-0.040083885192871094,-0.04106104373931885,-0.041837990283966064,-0.04189687967300415,-0.040579259395599365,-0.03804481029510498,-0.035766422748565674,-0.03346318006515503,-0.030587494373321533,-0.027095019817352295,-0.022438347339630127,-0.018027663230895996,-0.013924896717071533,-0.010739386081695557,-0.007508754730224609,-0.005788028240203857,-0.0052866339683532715,-0.006244361400604248,-0.008960187435150146,-0.01305156946182251,-0.018168747425079346,-0.02266716957092285,-0.02762305736541748,-0.03219199180603027,-0.03595590591430664,-0.03916919231414795,-0.04078477621078491,-0.04204201698303223,-0.04249429702758789,-0.04089498519897461,-0.03797805309295654,-0.03610801696777344,-0.033390581607818604,-0.029902517795562744,-0.02507174015045166,-0.019529759883880615,-0.014568507671356201,-0.010207831859588623,-0.006694018840789795,-0.004107117652893066,-0.0034303665161132812,-0.003130972385406494,-0.003701448440551758,0.0,0.0,0.0,0.0,0.0,0.0,0.0,0.0,0.0,0.0,0.0,0.0,0.0,0.0,0.0,0.0,0.0,0.0,0.0,0.0,0.0,0.0,0.0,0.0,0.0,0.0,0.0,0.0,0.0,0.0,0.0,0.0,0.0,0.0,0.0,0.0,0.0,0.0,0.0,0.0,0.0,0.0,0.0,0.0,0.0,0.0,0.0,0.0,0.0,0.0,0.0,0.0,0.0,0.0,0.0,0.0,0.0,0.0,0.0,0.0,0.0,0.0,0.0,0.0,0.0,0.0,0.0,0.0,0.0,0.0,0.0,0.0,0.0,0.0,0.0
22,0.0,0.0,0.0,0.0,0.0,0.0,0.0,0.0,0.0,0.0,0.0,0.0,0.0,0.0,0.0,0.0,0.0,0.0,0.0,0.0,0.0,0.0,0.0,0.0,0.0,0.0,0.0,0.0,0.0,0.0,0.0,0.0,0.0,0.0,0.0,0.0,0.0,0.0,0.0,0.0,0.0,0.0,0.0,0.0,0.0,0.0,0.0,0.0,0.0,0.0,0.0,0.0,0.0,0.0,0.0,0.0,0.0,0.0,0.0,0.0,0.0,0.0,0.0,0.0,0.0,0.0,0.0,0.0,0.0,0.0,0.0,0.0,0.0,0.0,0.0,0.0,0.0,0.0,0.0,0.0,0.0,0.0,0.0,0.0,0.0,0.0,0.0,0.0,0.0,0.0,0.0,0.0,0.0,0.0,0.0,0.0,0.0,0.0,0.0,0.0,0.0,0.0,0.0,0.0,0.0,0.0,0.0,0.0,0.0,0.0,0.0,0.0,0.0,0.0,0.0,0.0,0.0,0.0,0.0,0.0,0.0,0.0,0.0,0.0,0.0,0.0,0.0,0.0,0.0,0.0,0.0,0.0,0.0,0.0,0.0,0.0,0.0,0.0,0.0,0.0,0.0,0.0,0.0,0.0,0.0,0.0,0.0,0.0,0.0,0.0,0.0088043212890625,0.009526610374450684,0.011080682277679443,0.012916743755340576,0.013010799884796143,0.01267331838607788,0.013042330741882324,0.014541149139404297,0.016732454299926758,0.01706409454345703,0.016656816005706787,0.017816603183746338,0.019861221313476562,0.022488832473754883,0.02266162633895874,0.02311187982559204,0.024913907051086426,0.027713477611541748,0.029882311820983887,0.030430138111114502,0.0316430926322937,0.03343474864959717,0.03626561164855957,0.03799206018447876,0.037820279598236084,0.03791666030883789,0.03950613737106323,0.04232817888259888,0.04454320669174194,0.045771896839141846,0.0467686653137207,0.047952473163604736,0.050285279750823975,0.05137157440185547,0.05079960823059082,0.04918646812438965,0.04981553554534912,0.05151182413101196,0.05219006538391113,0.051359474658966064,0.051504313945770264,0.053817570209503174,0.05603760480880737,0.056620657444000244,0.05669903755187988,0.0563889741897583,0.057618796825408936,0.05833989381790161,0.05805540084838867,0.056524693965911865,0.05546647310256958,0.05518758296966553,0.054738640785217285,0.052473485469818115,0.04945039749145508,0.04618561267852783,0.04318559169769287,0.03957641124725342,0.03532731533050537,0.031662583351135254,0.028369605541229248,0.027367353439331055,0.026860535144805908,0.025571584701538086,0.024849116802215576,0.023921489715576172,0.023762166500091553,0.02303004264831543,0.02183312177658081,0.02129882574081421,0.021312475204467773,0.021732866764068604,0.019841909408569336,0.015759050846099854,0.011198878288269043
23,0.0,0.0,0.0,0.0,0.0,0.0,0.0,0.0,0.0,0.0,0.0,0.0,0.0,0.0,0.0,0.0,0.0,0.0,0.0,0.0,0.0,0.0,0.0,0.0,0.0,0.0,0.0,0.0,0.0,0.0,0.0,0.0,0.0,0.0,0.0,0.0,0.0,0.0,0.0,0.0,0.0,0.0,0.0,0.0,0.0,0.0,0.0,0.0,0.0,0.0,0.0,0.0,0.0,0.0,0.0,0.0,0.0,0.0,0.0,0.0,0.0,0.0,0.0,0.0,0.0,0.0,0.0,0.0,0.0,0.0,0.0,0.0,0.0,0.0,0.0,0.0,0.0,0.0,0.0,0.0,0.0,0.0,0.0,0.0,0.0,0.0,0.0,0.0,0.0,0.0,0.0,0.0,0.0,0.0,0.0,0.0,0.0,0.0,0.0,0.0,0.0,0.0,0.0,0.0,0.0,0.0,0.0,0.0,0.0,0.0,0.0,0.0,0.0,0.0,0.0,0.0,0.0,0.0,0.0,0.0,0.0,0.0,0.0,0.0,0.0,0.0,0.0,0.0,0.0,0.0,0.0,0.0,0.0,0.0,0.0,0.0,0.0,0.0,0.0,0.0,0.0,0.0,0.0,0.0,0.0,0.0,0.0,0.0,0.0,0.0,-0.014991581439971924,-0.01947075128555298,-0.0230826735496521,-0.02673405408859253,-0.030684232711791992,-0.03343707323074341,-0.03677159547805786,-0.039646029472351074,-0.04263180494308472,-0.045014262199401855,-0.045593976974487305,-0.047432780265808105,-0.04831165075302124,-0.047390103340148926,-0.04659396409988403,-0.044991374015808105,-0.044866740703582764,-0.04477894306182861,-0.04357796907424927,-0.043035805225372314,-0.04254049062728882,-0.042787015438079834,-0.042018353939056396,-0.041564106941223145,-0.041326165199279785,-0.0403018593788147,-0.04055190086364746,-0.038758158683776855,-0.03715801239013672,-0.034224867820739746,-0.031444430351257324,-0.029623866081237793,-0.02618885040283203,-0.022787034511566162,-0.01912105083465576,-0.01562952995300293,-0.012156367301940918,-0.00839388370513916,-0.004300236701965332,0.00038230419158935547,0.003976106643676758,0.008054971694946289,0.011813640594482422,0.015659570693969727,0.019559800624847412,0.022241294384002686,0.024694979190826416,0.027665317058563232,0.030224323272705078,0.033189237117767334,0.03511160612106323,0.03667169809341431,0.03895461559295654,0.040068626403808594,0.04145592451095581,0.041787683963775635,0.042101144790649414,0.04281109571456909,0.043350815773010254,0.04406219720840454,0.044144630432128906,0.04417860507965088,0.04527080059051514,0.045755088329315186,0.04666459560394287,0.046647071838378906,0.04652458429336548,0.0464940071105957,0.04625612497329712,0.04554736614227295,0.04303443431854248,0.04090404510498047,0.03845125436782837,0.03578650951385498,0.03227430582046509
24,0.0,0.0,0.0,0.0,0.0,0.0,0.0,0.0,0.0,0.0,0.0,0.0,0.0,0.0,0.0,0.0,0.0,0.0,0.0,0.0,0.0,0.0,0.0,0.0,0.0,0.0,0.0,0.0,0.0,0.0,0.0,0.0,0.0,0.0,0.0,0.0,0.0,0.0,0.0,0.0,0.0,0.0,0.0,0.0,0.0,0.0,0.0,0.0,0.0,0.0,0.0,0.0,0.0,0.0,0.0,0.0,0.0,0.0,0.0,0.0,0.0,0.0,0.0,0.0,0.0,0.0,0.0,0.0,0.0,0.0,0.0,0.0,0.0,0.0,0.0,-0.014989078044891357,-0.01891028881072998,-0.02217012643814087,-0.027376115322113037,-0.0318608283996582,-0.03581422567367554,-0.03890162706375122,-0.04104340076446533,-0.043053388595581055,-0.044610440731048584,-0.04437226057052612,-0.04332554340362549,-0.041008055210113525,-0.038035809993743896,-0.03418785333633423,-0.0290677547454834,-0.022853553295135498,-0.01517796516418457,-0.008843839168548584,-0.0016946196556091309,0.0053803324699401855,0.013181805610656738,0.020893752574920654,0.026998162269592285,0.031896889209747314,0.03697711229324341,0.041143178939819336,0.04373490810394287,0.044647037982940674,0.045128464698791504,0.043552398681640625,0.04213219881057739,0.038975536823272705,0.034202396869659424,0.028993844985961914,0.022799193859100342,0.016352057456970215,0.00950467586517334,0.001087486743927002,-0.006967723369598389,-0.014535367488861084,-0.02130526304244995,-0.02770334482192993,-0.03422975540161133,-0.038753628730773926,-0.04246395826339722,-0.044910311698913574,-0.04616743326187134,-0.04694569110870361,-0.04555779695510864,-0.043285071849823,-0.03855329751968384,-0.034068942070007324,-0.028998374938964844,-0.022957324981689453,-0.015932857990264893,-0.00824671983718872,-0.0011063814163208008,0.005694746971130371,0.012582778930664062,0.01864802837371826,0.02506721019744873,0.03001481294631958,0.033528149127960205,0.036511242389678955,0.03819352388381958,0.04047811031341553,0.03963285684585571,0.03831672668457031,0.03664582967758179,0.033943116664886475,0.031528592109680176,0.02712869644165039,0.02390962839126587,0.02016657590866089,-0.015617311000823975,-0.018381595611572266,-0.022020280361175537,-0.022427082061767578,-0.024241387844085693,-0.02485555410385132,-0.025320768356323242,-0.025983870029449463,-0.02522033452987671,-0.025392353534698486,-0.022994697093963623,-0.021682381629943848,-0.020993471145629883,-0.018154680728912354,-0.01638782024383545,-0.013171553611755371,-0.01036214828491211,-0.008674860000610352,-0.005793273448944092,-0.0035843253135681152,0.00022655725479125977,0.002969205379486084,0.004521667957305908,0.006978392601013184,0.009368658065795898,0.013172626495361328,0.014720320701599121,0.016671717166900635,0.01949077844619751,0.02166295051574707,0.024176359176635742,0.025519490242004395,0.026881635189056396,0.02870631217956543,0.030074656009674072,0.03159785270690918,0.03136157989501953,0.03143566846847534,0.03140377998352051,0.031626343727111816,0.030900955200195312,0.030313432216644287,0.029872477054595947,0.028907358646392822,0.028425872325897217,0.027168691158294678,0.025501132011413574,0.02326875925064087,0.02159559726715088,0.020339787006378174,0.017998218536376953,0.015149354934692383,0.012539088726043701,0.00900346040725708,0.006535232067108154,0.003762364387512207,-0.0007563233375549316,-0.0035583972930908203,-0.007213771343231201,-0.009004294872283936,-0.012400686740875244,-0.015614032745361328,-0.018325090408325195,-0.020746886730194092,-0.021879196166992188,-0.02365046739578247,-0.025968432426452637,-0.026422441005706787,-0.02698957920074463,-0.026206791400909424,-0.025410711765289307,-0.02521955966949463,-0.023229241371154785,-0.021645724773406982,-0.01819998025894165
25,0.008323073387145996,0.014180541038513184,0.019885599613189697,0.02536606788635254,0.029216766357421875,0.029931843280792236,0.029871463775634766,0.027913272380828857,0.02474391460418701,0.018099486827850342,0.009917497634887695,0.0011119842529296875,-0.009190142154693604,-0.01742464303970337,-0.0264626145362854,-0.03427886962890625,-0.04024535417556763,-0.04324209690093994,-0.04279780387878418,-0.04043537378311157,-0.035651564598083496,-0.027810633182525635,-0.018275558948516846,-0.0057752132415771484,0.0060256123542785645,0.01705831289291382,0.027711153030395508,0.03663313388824463,0.04437899589538574,0.04812479019165039,0.048091232776641846,0.04569685459136963,0.04033452272415161,0.03341543674468994,0.023002803325653076,0.010568976402282715,-0.001557469367980957,-0.01291799545288086,-0.022993147373199463,-0.03277701139450073,-0.03996211290359497,-0.04396754503250122,-0.0452040433883667,-0.042444705963134766,-0.038053691387176514,-0.03235304355621338,-0.023977935314178467,-0.014117836952209473,-0.003380894660949707,0.005870044231414795,0.014488041400909424,0.02211064100265503,0.02806633710861206,0.032371580600738525,0.03270399570465088,0.03132033348083496,0.028183400630950928,0.024079442024230957,0.018396198749542236,0.010836482048034668,0.003702998161315918,-0.0037230253219604492,-0.0093461275100708,-0.01406872272491455,-0.018275737762451172,-0.021198809146881104,-0.022125422954559326,-0.020228683948516846,-0.01762157678604126,-0.015237152576446533,-0.011866569519042969,-0.0074198246002197266,-0.0022794008255004883,0.001583099365234375,0.003962695598602295,0.0,0.0,0.0,0.0,0.0,0.0,0.0,0.0,0.0,0.0,0.0,0.0,0.0,0.0,0.0,0.0,0.0,0.0,0.0,0.0,0.0,0.0,0.0,0.0,0.0,0.0,0.0,0.0,0.0,0.0,0.0,0.0,0.0,0.0,0.0,0.0,0.0,0.0,0.0,0.0,0.0,0.0,0.0,0.0,0.0,0.0,0.0,0.0,0.0,0.0,0.0,0.0,0.0,0.0,0.0,0.0,0.0,0.0,0.0,0.0,0.0,0.0,0.0,0.0,0.0,0.0,0.0,0.0,0.0,0.0,0.0,0.0,0.0,0.0,0.0,0.0,0.0,0.0,0.0,0.0,0.0,0.0,0.0,0.0,0.0,0.0,0.0,0.0,0.0,0.0,0.0,0.0,0.0,0.0,0.0,0.0,0.0,0.0,0.0,0.0,0.0,0.0,0.0,0.0,0.0,0.0,0.0,0.0,0.0,0.0,0.0,0.0,0.0,0.0,0.0,0.0,0.0,0.0,0.0,0.0,0.0,0.0,0.0,0.0,0.0,0.0,0.0,0.0,0.0,0.0,0.0,0.0,0.0,0.0,0.0,0.0,0.0,0.0,0.0,0.0,0.0,0.0,0.0,0.0,0.0,0.0,0.0,0.0,0.0,0.0
26,0.0,0.0,0.0,0.0,0.0,0.0,0.0,0.0,0.0,0.0,0.0,0.0,0.0,0.0,0.0,0.0,0.0,0.0,0.0,0.0,0.0,0.0,0.0,0.0,0.0,0.0,0.0,0.0,0.0,0.0,0.0,0.0,0.0,0.0,0.0,0.0,0.0,0.0,0.0,0.0,0.0,0.0,0.0,0.0,0.0,0.0,0.0,0.0,0.0,0.0,0.0,0.0,0.0,0.0,0.0,0.0,0.0,0.0,0.0,0.0,0.0,0.0,0.0,0.0,0.0,0.0,0.0,0.0,0.0,0.0,0.0,0.0,0.0,0.0,0.0,0.0027314424514770508,0.00715029239654541,0.012644767761230469,0.016001582145690918,0.01905536651611328,0.021665215492248535,0.022868216037750244,0.02291768789291382,0.0197259783744812,0.015159785747528076,0.009468436241149902,0.002601444721221924,-0.005037665367126465,-0.01452183723449707,-0.02308642864227295,-0.030069053173065186,-0.03533935546875,-0.038756370544433594,-0.04136127233505249,-0.03977125883102417,-0.035292208194732666,-0.027601957321166992,-0.01819533109664917,-0.008049607276916504,0.004396617412567139,0.01751309633255005,0.03004610538482666,0.04028540849685669,0.0477638840675354,0.05396026372909546,0.055944740772247314,0.055103421211242676,0.049899160861968994,0.04118126630783081,0.03083932399749756,0.017614901065826416,0.003959476947784424,-0.010549664497375488,-0.024869024753570557,-0.03649038076400757,-0.04639226198196411,-0.052596867084503174,-0.05656313896179199,-0.057284414768218994,-0.05353951454162598,-0.04720181226730347,-0.0375363826751709,-0.027495503425598145,-0.01614201068878174,-0.0028900504112243652,0.009569525718688965,0.021696805953979492,0.030356764793395996,0.03728687763214111,0.0421486496925354,0.044359683990478516,0.044310152530670166,0.039960384368896484,0.0339353084564209,0.026911139488220215,0.018052518367767334,0.009207069873809814,-0.001065671443939209,-0.010327696800231934,-0.018033087253570557,-0.024416685104370117,-0.028347253799438477,-0.031238317489624023,-0.03164410591125488,-0.029842138290405273,-0.026529550552368164,-0.021813273429870605,-0.017645835876464844,-0.011915326118469238,-0.005879998207092285,-0.001436769962310791,-0.006680965423583984,-0.011702179908752441,-0.0154646635055542,-0.019082248210906982,-0.02093970775604248,-0.02241349220275879,-0.022152304649353027,-0.019091129302978516,-0.01511991024017334,-0.008367300033569336,-0.0017071366310119629,0.005526185035705566,0.014454662799835205,0.022790908813476562,0.03170120716094971,0.03651583194732666,0.039524972438812256,0.04146850109100342,0.03987699747085571,0.036630094051361084,0.02799016237258911,0.0183144211769104,0.007820308208465576,-0.004470229148864746,-0.01658385992050171,-0.03012925386428833,-0.040666818618774414,-0.04890120029449463,-0.05432349443435669,-0.05632519721984863,-0.05593389272689819,-0.050801992416381836,-0.04237532615661621,-0.03136026859283447,-0.018246352672576904,-0.005154013633728027,0.009386718273162842,0.023305773735046387,0.035585761070251465,0.04519855976104736,0.05106562376022339,0.05532431602478027,0.05500274896621704,0.05224144458770752,0.045912206172943115,0.036224305629730225,0.0256078839302063,0.013593614101409912,0.0017645955085754395,-0.010846853256225586,-0.02341514825820923,-0.03256070613861084,-0.0399283766746521,-0.043756067752838135,-0.04637235403060913,-0.04684549570083618,-0.04226267337799072,-0.036551833152770996,-0.028113603591918945,-0.019744932651519775,-0.011032581329345703,-0.0008903741836547852,0.007586538791656494,0.0162661075592041,0.02191793918609619,0.02575814723968506,0.028742492198944092,0.028625309467315674,0.0283086895942688,0.02442270517349243,0.019770503044128418,0.015098392963409424,0.00934523344039917,0.004681885242462158
27,0.005491673946380615,0.01015383005142212,0.014451801776885986,0.018223941326141357,0.021608293056488037,0.022690951824188232,0.024156928062438965,0.022636771202087402,0.02013862133026123,0.015140950679779053,0.00845491886138916,0.0012477636337280273,-0.007918357849121094,-0.015248775482177734,-0.023312687873840332,-0.030172228813171387,-0.0351523756980896,-0.038746416568756104,-0.03878217935562134,-0.03667867183685303,-0.032466113567352295,-0.02496999502182007,-0.016881287097930908,-0.005270123481750488,0.005607247352600098,0.016210973262786865,0.026786446571350098,0.03468042612075806,0.04157835245132446,0.04487323760986328,0.04519170522689819,0.04335838556289673,0.03717231750488281,0.029832959175109863,0.019285738468170166,0.007584631443023682,-0.004069626331329346,-0.01549917459487915,-0.025003671646118164,-0.034167468547821045,-0.04023027420043945,-0.0432429313659668,-0.04359030723571777,-0.04013699293136597,-0.03548479080200195,-0.02835214138031006,-0.019330918788909912,-0.00970757007598877,0.0009884834289550781,0.009565770626068115,0.017628967761993408,0.023918747901916504,0.028224825859069824,0.03060084581375122,0.029025256633758545,0.026468753814697266,0.02222275733947754,0.016814351081848145,0.01116865873336792,0.0037459731101989746,-0.0015132427215576172,-0.007521331310272217,-0.011771202087402344,-0.014822542667388916,-0.017257630825042725,-0.01766371726989746,-0.01746577024459839,-0.01501697301864624,-0.012066006660461426,-0.009681999683380127,-0.006788909435272217,-0.003318190574645996,0.00047957897186279297,0.003143906593322754,0.004199624061584473,0.0,0.0,0.0,0.0,0.0,0.0,0.0,0.0,0.0,0.0,0.0,0.0,0.0,0.0,0.0,0.0,0.0,0.0,0.0,0.0,0.0,0.0,0.0,0.0,0.0,0.0,0.0,0.0,0.0,0.0,0.0,0.0,0.0,0.0,0.0,0.0,0.0,0.0,0.0,0.0,0.0,0.0,0.0,0.0,0.0,0.0,0.0,0.0,0.0,0.0,0.0,0.0,0.0,0.0,0.0,0.0,0.0,0.0,0.0,0.0,0.0,0.0,0.0,0.0,0.0,0.0,0.0,0.0,0.0,0.0,0.0,0.0,0.0,0.0,0.0,0.0,0.0,0.0,0.0,0.0,0.0,0.0,0.0,0.0,0.0,0.0,0.0,0.0,0.0,0.0,0.0,0.0,0.0,0.0,0.0,0.0,0.0,0.0,0.0,0.0,0.0,0.0,0.0,0.0,0.0,0.0,0.0,0.0,0.0,0.0,0.0,0.0,0.0,0.0,0.0,0.0,0.0,0.0,0.0,0.0,0.0,0.0,0.0,0.0,0.0,0.0,0.0,0.0,0.0,0.0,0.0,0.0,0.0,0.0,0.0,0.0,0.0,0.0,0.0,0.0,0.0,0.0,0.0,0.0,0.0,0.0,0.0,0.0,0.0,0.0
28,-0.029992640018463135,-0.044023096561431885,-0.04312920570373535,-0.039225220680236816,-0.0327533483505249,-0.02851492166519165,-0.02625858783721924,-0.023838937282562256,-0.01935899257659912,-0.013472914695739746,-0.010339140892028809,-0.004776418209075928,0.0006012320518493652,0.004512190818786621,0.009977757930755615,0.012780964374542236,0.017727553844451904,0.022671997547149658,0.02606278657913208,0.03076380491256714,0.03263288736343384,0.03481626510620117,0.031576335430145264,0.02586972713470459,0.015017986297607422,-0.013147354125976562,-0.039571940898895264,-0.04855060577392578,-0.04548931121826172,-0.03709852695465088,-0.032971084117889404,-0.02928483486175537,-0.02692854404449463,-0.021590769290924072,-0.016247212886810303,-0.012510538101196289,-0.0070917606353759766,-0.002109229564666748,0.0017592906951904297,0.007766127586364746,0.010220348834991455,0.015894770622253418,0.020841658115386963,0.025773167610168457,0.029725372791290283,0.03240460157394409,0.03550690412521362,0.03277182579040527,0.02792668342590332,0.018389582633972168,-0.005058407783508301,-0.03127336502075195,-0.04566079378128052,-0.04599040746688843,-0.03762906789779663,-0.03317463397979736,-0.029858052730560303,-0.025580525398254395,-0.019611895084381104,-0.015466570854187012,-0.012253642082214355,-0.007163703441619873,-0.0026518702507019043,0.0017096400260925293,0.00729060173034668,0.009729743003845215,0.013445794582366943,0.01870673894882202,0.025110840797424316,0.02966463565826416,0.032864153385162354,0.036519646644592285,0.03682929277420044,0.03615725040435791,0.03427565097808838,0.0,0.0,0.0,0.0,0.0,0.0,0.0,0.0,0.0,0.0,0.0,0.0,0.0,0.0,0.0,0.0,0.0,0.0,0.0,0.0,0.0,0.0,0.0,0.0,0.0,0.0,0.0,0.0,0.0,0.0,0.0,0.0,0.0,0.0,0.0,0.0,0.0,0.0,0.0,0.0,0.0,0.0,0.0,0.0,0.0,0.0,0.0,0.0,0.0,0.0,0.0,0.0,0.0,0.0,0.0,0.0,0.0,0.0,0.0,0.0,0.0,0.0,0.0,0.0,0.0,0.0,0.0,0.0,0.0,0.0,0.0,0.0,0.0,0.0,0.0,0.0,0.0,0.0,0.0,0.0,0.0,0.0,0.0,0.0,0.0,0.0,0.0,0.0,0.0,0.0,0.0,0.0,0.0,0.0,0.0,0.0,0.0,0.0,0.0,0.0,0.0,0.0,0.0,0.0,0.0,0.0,0.0,0.0,0.0,0.0,0.0,0.0,0.0,0.0,0.0,0.0,0.0,0.0,0.0,0.0,0.0,0.0,0.0,0.0,0.0,0.0,0.0,0.0,0.0,0.0,0.0,0.0,0.0,0.0,0.0,0.0,0.0,0.0,0.0,0.0,0.0,0.0,0.0,0.0,0.0,0.0,0.0,0.0,0.0,0.0
29,0.0,0.0,0.0,0.0,0.0,0.0,0.0,0.0,0.0,0.0,0.0,0.0,0.0,0.0,0.0,0.0,0.0,0.0,0.0,0.0,0.0,0.0,0.0,0.0,0.0,0.0,0.0,0.0,0.0,0.0,0.0,0.0,0.0,0.0,0.0,0.0,0.0,0.0,0.0,0.0,0.0,0.0,0.0,0.0,0.0,0.0,0.0,0.0,0.0,0.0,0.0,0.0,0.0,0.0,0.0,0.0,0.0,0.0,0.0,0.0,0.0,0.0,0.0,0.0,0.0,0.0,0.0,0.0,0.0,0.0,0.0,0.0,0.0,0.0,0.0,0.00044077634811401367,0.0014553070068359375,0.0027648210525512695,0.0021475553512573242,0.0020786523818969727,0.0031935572624206543,0.004607200622558594,0.005692541599273682,0.005464136600494385,0.005375683307647705,0.007165372371673584,0.009289562702178955,0.009840548038482666,0.009760260581970215,0.010417342185974121,0.01244354248046875,0.014544785022735596,0.016352593898773193,0.016497910022735596,0.017818748950958252,0.01973050832748413,0.022545993328094482,0.024135947227478027,0.02421867847442627,0.02525460720062256,0.02785968780517578,0.030829548835754395,0.03215426206588745,0.032215774059295654,0.03364914655685425,0.035700321197509766,0.03784662485122681,0.03753352165222168,0.036498069763183594,0.036383092403411865,0.03779882192611694,0.039073944091796875,0.03896307945251465,0.038249969482421875,0.03901994228363037,0.040250957012176514,0.042241036891937256,0.04149705171585083,0.04002034664154053,0.04007828235626221,0.0406070351600647,0.04132378101348877,0.03962200880050659,0.0381549596786499,0.03771364688873291,0.03723210096359253,0.03680002689361572,0.03569376468658447,0.035205841064453125,0.037229061126708984,0.039369285106658936,0.04088836908340454,0.039019227027893066,0.035694658756256104,0.031785011291503906,0.026179611682891846,0.020495057106018066,0.013610661029815674,0.008060455322265625,0.004946887493133545,0.00429767370223999,0.0053179264068603516,0.005666792392730713,0.00731050968170166,0.009353935718536377,0.011329054832458496,0.012381255626678467,0.011093437671661377,0.009512841701507568,0.008510291576385498,-0.0026181936264038086,-0.003983855247497559,-0.00593411922454834,-0.005905091762542725,-0.00561833381652832,-0.005951344966888428,-0.007555246353149414,-0.009473323822021484,-0.009655296802520752,-0.0098075270652771,-0.009790539741516113,-0.012051939964294434,-0.014082551002502441,-0.013998329639434814,-0.013885676860809326,-0.014428973197937012,-0.01702982187271118,-0.01976466178894043,-0.021024763584136963,-0.021100938320159912,-0.02205371856689453,-0.025292158126831055,-0.027997255325317383,-0.028261005878448486,-0.02860969305038452,-0.02985382080078125,-0.03361314535140991,-0.035904526710510254,-0.0369110107421875,-0.036711275577545166,-0.03769814968109131,-0.03999823331832886,-0.0408782958984375,-0.040660738945007324,-0.03916257619857788,-0.03964883089065552,-0.04138094186782837,-0.04176443815231323,-0.041114628314971924,-0.04072386026382446,-0.04164522886276245,-0.04418855905532837,-0.044265925884246826,-0.04352414608001709,-0.04221045970916748,-0.042423248291015625,-0.04330742359161377,-0.042267560958862305,-0.04068410396575928,-0.03846395015716553,-0.03785145282745361,-0.0381355881690979,-0.03807234764099121,-0.03796517848968506,-0.039133667945861816,-0.04094821214675903,-0.0428503155708313,-0.040852367877960205,-0.03840214014053345,-0.03245067596435547,-0.026672840118408203,-0.021378397941589355,-0.015440285205841064,-0.010172545909881592,-0.006069958209991455,-0.005484938621520996,-0.007007896900177002,-0.008346736431121826,-0.010048985481262207,-0.010775506496429443,-0.012948155403137207,-0.013981342315673828,-0.01349407434463501,-0.011646449565887451,-0.00895845890045166
30,0.002002120018005371,0.0026510953903198242,0.0030306577682495117,0.002449631690979004,0.0021663308143615723,0.0016416311264038086,0.0020635128021240234,0.001994609832763672,0.0021992921829223633,0.0015514492988586426,0.0008887052536010742,0.0009484291076660156,0.00020074844360351562,-0.00034058094024658203,-0.0012902021408081055,-0.0014629960060119629,-0.0016058087348937988,-0.002521991729736328,-0.0038965940475463867,-0.004617154598236084,-0.006314575672149658,-0.006984710693359375,-0.008633136749267578,-0.010127365589141846,-0.011977732181549072,-0.013784706592559814,-0.015747785568237305,-0.017425477504730225,-0.01968306303024292,-0.0218924880027771,-0.02431797981262207,-0.025667548179626465,-0.027584373950958252,-0.02937471866607666,-0.03232991695404053,-0.0348665714263916,-0.036828041076660156,-0.038872480392456055,-0.04071015119552612,-0.04283738136291504,-0.04476010799407959,-0.04607337713241577,-0.04767453670501709,-0.0488622784614563,-0.05016261339187622,-0.05084717273712158,-0.051014602184295654,-0.05180603265762329,-0.052861571311950684,-0.05364614725112915,-0.053153157234191895,-0.0531345009803772,-0.05365335941314697,-0.05336737632751465,-0.053633034229278564,-0.053075969219207764,-0.053050339221954346,-0.052058637142181396,-0.05101513862609863,-0.050475239753723145,-0.049483537673950195,-0.04854083061218262,-0.04668229818344116,-0.044356346130371094,-0.042042315006256104,-0.03853946924209595,-0.03531461954116821,-0.031164884567260742,-0.027537524700164795,-0.0240861177444458,-0.02038353681564331,-0.01725846529006958,-0.014147758483886719,-0.011221587657928467,-0.00753331184387207,0.0,0.0,0.0,0.0,0.0,0.0,0.0,0.0,0.0,0.0,0.0,0.0,0.0,0.0,0.0,0.0,0.0,0.0,0.0,0.0,0.0,0.0,0.0,0.0,0.0,0.0,0.0,0.0,0.0,0.0,0.0,0.0,0.0,0.0,0.0,0.0,0.0,0.0,0.0,0.0,0.0,0.0,0.0,0.0,0.0,0.0,0.0,0.0,0.0,0.0,0.0,0.0,0.0,0.0,0.0,0.0,0.0,0.0,0.0,0.0,0.0,0.0,0.0,0.0,0.0,0.0,0.0,0.0,0.0,0.0,0.0,0.0,0.0,0.0,0.0,0.0,0.0,0.0,0.0,0.0,0.0,0.0,0.0,0.0,0.0,0.0,0.0,0.0,0.0,0.0,0.0,0.0,0.0,0.0,0.0,0.0,0.0,0.0,0.0,0.0,0.0,0.0,0.0,0.0,0.0,0.0,0.0,0.0,0.0,0.0,0.0,0.0,0.0,0.0,0.0,0.0,0.0,0.0,0.0,0.0,0.0,0.0,0.0,0.0,0.0,0.0,0.0,0.0,0.0,0.0,0.0,0.0,0.0,0.0,0.0,0.0,0.0,0.0,0.0,0.0,0.0,0.0,0.0,0.0,0.0,0.0,0.0,0.0,0.0,0.0
31,0.020851552486419678,0.028180301189422607,0.030174851417541504,0.033502936363220215,0.03444874286651611,0.03460901975631714,0.03426218032836914,0.03152245283126831,0.03478682041168213,0.034268736839294434,0.03187906742095947,0.02304553985595703,0.017694592475891113,-0.012882769107818604,-0.028363585472106934,-0.032447636127471924,-0.03709757328033447,-0.03814053535461426,-0.03949075937271118,-0.03841596841812134,-0.038808584213256836,-0.03855407238006592,-0.03568148612976074,-0.028464913368225098,-0.01858675479888916,0.016396820545196533,0.023694932460784912,0.03150254487991333,0.03899461030960083,0.03640466928482056,0.03668254613876343,0.038666725158691406,0.036368608474731445,0.038979291915893555,0.038162946701049805,0.03517484664916992,0.028532326221466064,0.017338097095489502,-0.024062037467956543,-0.030197083950042725,-0.039051830768585205,-0.04193824529647827,-0.04063373804092407,-0.041098058223724365,-0.04206615686416626,-0.04286980628967285,-0.04118072986602783,-0.03721696138381958,-0.03065967559814453,-0.021737992763519287,0.014963090419769287,0.020205914974212646,0.03261888027191162,0.03704345226287842,0.0338590145111084,0.033310890197753906,0.03367769718170166,0.033041179180145264,0.036551058292388916,0.03196769952774048,0.029062628746032715,0.017066240310668945,0.015105009078979492,-0.019076645374298096,-0.03038156032562256,-0.03654426336288452,-0.03792387247085571,-0.03781747817993164,-0.035325050354003906,-0.03786742687225342,-0.038337111473083496,-0.03612881898880005,-0.03280055522918701,-0.02808922529220581,-0.02600187063217163,0.0,0.0,0.0,0.0,0.0,0.0,0.0,0.0,0.0,0.0,0.0,0.0,0.0,0.0,0.0,0.0,0.0,0.0,0.0,0.0,0.0,0.0,0.0,0.0,0.0,0.0,0.0,0.0,0.0,0.0,0.0,0.0,0.0,0.0,0.0,0.0,0.0,0.0,0.0,0.0,0.0,0.0,0.0,0.0,0.0,0.0,0.0,0.0,0.0,0.0,0.0,0.0,0.0,0.0,0.0,0.0,0.0,0.0,0.0,0.0,0.0,0.0,0.0,0.0,0.0,0.0,0.0,0.0,0.0,0.0,0.0,0.0,0.0,0.0,0.0,0.021214067935943604,0.027920067310333252,0.029052793979644775,0.03257012367248535,0.03314715623855591,0.03452056646347046,0.03403127193450928,0.03161346912384033,0.03466677665710449,0.03338789939880371,0.03244733810424805,0.022680580615997314,0.016843080520629883,-0.014574587345123291,-0.027659833431243896,-0.03046351671218872,-0.03711962699890137,-0.038030385971069336,-0.0390743613243103,-0.0394558310508728,-0.03874325752258301,-0.039510488510131836,-0.03595632314682007,-0.028891801834106445,-0.0201418399810791,0.01594465970993042,0.022008538246154785,0.03056204319000244,0.03799104690551758,0.03553253412246704,0.03609144687652588,0.03773021697998047,0.03611963987350464,0.0382843017578125,0.03749269247055054,0.03486675024032593,0.028820693492889404,0.01792776584625244,-0.023424506187438965,-0.02938377857208252,-0.03824949264526367,-0.043167829513549805,-0.04085993766784668,-0.041211068630218506,-0.04273629188537598,-0.04323530197143555,-0.042060673236846924,-0.03720128536224365,-0.03068000078201294,-0.022373199462890625,0.014385879039764404,0.018741488456726074,0.03139239549636841,0.03557693958282471,0.033577144145965576,0.033368468284606934,0.03385847806930542,0.0330166220664978,0.035601675510406494,0.032280564308166504,0.02865070104598999,0.016644716262817383,0.01415872573852539,-0.020013153553009033,-0.02865421772003174,-0.035485267639160156,-0.03738594055175781,-0.03799635171890259,-0.03617626428604126,-0.03700077533721924,-0.03821009397506714,-0.036918580532073975,-0.033480703830718994,-0.028040945529937744,-0.026214599609375
32,0.0,0.0,0.0,0.0,0.0,0.0,0.0,0.0,0.0,0.0,0.0,0.0,0.0,0.0,0.0,0.0,0.0,0.0,0.0,0.0,0.0,0.0,0.0,0.0,0.0,0.0,0.0,0.0,0.0,0.0,0.0,0.0,0.0,0.0,0.0,0.0,0.0,0.0,0.0,0.0,0.0,0.0,0.0,0.0,0.0,0.0,0.0,0.0,0.0,0.0,0.0,0.0,0.0,0.0,0.0,0.0,0.0,0.0,0.0,0.0,0.0,0.0,0.0,0.0,0.0,0.0,0.0,0.0,0.0,0.0,0.0,0.0,0.0,0.0,0.0,0.024263322353363037,0.03297305107116699,0.03978753089904785,0.042673468589782715,0.04140704870223999,0.04147595167160034,0.04315745830535889,0.042942821979522705,0.04109162092208862,0.03903168439865112,0.039203763008117676,0.04055708646774292,0.040191829204559326,0.03889453411102295,0.03845822811126709,0.03951072692871094,0.04051083326339722,0.04088801145553589,0.041474997997283936,0.04094362258911133,0.040654659271240234,0.04137641191482544,0.04102855920791626,0.04040944576263428,0.03949630260467529,0.0398937463760376,0.04021799564361572,0.039241790771484375,0.03930002450942993,0.039644837379455566,0.04229182004928589,0.04142218828201294,0.037342190742492676,0.03724551200866699,0.03474968671798706,0.025164425373077393,0.007966697216033936,-0.011791050434112549,-0.02752751111984253,-0.03881871700286865,-0.04489928483963013,-0.04444462060928345,-0.044578492641448975,-0.04778701066970825,-0.047691941261291504,-0.045670151710510254,-0.043366074562072754,-0.04244053363800049,-0.04338431358337402,-0.04382288455963135,-0.04317110776901245,-0.042505860328674316,-0.04345935583114624,-0.044371187686920166,-0.04519796371459961,-0.04641801118850708,-0.04569745063781738,-0.04569941759109497,-0.046819448471069336,-0.04643923044204712,-0.045092642307281494,-0.04325449466705322,-0.04375523328781128,-0.045015037059783936,-0.045638203620910645,-0.046745359897613525,-0.047046780586242676,-0.048354268074035645,-0.046369969844818115,-0.043506741523742676,-0.04401576519012451,-0.0422978401184082,-0.03719550371170044,-0.02852809429168701,-0.018269598484039307,-0.02513653039932251,-0.03340458869934082,-0.04017519950866699,-0.04305267333984375,-0.04201263189315796,-0.04130089282989502,-0.042912065982818604,-0.04367345571517944,-0.04279059171676636,-0.04129594564437866,-0.04013538360595703,-0.04035001993179321,-0.04182559251785278,-0.04071342945098877,-0.03975015878677368,-0.03972893953323364,-0.04098987579345703,-0.04175364971160889,-0.04195123910903931,-0.04115015268325806,-0.04041475057601929,-0.040994107723236084,-0.04089730978012085,-0.039246201515197754,-0.03702753782272339,-0.03525584936141968,-0.03602415323257446,-0.03688174486160278,-0.0358465313911438,-0.0325397253036499,-0.028938114643096924,-0.02785593271255493,-0.024854421615600586,-0.01849883794784546,-0.014048218727111816,-0.011503100395202637,-0.01022040843963623,-0.006300449371337891,0.0007245540618896484,0.006055772304534912,0.00925976037979126,0.011861801147460938,0.015064895153045654,0.01867610216140747,0.022272706031799316,0.024092018604278564,0.025175094604492188,0.02646857500076294,0.02964317798614502,0.03228116035461426,0.03330320119857788,0.033386290073394775,0.03386533260345459,0.0354158878326416,0.03715336322784424,0.037634313106536865,0.03760403394699097,0.03754425048828125,0.0379299521446228,0.039679110050201416,0.039215087890625,0.03809434175491333,0.038285672664642334,0.03989773988723755,0.041022539138793945,0.040431857109069824,0.03983205556869507,0.03978097438812256,0.041625380516052246,0.04121983051300049,0.03796505928039551,0.03861558437347412,0.03814154863357544,0.033909738063812256,0.025053799152374268
33,-0.022127509117126465,-0.03227353096008301,-0.03799843788146973,-0.039813101291656494,-0.03784817457199097,-0.037871718406677246,-0.03811150789260864,-0.03705871105194092,-0.03569197654724121,-0.034752845764160156,-0.03452521562576294,-0.03285139799118042,-0.03213858604431152,-0.029806315898895264,-0.028042137622833252,-0.027331531047821045,-0.025705337524414062,-0.02476656436920166,-0.024873971939086914,-0.023006081581115723,-0.023401737213134766,-0.02190452814102173,-0.021063148975372314,-0.019681930541992188,-0.019015908241271973,-0.017896652221679688,-0.016802310943603516,-0.016194939613342285,-0.0149688720703125,-0.013824880123138428,-0.014258980751037598,-0.012850761413574219,-0.011638998985290527,-0.009344995021820068,-0.009695649147033691,-0.01039355993270874,-0.008341610431671143,-0.001468062400817871,0.0022539496421813965,0.0022983551025390625,0.0021059513092041016,0.0027477145195007324,0.0032021403312683105,0.003962993621826172,0.004101932048797607,0.005297958850860596,0.007393181324005127,0.007236778736114502,0.008373737335205078,0.010230302810668945,0.011864423751831055,0.012805640697479248,0.013211250305175781,0.01429218053817749,0.015011310577392578,0.016754627227783203,0.01798313856124878,0.019583463668823242,0.0212099552154541,0.02201235294342041,0.02269136905670166,0.023942291736602783,0.025600552558898926,0.02734309434890747,0.027275025844573975,0.028092503547668457,0.029813528060913086,0.031161189079284668,0.03329873085021973,0.03340572118759155,0.03251993656158447,0.03365218639373779,0.03709155321121216,0.03455597162246704,0.024184107780456543,0.023492932319641113,0.033619582653045654,0.03983086347579956,0.041046738624572754,0.04057478904724121,0.04054147005081177,0.041422367095947266,0.04218423366546631,0.04228639602661133,0.04133528470993042,0.04044926166534424,0.0409967303276062,0.04148739576339722,0.04146164655685425,0.04017448425292969,0.03964906930923462,0.03949028253555298,0.040076613426208496,0.04027366638183594,0.03964495658874512,0.039471983909606934,0.039935171604156494,0.03944838047027588,0.03900021314620972,0.03860151767730713,0.039125800132751465,0.03930997848510742,0.039095938205718994,0.03935396671295166,0.037940800189971924,0.038340747356414795,0.039213597774505615,0.03696852922439575,0.03498953580856323,0.03308826684951782,0.025706768035888672,0.014452338218688965,-0.0032595396041870117,-0.02693343162536621,-0.04075467586517334,-0.04518771171569824,-0.045257627964019775,-0.04466235637664795,-0.04622316360473633,-0.04671669006347656,-0.04827392101287842,-0.04847210645675659,-0.04750484228134155,-0.0473170280456543,-0.047677576541900635,-0.047969281673431396,-0.04575270414352417,-0.04474639892578125,-0.044226646423339844,-0.044694483280181885,-0.046316683292388916,-0.04557293653488159,-0.04553699493408203,-0.04600417613983154,-0.04539686441421509,-0.045352160930633545,-0.04521441459655762,-0.045761704444885254,-0.0466349720954895,-0.046714842319488525,-0.04717284440994263,-0.045279622077941895,-0.04599452018737793,-0.04748636484146118,-0.0463678240776062,-0.0457877516746521,-0.043506920337677,-0.04036754369735718,-0.036853134632110596,-0.024676024913787842,-0.021355807781219482,-0.03274112939834595,-0.04042315483093262,-0.042573392391204834,-0.04263758659362793,-0.042359888553619385,-0.04334449768066406,-0.04462563991546631,-0.04490172863006592,-0.04497170448303223,-0.04434138536453247,-0.0446130633354187,-0.04561680555343628,-0.04417717456817627,-0.0434190034866333,-0.04252040386199951,-0.042441368103027344,-0.0428122878074646,-0.043796420097351074,-0.04330563545227051,-0.04237854480743408,-0.04246485233306885,-0.0426325798034668,-0.04177278280258179,-0.04108536243438721,-0.038466036319732666,-0.03867495059967041,-0.038144707679748535,-0.036332905292510986,-0.03371638059616089,-0.031673550605773926,-0.03003782033920288,-0.027695178985595703,-0.024446845054626465,-0.02087026834487915,-0.018350839614868164,-0.010629415512084961,-0.003442704677581787,0.0010543465614318848,0.005519449710845947,0.009190917015075684,0.01175391674041748,0.014687120914459229,0.017192363739013672,0.02071845531463623,0.02409684658050537,0.025670945644378662,0.02681589126586914,0.02884775400161743,0.03190964460372925,0.034252285957336426,0.034383177757263184,0.034435391426086426,0.03464078903198242,0.03627169132232666,0.03780418634414673,0.037642478942871094,0.037928760051727295,0.03776019811630249,0.03968006372451782,0.03969532251358032,0.038913846015930176,0.039061546325683594,0.03951770067214966,0.0400654673576355,0.039924800395965576,0.04021751880645752,0.03952258825302124,0.03988844156265259,0.04033690690994263,0.03844571113586426,0.03868335485458374,0.039041101932525635,0.03380793333053589,0.028519511222839355
34,0.013691842555999756,0.024185776710510254,0.03445190191268921,0.03984421491622925,0.042673349380493164,0.04149520397186279,0.039560139179229736,0.03546017408370972,0.03308594226837158,0.03166306018829346,0.030940592288970947,0.032400667667388916,0.031337082386016846,0.03225165605545044,0.033476293087005615,0.034861981868743896,0.03647953271865845,0.03748899698257446,0.03786736726760864,0.03852289915084839,0.039497435092926025,0.04078429937362671,0.04127317667007446,0.042474448680877686,0.0426899790763855,0.04290205240249634,0.04282784461975098,0.042993783950805664,0.042024850845336914,0.04243046045303345,0.04356944561004639,0.0447884202003479,0.04503369331359863,0.04544144868850708,0.045521438121795654,0.04610931873321533,0.046332597732543945,0.04584699869155884,0.04581528902053833,0.045207977294921875,0.04545372724533081,0.04610937833786011,0.04559367895126343,0.046552062034606934,0.04662501811981201,0.046470582485198975,0.04743075370788574,0.047884583473205566,0.04800403118133545,0.04865485429763794,0.04944300651550293,0.048931002616882324,0.0485270619392395,0.04897952079772949,0.0494389533996582,0.050641775131225586,0.05105334520339966,0.05198699235916138,0.05342507362365723,0.054498255252838135,0.05489391088485718,0.05459529161453247,0.054587602615356445,0.05410158634185791,0.05283999443054199,0.05348694324493408,0.05373179912567139,0.05327010154724121,0.05317288637161255,0.0535120964050293,0.05441814661026001,0.05410158634185791,0.04920923709869385,0.04299771785736084,0.034665465354919434,0.0,0.0,0.0,0.0,0.0,0.0,0.0,0.0,0.0,0.0,0.0,0.0,0.0,0.0,0.0,0.0,0.0,0.0,0.0,0.0,0.0,0.0,0.0,0.0,0.0,0.0,0.0,0.0,0.0,0.0,0.0,0.0,0.0,0.0,0.0,0.0,0.0,0.0,0.0,0.0,0.0,0.0,0.0,0.0,0.0,0.0,0.0,0.0,0.0,0.0,0.0,0.0,0.0,0.0,0.0,0.0,0.0,0.0,0.0,0.0,0.0,0.0,0.0,0.0,0.0,0.0,0.0,0.0,0.0,0.0,0.0,0.0,0.0,0.0,0.0,0.0,0.0,0.0,0.0,0.0,0.0,0.0,0.0,0.0,0.0,0.0,0.0,0.0,0.0,0.0,0.0,0.0,0.0,0.0,0.0,0.0,0.0,0.0,0.0,0.0,0.0,0.0,0.0,0.0,0.0,0.0,0.0,0.0,0.0,0.0,0.0,0.0,0.0,0.0,0.0,0.0,0.0,0.0,0.0,0.0,0.0,0.0,0.0,0.0,0.0,0.0,0.0,0.0,0.0,0.0,0.0,0.0,0.0,0.0,0.0,0.0,0.0,0.0,0.0,0.0,0.0,0.0,0.0,0.0,0.0,0.0,0.0,0.0,0.0,0.0
35,0.0,0.0,0.0,0.0,0.0,0.0,0.0,0.0,0.0,0.0,0.0,0.0,0.0,0.0,0.0,0.0,0.0,0.0,0.0,0.0,0.0,0.0,0.0,0.0,0.0,0.0,0.0,0.0,0.0,0.0,0.0,0.0,0.0,0.0,0.0,0.0,0.0,0.0,0.0,0.0,0.0,0.0,0.0,0.0,0.0,0.0,0.0,0.0,0.0,0.0,0.0,0.0,0.0,0.0,0.0,0.0,0.0,0.0,0.0,0.0,0.0,0.0,0.0,0.0,0.0,0.0,0.0,0.0,0.0,0.0,0.0,0.0,0.0,0.0,0.0,0.01756417751312256,0.021757900714874268,0.025280296802520752,0.026481151580810547,0.02690136432647705,0.027299463748931885,0.027294516563415527,0.02776581048965454,0.027745068073272705,0.027418076992034912,0.028161704540252686,0.029115140438079834,0.029468178749084473,0.029462218284606934,0.029664933681488037,0.03048485517501831,0.02994692325592041,0.030286967754364014,0.0301588773727417,0.030736923217773438,0.03060096502304077,0.031262218952178955,0.03169053792953491,0.03160172700881958,0.03155630826950073,0.031808316707611084,0.03241318464279175,0.03277355432510376,0.032382965087890625,0.03271406888961792,0.033327698707580566,0.03403526544570923,0.033949851989746094,0.03356987237930298,0.034240901470184326,0.03475189208984375,0.0356297492980957,0.035967469215393066,0.03556603193283081,0.036346495151519775,0.03683215379714966,0.03728652000427246,0.036998212337493896,0.03629457950592041,0.036719322204589844,0.03700953722000122,0.03756660223007202,0.037517666816711426,0.03765368461608887,0.03849834203720093,0.037980616092681885,0.03886693716049194,0.03901606798171997,0.03873801231384277,0.038231849670410156,0.038453876972198486,0.040385901927948,0.041165173053741455,0.040346384048461914,0.04096388816833496,0.041292667388916016,0.042659223079681396,0.042138099670410156,0.041272878646850586,0.04079556465148926,0.03962063789367676,0.03892016410827637,0.03703343868255615,0.037420451641082764,0.03999054431915283,0.04322826862335205,0.04779326915740967,0.04491245746612549,0.037305474281311035,0.02609074115753174,-0.020089268684387207,-0.02462869882583618,-0.027660131454467773,-0.029026567935943604,-0.029705464839935303,-0.0300254225730896,-0.03056013584136963,-0.031400084495544434,-0.03131335973739624,-0.03188890218734741,-0.031206130981445312,-0.03224682807922363,-0.033226191997528076,-0.03238159418106079,-0.03252363204956055,-0.03214597702026367,-0.032636046409606934,-0.033358752727508545,-0.03422480821609497,-0.034057557582855225,-0.03402853012084961,-0.03444308042526245,-0.03547406196594238,-0.0348358154296875,-0.035473763942718506,-0.03446519374847412,-0.035666823387145996,-0.03608143329620361,-0.036765217781066895,-0.036563098430633545,-0.03649061918258667,-0.03719609975814819,-0.03789258003234863,-0.03850680589675903,-0.038009047508239746,-0.03757673501968384,-0.03875631093978882,-0.03888440132141113,-0.038358449935913086,-0.0385403037071228,-0.03935527801513672,-0.04058206081390381,-0.04048055410385132,-0.04084891080856323,-0.040483057498931885,-0.04044979810714722,-0.04090219736099243,-0.04075276851654053,-0.04062575101852417,-0.04024225473403931,-0.039722323417663574,-0.04113215208053589,-0.04179757833480835,-0.0428047776222229,-0.04222452640533447,-0.042021870613098145,-0.04375869035720825,-0.043371379375457764,-0.04424387216567993,-0.04267627000808716,-0.042997658252716064,-0.04465705156326294,-0.04456806182861328,-0.04419583082199097,-0.04300349950790405,-0.0422210693359375,-0.04181462526321411,-0.04050952196121216,-0.04107797145843506,-0.042533040046691895,-0.04620683193206787,-0.050429463386535645,-0.04747438430786133,-0.040412306785583496,-0.02758568525314331
36,-0.032065629959106445,-0.03837692737579346,-0.043068528175354004,-0.045340657234191895,-0.04546576738357544,-0.04374253749847412,-0.04262286424636841,-0.042658209800720215,-0.043991267681121826,-0.04611331224441528,-0.04717707633972168,-0.04679340124130249,-0.04660201072692871,-0.04680430889129639,-0.04672163724899292,-0.04679161310195923,-0.04715317487716675,-0.048499464988708496,-0.04925251007080078,-0.049663245677948,-0.050511717796325684,-0.05035001039505005,-0.05030113458633423,-0.04882019758224487,-0.04923015832901001,-0.0500873327255249,-0.05117839574813843,-0.05186539888381958,-0.05237680673599243,-0.052060723304748535,-0.05248105525970459,-0.05373120307922363,-0.05427795648574829,-0.05365729331970215,-0.05414271354675293,-0.05431532859802246,-0.05468630790710449,-0.054451048374176025,-0.05466151237487793,-0.0555034875869751,-0.05626213550567627,-0.05701416730880737,-0.05790227651596069,-0.05773043632507324,-0.05742698907852173,-0.05798530578613281,-0.05749279260635376,-0.05716502666473389,-0.05699509382247925,-0.05741041898727417,-0.05705618858337402,-0.05648559331893921,-0.05691808462142944,-0.057650089263916016,-0.05951946973800659,-0.059835612773895264,-0.05985128879547119,-0.05850517749786377,-0.05815643072128296,-0.058706820011138916,-0.058346450328826904,-0.05902975797653198,-0.05891847610473633,-0.058313190937042236,-0.05838608741760254,-0.05854254961013794,-0.05890721082687378,-0.06051814556121826,-0.06180441379547119,-0.06424248218536377,-0.06556224822998047,-0.0638006329536438,-0.05698823928833008,-0.04544234275817871,-0.030399441719055176,0.0,0.0,0.0,0.0,0.0,0.0,0.0,0.0,0.0,0.0,0.0,0.0,0.0,0.0,0.0,0.0,0.0,0.0,0.0,0.0,0.0,0.0,0.0,0.0,0.0,0.0,0.0,0.0,0.0,0.0,0.0,0.0,0.0,0.0,0.0,0.0,0.0,0.0,0.0,0.0,0.0,0.0,0.0,0.0,0.0,0.0,0.0,0.0,0.0,0.0,0.0,0.0,0.0,0.0,0.0,0.0,0.0,0.0,0.0,0.0,0.0,0.0,0.0,0.0,0.0,0.0,0.0,0.0,0.0,0.0,0.0,0.0,0.0,0.0,0.0,0.0,0.0,0.0,0.0,0.0,0.0,0.0,0.0,0.0,0.0,0.0,0.0,0.0,0.0,0.0,0.0,0.0,0.0,0.0,0.0,0.0,0.0,0.0,0.0,0.0,0.0,0.0,0.0,0.0,0.0,0.0,0.0,0.0,0.0,0.0,0.0,0.0,0.0,0.0,0.0,0.0,0.0,0.0,0.0,0.0,0.0,0.0,0.0,0.0,0.0,0.0,0.0,0.0,0.0,0.0,0.0,0.0,0.0,0.0,0.0,0.0,0.0,0.0,0.0,0.0,0.0,0.0,0.0,0.0,0.0,0.0,0.0,0.0,0.0,0.0
37,0.0,0.0,0.0,0.0,0.0,0.0,0.0,0.0,0.0,0.0,0.0,0.0,0.0,0.0,0.0,0.0,0.0,0.0,0.0,0.0,0.0,0.0,0.0,0.0,0.0,0.0,0.0,0.0,0.0,0.0,0.0,0.0,0.0,0.0,0.0,0.0,0.0,0.0,0.0,0.0,0.0,0.0,0.0,0.0,0.0,0.0,0.0,0.0,0.0,0.0,0.0,0.0,0.0,0.0,0.0,0.0,0.0,0.0,0.0,0.0,0.0,0.0,0.0,0.0,0.0,0.0,0.0,0.0,0.0,0.0,0.0,0.0,0.0,0.0,0.0,0.0,0.0,0.0,0.0,0.0,0.0,0.0,0.0,0.0,0.0,0.0,0.0,0.0,0.0,0.0,0.0,0.0,0.0,0.0,0.0,0.0,0.0,0.0,0.0,0.0,0.0,0.0,0.0,0.0,0.0,0.0,0.0,0.0,0.0,0.0,0.0,0.0,0.0,0.0,0.0,0.0,0.0,0.0,0.0,0.0,0.0,0.0,0.0,0.0,0.0,0.0,0.0,0.0,0.0,0.0,0.0,0.0,0.0,0.0,0.0,0.0,0.0,0.0,0.0,0.0,0.0,0.0,0.0,0.0,0.0,0.0,0.0,0.0,0.0,0.0,0.0,0.0,0.0,0.0,0.0,0.0,0.0,0.0,0.0,0.0,0.0,0.0,0.0,0.0,0.0,0.0,0.0,0.0,0.0,0.0,0.0,0.0,0.0,0.0,0.0,0.0,0.0,0.0,0.0,0.0,0.0,0.0,0.0,0.0,0.0,0.0,0.0,0.0,0.0,0.0,0.0,0.0,0.0,0.0,0.0,0.0,0.0,0.0,0.0,0.0,0.0,0.0,0.0,0.0,0.0,0.0,0.0,0.0,0.0,0.0,0.0,0.0,0.0,0.0,0.0,0.0,0.0,0.0,0.0,0.0,0.0,0.0,0.0,0.0,0.0
38,0.0,0.0,0.0,0.0,0.0,0.0,0.0,0.0,0.0,0.0,0.0,0.0,0.0,0.0,0.0,0.0,0.0,0.0,0.0,0.0,0.0,0.0,0.0,0.0,0.0,0.0,0.0,0.0,0.0,0.0,0.0,0.0,0.0,0.0,0.0,0.0,0.0,0.0,0.0,0.0,0.0,0.0,0.0,0.0,0.0,0.0,0.0,0.0,0.0,0.0,0.0,0.0,0.0,0.0,0.0,0.0,0.0,0.0,0.0,0.0,0.0,0.0,0.0,0.0,0.0,0.0,0.0,0.0,0.0,0.0,0.0,0.0,0.0,0.0,0.0,0.009347379207611084,0.011387526988983154,0.0137062668800354,0.015125811100006104,0.015642166137695312,0.015572547912597656,0.014443576335906982,0.013176023960113525,0.010957479476928711,0.0072599053382873535,0.002641141414642334,-0.0032991766929626465,-0.00954359769821167,-0.016082346439361572,-0.022454023361206055,-0.028455078601837158,-0.03310084342956543,-0.03550165891647339,-0.035669565200805664,-0.03357976675033569,-0.029407799243927002,-0.022875964641571045,-0.01406627893447876,-0.0053955912590026855,0.003925681114196777,0.012665867805480957,0.020904064178466797,0.027995944023132324,0.03278946876525879,0.03651571273803711,0.03786289691925049,0.03769499063491821,0.03532207012176514,0.031130194664001465,0.024840354919433594,0.01676630973815918,0.008140742778778076,-0.0012242794036865234,-0.010880768299102783,-0.01973593235015869,-0.0278245210647583,-0.033509790897369385,-0.03727591037750244,-0.03926396369934082,-0.038118183612823486,-0.03481566905975342,-0.02844417095184326,-0.020582199096679688,-0.01139599084854126,-0.0010051131248474121,0.008982717990875244,0.019542932510375977,0.028759002685546875,0.035415470600128174,0.039919257164001465,0.042025625705718994,0.0426403284072876,0.04001462459564209,0.035244107246398926,0.02890026569366455,0.021395623683929443,0.014328479766845703,0.006688475608825684,-0.0008027553558349609,-0.007246613502502441,-0.01201784610748291,-0.015028417110443115,-0.017029643058776855,-0.018336355686187744,-0.018011927604675293,-0.0166054368019104,-0.01368558406829834,-0.010296940803527832,-0.006115317344665527,-0.0014004707336425781,0.0,0.0,0.0,0.0,0.0,0.0,0.0,0.0,0.0,0.0,0.0,0.0,0.0,0.0,0.0,0.0,0.0,0.0,0.0,0.0,0.0,0.0,0.0,0.0,0.0,0.0,0.0,0.0,0.0,0.0,0.0,0.0,0.0,0.0,0.0,0.0,0.0,0.0,0.0,0.0,0.0,0.0,0.0,0.0,0.0,0.0,0.0,0.0,0.0,0.0,0.0,0.0,0.0,0.0,0.0,0.0,0.0,0.0,0.0,0.0,0.0,0.0,0.0,0.0,0.0,0.0,0.0,0.0,0.0,0.0,0.0,0.0,0.0,0.0,0.0
39,0.0,0.0,0.0,0.0,0.0,0.0,0.0,0.0,0.0,0.0,0.0,0.0,0.0,0.0,0.0,0.0,0.0,0.0,0.0,0.0,0.0,0.0,0.0,0.0,0.0,0.0,0.0,0.0,0.0,0.0,0.0,0.0,0.0,0.0,0.0,0.0,0.0,0.0,0.0,0.0,0.0,0.0,0.0,0.0,0.0,0.0,0.0,0.0,0.0,0.0,0.0,0.0,0.0,0.0,0.0,0.0,0.0,0.0,0.0,0.0,0.0,0.0,0.0,0.0,0.0,0.0,0.0,0.0,0.0,0.0,0.0,0.0,0.0,0.0,0.0,0.00042259693145751953,-0.00027632713317871094,-0.0019660592079162598,-0.003356039524078369,-0.0039511919021606445,-0.004861354827880859,-0.0070244669914245605,-0.009057402610778809,-0.011028051376342773,-0.012943744659423828,-0.015339076519012451,-0.018256664276123047,-0.02144324779510498,-0.024356067180633545,-0.026796162128448486,-0.029385030269622803,-0.03263211250305176,-0.03576827049255371,-0.03847688436508179,-0.04043102264404297,-0.04281240701675415,-0.04512476921081543,-0.04720139503479004,-0.04818600416183472,-0.04865109920501709,-0.049284517765045166,-0.049726009368896484,-0.04980874061584473,-0.04908573627471924,-0.047127485275268555,-0.04587697982788086,-0.04418444633483887,-0.04283738136291504,-0.039956748485565186,-0.0368119478225708,-0.034467995166778564,-0.03245377540588379,-0.030186355113983154,-0.027052998542785645,-0.023885667324066162,-0.021626412868499756,-0.01961195468902588,-0.017432034015655518,-0.01515662670135498,-0.01304483413696289,-0.011870384216308594,-0.010507285594940186,-0.009439826011657715,-0.008078515529632568,-0.006889283657073975,-0.006736397743225098,-0.0061449408531188965,-0.005838572978973389,-0.004838109016418457,-0.004600048065185547,-0.004449009895324707,-0.004299640655517578,-0.004263043403625488,-0.0032058358192443848,-0.002770662307739258,-0.00317990779876709,-0.002983689308166504,-0.002743542194366455,-0.0016023516654968262,-0.0012311935424804688,-0.0012575387954711914,-0.0016612410545349121,-0.0006622672080993652,0.00039887428283691406,0.001017451286315918,0.001121222972869873,0.0010816454887390137,0.0013617873191833496,0.0026693344116210938,0.0030472874641418457,0.0,0.0,0.0,0.0,0.0,0.0,0.0,0.0,0.0,0.0,0.0,0.0,0.0,0.0,0.0,0.0,0.0,0.0,0.0,0.0,0.0,0.0,0.0,0.0,0.0,0.0,0.0,0.0,0.0,0.0,0.0,0.0,0.0,0.0,0.0,0.0,0.0,0.0,0.0,0.0,0.0,0.0,0.0,0.0,0.0,0.0,0.0,0.0,0.0,0.0,0.0,0.0,0.0,0.0,0.0,0.0,0.0,0.0,0.0,0.0,0.0,0.0,0.0,0.0,0.0,0.0,0.0,0.0,0.0,0.0,0.0,0.0,0.0,0.0,0.0
40,-0.004677295684814453,-0.005849957466125488,-0.00655972957611084,-0.0074645280838012695,-0.008929789066314697,-0.010810375213623047,-0.012166738510131836,-0.013281404972076416,-0.014034628868103027,-0.015551328659057617,-0.016795814037322998,-0.018345773220062256,-0.020569801330566406,-0.021155834197998047,-0.022327780723571777,-0.024184763431549072,-0.025543808937072754,-0.02683401107788086,-0.02848154306411743,-0.029319405555725098,-0.03188556432723999,-0.03259742259979248,-0.034182190895080566,-0.03499269485473633,-0.03619551658630371,-0.037989914417266846,-0.03918236494064331,-0.03988546133041382,-0.040557920932769775,-0.04182618856430054,-0.043642520904541016,-0.04416996240615845,-0.04396539926528931,-0.04470384120941162,-0.04511839151382446,-0.046061038970947266,-0.0461043119430542,-0.04559057950973511,-0.045170724391937256,-0.04578894376754761,-0.04691892862319946,-0.04643732309341431,-0.045796215534210205,-0.0446586012840271,-0.044740259647369385,-0.044892191886901855,-0.04335242509841919,-0.04256081581115723,-0.041899144649505615,-0.04172450304031372,-0.04087609052658081,-0.039584577083587646,-0.038926005363464355,-0.03780931234359741,-0.036876142024993896,-0.03544872999191284,-0.034934401512145996,-0.03332406282424927,-0.03142422437667847,-0.030290722846984863,-0.029288530349731445,-0.02795720100402832,-0.025923073291778564,-0.02414381504058838,-0.02393162250518799,-0.022992610931396484,-0.020928502082824707,-0.019098341464996338,-0.018136024475097656,-0.01713341474533081,-0.01642763614654541,-0.014014780521392822,-0.012939393520355225,-0.01161205768585205,-0.011118412017822266,0.0,0.0,0.0,0.0,0.0,0.0,0.0,0.0,0.0,0.0,0.0,0.0,0.0,0.0,0.0,0.0,0.0,0.0,0.0,0.0,0.0,0.0,0.0,0.0,0.0,0.0,0.0,0.0,0.0,0.0,0.0,0.0,0.0,0.0,0.0,0.0,0.0,0.0,0.0,0.0,0.0,0.0,0.0,0.0,0.0,0.0,0.0,0.0,0.0,0.0,0.0,0.0,0.0,0.0,0.0,0.0,0.0,0.0,0.0,0.0,0.0,0.0,0.0,0.0,0.0,0.0,0.0,0.0,0.0,0.0,0.0,0.0,0.0,0.0,0.0,0.0,0.0,0.0,0.0,0.0,0.0,0.0,0.0,0.0,0.0,0.0,0.0,0.0,0.0,0.0,0.0,0.0,0.0,0.0,0.0,0.0,0.0,0.0,0.0,0.0,0.0,0.0,0.0,0.0,0.0,0.0,0.0,0.0,0.0,0.0,0.0,0.0,0.0,0.0,0.0,0.0,0.0,0.0,0.0,0.0,0.0,0.0,0.0,0.0,0.0,0.0,0.0,0.0,0.0,0.0,0.0,0.0,0.0,0.0,0.0,0.0,0.0,0.0,0.0,0.0,0.0,0.0,0.0,0.0,0.0,0.0,0.0,0.0,0.0,0.0
41,0.013923406600952148,0.01558995246887207,0.01685798168182373,0.018231511116027832,0.019306957721710205,0.020738422870635986,0.022395014762878418,0.02382361888885498,0.0257338285446167,0.02658867835998535,0.028160810470581055,0.030169904232025146,0.03143876791000366,0.03333824872970581,0.03404557704925537,0.035634398460388184,0.03723186254501343,0.03862100839614868,0.03998953104019165,0.040733933448791504,0.04226553440093994,0.04346942901611328,0.044215619564056396,0.04533487558364868,0.04592454433441162,0.04686325788497925,0.047382354736328125,0.04824095964431763,0.04859095811843872,0.04893535375595093,0.04916727542877197,0.04974007606506348,0.049674391746520996,0.050123512744903564,0.049660682678222656,0.04945862293243408,0.04921674728393555,0.0491260290145874,0.04854458570480347,0.04748600721359253,0.04708719253540039,0.04699552059173584,0.04577893018722534,0.044634461402893066,0.04332756996154785,0.04230165481567383,0.04158031940460205,0.03999674320220947,0.03870481252670288,0.03734332323074341,0.03598588705062866,0.03439265489578247,0.033223748207092285,0.031792283058166504,0.03045862913131714,0.029124200344085693,0.02741175889968872,0.02623116970062256,0.024659037590026855,0.022881627082824707,0.0217820405960083,0.01975613832473755,0.018562614917755127,0.017107903957366943,0.01576673984527588,0.014593005180358887,0.012868404388427734,0.012267649173736572,0.01071619987487793,0.009619414806365967,0.009119272232055664,0.008098185062408447,0.007336020469665527,0.006141066551208496,0.005624592304229736,0.0,0.0,0.0,0.0,0.0,0.0,0.0,0.0,0.0,0.0,0.0,0.0,0.0,0.0,0.0,0.0,0.0,0.0,0.0,0.0,0.0,0.0,0.0,0.0,0.0,0.0,0.0,0.0,0.0,0.0,0.0,0.0,0.0,0.0,0.0,0.0,0.0,0.0,0.0,0.0,0.0,0.0,0.0,0.0,0.0,0.0,0.0,0.0,0.0,0.0,0.0,0.0,0.0,0.0,0.0,0.0,0.0,0.0,0.0,0.0,0.0,0.0,0.0,0.0,0.0,0.0,0.0,0.0,0.0,0.0,0.0,0.0,0.0,0.0,0.0,0.0,0.0,0.0,0.0,0.0,0.0,0.0,0.0,0.0,0.0,0.0,0.0,0.0,0.0,0.0,0.0,0.0,0.0,0.0,0.0,0.0,0.0,0.0,0.0,0.0,0.0,0.0,0.0,0.0,0.0,0.0,0.0,0.0,0.0,0.0,0.0,0.0,0.0,0.0,0.0,0.0,0.0,0.0,0.0,0.0,0.0,0.0,0.0,0.0,0.0,0.0,0.0,0.0,0.0,0.0,0.0,0.0,0.0,0.0,0.0,0.0,0.0,0.0,0.0,0.0,0.0,0.0,0.0,0.0,0.0,0.0,0.0,0.0,0.0,0.0
42,0.01006990671157837,0.0119742751121521,0.01264423131942749,0.012630224227905273,0.013792872428894043,0.015131235122680664,0.016985714435577393,0.017073869705200195,0.018200993537902832,0.01866614818572998,0.01999872922897339,0.021324098110198975,0.020910322666168213,0.021894097328186035,0.02247762680053711,0.02420508861541748,0.02548348903656006,0.025941789150238037,0.02696394920349121,0.028284311294555664,0.030674397945404053,0.032448768615722656,0.032215654850006104,0.03371769189834595,0.03451669216156006,0.034496963024139404,0.03466236591339111,0.03454434871673584,0.0354498028755188,0.03606772422790527,0.03725928068161011,0.038081347942352295,0.03847014904022217,0.0402340292930603,0.041302382946014404,0.04261815547943115,0.04288595914840698,0.04315304756164551,0.04419100284576416,0.04431945085525513,0.04555213451385498,0.04657089710235596,0.04717254638671875,0.048233985900878906,0.04897582530975342,0.04946178197860718,0.050489842891693115,0.05158597230911255,0.0525585412979126,0.0531003475189209,0.053629159927368164,0.053536415100097656,0.05270838737487793,0.05173933506011963,0.05062049627304077,0.050496459007263184,0.04838663339614868,0.046251118183135986,0.04424542188644409,0.04131048917770386,0.03816795349121094,0.03377765417098999,0.02962428331375122,0.025323152542114258,0.02236473560333252,0.017962872982025146,0.013760149478912354,0.011899709701538086,0.009702622890472412,0.007401466369628906,0.0044141411781311035,0.002697765827178955,0.0024800896644592285,0.0010018348693847656,0.00010019540786743164,0.0,0.0,0.0,0.0,0.0,0.0,0.0,0.0,0.0,0.0,0.0,0.0,0.0,0.0,0.0,0.0,0.0,0.0,0.0,0.0,0.0,0.0,0.0,0.0,0.0,0.0,0.0,0.0,0.0,0.0,0.0,0.0,0.0,0.0,0.0,0.0,0.0,0.0,0.0,0.0,0.0,0.0,0.0,0.0,0.0,0.0,0.0,0.0,0.0,0.0,0.0,0.0,0.0,0.0,0.0,0.0,0.0,0.0,0.0,0.0,0.0,0.0,0.0,0.0,0.0,0.0,0.0,0.0,0.0,0.0,0.0,0.0,0.0,0.0,0.0,0.0,0.0,0.0,0.0,0.0,0.0,0.0,0.0,0.0,0.0,0.0,0.0,0.0,0.0,0.0,0.0,0.0,0.0,0.0,0.0,0.0,0.0,0.0,0.0,0.0,0.0,0.0,0.0,0.0,0.0,0.0,0.0,0.0,0.0,0.0,0.0,0.0,0.0,0.0,0.0,0.0,0.0,0.0,0.0,0.0,0.0,0.0,0.0,0.0,0.0,0.0,0.0,0.0,0.0,0.0,0.0,0.0,0.0,0.0,0.0,0.0,0.0,0.0,0.0,0.0,0.0,0.0,0.0,0.0,0.0,0.0,0.0,0.0,0.0,0.0
43,0.0,0.0,0.0,0.0,0.0,0.0,0.0,0.0,0.0,0.0,0.0,0.0,0.0,0.0,0.0,0.0,0.0,0.0,0.0,0.0,0.0,0.0,0.0,0.0,0.0,0.0,0.0,0.0,0.0,0.0,0.0,0.0,0.0,0.0,0.0,0.0,0.0,0.0,0.0,0.0,0.0,0.0,0.0,0.0,0.0,0.0,0.0,0.0,0.0,0.0,0.0,0.0,0.0,0.0,0.0,0.0,0.0,0.0,0.0,0.0,0.0,0.0,0.0,0.0,0.0,0.0,0.0,0.0,0.0,0.0,0.0,0.0,0.0,0.0,0.0,0.004478871822357178,0.005674123764038086,0.007593870162963867,0.008132100105285645,0.008037805557250977,0.00827491283416748,0.009925127029418945,0.011449933052062988,0.011876165866851807,0.011467218399047852,0.012516140937805176,0.014135241508483887,0.015494048595428467,0.01585566997528076,0.015865445137023926,0.016904890537261963,0.01851433515548706,0.019786536693572998,0.01975572109222412,0.020294487476348877,0.02049112319946289,0.022476375102996826,0.023366868495941162,0.023716509342193604,0.02358192205429077,0.02426224946975708,0.026379048824310303,0.02840292453765869,0.027519583702087402,0.028028368949890137,0.028883397579193115,0.030868172645568848,0.03205442428588867,0.032164037227630615,0.032707393169403076,0.03331649303436279,0.034947872161865234,0.036125779151916504,0.03708237409591675,0.03717601299285889,0.03836578130722046,0.04005074501037598,0.04110509157180786,0.04091644287109375,0.04156911373138428,0.04289281368255615,0.04479491710662842,0.04557013511657715,0.0468863844871521,0.04832488298416138,0.04903465509414673,0.04918837547302246,0.047322094440460205,0.04386323690414429,0.04092717170715332,0.039777159690856934,0.04060560464859009,0.04232114553451538,0.042865097522735596,0.044257164001464844,0.0455966591835022,0.04629015922546387,0.044857144355773926,0.043850481510162354,0.04239684343338013,0.04046577215194702,0.035947442054748535,0.030741989612579346,0.021883606910705566,0.010182499885559082,0.0009301900863647461,-0.0034293532371520996,-0.00481337308883667,-0.003931283950805664,-0.0010575056076049805,-0.009623229503631592,-0.0105208158493042,-0.011917352676391602,-0.013378620147705078,-0.013895511627197266,-0.013955175876617432,-0.015355467796325684,-0.017101943492889404,-0.017734646797180176,-0.018115103244781494,-0.01822882890701294,-0.019288361072540283,-0.02112448215484619,-0.021792888641357422,-0.022002816200256348,-0.02131718397140503,-0.022839069366455078,-0.024795889854431152,-0.025789499282836914,-0.025967657566070557,-0.025677919387817383,-0.026586413383483887,-0.028281033039093018,-0.028966188430786133,-0.0291404128074646,-0.028248965740203857,-0.03032010793685913,-0.03287100791931152,-0.03276270627975464,-0.03283059597015381,-0.03307831287384033,-0.034447431564331055,-0.03621828556060791,-0.036823272705078125,-0.036399006843566895,-0.03618276119232178,-0.037678658962249756,-0.03870505094528198,-0.03985649347305298,-0.039816856384277344,-0.04076218605041504,-0.0420842170715332,-0.04361969232559204,-0.044276654720306396,-0.04415398836135864,-0.0447576642036438,-0.046440958976745605,-0.048159241676330566,-0.04892760515213013,-0.04929828643798828,-0.049333393573760986,-0.049585938453674316,-0.048900067806243896,-0.04607921838760376,-0.042628467082977295,-0.040691375732421875,-0.04154747724533081,-0.04323476552963257,-0.04460030794143677,-0.04475069046020508,-0.04588216543197632,-0.04650300741195679,-0.04585862159729004,-0.04529428482055664,-0.04360288381576538,-0.04160761833190918,-0.03736501932144165,-0.03260308504104614,-0.02396327257156372,-0.011760890483856201,-0.0022876858711242676,0.0020489096641540527,0.002981126308441162,0.0021964311599731445,0.0006269216537475586
44,-0.009459733963012695,-0.010138452053070068,-0.011327385902404785,-0.013384521007537842,-0.014565587043762207,-0.016260862350463867,-0.01735633611679077,-0.01882094144821167,-0.020006239414215088,-0.02126157283782959,-0.02142202854156494,-0.0216524600982666,-0.022878050804138184,-0.024123728275299072,-0.026064932346343994,-0.02738434076309204,-0.029362797737121582,-0.031104445457458496,-0.032839059829711914,-0.033305466175079346,-0.03407907485961914,-0.03408980369567871,-0.03402835130691528,-0.03418302536010742,-0.03491181135177612,-0.03595077991485596,-0.03649258613586426,-0.0384751558303833,-0.040333569049835205,-0.041450560092926025,-0.04282271862030029,-0.04280745983123779,-0.043676912784576416,-0.04450392723083496,-0.04530668258666992,-0.04493290185928345,-0.04497528076171875,-0.04627007246017456,-0.047796785831451416,-0.04958134889602661,-0.05048495531082153,-0.04960322380065918,-0.049374163150787354,-0.04893213510513306,-0.04916787147521973,-0.04902827739715576,-0.048052310943603516,-0.04853343963623047,-0.04928851127624512,-0.0502091646194458,-0.05158048868179321,-0.05334383249282837,-0.0552138090133667,-0.05542653799057007,-0.0554049015045166,-0.054523766040802,-0.05442452430725098,-0.05365687608718872,-0.05219268798828125,-0.05073267221450806,-0.04952901601791382,-0.049453794956207275,-0.04784071445465088,-0.046632230281829834,-0.04564458131790161,-0.04400229454040527,-0.04126870632171631,-0.03744220733642578,-0.03344935178756714,-0.029112517833709717,-0.02399313449859619,-0.017696022987365723,-0.012219369411468506,-0.007155478000640869,-0.0028030872344970703,0.0,0.0,0.0,0.0,0.0,0.0,0.0,0.0,0.0,0.0,0.0,0.0,0.0,0.0,0.0,0.0,0.0,0.0,0.0,0.0,0.0,0.0,0.0,0.0,0.0,0.0,0.0,0.0,0.0,0.0,0.0,0.0,0.0,0.0,0.0,0.0,0.0,0.0,0.0,0.0,0.0,0.0,0.0,0.0,0.0,0.0,0.0,0.0,0.0,0.0,0.0,0.0,0.0,0.0,0.0,0.0,0.0,0.0,0.0,0.0,0.0,0.0,0.0,0.0,0.0,0.0,0.0,0.0,0.0,0.0,0.0,0.0,0.0,0.0,0.0,0.0,0.0,0.0,0.0,0.0,0.0,0.0,0.0,0.0,0.0,0.0,0.0,0.0,0.0,0.0,0.0,0.0,0.0,0.0,0.0,0.0,0.0,0.0,0.0,0.0,0.0,0.0,0.0,0.0,0.0,0.0,0.0,0.0,0.0,0.0,0.0,0.0,0.0,0.0,0.0,0.0,0.0,0.0,0.0,0.0,0.0,0.0,0.0,0.0,0.0,0.0,0.0,0.0,0.0,0.0,0.0,0.0,0.0,0.0,0.0,0.0,0.0,0.0,0.0,0.0,0.0,0.0,0.0,0.0,0.0,0.0,0.0,0.0,0.0,0.0
45,0.024303078651428223,0.027858495712280273,0.030840575695037842,0.03395092487335205,0.03538757562637329,0.03527790307998657,0.036000072956085205,0.037163615226745605,0.03806197643280029,0.03777891397476196,0.037249982357025146,0.037956833839416504,0.03843271732330322,0.03924936056137085,0.039357900619506836,0.03961920738220215,0.03931868076324463,0.039171695709228516,0.03998309373855591,0.04061323404312134,0.039841294288635254,0.03898125886917114,0.038256049156188965,0.03895682096481323,0.039768099784851074,0.039695143699645996,0.03965789079666138,0.04008293151855469,0.0409206748008728,0.041149258613586426,0.04191851615905762,0.04309511184692383,0.0435941219329834,0.04463249444961548,0.04416084289550781,0.04359281063079834,0.044000864028930664,0.04521900415420532,0.045800209045410156,0.04591411352157593,0.04564923048019409,0.04555988311767578,0.04610544443130493,0.04767972230911255,0.04910916090011597,0.04759341478347778,0.045791804790496826,0.045104801654815674,0.046894073486328125,0.049086928367614746,0.049968063831329346,0.04907584190368652,0.04774242639541626,0.04761648178100586,0.04696977138519287,0.044936537742614746,0.04301208257675171,0.04272538423538208,0.044872164726257324,0.045571744441986084,0.045947253704071045,0.04627788066864014,0.04772871732711792,0.04796111583709717,0.04657280445098877,0.04612851142883301,0.04666167497634888,0.04724597930908203,0.047087132930755615,0.04380691051483154,0.039734482765197754,0.03980022668838501,0.03744161128997803,0.031582415103912354,0.022906601428985596,0.0,0.0,0.0,0.0,0.0,0.0,0.0,0.0,0.0,0.0,0.0,0.0,0.0,0.0,0.0,0.0,0.0,0.0,0.0,0.0,0.0,0.0,0.0,0.0,0.0,0.0,0.0,0.0,0.0,0.0,0.0,0.0,0.0,0.0,0.0,0.0,0.0,0.0,0.0,0.0,0.0,0.0,0.0,0.0,0.0,0.0,0.0,0.0,0.0,0.0,0.0,0.0,0.0,0.0,0.0,0.0,0.0,0.0,0.0,0.0,0.0,0.0,0.0,0.0,0.0,0.0,0.0,0.0,0.0,0.0,0.0,0.0,0.0,0.0,0.0,-0.003578484058380127,-0.004437088966369629,-0.006039738655090332,-0.006427168846130371,-0.007012426853179932,-0.007669031620025635,-0.008524477481842041,-0.010655760765075684,-0.011588037014007568,-0.012194991111755371,-0.011822640895843506,-0.012993693351745605,-0.014771461486816406,-0.014879047870635986,-0.015033185482025146,-0.014974713325500488,-0.016126155853271484,-0.0175514817237854,-0.018734633922576904,-0.01858222484588623,-0.018745124340057373,-0.02006584405899048,-0.0217435359954834,-0.022085964679718018,-0.022588729858398438,-0.02223670482635498,-0.023789823055267334,-0.025297701358795166,-0.02663356065750122,-0.026629865169525146,-0.02677011489868164,-0.02780097723007202,-0.029038429260253906,-0.030251502990722656,-0.030100107192993164,-0.030301690101623535,-0.031911611557006836,-0.033992648124694824,-0.034398019313812256,-0.03496474027633667,-0.03532242774963379,-0.03731125593185425,-0.03885912895202637,-0.040483176708221436,-0.04150283336639404,-0.0406341552734375,-0.0390855073928833,-0.038488149642944336,-0.039962947368621826,-0.042347490787506104,-0.04374885559082031,-0.04511755704879761,-0.0448683500289917,-0.04405003786087036,-0.043044865131378174,-0.041507720947265625,-0.04096376895904541,-0.040486276149749756,-0.0435444712638855,-0.044212937355041504,-0.04500842094421387,-0.046235859394073486,-0.047803640365600586,-0.04904937744140625,-0.04822266101837158,-0.04786175489425659,-0.050423502922058105,-0.05210822820663452,-0.050941646099090576,-0.046953439712524414,-0.043406546115875244,-0.04261207580566406,-0.03836381435394287,-0.031867265701293945,-0.023496925830841064
