model_id,channel_44_1,channel_44_2,channel_44_3,channel_44_4,channel_44_5,channel_44_6,channel_44_7,channel_44_8,channel_44_9,channel_44_10,channel_44_11,channel_44_12,channel_44_13,channel_44_14,channel_44_15,channel_44_16,channel_44_17,channel_44_18,channel_44_19,channel_44_20,channel_44_21,channel_44_22,channel_44_23,channel_44_24,channel_44_25,channel_44_26,channel_44_27,channel_44_28,channel_44_29,channel_44_30,channel_44_31,channel_44_32,channel_44_33,channel_44_34,channel_44_35,channel_44_36,channel_44_37,channel_44_38,channel_44_39,channel_44_40,channel_44_41,channel_44_42,channel_44_43,channel_44_44,channel_44_45,channel_44_46,channel_44_47,channel_44_48,channel_44_49,channel_44_50,channel_44_51,channel_44_52,channel_44_53,channel_44_54,channel_44_55,channel_44_56,channel_44_57,channel_44_58,channel_44_59,channel_44_60,channel_44_61,channel_44_62,channel_44_63,channel_44_64,channel_44_65,channel_44_66,channel_44_67,channel_44_68,channel_44_69,channel_44_70,channel_44_71,channel_44_72,channel_44_73,channel_44_74,channel_44_75,channel_45_1,channel_45_2,channel_45_3,channel_45_4,channel_45_5,channel_45_6,channel_45_7,channel_45_8,channel_45_9,channel_45_10,channel_45_11,channel_45_12,channel_45_13,channel_45_14,channel_45_15,channel_45_16,channel_45_17,channel_45_18,channel_45_19,channel_45_20,channel_45_21,channel_45_22,channel_45_23,channel_45_24,channel_45_25,channel_45_26,channel_45_27,channel_45_28,channel_45_29,channel_45_30,channel_45_31,channel_45_32,channel_45_33,channel_45_34,channel_45_35,channel_45_36,channel_45_37,channel_45_38,channel_45_39,channel_45_40,channel_45_41,channel_45_42,channel_45_43,channel_45_44,channel_45_45,channel_45_46,channel_45_47,channel_45_48,channel_45_49,channel_45_50,channel_45_51,channel_45_52,channel_45_53,channel_45_54,channel_45_55,channel_45_56,channel_45_57,channel_45_58,channel_45_59,channel_45_60,channel_45_61,channel_45_62,channel_45_63,channel_45_64,channel_45_65,channel_45_66,channel_45_67,channel_45_68,channel_45_69,channel_45_70,channel_45_71,channel_45_72,channel_45_73,channel_45_74,channel_45_75,channel_46_1,channel_46_2,channel_46_3,channel_46_4,channel_46_5,channel_46_6,channel_46_7,channel_46_8,channel_46_9,channel_46_10,channel_46_11,channel_46_12,channel_46_13,channel_46_14,channel_46_15,channel_46_16,channel_46_17,channel_46_18,channel_46_19,channel_46_20,channel_46_21,channel_46_22,channel_46_23,channel_46_24,channel_46_25,channel_46_26,channel_46_27,channel_46_28,channel_46_29,channel_46_30,channel_46_31,channel_46_32,channel_46_33,channel_46_34,channel_46_35,channel_46_36,channel_46_37,channel_46_38,channel_46_39,channel_46_40,channel_46_41,channel_46_42,channel_46_43,channel_46_44,channel_46_45,channel_46_46,channel_46_47,channel_46_48,channel_46_49,channel_46_50,channel_46_51,channel_46_52,channel_46_53,channel_46_54,channel_46_55,channel_46_56,channel_46_57,channel_46_58,channel_46_59,channel_46_60,channel_46_61,channel_46_62,channel_46_63,channel_46_64,channel_46_65,channel_46_66,channel_46_67,channel_46_68,channel_46_69,channel_46_70,channel_46_71,channel_46_72,channel_46_73,channel_46_74,channel_46_75
1,0.0,0.0,0.0,0.0,0.0,0.0,0.0,0.0,0.0,0.0,0.0,0.0,0.0,0.0,0.0,0.0,0.0,0.0,0.0,0.0,0.0,0.0,0.0,0.0,0.0,0.0,0.0,0.0,0.0,0.0,0.0,0.0,0.0,0.0,0.0,0.0,0.0,0.0,0.0,0.0,0.0,0.0,0.0,0.0,0.0,0.0,0.0,0.0,0.0,0.0,0.0,0.0,0.0,0.0,0.0,0.0,0.0,0.0,0.0,0.0,0.0,0.0,0.0,0.0,0.0,0.0,0.0,0.0,0.0,0.0,0.0,0.0,0.0,0.0,0.0,0.0,0.0,0.0,0.0,0.0,0.0,0.0,0.0,0.0,0.0,0.0,0.0,0.0,0.0,0.0,0.0,0.0,0.0,0.0,0.0,0.0,0.0,0.0,0.0,0.0,0.0,0.0,0.0,0.0,0.0,0.0,0.0,0.0,0.0,0.0,0.0,0.0,0.0,0.0,0.0,0.0,0.0,0.0,0.0,0.0,0.0,0.0,0.0,0.0,0.0,0.0,0.0,0.0,0.0,0.0,0.0,0.0,0.0,0.0,0.0,0.0,0.0,0.0,0.0,0.0,0.0,0.0,0.0,0.0,0.0,0.0,0.0,0.0,0.0,0.0,-0.007343292236328125,-0.00852668285369873,-0.010435104370117188,-0.011610090732574463,-0.01363825798034668,-0.015301287174224854,-0.016650021076202393,-0.018173933029174805,-0.019276797771453857,-0.02093350887298584,-0.021663188934326172,-0.02219468355178833,-0.02261441946029663,-0.02211761474609375,-0.022190630435943604,-0.02108752727508545,-0.019620299339294434,-0.017683982849121094,-0.014872193336486816,-0.012311697006225586,-0.008908331394195557,-0.00496286153793335,-0.0007597804069519043,0.003967761993408203,0.008136510848999023,0.013162195682525635,0.0179903507232666,0.0229378342628479,0.02794945240020752,0.03176450729370117,0.03594565391540527,0.03948706388473511,0.042548418045043945,0.045128047466278076,0.046320557594299316,0.04770076274871826,0.04761224985122681,0.04717463254928589,0.045786499977111816,0.04329097270965576,0.040827929973602295,0.03720277547836304,0.033598244190216064,0.029022932052612305,0.023779332637786865,0.01905614137649536,0.01384967565536499,0.009006917476654053,0.0038698911666870117,-0.0010703206062316895,-0.0053119659423828125,-0.009666681289672852,-0.012997090816497803,-0.016400516033172607,-0.019235074520111084,-0.02112126350402832,-0.022944331169128418,-0.023626387119293213,-0.02456378936767578,-0.024635136127471924,-0.024151861667633057,-0.023572206497192383,-0.02237105369567871,-0.02162700891494751,-0.02014458179473877,-0.0183180570602417,-0.01674199104309082,-0.014487028121948242,-0.013249218463897705,-0.011613249778747559,-0.00982809066772461,-0.008020162582397461,-0.006091415882110596,-0.005259156227111816,-0.00392991304397583
2,0.0,0.0,0.0,0.0,0.0,0.0,0.0,0.0,0.0,0.0,0.0,0.0,0.0,0.0,0.0,0.0,0.0,0.0,0.0,0.0,0.0,0.0,0.0,0.0,0.0,0.0,0.0,0.0,0.0,0.0,0.0,0.0,0.0,0.0,0.0,0.0,0.0,0.0,0.0,0.0,0.0,0.0,0.0,0.0,0.0,0.0,0.0,0.0,0.0,0.0,0.0,0.0,0.0,0.0,0.0,0.0,0.0,0.0,0.0,0.0,0.0,0.0,0.0,0.0,0.0,0.0,0.0,0.0,0.0,0.0,0.0,0.0,0.0,0.0,0.0,0.0,0.0,0.0,0.0,0.0,0.0,0.0,0.0,0.0,0.0,0.0,0.0,0.0,0.0,0.0,0.0,0.0,0.0,0.0,0.0,0.0,0.0,0.0,0.0,0.0,0.0,0.0,0.0,0.0,0.0,0.0,0.0,0.0,0.0,0.0,0.0,0.0,0.0,0.0,0.0,0.0,0.0,0.0,0.0,0.0,0.0,0.0,0.0,0.0,0.0,0.0,0.0,0.0,0.0,0.0,0.0,0.0,0.0,0.0,0.0,0.0,0.0,0.0,0.0,0.0,0.0,0.0,0.0,0.0,0.0,0.0,0.0,0.0,0.0,0.0,0.024330079555511475,0.02835392951965332,0.030408263206481934,0.031233787536621094,0.032375872135162354,0.033493638038635254,0.03580677509307861,0.038019657135009766,0.03893613815307617,0.03910934925079346,0.039278626441955566,0.03903919458389282,0.03931349515914917,0.03906780481338501,0.03964108228683472,0.040902554988861084,0.041367530822753906,0.04061073064804077,0.039730072021484375,0.03888636827468872,0.03859132528305054,0.038336753845214844,0.03759640455245972,0.035858988761901855,0.03406292200088501,0.0330430269241333,0.03264737129211426,0.032707035541534424,0.03240567445755005,0.03148549795150757,0.03287005424499512,0.03370106220245361,0.0330696702003479,0.031385719776153564,0.026229679584503174,0.017334282398223877,0.0048062801361083984,-0.007514894008636475,-0.015714049339294434,-0.02145254611968994,-0.025338053703308105,-0.02893155813217163,-0.03193247318267822,-0.035321712493896484,-0.03741943836212158,-0.038193464279174805,-0.038394927978515625,-0.03914165496826172,-0.03984355926513672,-0.040628254413604736,-0.04116910696029663,-0.04213684797286987,-0.0436551570892334,-0.04458200931549072,-0.04377281665802002,-0.04254007339477539,-0.04113095998764038,-0.039779484272003174,-0.03938406705856323,-0.03788113594055176,-0.035552144050598145,-0.033485472202301025,-0.03318697214126587,-0.03419935703277588,-0.03506612777709961,-0.03522086143493652,-0.035061776638031006,-0.03649866580963135,-0.037239253520965576,-0.036684274673461914,-0.035946667194366455,-0.033693909645080566,-0.029926419258117676,-0.02298450469970703,-0.015517830848693848
3,0.0,0.0,0.0,0.0,0.0,0.0,0.0,0.0,0.0,0.0,0.0,0.0,0.0,0.0,0.0,0.0,0.0,0.0,0.0,0.0,0.0,0.0,0.0,0.0,0.0,0.0,0.0,0.0,0.0,0.0,0.0,0.0,0.0,0.0,0.0,0.0,0.0,0.0,0.0,0.0,0.0,0.0,0.0,0.0,0.0,0.0,0.0,0.0,0.0,0.0,0.0,0.0,0.0,0.0,0.0,0.0,0.0,0.0,0.0,0.0,0.0,0.0,0.0,0.0,0.0,0.0,0.0,0.0,0.0,0.0,0.0,0.0,0.0,0.0,0.0,0.0,0.0,0.0,0.0,0.0,0.0,0.0,0.0,0.0,0.0,0.0,0.0,0.0,0.0,0.0,0.0,0.0,0.0,0.0,0.0,0.0,0.0,0.0,0.0,0.0,0.0,0.0,0.0,0.0,0.0,0.0,0.0,0.0,0.0,0.0,0.0,0.0,0.0,0.0,0.0,0.0,0.0,0.0,0.0,0.0,0.0,0.0,0.0,0.0,0.0,0.0,0.0,0.0,0.0,0.0,0.0,0.0,0.0,0.0,0.0,0.0,0.0,0.0,0.0,0.0,0.0,0.0,0.0,0.0,0.0,0.0,0.0,0.0,0.0,0.0,0.004845678806304932,0.006761789321899414,0.008994877338409424,0.010775268077850342,0.0123329758644104,0.014893829822540283,0.017750024795532227,0.020419955253601074,0.022492408752441406,0.024334311485290527,0.02677130699157715,0.029368162155151367,0.03185945749282837,0.033301472663879395,0.03444075584411621,0.03614234924316406,0.03784620761871338,0.03896033763885498,0.03922933340072632,0.03900015354156494,0.039306461811065674,0.0393485426902771,0.038914620876312256,0.036907970905303955,0.03514218330383301,0.033715128898620605,0.031739115715026855,0.029370129108428955,0.02611762285232544,0.023117005825042725,0.02042233943939209,0.01798224449157715,0.015055298805236816,0.011235296726226807,0.007983744144439697,0.005542635917663574,0.0035834312438964844,0.0008498430252075195,-0.0024607181549072266,-0.005429565906524658,-0.007295846939086914,-0.009465157985687256,-0.011820495128631592,-0.014981627464294434,-0.017640650272369385,-0.019382119178771973,-0.021336019039154053,-0.02368175983428955,-0.02691859006881714,-0.0288773775100708,-0.030554890632629395,-0.0323452353477478,-0.03432339429855347,-0.03642773628234863,-0.03748804330825806,-0.037900447845458984,-0.038174331188201904,-0.03873026371002197,-0.03897148370742798,-0.03798103332519531,-0.03645825386047363,-0.03466981649398804,-0.03305405378341675,-0.031258463859558105,-0.028732478618621826,-0.025667428970336914,-0.02225947380065918,-0.019848167896270752,-0.017593562602996826,-0.014494240283966064,-0.011658668518066406,-0.00868535041809082,-0.007080495357513428,-0.005638420581817627,-0.0036927461624145508
4,0.0,0.0,0.0,0.0,0.0,0.0,0.0,0.0,0.0,0.0,0.0,0.0,0.0,0.0,0.0,0.0,0.0,0.0,0.0,0.0,0.0,0.0,0.0,0.0,0.0,0.0,0.0,0.0,0.0,0.0,0.0,0.0,0.0,0.0,0.0,0.0,0.0,0.0,0.0,0.0,0.0,0.0,0.0,0.0,0.0,0.0,0.0,0.0,0.0,0.0,0.0,0.0,0.0,0.0,0.0,0.0,0.0,0.0,0.0,0.0,0.0,0.0,0.0,0.0,0.0,0.0,0.0,0.0,0.0,0.0,0.0,0.0,0.0,0.0,0.0,0.0032066702842712402,0.0035443902015686035,0.004176080226898193,0.0042594075202941895,0.005045890808105469,0.006308257579803467,0.006756424903869629,0.007380068302154541,0.007981598377227783,0.009164869785308838,0.010511219501495361,0.011429190635681152,0.012659907341003418,0.013526380062103271,0.015165448188781738,0.016797244548797607,0.018128037452697754,0.019738972187042236,0.020555198192596436,0.022353768348693848,0.024386048316955566,0.025854885578155518,0.027390897274017334,0.02865833044052124,0.030603408813476562,0.0325128436088562,0.033594608306884766,0.034433960914611816,0.03519737720489502,0.036453425884246826,0.03719675540924072,0.03747832775115967,0.03758716583251953,0.03761965036392212,0.038094401359558105,0.03806722164154053,0.03772062063217163,0.037332355976104736,0.03655803203582764,0.0362931489944458,0.035798728466033936,0.03484058380126953,0.033528923988342285,0.03272932767868042,0.03236377239227295,0.0314142107963562,0.030389487743377686,0.029325485229492188,0.028327226638793945,0.027839958667755127,0.02661609649658203,0.025544404983520508,0.02418452501296997,0.023003041744232178,0.022441744804382324,0.02131819725036621,0.0203855037689209,0.019095540046691895,0.018485963344573975,0.018436014652252197,0.01779329776763916,0.016751646995544434,0.015158772468566895,0.014851391315460205,0.014777004718780518,0.013823330402374268,0.013026416301727295,0.0119553804397583,0.011812388896942139,0.011487066745758057,0.010453581809997559,0.009801149368286133,0.008880257606506348,0.008118391036987305,0.007665872573852539,0.0,0.0,0.0,0.0,0.0,0.0,0.0,0.0,0.0,0.0,0.0,0.0,0.0,0.0,0.0,0.0,0.0,0.0,0.0,0.0,0.0,0.0,0.0,0.0,0.0,0.0,0.0,0.0,0.0,0.0,0.0,0.0,0.0,0.0,0.0,0.0,0.0,0.0,0.0,0.0,0.0,0.0,0.0,0.0,0.0,0.0,0.0,0.0,0.0,0.0,0.0,0.0,0.0,0.0,0.0,0.0,0.0,0.0,0.0,0.0,0.0,0.0,0.0,0.0,0.0,0.0,0.0,0.0,0.0,0.0,0.0,0.0,0.0,0.0,0.0
5,-0.0024608373641967773,-0.0032147765159606934,-0.004009366035461426,-0.0052269697189331055,-0.00595855712890625,-0.0067054033279418945,-0.007965385913848877,-0.009169161319732666,-0.010759830474853516,-0.011926710605621338,-0.01315850019454956,-0.014694631099700928,-0.01616758108139038,-0.01788949966430664,-0.01900005340576172,-0.02029740810394287,-0.021699368953704834,-0.023102760314941406,-0.02472686767578125,-0.026043593883514404,-0.02748870849609375,-0.028950273990631104,-0.030497252941131592,-0.03217875957489014,-0.033299267292022705,-0.034586310386657715,-0.03566122055053711,-0.03676337003707886,-0.03774064779281616,-0.03803575038909912,-0.0385819673538208,-0.03898090124130249,-0.03920280933380127,-0.039307236671447754,-0.038837969303131104,-0.03854405879974365,-0.03811532258987427,-0.03767037391662598,-0.036711931228637695,-0.03542888164520264,-0.03461068868637085,-0.03331327438354492,-0.03215467929840088,-0.03068488836288452,-0.028866887092590332,-0.02756798267364502,-0.025856733322143555,-0.024450838565826416,-0.022561848163604736,-0.020438671112060547,-0.018883943557739258,-0.017097532749176025,-0.015733659267425537,-0.013907670974731445,-0.01202160120010376,-0.01083827018737793,-0.009593069553375244,-0.008600950241088867,-0.007105231285095215,-0.005769133567810059,-0.005199432373046875,-0.004471778869628906,-0.003966391086578369,-0.003041684627532959,-0.002331078052520752,-0.0021027326583862305,-0.001707613468170166,-0.0015207529067993164,-0.000881195068359375,-0.0005806088447570801,-0.0004654526710510254,-0.0001512765884399414,0.000110626220703125,0.0006538629531860352,0.0009906291961669922,0.0,0.0,0.0,0.0,0.0,0.0,0.0,0.0,0.0,0.0,0.0,0.0,0.0,0.0,0.0,0.0,0.0,0.0,0.0,0.0,0.0,0.0,0.0,0.0,0.0,0.0,0.0,0.0,0.0,0.0,0.0,0.0,0.0,0.0,0.0,0.0,0.0,0.0,0.0,0.0,0.0,0.0,0.0,0.0,0.0,0.0,0.0,0.0,0.0,0.0,0.0,0.0,0.0,0.0,0.0,0.0,0.0,0.0,0.0,0.0,0.0,0.0,0.0,0.0,0.0,0.0,0.0,0.0,0.0,0.0,0.0,0.0,0.0,0.0,0.0,0.0,0.0,0.0,0.0,0.0,0.0,0.0,0.0,0.0,0.0,0.0,0.0,0.0,0.0,0.0,0.0,0.0,0.0,0.0,0.0,0.0,0.0,0.0,0.0,0.0,0.0,0.0,0.0,0.0,0.0,0.0,0.0,0.0,0.0,0.0,0.0,0.0,0.0,0.0,0.0,0.0,0.0,0.0,0.0,0.0,0.0,0.0,0.0,0.0,0.0,0.0,0.0,0.0,0.0,0.0,0.0,0.0,0.0,0.0,0.0,0.0,0.0,0.0,0.0,0.0,0.0,0.0,0.0,0.0,0.0,0.0,0.0,0.0,0.0,0.0
6,0.003386378288269043,0.004814743995666504,0.006036281585693359,0.007134914398193359,0.008584082126617432,0.010072112083435059,0.011954426765441895,0.013704180717468262,0.015472471714019775,0.01734858751296997,0.01879185438156128,0.020716071128845215,0.0226975679397583,0.024469077587127686,0.026350438594818115,0.027492821216583252,0.029231250286102295,0.03072667121887207,0.03261834383010864,0.0340268611907959,0.0349574089050293,0.036249637603759766,0.037398576736450195,0.03886604309082031,0.039853453636169434,0.040380656719207764,0.04122859239578247,0.04172241687774658,0.04268217086791992,0.04314553737640381,0.04317682981491089,0.043327391147613525,0.043180227279663086,0.04364079236984253,0.04350090026855469,0.04312407970428467,0.042820513248443604,0.04235374927520752,0.042130112648010254,0.04139411449432373,0.04060924053192139,0.039884090423583984,0.03903210163116455,0.03810983896255493,0.03687906265258789,0.03530162572860718,0.03413963317871094,0.03280484676361084,0.031677305698394775,0.029879331588745117,0.028020381927490234,0.0263674259185791,0.02471470832824707,0.023215293884277344,0.020882248878479004,0.01896822452545166,0.01702326536178589,0.01532888412475586,0.013809382915496826,0.011749804019927979,0.010178983211517334,0.008646130561828613,0.0071495771408081055,0.005929827690124512,0.004504203796386719,0.003785073757171631,0.0028832554817199707,0.0019429922103881836,0.0011684894561767578,0.00031876564025878906,0.0001710653305053711,-0.00016313791275024414,-0.0004533529281616211,-0.0006984472274780273,-0.0010445713996887207,0.0,0.0,0.0,0.0,0.0,0.0,0.0,0.0,0.0,0.0,0.0,0.0,0.0,0.0,0.0,0.0,0.0,0.0,0.0,0.0,0.0,0.0,0.0,0.0,0.0,0.0,0.0,0.0,0.0,0.0,0.0,0.0,0.0,0.0,0.0,0.0,0.0,0.0,0.0,0.0,0.0,0.0,0.0,0.0,0.0,0.0,0.0,0.0,0.0,0.0,0.0,0.0,0.0,0.0,0.0,0.0,0.0,0.0,0.0,0.0,0.0,0.0,0.0,0.0,0.0,0.0,0.0,0.0,0.0,0.0,0.0,0.0,0.0,0.0,0.0,0.0,0.0,0.0,0.0,0.0,0.0,0.0,0.0,0.0,0.0,0.0,0.0,0.0,0.0,0.0,0.0,0.0,0.0,0.0,0.0,0.0,0.0,0.0,0.0,0.0,0.0,0.0,0.0,0.0,0.0,0.0,0.0,0.0,0.0,0.0,0.0,0.0,0.0,0.0,0.0,0.0,0.0,0.0,0.0,0.0,0.0,0.0,0.0,0.0,0.0,0.0,0.0,0.0,0.0,0.0,0.0,0.0,0.0,0.0,0.0,0.0,0.0,0.0,0.0,0.0,0.0,0.0,0.0,0.0,0.0,0.0,0.0,0.0,0.0,0.0
7,0.0,0.0,0.0,0.0,0.0,0.0,0.0,0.0,0.0,0.0,0.0,0.0,0.0,0.0,0.0,0.0,0.0,0.0,0.0,0.0,0.0,0.0,0.0,0.0,0.0,0.0,0.0,0.0,0.0,0.0,0.0,0.0,0.0,0.0,0.0,0.0,0.0,0.0,0.0,0.0,0.0,0.0,0.0,0.0,0.0,0.0,0.0,0.0,0.0,0.0,0.0,0.0,0.0,0.0,0.0,0.0,0.0,0.0,0.0,0.0,0.0,0.0,0.0,0.0,0.0,0.0,0.0,0.0,0.0,0.0,0.0,0.0,0.0,0.0,0.0,-0.02129584550857544,-0.024242818355560303,-0.028079330921173096,-0.030903935432434082,-0.03298383951187134,-0.034393906593322754,-0.034993529319763184,-0.03546661138534546,-0.03519219160079956,-0.034399569034576416,-0.033023059368133545,-0.03183108568191528,-0.031139373779296875,-0.029948532581329346,-0.028458237648010254,-0.026553034782409668,-0.024949073791503906,-0.023877322673797607,-0.022869229316711426,-0.021907925605773926,-0.020666182041168213,-0.019925713539123535,-0.01929771900177002,-0.018046081066131592,-0.016883254051208496,-0.015439331531524658,-0.014515459537506104,-0.013276278972625732,-0.011915922164916992,-0.010576903820037842,-0.00913703441619873,-0.00819021463394165,-0.00706028938293457,-0.005995690822601318,-0.004763901233673096,-0.0033881068229675293,-0.002442300319671631,-0.001661539077758789,-0.00039207935333251953,0.0008692145347595215,0.002261221408843994,0.0033185482025146484,0.004614591598510742,0.006003260612487793,0.0075095295906066895,0.00913912057876587,0.010162532329559326,0.011522352695465088,0.012675940990447998,0.014021039009094238,0.015055298805236816,0.015887439250946045,0.016797363758087158,0.01786017417907715,0.019216716289520264,0.020342648029327393,0.02125638723373413,0.022482335567474365,0.024171054363250732,0.025769710540771484,0.027366220951080322,0.028879940509796143,0.030439794063568115,0.03221333026885986,0.03375321626663208,0.03503835201263428,0.035299062728881836,0.03570270538330078,0.035610318183898926,0.03507918119430542,0.03404277563095093,0.031664371490478516,0.029001832008361816,0.02617967128753662,0.023308515548706055,0.0,0.0,0.0,0.0,0.0,0.0,0.0,0.0,0.0,0.0,0.0,0.0,0.0,0.0,0.0,0.0,0.0,0.0,0.0,0.0,0.0,0.0,0.0,0.0,0.0,0.0,0.0,0.0,0.0,0.0,0.0,0.0,0.0,0.0,0.0,0.0,0.0,0.0,0.0,0.0,0.0,0.0,0.0,0.0,0.0,0.0,0.0,0.0,0.0,0.0,0.0,0.0,0.0,0.0,0.0,0.0,0.0,0.0,0.0,0.0,0.0,0.0,0.0,0.0,0.0,0.0,0.0,0.0,0.0,0.0,0.0,0.0,0.0,0.0,0.0
8,0.0,0.0,0.0,0.0,0.0,0.0,0.0,0.0,0.0,0.0,0.0,0.0,0.0,0.0,0.0,0.0,0.0,0.0,0.0,0.0,0.0,0.0,0.0,0.0,0.0,0.0,0.0,0.0,0.0,0.0,0.0,0.0,0.0,0.0,0.0,0.0,0.0,0.0,0.0,0.0,0.0,0.0,0.0,0.0,0.0,0.0,0.0,0.0,0.0,0.0,0.0,0.0,0.0,0.0,0.0,0.0,0.0,0.0,0.0,0.0,0.0,0.0,0.0,0.0,0.0,0.0,0.0,0.0,0.0,0.0,0.0,0.0,0.0,0.0,0.0,0.0,0.0,0.0,0.0,0.0,0.0,0.0,0.0,0.0,0.0,0.0,0.0,0.0,0.0,0.0,0.0,0.0,0.0,0.0,0.0,0.0,0.0,0.0,0.0,0.0,0.0,0.0,0.0,0.0,0.0,0.0,0.0,0.0,0.0,0.0,0.0,0.0,0.0,0.0,0.0,0.0,0.0,0.0,0.0,0.0,0.0,0.0,0.0,0.0,0.0,0.0,0.0,0.0,0.0,0.0,0.0,0.0,0.0,0.0,0.0,0.0,0.0,0.0,0.0,0.0,0.0,0.0,0.0,0.0,0.0,0.0,0.0,0.0,0.0,0.0,-0.017131924629211426,-0.021980643272399902,-0.02540874481201172,-0.02685403823852539,-0.026888728141784668,-0.026022493839263916,-0.024473249912261963,-0.022918343544006348,-0.022087037563323975,-0.020499587059020996,-0.01854473352432251,-0.015464067459106445,-0.012295544147491455,-0.010109543800354004,-0.008999764919281006,-0.00779271125793457,-0.005502462387084961,-0.0033342838287353516,-0.0017303228378295898,-0.0005697011947631836,0.0007769465446472168,0.0032250285148620605,0.005606293678283691,0.007602512836456299,0.00889497995376587,0.010313630104064941,0.012659549713134766,0.014880657196044922,0.01731806993484497,0.01924186944961548,0.0212557315826416,0.024319827556610107,0.026990234851837158,0.028070032596588135,0.026413381099700928,0.02180159091949463,0.014471888542175293,0.003171086311340332,-0.009198367595672607,-0.01939213275909424,-0.02572023868560791,-0.02819877862930298,-0.028594136238098145,-0.0270082950592041,-0.025772690773010254,-0.024450600147247314,-0.022844672203063965,-0.021143198013305664,-0.019063234329223633,-0.016550183296203613,-0.013360202312469482,-0.010194718837738037,-0.007834792137145996,-0.0056038498878479,-0.003664731979370117,-0.0013090968132019043,0.001194596290588379,0.0033902525901794434,0.005261421203613281,0.007225930690765381,0.009402453899383545,0.011821746826171875,0.014064550399780273,0.01586395502090454,0.017399251461029053,0.01980966329574585,0.02218616008758545,0.024233341217041016,0.026542186737060547,0.029425978660583496,0.03229612112045288,0.033579111099243164,0.032523512840270996,0.029099583625793457,0.02201676368713379
9,0.0,0.0,0.0,0.0,0.0,0.0,0.0,0.0,0.0,0.0,0.0,0.0,0.0,0.0,0.0,0.0,0.0,0.0,0.0,0.0,0.0,0.0,0.0,0.0,0.0,0.0,0.0,0.0,0.0,0.0,0.0,0.0,0.0,0.0,0.0,0.0,0.0,0.0,0.0,0.0,0.0,0.0,0.0,0.0,0.0,0.0,0.0,0.0,0.0,0.0,0.0,0.0,0.0,0.0,0.0,0.0,0.0,0.0,0.0,0.0,0.0,0.0,0.0,0.0,0.0,0.0,0.0,0.0,0.0,0.0,0.0,0.0,0.0,0.0,0.0,-0.02258676290512085,-0.029730916023254395,-0.036383986473083496,-0.03721565008163452,-0.037358224391937256,-0.03617525100708008,-0.03493475914001465,-0.03330343961715698,-0.03276270627975464,-0.03277480602264404,-0.03298032283782959,-0.032393574714660645,-0.031296610832214355,-0.030149340629577637,-0.02912348508834839,-0.028092920780181885,-0.026748180389404297,-0.02563232183456421,-0.025014162063598633,-0.023961901664733887,-0.02273637056350708,-0.021106302738189697,-0.019779503345489502,-0.01859825849533081,-0.017662346363067627,-0.01654428243637085,-0.015387177467346191,-0.014347314834594727,-0.013308405876159668,-0.012196719646453857,-0.010892271995544434,-0.00965648889541626,-0.008592307567596436,-0.007308661937713623,-0.005902469158172607,-0.00451052188873291,-0.0034528374671936035,-0.002578139305114746,-0.0014421939849853516,-0.0004481673240661621,0.0007503628730773926,0.002132713794708252,0.003612697124481201,0.005240976810455322,0.006707429885864258,0.008292078971862793,0.009488880634307861,0.010204970836639404,0.01113969087600708,0.011996805667877197,0.013209223747253418,0.014776170253753662,0.016277730464935303,0.01792728900909424,0.019530177116394043,0.02116680145263672,0.02255481481552124,0.023897945880889893,0.02515333890914917,0.02605217695236206,0.027114510536193848,0.028505027294158936,0.030256688594818115,0.031446993350982666,0.032254815101623535,0.0332375168800354,0.0336722731590271,0.03390687704086304,0.03537583351135254,0.037037670612335205,0.03787517547607422,0.037796735763549805,0.03708773851394653,0.03207665681838989,0.02605992555618286,-0.02196800708770752,-0.030108749866485596,-0.035157084465026855,-0.03614306449890137,-0.036337316036224365,-0.03507810831069946,-0.03429323434829712,-0.0327337384223938,-0.032265424728393555,-0.03217744827270508,-0.03215271234512329,-0.03160303831100464,-0.03061002492904663,-0.029736459255218506,-0.028346359729766846,-0.027222812175750732,-0.026088714599609375,-0.025167107582092285,-0.02453666925430298,-0.02317887544631958,-0.022023439407348633,-0.02060598134994507,-0.019527971744537354,-0.01837623119354248,-0.016840577125549316,-0.015934228897094727,-0.014868438243865967,-0.013979792594909668,-0.013052761554718018,-0.01155996322631836,-0.010517776012420654,-0.009412169456481934,-0.008068203926086426,-0.006787896156311035,-0.005338430404663086,-0.004177391529083252,-0.002924680709838867,-0.0019245743751525879,-0.000941932201385498,-5.602836608886719e-06,0.0011446475982666016,0.0026454925537109375,0.004083812236785889,0.005707681179046631,0.0074654221534729,0.008758246898651123,0.009844958782196045,0.010663270950317383,0.01171886920928955,0.01269441843032837,0.013651013374328613,0.015325307846069336,0.016920864582061768,0.01861661672592163,0.02015829086303711,0.02174973487854004,0.022931277751922607,0.02437758445739746,0.0256463885307312,0.026691794395446777,0.027649760246276855,0.029499590396881104,0.030853986740112305,0.03204643726348877,0.03268188238143921,0.033691227436065674,0.033863067626953125,0.034432411193847656,0.035734474658966064,0.03763306140899658,0.03861701488494873,0.039123594760894775,0.037416815757751465,0.032370805740356445,0.025963008403778076
10,0.0,0.0,0.0,0.0,0.0,0.0,0.0,0.0,0.0,0.0,0.0,0.0,0.0,0.0,0.0,0.0,0.0,0.0,0.0,0.0,0.0,0.0,0.0,0.0,0.0,0.0,0.0,0.0,0.0,0.0,0.0,0.0,0.0,0.0,0.0,0.0,0.0,0.0,0.0,0.0,0.0,0.0,0.0,0.0,0.0,0.0,0.0,0.0,0.0,0.0,0.0,0.0,0.0,0.0,0.0,0.0,0.0,0.0,0.0,0.0,0.0,0.0,0.0,0.0,0.0,0.0,0.0,0.0,0.0,0.0,0.0,0.0,0.0,0.0,0.0,-0.02420353889465332,-0.026976287364959717,-0.029297471046447754,-0.03077930212020874,-0.03127104043960571,-0.03189891576766968,-0.031606435775756836,-0.03102189302444458,-0.03015226125717163,-0.029435276985168457,-0.028375744819641113,-0.026966631412506104,-0.025833487510681152,-0.025292158126831055,-0.024581491947174072,-0.02400994300842285,-0.02276742458343506,-0.02169889211654663,-0.020779192447662354,-0.019561469554901123,-0.018619775772094727,-0.017124533653259277,-0.016112685203552246,-0.015005171298980713,-0.013983368873596191,-0.012974679470062256,-0.01144266128540039,-0.010357677936553955,-0.009683787822723389,-0.008905947208404541,-0.007983803749084473,-0.006920456886291504,-0.006094753742218018,-0.005263805389404297,-0.0045462846755981445,-0.004056274890899658,-0.002784430980682373,-0.0016199946403503418,-0.0007824897766113281,-4.8279762268066406e-05,0.0011535882949829102,0.0030524730682373047,0.0040901899337768555,0.005114853382110596,0.006197929382324219,0.0076601505279541016,0.009167253971099854,0.01013094186782837,0.01110529899597168,0.012225031852722168,0.013749539852142334,0.015532433986663818,0.016433238983154297,0.01773226261138916,0.018861830234527588,0.02038586139678955,0.022016406059265137,0.023168206214904785,0.02427881956100464,0.02472752332687378,0.025596678256988525,0.026900172233581543,0.028238117694854736,0.029030025005340576,0.02944636344909668,0.0303800106048584,0.031161189079284668,0.03117990493774414,0.03040868043899536,0.02987980842590332,0.02891373634338379,0.02742946147918701,0.025134742259979248,0.021639585494995117,0.018348336219787598,0.008343160152435303,0.009962499141693115,0.011896014213562012,0.014117717742919922,0.016860365867614746,0.019999146461486816,0.02261584997177124,0.02535301446914673,0.027913451194763184,0.03087031841278076,0.03375488519668579,0.035624027252197266,0.03725713491439819,0.038363516330718994,0.0398329496383667,0.041098058223724365,0.0413779616355896,0.04139333963394165,0.041213929653167725,0.041235506534576416,0.04098623991012573,0.0395810604095459,0.03836923837661743,0.036647021770477295,0.03525698184967041,0.0334891676902771,0.031064927577972412,0.028630852699279785,0.025745153427124023,0.023432791233062744,0.020609021186828613,0.017185628414154053,0.013849437236785889,0.010293066501617432,0.007137954235076904,0.003882169723510742,0.0005353093147277832,-0.003067910671234131,-0.0067691802978515625,-0.009434878826141357,-0.012492597103118896,-0.01589977741241455,-0.019172966480255127,-0.02209419012069702,-0.024099886417388916,-0.026738286018371582,-0.029398679733276367,-0.0317457914352417,-0.0336269736289978,-0.03477126359939575,-0.03636026382446289,-0.03783231973648071,-0.039198875427246094,-0.03977954387664795,-0.03979605436325073,-0.040211617946624756,-0.040046751499176025,-0.03989440202713013,-0.03891348838806152,-0.03730267286300659,-0.03626060485839844,-0.03447675704956055,-0.03272891044616699,-0.030721664428710938,-0.028246581554412842,-0.02618587017059326,-0.02383643388748169,-0.021908164024353027,-0.019392549991607666,-0.016063392162322998,-0.013347208499908447,-0.011016547679901123,-0.009041011333465576,-0.006517350673675537,-0.004249274730682373
11,0.0,0.0,0.0,0.0,0.0,0.0,0.0,0.0,0.0,0.0,0.0,0.0,0.0,0.0,0.0,0.0,0.0,0.0,0.0,0.0,0.0,0.0,0.0,0.0,0.0,0.0,0.0,0.0,0.0,0.0,0.0,0.0,0.0,0.0,0.0,0.0,0.0,0.0,0.0,0.0,0.0,0.0,0.0,0.0,0.0,0.0,0.0,0.0,0.0,0.0,0.0,0.0,0.0,0.0,0.0,0.0,0.0,0.0,0.0,0.0,0.0,0.0,0.0,0.0,0.0,0.0,0.0,0.0,0.0,0.0,0.0,0.0,0.0,0.0,0.0,0.0,0.0,0.0,0.0,0.0,0.0,0.0,0.0,0.0,0.0,0.0,0.0,0.0,0.0,0.0,0.0,0.0,0.0,0.0,0.0,0.0,0.0,0.0,0.0,0.0,0.0,0.0,0.0,0.0,0.0,0.0,0.0,0.0,0.0,0.0,0.0,0.0,0.0,0.0,0.0,0.0,0.0,0.0,0.0,0.0,0.0,0.0,0.0,0.0,0.0,0.0,0.0,0.0,0.0,0.0,0.0,0.0,0.0,0.0,0.0,0.0,0.0,0.0,0.0,0.0,0.0,0.0,0.0,0.0,0.0,0.0,0.0,0.0,0.0,0.0,0.0,0.0,0.0,0.0,0.0,0.0,0.0,0.0,0.0,0.0,0.0,0.0,0.0,0.0,0.0,0.0,0.0,0.0,0.0,0.0,0.0,0.0,0.0,0.0,0.0,0.0,0.0,0.0,0.0,0.0,0.0,0.0,0.0,0.0,0.0,0.0,0.0,0.0,0.0,0.0,0.0,0.0,0.0,0.0,0.0,0.0,0.0,0.0,0.0,0.0,0.0,0.0,0.0,0.0,0.0,0.0,0.0,0.0,0.0,0.0,0.0,0.0,0.0,0.0,0.0,0.0,0.0,0.0,0.0,0.0,0.0,0.0,0.0,0.0,0.0
12,-0.01617354154586792,-0.02113926410675049,-0.027882039546966553,-0.029433071613311768,-0.028043746948242188,-0.027220964431762695,-0.026605427265167236,-0.027478933334350586,-0.027880072593688965,-0.027988314628601074,-0.02823185920715332,-0.028441786766052246,-0.02843344211578369,-0.02829378843307495,-0.028030097484588623,-0.027720212936401367,-0.02736067771911621,-0.02723318338394165,-0.027363359928131104,-0.027413666248321533,-0.027195453643798828,-0.026797771453857422,-0.02669447660446167,-0.02689385414123535,-0.027321159839630127,-0.027184128761291504,-0.026487112045288086,-0.026365995407104492,-0.02644890546798706,-0.027192354202270508,-0.027486085891723633,-0.02740919589996338,-0.027269959449768066,-0.027119755744934082,-0.02709275484085083,-0.02716052532196045,-0.027009189128875732,-0.02710580825805664,-0.027171730995178223,-0.027138233184814453,-0.027074038982391357,-0.027152538299560547,-0.027467429637908936,-0.02729123830795288,-0.02724909782409668,-0.027249693870544434,-0.02719336748123169,-0.027285873889923096,-0.02736872434616089,-0.027815163135528564,-0.027752399444580078,-0.027378201484680176,-0.027034997940063477,-0.026867926120758057,-0.027376651763916016,-0.027628540992736816,-0.027746975421905518,-0.027617990970611572,-0.02739250659942627,-0.027477145195007324,-0.027529776096343994,-0.02749842405319214,-0.0274541974067688,-0.027288317680358887,-0.027158915996551514,-0.027069151401519775,-0.027102231979370117,-0.026728034019470215,-0.02611762285232544,-0.025304675102233887,-0.025790631771087646,-0.02656841278076172,-0.02703636884689331,-0.024899005889892578,-0.020870685577392578,-0.016402840614318848,-0.022377073764801025,-0.029108107089996338,-0.02912116050720215,-0.028371691703796387,-0.027248501777648926,-0.02698802947998047,-0.02782285213470459,-0.02783811092376709,-0.02820068597793579,-0.02834838628768921,-0.028496384620666504,-0.028387248516082764,-0.028380155563354492,-0.02846771478652954,-0.02795165777206421,-0.027557969093322754,-0.027338683605194092,-0.02758467197418213,-0.027804076671600342,-0.02733635902404785,-0.02680981159210205,-0.02661973237991333,-0.026830732822418213,-0.027433812618255615,-0.02700275182723999,-0.026599466800689697,-0.02644658088684082,-0.026822924613952637,-0.027383029460906982,-0.027377843856811523,-0.0273171067237854,-0.027035176753997803,-0.027142822742462158,-0.027160227298736572,-0.027165651321411133,-0.027063608169555664,-0.027040541172027588,-0.027080535888671875,-0.0270768404006958,-0.027031540870666504,-0.027306675910949707,-0.027324795722961426,-0.027279913425445557,-0.027185261249542236,-0.027231454849243164,-0.027245402336120605,-0.02712005376815796,-0.0273892879486084,-0.027726173400878906,-0.02768760919570923,-0.027428388595581055,-0.02707594633102417,-0.027037084102630615,-0.02731490135192871,-0.0277177095413208,-0.027753353118896484,-0.027580082416534424,-0.027399957180023193,-0.027349472045898438,-0.02749931812286377,-0.02747797966003418,-0.027306854724884033,-0.02721858024597168,-0.027109086513519287,-0.027224600315093994,-0.027028381824493408,-0.026389479637145996,-0.02591150999069214,-0.025656163692474365,-0.026354551315307617,-0.026860356330871582,-0.027201831340789795,-0.023968994617462158,-0.019319236278533936,-0.01606661081314087,-0.023548245429992676,-0.028908133506774902,-0.02882552146911621,-0.028034329414367676,-0.02679121494293213,-0.027232348918914795,-0.0280226469039917,-0.027880430221557617,-0.02801424264907837,-0.02795565128326416,-0.02845001220703125,-0.02866286039352417,-0.028476297855377197,-0.028515100479125977,-0.027899563312530518,-0.027673065662384033,-0.027690529823303223,-0.027827322483062744,-0.02771151065826416,-0.027125835418701172,-0.02672553062438965,-0.026735424995422363,-0.026652812957763672,-0.027080833911895752,-0.026501178741455078,-0.02673625946044922,-0.026903510093688965,-0.027014732360839844,-0.027272582054138184,-0.02724766731262207,-0.02708977460861206,-0.02705979347229004,-0.02706301212310791,-0.02711540460586548,-0.026999831199645996,-0.027000367641448975,-0.02680039405822754,-0.02686101198196411,-0.026934564113616943,-0.026751995086669922,-0.027096331119537354,-0.027243614196777344,-0.027218222618103027,-0.027146995067596436,-0.027061939239501953,-0.02698063850402832,-0.026895344257354736,-0.027126073837280273,-0.027684152126312256,-0.02755570411682129,-0.027260541915893555,-0.026958882808685303,-0.026864230632781982,-0.027223944664001465,-0.027435302734375,-0.027637064456939697,-0.02739858627319336,-0.02722090482711792,-0.027091681957244873,-0.027071654796600342,-0.02718985080718994,-0.02714097499847412,-0.02710723876953125,-0.026977121829986572,-0.02682673931121826,-0.026488661766052246,-0.025998473167419434,-0.025780797004699707,-0.025960147380828857,-0.02638918161392212,-0.026789188385009766,-0.026042401790618896,-0.02298492193222046,-0.017703115940093994
13,0.0,0.0,0.0,0.0,0.0,0.0,0.0,0.0,0.0,0.0,0.0,0.0,0.0,0.0,0.0,0.0,0.0,0.0,0.0,0.0,0.0,0.0,0.0,0.0,0.0,0.0,0.0,0.0,0.0,0.0,0.0,0.0,0.0,0.0,0.0,0.0,0.0,0.0,0.0,0.0,0.0,0.0,0.0,0.0,0.0,0.0,0.0,0.0,0.0,0.0,0.0,0.0,0.0,0.0,0.0,0.0,0.0,0.0,0.0,0.0,0.0,0.0,0.0,0.0,0.0,0.0,0.0,0.0,0.0,0.0,0.0,0.0,0.0,0.0,0.0,0.0,0.0,0.0,0.0,0.0,0.0,0.0,0.0,0.0,0.0,0.0,0.0,0.0,0.0,0.0,0.0,0.0,0.0,0.0,0.0,0.0,0.0,0.0,0.0,0.0,0.0,0.0,0.0,0.0,0.0,0.0,0.0,0.0,0.0,0.0,0.0,0.0,0.0,0.0,0.0,0.0,0.0,0.0,0.0,0.0,0.0,0.0,0.0,0.0,0.0,0.0,0.0,0.0,0.0,0.0,0.0,0.0,0.0,0.0,0.0,0.0,0.0,0.0,0.0,0.0,0.0,0.0,0.0,0.0,0.0,0.0,0.0,0.0,0.0,0.0,0.0,0.0,0.0,0.0,0.0,0.0,0.0,0.0,0.0,0.0,0.0,0.0,0.0,0.0,0.0,0.0,0.0,0.0,0.0,0.0,0.0,0.0,0.0,0.0,0.0,0.0,0.0,0.0,0.0,0.0,0.0,0.0,0.0,0.0,0.0,0.0,0.0,0.0,0.0,0.0,0.0,0.0,0.0,0.0,0.0,0.0,0.0,0.0,0.0,0.0,0.0,0.0,0.0,0.0,0.0,0.0,0.0,0.0,0.0,0.0,0.0,0.0,0.0,0.0,0.0,0.0,0.0,0.0,0.0,0.0,0.0,0.0,0.0,0.0,0.0
14,0.0,0.0,0.0,0.0,0.0,0.0,0.0,0.0,0.0,0.0,0.0,0.0,0.0,0.0,0.0,0.0,0.0,0.0,0.0,0.0,0.0,0.0,0.0,0.0,0.0,0.0,0.0,0.0,0.0,0.0,0.0,0.0,0.0,0.0,0.0,0.0,0.0,0.0,0.0,0.0,0.0,0.0,0.0,0.0,0.0,0.0,0.0,0.0,0.0,0.0,0.0,0.0,0.0,0.0,0.0,0.0,0.0,0.0,0.0,0.0,0.0,0.0,0.0,0.0,0.0,0.0,0.0,0.0,0.0,0.0,0.0,0.0,0.0,0.0,0.0,-0.002592623233795166,-0.004112958908081055,-0.005483150482177734,-0.007041811943054199,-0.009022295475006104,-0.010947346687316895,-0.01298534870147705,-0.014767169952392578,-0.016621112823486328,-0.019093632698059082,-0.020945489406585693,-0.023050904273986816,-0.02458178997039795,-0.026272475719451904,-0.02803957462310791,-0.029309749603271484,-0.03058159351348877,-0.03106546401977539,-0.03149259090423584,-0.032021522521972656,-0.03208625316619873,-0.03209245204925537,-0.031364500522613525,-0.03058546781539917,-0.02986985445022583,-0.029137372970581055,-0.02809375524520874,-0.026400506496429443,-0.02535039186477661,-0.024327337741851807,-0.022886037826538086,-0.02190345525741577,-0.020732223987579346,-0.01996082067489624,-0.019439101219177246,-0.019033968448638916,-0.018909752368927002,-0.018533647060394287,-0.018820345401763916,-0.019294261932373047,-0.019949376583099365,-0.020931601524353027,-0.02156931161880493,-0.022571444511413574,-0.023761630058288574,-0.02523517608642578,-0.026653945446014404,-0.027692675590515137,-0.028895318508148193,-0.030074894428253174,-0.03146594762802124,-0.03241246938705444,-0.032935380935668945,-0.03364098072052002,-0.03410381078720093,-0.03446769714355469,-0.03450435400009155,-0.034261465072631836,-0.03427386283874512,-0.03363674879074097,-0.032741665840148926,-0.03164982795715332,-0.030466318130493164,-0.029462337493896484,-0.02782893180847168,-0.02651190757751465,-0.024844646453857422,-0.023288428783416748,-0.021937847137451172,-0.02024000883102417,-0.018920063972473145,-0.01726996898651123,-0.015855789184570312,-0.01469200849533081,-0.013188004493713379,0.0,0.0,0.0,0.0,0.0,0.0,0.0,0.0,0.0,0.0,0.0,0.0,0.0,0.0,0.0,0.0,0.0,0.0,0.0,0.0,0.0,0.0,0.0,0.0,0.0,0.0,0.0,0.0,0.0,0.0,0.0,0.0,0.0,0.0,0.0,0.0,0.0,0.0,0.0,0.0,0.0,0.0,0.0,0.0,0.0,0.0,0.0,0.0,0.0,0.0,0.0,0.0,0.0,0.0,0.0,0.0,0.0,0.0,0.0,0.0,0.0,0.0,0.0,0.0,0.0,0.0,0.0,0.0,0.0,0.0,0.0,0.0,0.0,0.0,0.0
15,-0.013412773609161377,-0.018622934818267822,-0.022572338581085205,-0.024161219596862793,-0.025286376476287842,-0.026978492736816406,-0.027771592140197754,-0.02722036838531494,-0.02586144208908081,-0.025836288928985596,-0.026576995849609375,-0.027319729328155518,-0.027640104293823242,-0.027549028396606445,-0.02677595615386963,-0.02673405408859253,-0.027279198169708252,-0.028762340545654297,-0.030272960662841797,-0.0300600528717041,-0.028684794902801514,-0.027917683124542236,-0.028461456298828125,-0.029877126216888428,-0.03031480312347412,-0.030538201332092285,-0.029712438583374023,-0.028201758861541748,-0.027698218822479248,-0.027830183506011963,-0.028735578060150146,-0.028911590576171875,-0.028707683086395264,-0.027301549911499023,-0.02455604076385498,-0.019856631755828857,-0.009437620639801025,0.0023533105850219727,0.014598488807678223,0.022660553455352783,0.02470266819000244,0.02657139301300049,0.029236316680908203,0.030618369579315186,0.02955859899520874,0.02785181999206543,0.027827858924865723,0.02851349115371704,0.02968275547027588,0.02986520528793335,0.029156208038330078,0.028132855892181396,0.02860105037689209,0.029580235481262207,0.03096252679824829,0.03236454725265503,0.03163027763366699,0.029404819011688232,0.028152287006378174,0.02827906608581543,0.02933061122894287,0.029506385326385498,0.02977198362350464,0.0292397141456604,0.028134047985076904,0.02781844139099121,0.027725696563720703,0.0278167724609375,0.02868896722793579,0.028788208961486816,0.027248620986938477,0.02580207586288452,0.02493995428085327,0.01964426040649414,0.013325095176696777,0.0,0.0,0.0,0.0,0.0,0.0,0.0,0.0,0.0,0.0,0.0,0.0,0.0,0.0,0.0,0.0,0.0,0.0,0.0,0.0,0.0,0.0,0.0,0.0,0.0,0.0,0.0,0.0,0.0,0.0,0.0,0.0,0.0,0.0,0.0,0.0,0.0,0.0,0.0,0.0,0.0,0.0,0.0,0.0,0.0,0.0,0.0,0.0,0.0,0.0,0.0,0.0,0.0,0.0,0.0,0.0,0.0,0.0,0.0,0.0,0.0,0.0,0.0,0.0,0.0,0.0,0.0,0.0,0.0,0.0,0.0,0.0,0.0,0.0,0.0,0.014157414436340332,0.019609570503234863,0.02334749698638916,0.0247952938079834,0.025893032550811768,0.02758568525314331,0.028629541397094727,0.027995765209197998,0.02660459280014038,0.026457250118255615,0.02743208408355713,0.028533875942230225,0.028590261936187744,0.028458058834075928,0.02773129940032959,0.027955949306488037,0.02861940860748291,0.029737412929534912,0.03106510639190674,0.03100717067718506,0.02978438138961792,0.029310226440429688,0.02950441837310791,0.0307462215423584,0.0313759446144104,0.03192901611328125,0.031035780906677246,0.02929377555847168,0.028684616088867188,0.02900034189224243,0.0301550030708313,0.030395865440368652,0.029934287071228027,0.028413712978363037,0.02576136589050293,0.02141624689102173,0.010977685451507568,-0.0011714696884155273,-0.013618290424346924,-0.021554291248321533,-0.023328423500061035,-0.025358080863952637,-0.028181850910186768,-0.029718637466430664,-0.02843296527862549,-0.026541709899902344,-0.026811420917510986,-0.02775329351425171,-0.02897799015045166,-0.0290258526802063,-0.028209984302520752,-0.02751082181930542,-0.028107047080993652,-0.029162228107452393,-0.03037393093109131,-0.0316697359085083,-0.03112804889678955,-0.029079437255859375,-0.02787560224533081,-0.027719855308532715,-0.02869206666946411,-0.02923727035522461,-0.029830455780029297,-0.02911853790283203,-0.027770519256591797,-0.02728337049484253,-0.027544379234313965,-0.027927637100219727,-0.028580427169799805,-0.02836620807647705,-0.026825904846191406,-0.025819599628448486,-0.025034308433532715,-0.019622445106506348,-0.013152778148651123
16,0.0,0.0,0.0,0.0,0.0,0.0,0.0,0.0,0.0,0.0,0.0,0.0,0.0,0.0,0.0,0.0,0.0,0.0,0.0,0.0,0.0,0.0,0.0,0.0,0.0,0.0,0.0,0.0,0.0,0.0,0.0,0.0,0.0,0.0,0.0,0.0,0.0,0.0,0.0,0.0,0.0,0.0,0.0,0.0,0.0,0.0,0.0,0.0,0.0,0.0,0.0,0.0,0.0,0.0,0.0,0.0,0.0,0.0,0.0,0.0,0.0,0.0,0.0,0.0,0.0,0.0,0.0,0.0,0.0,0.0,0.0,0.0,0.0,0.0,0.0,0.0023800134658813477,0.003130018711090088,0.004686474800109863,0.005716204643249512,0.005912840366363525,0.007113039493560791,0.008325695991516113,0.010236382484436035,0.011081337928771973,0.011992454528808594,0.013167917728424072,0.014744877815246582,0.017151236534118652,0.01825249195098877,0.019217073917388916,0.02124565839767456,0.022962749004364014,0.02508455514907837,0.02621150016784668,0.027193903923034668,0.029118597507476807,0.0303497314453125,0.03298068046569824,0.03356558084487915,0.03478294610977173,0.03620874881744385,0.037686944007873535,0.03985720872879028,0.04020988941192627,0.04083532094955444,0.04198199510574341,0.04309523105621338,0.04468446969985962,0.04445791244506836,0.04511791467666626,0.04565078020095825,0.04653322696685791,0.04780095815658569,0.0467991828918457,0.04690665006637573,0.04673182964324951,0.04717534780502319,0.047231316566467285,0.04613453149795532,0.045497238636016846,0.04461967945098877,0.04452323913574219,0.0437929630279541,0.04214584827423096,0.04081404209136963,0.03977346420288086,0.03925621509552002,0.03821098804473877,0.03581809997558594,0.03446626663208008,0.03279763460159302,0.03214538097381592,0.030056357383728027,0.02807140350341797,0.026887714862823486,0.025527775287628174,0.02449500560760498,0.022517800331115723,0.02055656909942627,0.019098103046417236,0.017711281776428223,0.01716899871826172,0.014959096908569336,0.013225853443145752,0.011935770511627197,0.01078784465789795,0.010313332080841064,0.008407533168792725,0.007003486156463623,0.006119430065155029,-0.0010091662406921387,-0.0008072853088378906,-0.00202023983001709,-0.002413809299468994,-0.0032819509506225586,-0.002810180187225342,-0.003089010715484619,-0.004405498504638672,-0.005522727966308594,-0.006403207778930664,-0.006065964698791504,-0.006685316562652588,-0.008304059505462646,-0.008967697620391846,-0.009937822818756104,-0.009630382061004639,-0.010654687881469727,-0.01206827163696289,-0.012903690338134766,-0.014246702194213867,-0.01363682746887207,-0.015216171741485596,-0.016373097896575928,-0.017328321933746338,-0.017971932888031006,-0.017476558685302734,-0.018677890300750732,-0.01998847723007202,-0.020492494106292725,-0.021262168884277344,-0.020651698112487793,-0.021887600421905518,-0.023141682147979736,-0.023584723472595215,-0.023625731468200684,-0.022862911224365234,-0.02387028932571411,-0.024700939655303955,-0.02485489845275879,-0.024604320526123047,-0.02370232343673706,-0.024395883083343506,-0.02453291416168213,-0.024761438369750977,-0.02390289306640625,-0.022817611694335938,-0.023399949073791504,-0.023206472396850586,-0.022976160049438477,-0.02171480655670166,-0.020560860633850098,-0.020867109298706055,-0.020257115364074707,-0.019572973251342773,-0.01804894208908081,-0.01676410436630249,-0.01735132932662964,-0.016559898853302002,-0.01575791835784912,-0.014228999614715576,-0.01264280080795288,-0.0128898024559021,-0.012490034103393555,-0.011799454689025879,-0.00971287488937378,-0.00907665491104126,-0.009412169456481934,-0.008678674697875977,-0.007934808731079102,-0.006097853183746338,-0.005879223346710205,-0.006115257740020752,-0.0051531195640563965,-0.0046152472496032715,-0.003072500228881836
17,0.026111483573913574,0.030772507190704346,0.0300101637840271,0.02850550413131714,0.02895069122314453,0.026956021785736084,0.02845066785812378,0.030131638050079346,0.026575565338134766,0.02547353506088257,0.029662907123565674,0.029855668544769287,0.030488312244415283,0.02915722131729126,0.027951836585998535,0.026237308979034424,0.026665151119232178,0.0273360013961792,0.025728166103363037,0.025294482707977295,0.026435494422912598,0.02770310640335083,0.02734440565109253,0.027946412563323975,0.0276222825050354,0.024213314056396484,0.02608388662338257,0.02417278289794922,0.026570677757263184,0.02865278720855713,0.02712482213973999,0.025549650192260742,0.025709450244903564,0.03027045726776123,0.02849721908569336,0.01992088556289673,0.0031871795654296875,-0.021404922008514404,-0.033777713775634766,-0.030470430850982666,-0.030647456645965576,-0.03042590618133545,-0.02786773443222046,-0.03120887279510498,-0.03103405237197876,-0.028523266315460205,-0.028721630573272705,-0.03176361322402954,-0.03219836950302124,-0.033172547817230225,-0.03093409538269043,-0.02865368127822876,-0.028476238250732422,-0.029193878173828125,-0.028500258922576904,-0.02597987651824951,-0.025149226188659668,-0.028012096881866455,-0.029300928115844727,-0.02880614995956421,-0.029341578483581543,-0.02829301357269287,-0.02520209550857544,-0.02657151222229004,-0.024958252906799316,-0.02696329355239868,-0.02957761287689209,-0.026892900466918945,-0.026045501232147217,-0.026533186435699463,-0.02904367446899414,-0.02773594856262207,-0.024515926837921143,-0.014754235744476318,-0.00393831729888916,0.014271378517150879,0.016023993492126465,0.014652848243713379,0.01424485445022583,0.013579070568084717,0.011185288429260254,0.013521313667297363,0.015602529048919678,0.012545228004455566,0.012468814849853516,0.015576422214508057,0.015436887741088867,0.015315651893615723,0.01462864875793457,0.01374053955078125,0.012591361999511719,0.012862980365753174,0.013186454772949219,0.012220680713653564,0.012231528759002686,0.013498365879058838,0.014036297798156738,0.013802707195281982,0.014115691184997559,0.013507723808288574,0.011432290077209473,0.01261991262435913,0.011941790580749512,0.013025104999542236,0.013559818267822266,0.012330949306488037,0.010951220989227295,0.010649263858795166,0.017631113529205322,0.018634259700775146,0.016098499298095703,0.001028299331665039,-0.017692208290100098,-0.018507063388824463,-0.016244888305664062,-0.016445159912109375,-0.0155295729637146,-0.013025879859924316,-0.015112042427062988,-0.014892518520355225,-0.013256847858428955,-0.014560222625732422,-0.01687610149383545,-0.017133772373199463,-0.01741194725036621,-0.015637338161468506,-0.01503223180770874,-0.014956414699554443,-0.014785408973693848,-0.013657212257385254,-0.011399924755096436,-0.012708306312561035,-0.015412211418151855,-0.015529155731201172,-0.014919936656951904,-0.014757692813873291,-0.014243721961975098,-0.011898338794708252,-0.0129891037940979,-0.012250244617462158,-0.013274550437927246,-0.014633238315582275,-0.012747645378112793,-0.012515783309936523,-0.013316929340362549,-0.015632569789886475,-0.016215860843658447,-0.015491962432861328,-0.006780743598937988,-0.0007631778717041016,0.03788226842880249,0.04422968626022339,0.04368925094604492,0.042573630809783936,0.04138559103012085,0.03949791193008423,0.046400249004364014,0.04546076059341431,0.03903466463088989,0.040403127670288086,0.0453450083732605,0.044001758098602295,0.04480689764022827,0.043384015560150146,0.04157668352127075,0.03884392976760864,0.04045546054840088,0.040837109088897705,0.03868311643600464,0.039483070373535156,0.04033458232879639,0.041119158267974854,0.04031014442443848,0.04158127307891846,0.04057049751281738,0.035854876041412354,0.040079355239868164,0.03625005483627319,0.039988577365875244,0.042403459548950195,0.040414631366729736,0.03886312246322632,0.041793107986450195,0.04924803972244263,0.04125416278839111,0.026380538940429688,-0.008006751537322998,-0.032780230045318604,-0.044286251068115234,-0.04541921615600586,-0.04573732614517212,-0.04369843006134033,-0.04163777828216553,-0.047290027141571045,-0.046743035316467285,-0.043368756771087646,-0.045280277729034424,-0.048298656940460205,-0.04749143123626709,-0.04780697822570801,-0.045197367668151855,-0.0432778000831604,-0.04225778579711914,-0.04277956485748291,-0.04153233766555786,-0.03874999284744263,-0.04117429256439209,-0.04276472330093384,-0.042908549308776855,-0.04215115308761597,-0.043240487575531006,-0.04210859537124634,-0.03798878192901611,-0.04022181034088135,-0.03804492950439453,-0.04087400436401367,-0.04469174146652222,-0.0407559871673584,-0.03954291343688965,-0.041790664196014404,-0.04447519779205322,-0.04216301441192627,-0.03328830003738403,-0.017529010772705078,-0.008565545082092285
18,-0.008458852767944336,-0.010328888893127441,-0.012237846851348877,-0.014203667640686035,-0.015789508819580078,-0.018293380737304688,-0.020425856113433838,-0.022247731685638428,-0.024198532104492188,-0.02562659978866577,-0.02789527177810669,-0.029628217220306396,-0.031114280223846436,-0.03241276741027832,-0.03327834606170654,-0.034721553325653076,-0.035386502742767334,-0.036141812801361084,-0.03605067729949951,-0.036026716232299805,-0.036278486251831055,-0.03554093837738037,-0.03476548194885254,-0.033604443073272705,-0.03221321105957031,-0.03108769655227661,-0.02910029888153076,-0.02716892957687378,-0.024556994438171387,-0.0221407413482666,-0.019872069358825684,-0.016788840293884277,-0.01362621784210205,-0.010342299938201904,-0.007381319999694824,-0.0046277642250061035,-0.001049339771270752,0.002112150192260742,0.005744993686676025,0.008761167526245117,0.011771619319915771,0.015082716941833496,0.017834722995758057,0.020982563495635986,0.023254990577697754,0.02535414695739746,0.027651488780975342,0.029470503330230713,0.031737685203552246,0.03267031908035278,0.033732831478118896,0.03471416234970093,0.03522443771362305,0.03593868017196655,0.0358046293258667,0.03543609380722046,0.03522646427154541,0.03454029560089111,0.03390401601791382,0.03251969814300537,0.03100764751434326,0.029538214206695557,0.028141558170318604,0.026804745197296143,0.024550259113311768,0.02259737253189087,0.02081674337387085,0.019109010696411133,0.017547428607940674,0.015166401863098145,0.013273894786834717,0.011373817920684814,0.009952187538146973,0.008325278759002686,0.006359875202178955,0.0,0.0,0.0,0.0,0.0,0.0,0.0,0.0,0.0,0.0,0.0,0.0,0.0,0.0,0.0,0.0,0.0,0.0,0.0,0.0,0.0,0.0,0.0,0.0,0.0,0.0,0.0,0.0,0.0,0.0,0.0,0.0,0.0,0.0,0.0,0.0,0.0,0.0,0.0,0.0,0.0,0.0,0.0,0.0,0.0,0.0,0.0,0.0,0.0,0.0,0.0,0.0,0.0,0.0,0.0,0.0,0.0,0.0,0.0,0.0,0.0,0.0,0.0,0.0,0.0,0.0,0.0,0.0,0.0,0.0,0.0,0.0,0.0,0.0,0.0,0.0,0.0,0.0,0.0,0.0,0.0,0.0,0.0,0.0,0.0,0.0,0.0,0.0,0.0,0.0,0.0,0.0,0.0,0.0,0.0,0.0,0.0,0.0,0.0,0.0,0.0,0.0,0.0,0.0,0.0,0.0,0.0,0.0,0.0,0.0,0.0,0.0,0.0,0.0,0.0,0.0,0.0,0.0,0.0,0.0,0.0,0.0,0.0,0.0,0.0,0.0,0.0,0.0,0.0,0.0,0.0,0.0,0.0,0.0,0.0,0.0,0.0,0.0,0.0,0.0,0.0,0.0,0.0,0.0,0.0,0.0,0.0,0.0,0.0,0.0
19,0.0,0.0,0.0,0.0,0.0,0.0,0.0,0.0,0.0,0.0,0.0,0.0,0.0,0.0,0.0,0.0,0.0,0.0,0.0,0.0,0.0,0.0,0.0,0.0,0.0,0.0,0.0,0.0,0.0,0.0,0.0,0.0,0.0,0.0,0.0,0.0,0.0,0.0,0.0,0.0,0.0,0.0,0.0,0.0,0.0,0.0,0.0,0.0,0.0,0.0,0.0,0.0,0.0,0.0,0.0,0.0,0.0,0.0,0.0,0.0,0.0,0.0,0.0,0.0,0.0,0.0,0.0,0.0,0.0,0.0,0.0,0.0,0.0,0.0,0.0,0.0,0.0,0.0,0.0,0.0,0.0,0.0,0.0,0.0,0.0,0.0,0.0,0.0,0.0,0.0,0.0,0.0,0.0,0.0,0.0,0.0,0.0,0.0,0.0,0.0,0.0,0.0,0.0,0.0,0.0,0.0,0.0,0.0,0.0,0.0,0.0,0.0,0.0,0.0,0.0,0.0,0.0,0.0,0.0,0.0,0.0,0.0,0.0,0.0,0.0,0.0,0.0,0.0,0.0,0.0,0.0,0.0,0.0,0.0,0.0,0.0,0.0,0.0,0.0,0.0,0.0,0.0,0.0,0.0,0.0,0.0,0.0,0.0,0.0,0.0,0.0,0.0,0.0,0.0,0.0,0.0,0.0,0.0,0.0,0.0,0.0,0.0,0.0,0.0,0.0,0.0,0.0,0.0,0.0,0.0,0.0,0.0,0.0,0.0,0.0,0.0,0.0,0.0,0.0,0.0,0.0,0.0,0.0,0.0,0.0,0.0,0.0,0.0,0.0,0.0,0.0,0.0,0.0,0.0,0.0,0.0,0.0,0.0,0.0,0.0,0.0,0.0,0.0,0.0,0.0,0.0,0.0,0.0,0.0,0.0,0.0,0.0,0.0,0.0,0.0,0.0,0.0,0.0,0.0,0.0,0.0,0.0,0.0,0.0,0.0
20,0.007130146026611328,0.010767757892608643,0.012506484985351562,0.011617958545684814,0.007411837577819824,0.0016400814056396484,-0.0052683353424072266,-0.012383699417114258,-0.018488168716430664,-0.0225946307182312,-0.022333621978759766,-0.017755627632141113,-0.009241938591003418,0.0013716816902160645,0.012104213237762451,0.022318005561828613,0.029186904430389404,0.031348586082458496,0.027999460697174072,0.019063293933868408,0.005831897258758545,-0.00860142707824707,-0.022123396396636963,-0.03303617238998413,-0.03888392448425293,-0.037668466567993164,-0.029577910900115967,-0.01597285270690918,-0.00012683868408203125,0.015804290771484375,0.030536770820617676,0.040168821811676025,0.04238492250442505,0.03762674331665039,0.027055025100708008,0.01090914011001587,-0.006345152854919434,-0.022089064121246338,-0.034512877464294434,-0.04085087776184082,-0.04004025459289551,-0.032387495040893555,-0.019569456577301025,-0.004713296890258789,0.010294854640960693,0.024530887603759766,0.034102559089660645,0.03689742088317871,0.033600807189941406,0.02565079927444458,0.013242602348327637,-0.00014215707778930664,-0.01254129409790039,-0.023005664348602295,-0.02888953685760498,-0.029467523097991943,-0.02512913942337036,-0.017018139362335205,-0.007670581340789795,0.002020418643951416,0.012015581130981445,0.019034624099731445,0.021514058113098145,0.020107269287109375,0.01610356569290161,0.010122358798980713,0.0027337074279785156,-0.004493653774261475,-0.010743975639343262,-0.01428133249282837,-0.015111148357391357,-0.013616681098937988,-0.010018587112426758,-0.005903005599975586,-0.0014021992683410645,0.0,0.0,0.0,0.0,0.0,0.0,0.0,0.0,0.0,0.0,0.0,0.0,0.0,0.0,0.0,0.0,0.0,0.0,0.0,0.0,0.0,0.0,0.0,0.0,0.0,0.0,0.0,0.0,0.0,0.0,0.0,0.0,0.0,0.0,0.0,0.0,0.0,0.0,0.0,0.0,0.0,0.0,0.0,0.0,0.0,0.0,0.0,0.0,0.0,0.0,0.0,0.0,0.0,0.0,0.0,0.0,0.0,0.0,0.0,0.0,0.0,0.0,0.0,0.0,0.0,0.0,0.0,0.0,0.0,0.0,0.0,0.0,0.0,0.0,0.0,0.0,0.0,0.0,0.0,0.0,0.0,0.0,0.0,0.0,0.0,0.0,0.0,0.0,0.0,0.0,0.0,0.0,0.0,0.0,0.0,0.0,0.0,0.0,0.0,0.0,0.0,0.0,0.0,0.0,0.0,0.0,0.0,0.0,0.0,0.0,0.0,0.0,0.0,0.0,0.0,0.0,0.0,0.0,0.0,0.0,0.0,0.0,0.0,0.0,0.0,0.0,0.0,0.0,0.0,0.0,0.0,0.0,0.0,0.0,0.0,0.0,0.0,0.0,0.0,0.0,0.0,0.0,0.0,0.0,0.0,0.0,0.0,0.0,0.0,0.0
21,0.0,0.0,0.0,0.0,0.0,0.0,0.0,0.0,0.0,0.0,0.0,0.0,0.0,0.0,0.0,0.0,0.0,0.0,0.0,0.0,0.0,0.0,0.0,0.0,0.0,0.0,0.0,0.0,0.0,0.0,0.0,0.0,0.0,0.0,0.0,0.0,0.0,0.0,0.0,0.0,0.0,0.0,0.0,0.0,0.0,0.0,0.0,0.0,0.0,0.0,0.0,0.0,0.0,0.0,0.0,0.0,0.0,0.0,0.0,0.0,0.0,0.0,0.0,0.0,0.0,0.0,0.0,0.0,0.0,0.0,0.0,0.0,0.0,0.0,0.0,-0.0005279183387756348,-0.0018000006675720215,-0.003534674644470215,-0.006308555603027344,-0.010302245616912842,-0.014156639575958252,-0.017116546630859375,-0.019204020500183105,-0.021771669387817383,-0.024423956871032715,-0.02629941701889038,-0.02748626470565796,-0.028202474117279053,-0.029057085514068604,-0.030434250831604004,-0.03151857852935791,-0.03197604417800903,-0.03179490566253662,-0.030912339687347412,-0.029920339584350586,-0.02800542116165161,-0.025057971477508545,-0.021712183952331543,-0.01847165822982788,-0.015869498252868652,-0.01376563310623169,-0.012337148189544678,-0.012157440185546875,-0.013724803924560547,-0.01652669906616211,-0.0195806622505188,-0.02162754535675049,-0.02323627471923828,-0.025132596492767334,-0.026612401008605957,-0.026839613914489746,-0.02595829963684082,-0.024946749210357666,-0.025734126567840576,-0.027183234691619873,-0.028275489807128906,-0.029024183750152588,-0.02959287166595459,-0.02946484088897705,-0.028718292713165283,-0.02671337127685547,-0.023274660110473633,-0.01925957202911377,-0.015238702297210693,-0.011850178241729736,-0.009205102920532227,-0.007657110691070557,-0.007837116718292236,-0.009773313999176025,-0.012936294078826904,-0.016441822052001953,-0.019479691982269287,-0.02221071720123291,-0.02493041753768921,-0.0264318585395813,-0.026485681533813477,-0.02539372444152832,-0.024135053157806396,-0.02479100227355957,-0.02566051483154297,-0.026359200477600098,-0.027141571044921875,-0.02804046869277954,-0.028557240962982178,-0.028426289558410645,-0.0270235538482666,-0.024488389492034912,-0.021601855754852295,-0.018359243869781494,-0.01508641242980957,0.0,0.0,0.0,0.0,0.0,0.0,0.0,0.0,0.0,0.0,0.0,0.0,0.0,0.0,0.0,0.0,0.0,0.0,0.0,0.0,0.0,0.0,0.0,0.0,0.0,0.0,0.0,0.0,0.0,0.0,0.0,0.0,0.0,0.0,0.0,0.0,0.0,0.0,0.0,0.0,0.0,0.0,0.0,0.0,0.0,0.0,0.0,0.0,0.0,0.0,0.0,0.0,0.0,0.0,0.0,0.0,0.0,0.0,0.0,0.0,0.0,0.0,0.0,0.0,0.0,0.0,0.0,0.0,0.0,0.0,0.0,0.0,0.0,0.0,0.0
22,0.0,0.0,0.0,0.0,0.0,0.0,0.0,0.0,0.0,0.0,0.0,0.0,0.0,0.0,0.0,0.0,0.0,0.0,0.0,0.0,0.0,0.0,0.0,0.0,0.0,0.0,0.0,0.0,0.0,0.0,0.0,0.0,0.0,0.0,0.0,0.0,0.0,0.0,0.0,0.0,0.0,0.0,0.0,0.0,0.0,0.0,0.0,0.0,0.0,0.0,0.0,0.0,0.0,0.0,0.0,0.0,0.0,0.0,0.0,0.0,0.0,0.0,0.0,0.0,0.0,0.0,0.0,0.0,0.0,0.0,0.0,0.0,0.0,0.0,0.0,0.0,0.0,0.0,0.0,0.0,0.0,0.0,0.0,0.0,0.0,0.0,0.0,0.0,0.0,0.0,0.0,0.0,0.0,0.0,0.0,0.0,0.0,0.0,0.0,0.0,0.0,0.0,0.0,0.0,0.0,0.0,0.0,0.0,0.0,0.0,0.0,0.0,0.0,0.0,0.0,0.0,0.0,0.0,0.0,0.0,0.0,0.0,0.0,0.0,0.0,0.0,0.0,0.0,0.0,0.0,0.0,0.0,0.0,0.0,0.0,0.0,0.0,0.0,0.0,0.0,0.0,0.0,0.0,0.0,0.0,0.0,0.0,0.0,0.0,0.0,0.006378293037414551,0.006981790065765381,0.0074836015701293945,0.008020520210266113,0.008354902267456055,0.008589982986450195,0.009059727191925049,0.01015537977218628,0.011503517627716064,0.012306153774261475,0.013009250164031982,0.014219939708709717,0.015723586082458496,0.01745915412902832,0.018640100955963135,0.019919753074645996,0.021672487258911133,0.02357429265975952,0.025548160076141357,0.027270495891571045,0.029011189937591553,0.030655980110168457,0.03249150514602661,0.03416252136230469,0.03493779897689819,0.03519719839096069,0.03611212968826294,0.03769266605377197,0.039556145668029785,0.04103982448577881,0.04252356290817261,0.04385685920715332,0.045740723609924316,0.04732656478881836,0.04774785041809082,0.047291457653045654,0.0473749041557312,0.04825693368911743,0.04960089921951294,0.05041635036468506,0.051603853702545166,0.053176164627075195,0.0550578236579895,0.056908369064331055,0.058383285999298096,0.05884796380996704,0.05889582633972168,0.05905866622924805,0.05935090780258179,0.05834692716598511,0.05632442235946655,0.05374574661254883,0.051498353481292725,0.048806965351104736,0.04527103900909424,0.04064208269119263,0.036068856716156006,0.03249412775039673,0.03056514263153076,0.02907729148864746,0.028633713722229004,0.02983909845352173,0.032437920570373535,0.0348932147026062,0.03643292188644409,0.03517019748687744,0.03217881917953491,0.02956557273864746,0.028245091438293457,0.02753359079360962,0.026696443557739258,0.025497376918792725,0.02337855100631714,0.02017313241958618,0.01607990264892578
23,0.0,0.0,0.0,0.0,0.0,0.0,0.0,0.0,0.0,0.0,0.0,0.0,0.0,0.0,0.0,0.0,0.0,0.0,0.0,0.0,0.0,0.0,0.0,0.0,0.0,0.0,0.0,0.0,0.0,0.0,0.0,0.0,0.0,0.0,0.0,0.0,0.0,0.0,0.0,0.0,0.0,0.0,0.0,0.0,0.0,0.0,0.0,0.0,0.0,0.0,0.0,0.0,0.0,0.0,0.0,0.0,0.0,0.0,0.0,0.0,0.0,0.0,0.0,0.0,0.0,0.0,0.0,0.0,0.0,0.0,0.0,0.0,0.0,0.0,0.0,0.0,0.0,0.0,0.0,0.0,0.0,0.0,0.0,0.0,0.0,0.0,0.0,0.0,0.0,0.0,0.0,0.0,0.0,0.0,0.0,0.0,0.0,0.0,0.0,0.0,0.0,0.0,0.0,0.0,0.0,0.0,0.0,0.0,0.0,0.0,0.0,0.0,0.0,0.0,0.0,0.0,0.0,0.0,0.0,0.0,0.0,0.0,0.0,0.0,0.0,0.0,0.0,0.0,0.0,0.0,0.0,0.0,0.0,0.0,0.0,0.0,0.0,0.0,0.0,0.0,0.0,0.0,0.0,0.0,0.0,0.0,0.0,0.0,0.0,0.0,-0.022840142250061035,-0.026294350624084473,-0.029027879238128662,-0.0314599871635437,-0.03287482261657715,-0.0342257022857666,-0.03478759527206421,-0.03559011220932007,-0.036477625370025635,-0.03659844398498535,-0.0368649959564209,-0.03650885820388794,-0.03654557466506958,-0.036013126373291016,-0.035123586654663086,-0.03444021940231323,-0.033458411693573,-0.033117473125457764,-0.03253316879272461,-0.031776607036590576,-0.03139215707778931,-0.030616462230682373,-0.03029334545135498,-0.029754042625427246,-0.02901071310043335,-0.028206348419189453,-0.026826918125152588,-0.025634467601776123,-0.02372342348098755,-0.021484434604644775,-0.018868744373321533,-0.015972912311553955,-0.013439178466796875,-0.010314226150512695,-0.007040083408355713,-0.0036956071853637695,-0.00034946203231811523,0.002294003963470459,0.00568079948425293,0.008925259113311768,0.012040138244628906,0.015066385269165039,0.017538070678710938,0.02054882049560547,0.02319997549057007,0.02562868595123291,0.027639269828796387,0.029104650020599365,0.03053492307662964,0.03148370981216431,0.03247898817062378,0.032988786697387695,0.033072710037231445,0.033376455307006836,0.03328520059585571,0.03358948230743408,0.033628761768341064,0.03373819589614868,0.034367918968200684,0.034550607204437256,0.03542625904083252,0.035957157611846924,0.03629410266876221,0.0369526743888855,0.03739368915557861,0.03768575191497803,0.03710794448852539,0.035976529121398926,0.03459054231643677,0.0324019193649292,0.030041515827178955,0.026784002780914307,0.022891640663146973,0.01970452070236206,0.01590782403945923
24,-0.0023667216300964355,-0.0033578872680664062,-0.00527799129486084,-0.006640434265136719,-0.007296144962310791,-0.007792532444000244,-0.009104490280151367,-0.011079072952270508,-0.012438654899597168,-0.012787282466888428,-0.012913703918457031,-0.013953924179077148,-0.014711856842041016,-0.015657782554626465,-0.01535654067993164,-0.014837980270385742,-0.015290439128875732,-0.015981614589691162,-0.015407800674438477,-0.014746308326721191,-0.01382225751876831,-0.013527274131774902,-0.013396143913269043,-0.012414693832397461,-0.011005759239196777,-0.010188400745391846,-0.009806931018829346,-0.008775949478149414,-0.0078043341636657715,-0.0061073899269104,-0.00496828556060791,-0.00446850061416626,-0.003559887409210205,-0.0024521946907043457,-0.0005725622177124023,0.001192331314086914,0.0020957589149475098,0.002682626247406006,0.004313230514526367,0.006343543529510498,0.007982432842254639,0.008972227573394775,0.009596943855285645,0.010999917984008789,0.01286017894744873,0.014093875885009766,0.014612734317779541,0.014852821826934814,0.01581472158432007,0.017486155033111572,0.018220961093902588,0.018312811851501465,0.01794034242630005,0.018675386905670166,0.01900506019592285,0.018913984298706055,0.018180012702941895,0.017364084720611572,0.017214179039001465,0.01710987091064453,0.01649188995361328,0.014751017093658447,0.013069689273834229,0.012593984603881836,0.011923491954803467,0.01052713394165039,0.008689641952514648,0.006771504878997803,0.006139814853668213,0.005577683448791504,0.0043759942054748535,0.0026747584342956543,0.0017673969268798828,0.0017667412757873535,0.0020105838775634766,-0.018439769744873047,-0.022404015064239502,-0.025772809982299805,-0.02830362319946289,-0.03011387586593628,-0.03242480754852295,-0.0339391827583313,-0.03411620855331421,-0.032711148262023926,-0.031123995780944824,-0.029113173484802246,-0.02573186159133911,-0.02128899097442627,-0.01587975025177002,-0.010321199893951416,-0.004961669445037842,0.000620722770690918,0.006768286228179932,0.013655364513397217,0.018681645393371582,0.02339637279510498,0.02740401029586792,0.031704604625701904,0.0348166823387146,0.03640329837799072,0.03626161813735962,0.03566998243331909,0.03486061096191406,0.03319990634918213,0.029688000679016113,0.025044560432434082,0.020378947257995605,0.015501201152801514,0.010285615921020508,0.00442814826965332,-0.0018949508666992188,-0.007942736148834229,-0.013268887996673584,-0.01815420389175415,-0.022644877433776855,-0.027417242527008057,-0.03110426664352417,-0.03317159414291382,-0.0336761474609375,-0.0344243049621582,-0.03419238328933716,-0.03337359428405762,-0.030311882495880127,-0.026630520820617676,-0.022525668144226074,-0.01832139492034912,-0.01284712553024292,-0.006824851036071777,-0.00041681528091430664,0.0047872066497802734,0.009977757930755615,0.015136241912841797,0.020840167999267578,0.02541559934616089,0.028106093406677246,0.029981017112731934,0.03235751390457153,0.03388261795043945,0.033950865268707275,0.03291803598403931,0.030823051929473877,0.02879953384399414,0.026835620403289795,0.023798108100891113,0.020204544067382812,0.01644521951675415,0.013498485088348389,0.011075377464294434,0.009013772010803223,0.006220102310180664,-0.015971124172210693,-0.01698094606399536,-0.017448902130126953,-0.01812875270843506,-0.018416285514831543,-0.018376588821411133,-0.017046093940734863,-0.015604674816131592,-0.014909505844116211,-0.013788819313049316,-0.011655032634735107,-0.009032070636749268,-0.00658261775970459,-0.0048201680183410645,-0.003209829330444336,-0.0007358193397521973,0.002149343490600586,0.004546761512756348,0.0063111186027526855,0.007683932781219482,0.009690523147583008,0.01244664192199707,0.014177680015563965,0.01521533727645874,0.01596689224243164,0.01781308650970459,0.02007126808166504,0.021530866622924805,0.022089719772338867,0.022562086582183838,0.0239904522895813,0.02528327703475952,0.025681376457214355,0.025189757347106934,0.024977266788482666,0.02561497688293457,0.026018261909484863,0.025385499000549316,0.02457207441329956,0.02351588010787964,0.02326357364654541,0.0229070782661438,0.021946430206298828,0.02027595043182373,0.018457353115081787,0.017496228218078613,0.01705080270767212,0.014745533466339111,0.012572169303894043,0.010505259037017822,0.009492754936218262,0.008283913135528564,0.005605220794677734,0.002741873264312744,0.00029140710830688477,-0.0013349652290344238,-0.0033724308013916016,-0.00617140531539917,-0.009000599384307861,-0.011324942111968994,-0.012640833854675293,-0.013743281364440918,-0.01603257656097412,-0.01745915412902832,-0.018292129039764404,-0.018056511878967285,-0.017821907997131348,-0.018356621265411377,-0.0177764892578125,-0.017096340656280518,-0.014702856540679932,-0.012418568134307861,-0.010463893413543701,-0.00944066047668457,-0.007025003433227539
25,-0.00808095932006836,-0.008238017559051514,-0.00834202766418457,-0.007230877876281738,-0.005491077899932861,-0.0031846165657043457,0.0006440281867980957,0.0047568678855896,0.009633004665374756,0.013637959957122803,0.017876505851745605,0.021617650985717773,0.023861706256866455,0.025611400604248047,0.024990975856781006,0.02240777015686035,0.018443584442138672,0.012912631034851074,0.006622970104217529,-0.0011714696884155273,-0.009994924068450928,-0.017946243286132812,-0.02499973773956299,-0.030007600784301758,-0.033995985984802246,-0.035960257053375244,-0.03502392768859863,-0.031093358993530273,-0.02484196424484253,-0.017597675323486328,-0.008103609085083008,0.0024530887603759766,0.012905418872833252,0.02298194169998169,0.03092479705810547,0.03751182556152344,0.041832566261291504,0.04340863227844238,0.04251241683959961,0.038047850131988525,0.03112959861755371,0.022615432739257812,0.013113081455230713,0.0029883980751037598,-0.007664680480957031,-0.01727139949798584,-0.025542259216308594,-0.03120964765548706,-0.03493541479110718,-0.036630213260650635,-0.03554356098175049,-0.03218996524810791,-0.026364028453826904,-0.01937347650527954,-0.011738836765289307,-0.0035019516944885254,0.0044612884521484375,0.012371659278869629,0.01854526996612549,0.022861003875732422,0.02581655979156494,0.026730716228485107,0.026380479335784912,0.024141371250152588,0.02042710781097412,0.01590019464492798,0.01084047555923462,0.006268560886383057,0.000943303108215332,-0.004295229911804199,-0.0075800418853759766,-0.010068714618682861,-0.0114060640335083,-0.012207746505737305,-0.012235820293426514,0.0,0.0,0.0,0.0,0.0,0.0,0.0,0.0,0.0,0.0,0.0,0.0,0.0,0.0,0.0,0.0,0.0,0.0,0.0,0.0,0.0,0.0,0.0,0.0,0.0,0.0,0.0,0.0,0.0,0.0,0.0,0.0,0.0,0.0,0.0,0.0,0.0,0.0,0.0,0.0,0.0,0.0,0.0,0.0,0.0,0.0,0.0,0.0,0.0,0.0,0.0,0.0,0.0,0.0,0.0,0.0,0.0,0.0,0.0,0.0,0.0,0.0,0.0,0.0,0.0,0.0,0.0,0.0,0.0,0.0,0.0,0.0,0.0,0.0,0.0,0.0,0.0,0.0,0.0,0.0,0.0,0.0,0.0,0.0,0.0,0.0,0.0,0.0,0.0,0.0,0.0,0.0,0.0,0.0,0.0,0.0,0.0,0.0,0.0,0.0,0.0,0.0,0.0,0.0,0.0,0.0,0.0,0.0,0.0,0.0,0.0,0.0,0.0,0.0,0.0,0.0,0.0,0.0,0.0,0.0,0.0,0.0,0.0,0.0,0.0,0.0,0.0,0.0,0.0,0.0,0.0,0.0,0.0,0.0,0.0,0.0,0.0,0.0,0.0,0.0,0.0,0.0,0.0,0.0,0.0,0.0,0.0,0.0,0.0,0.0
26,0.0,0.0,0.0,0.0,0.0,0.0,0.0,0.0,0.0,0.0,0.0,0.0,0.0,0.0,0.0,0.0,0.0,0.0,0.0,0.0,0.0,0.0,0.0,0.0,0.0,0.0,0.0,0.0,0.0,0.0,0.0,0.0,0.0,0.0,0.0,0.0,0.0,0.0,0.0,0.0,0.0,0.0,0.0,0.0,0.0,0.0,0.0,0.0,0.0,0.0,0.0,0.0,0.0,0.0,0.0,0.0,0.0,0.0,0.0,0.0,0.0,0.0,0.0,0.0,0.0,0.0,0.0,0.0,0.0,0.0,0.0,0.0,0.0,0.0,0.0,0.006537914276123047,0.008962154388427734,0.011614859104156494,0.013478398323059082,0.014201700687408447,0.01375502347946167,0.011677086353302002,0.00899970531463623,0.005255758762359619,0.00010001659393310547,-0.005361497402191162,-0.011451959609985352,-0.016469597816467285,-0.02053290605545044,-0.023757100105285645,-0.024996042251586914,-0.024531662464141846,-0.021828174591064453,-0.016862928867340088,-0.010339319705963135,-0.0028113126754760742,0.005480527877807617,0.014157652854919434,0.022146642208099365,0.028461754322052002,0.033001482486724854,0.03510195016860962,0.035324931144714355,0.03265523910522461,0.027299106121063232,0.019847512245178223,0.010341286659240723,0.0009031891822814941,-0.009654641151428223,-0.019430041313171387,-0.028150081634521484,-0.03490179777145386,-0.03871673345565796,-0.040156006813049316,-0.03866845369338989,-0.03445011377334595,-0.027833402156829834,-0.018863379955291748,-0.008929431438446045,0.0015551447868347168,0.011425316333770752,0.020741939544677734,0.02849489450454712,0.033959031105041504,0.03702288866043091,0.037545859813690186,0.03550076484680176,0.03134077787399292,0.025286376476287842,0.01772284507751465,0.009400665760040283,0.0011665821075439453,-0.006685137748718262,-0.013689160346984863,-0.01922142505645752,-0.02332359552383423,-0.025459885597229004,-0.025271713733673096,-0.024094045162200928,-0.021417081356048584,-0.01808851957321167,-0.013626039028167725,-0.008642613887786865,-0.004080772399902344,-7.295608520507812e-05,0.003168940544128418,0.006326913833618164,0.008733808994293213,0.009868919849395752,0.010176658630371094,-0.00627368688583374,-0.008739829063415527,-0.010969042778015137,-0.012866675853729248,-0.013901054859161377,-0.013552963733673096,-0.011190831661224365,-0.008306384086608887,-0.004199862480163574,0.00021731853485107422,0.005834996700286865,0.01209932565689087,0.017215192317962646,0.02133321762084961,0.02422654628753662,0.02571094036102295,0.025202035903930664,0.022260189056396484,0.017635226249694824,0.010790705680847168,0.003482639789581299,-0.004645705223083496,-0.013328075408935547,-0.021151602268218994,-0.028148412704467773,-0.032449543476104736,-0.03457653522491455,-0.03453177213668823,-0.03207600116729736,-0.027035295963287354,-0.0191078782081604,-0.010180056095123291,0.00010520219802856445,0.010255575180053711,0.01964813470840454,0.02887016534805298,0.035534441471099854,0.03943300247192383,0.04073750972747803,0.0388522744178772,0.035135746002197266,0.028414011001586914,0.019749939441680908,0.00968015193939209,-0.0012722611427307129,-0.011228382587432861,-0.02037912607192993,-0.027762889862060547,-0.033765316009521484,-0.036976397037506104,-0.037242233753204346,-0.03513878583908081,-0.030914723873138428,-0.02493959665298462,-0.017578423023223877,-0.008899986743927002,-0.0006813406944274902,0.007156968116760254,0.01380389928817749,0.019253909587860107,0.023598134517669678,0.025707721710205078,0.02600407600402832,0.02419865131378174,0.021408677101135254,0.018102288246154785,0.013737142086029053,0.008976995944976807,0.00400775671005249,-0.00012445449829101562,-0.003422379493713379,-0.006332457065582275,-0.008397936820983887,-0.009987235069274902,-0.010245740413665771
27,0.004316449165344238,0.005992412567138672,0.007792949676513672,0.008958041667938232,0.010280072689056396,0.011016607284545898,0.01129293441772461,0.010517656803131104,0.009170114994049072,0.0072553157806396484,0.003956735134124756,-3.439188003540039e-05,-0.0042691826820373535,-0.008389651775360107,-0.01262754201889038,-0.016900300979614258,-0.020110607147216797,-0.02197885513305664,-0.02250087261199951,-0.02153921127319336,-0.01944434642791748,-0.015475690364837646,-0.010139644145965576,-0.0034490227699279785,0.0035416483879089355,0.010974287986755371,0.018436014652252197,0.025105714797973633,0.0310593843460083,0.0353662371635437,0.037134766578674316,0.03717803955078125,0.03463774919509888,0.030149519443511963,0.023705661296844482,0.015006721019744873,0.005509316921234131,-0.004837989807128906,-0.014564275741577148,-0.024119555950164795,-0.03243941068649292,-0.03871709108352661,-0.042526841163635254,-0.04357963800430298,-0.0424380898475647,-0.03839921951293945,-0.03232836723327637,-0.024279236793518066,-0.014679372310638428,-0.0049250125885009766,0.0051482319831848145,0.014742076396942139,0.02322554588317871,0.030013740062713623,0.03493469953536987,0.036833107471466064,0.037070274353027344,0.035098373889923096,0.03141653537750244,0.025611042976379395,0.018935680389404297,0.011453330516815186,0.0038628578186035156,-0.003565669059753418,-0.010502099990844727,-0.01597803831100464,-0.020208656787872314,-0.023158133029937744,-0.024237453937530518,-0.024259507656097412,-0.022154152393341064,-0.019243896007537842,-0.015481710433959961,-0.010802149772644043,-0.0065482258796691895,0.0,0.0,0.0,0.0,0.0,0.0,0.0,0.0,0.0,0.0,0.0,0.0,0.0,0.0,0.0,0.0,0.0,0.0,0.0,0.0,0.0,0.0,0.0,0.0,0.0,0.0,0.0,0.0,0.0,0.0,0.0,0.0,0.0,0.0,0.0,0.0,0.0,0.0,0.0,0.0,0.0,0.0,0.0,0.0,0.0,0.0,0.0,0.0,0.0,0.0,0.0,0.0,0.0,0.0,0.0,0.0,0.0,0.0,0.0,0.0,0.0,0.0,0.0,0.0,0.0,0.0,0.0,0.0,0.0,0.0,0.0,0.0,0.0,0.0,0.0,0.0,0.0,0.0,0.0,0.0,0.0,0.0,0.0,0.0,0.0,0.0,0.0,0.0,0.0,0.0,0.0,0.0,0.0,0.0,0.0,0.0,0.0,0.0,0.0,0.0,0.0,0.0,0.0,0.0,0.0,0.0,0.0,0.0,0.0,0.0,0.0,0.0,0.0,0.0,0.0,0.0,0.0,0.0,0.0,0.0,0.0,0.0,0.0,0.0,0.0,0.0,0.0,0.0,0.0,0.0,0.0,0.0,0.0,0.0,0.0,0.0,0.0,0.0,0.0,0.0,0.0,0.0,0.0,0.0,0.0,0.0,0.0,0.0,0.0,0.0
28,-0.02831399440765381,-0.03321385383605957,-0.033970534801483154,-0.029766201972961426,-0.024271726608276367,-0.020897507667541504,-0.019182264804840088,-0.016507863998413086,-0.0126878023147583,-0.009021937847137451,-0.005487978458404541,-0.00214231014251709,0.0017584562301635742,0.004646360874176025,0.00903618335723877,0.011743009090423584,0.01538020372390747,0.019464433193206787,0.022882938385009766,0.026658296585083008,0.028917133808135986,0.027168214321136475,0.01807492971420288,0.011014044284820557,-0.002886831760406494,-0.02322852611541748,-0.0334782600402832,-0.03687715530395508,-0.03329414129257202,-0.02747511863708496,-0.023861408233642578,-0.021201908588409424,-0.018049657344818115,-0.012495040893554688,-0.008685111999511719,-0.005240738391876221,-0.0012124180793762207,0.003002941608428955,0.006165146827697754,0.010324358940124512,0.012871146202087402,0.01666468381881714,0.02045118808746338,0.02412503957748413,0.027455806732177734,0.03090512752532959,0.02685999870300293,0.01686626672744751,0.008401155471801758,-0.003887355327606201,-0.0214807391166687,-0.03179430961608887,-0.036332011222839355,-0.034755706787109375,-0.029755592346191406,-0.025853455066680908,-0.022755682468414307,-0.018535614013671875,-0.012602686882019043,-0.008995294570922852,-0.0057642459869384766,-0.000961601734161377,0.0035327672958374023,0.007233917713165283,0.011429965496063232,0.014591634273529053,0.01835387945175171,0.022076785564422607,0.025800704956054688,0.029773235321044922,0.03457200527191162,0.03184103965759277,0.027073800563812256,0.023363232612609863,0.018361568450927734,0.0,0.0,0.0,0.0,0.0,0.0,0.0,0.0,0.0,0.0,0.0,0.0,0.0,0.0,0.0,0.0,0.0,0.0,0.0,0.0,0.0,0.0,0.0,0.0,0.0,0.0,0.0,0.0,0.0,0.0,0.0,0.0,0.0,0.0,0.0,0.0,0.0,0.0,0.0,0.0,0.0,0.0,0.0,0.0,0.0,0.0,0.0,0.0,0.0,0.0,0.0,0.0,0.0,0.0,0.0,0.0,0.0,0.0,0.0,0.0,0.0,0.0,0.0,0.0,0.0,0.0,0.0,0.0,0.0,0.0,0.0,0.0,0.0,0.0,0.0,0.0,0.0,0.0,0.0,0.0,0.0,0.0,0.0,0.0,0.0,0.0,0.0,0.0,0.0,0.0,0.0,0.0,0.0,0.0,0.0,0.0,0.0,0.0,0.0,0.0,0.0,0.0,0.0,0.0,0.0,0.0,0.0,0.0,0.0,0.0,0.0,0.0,0.0,0.0,0.0,0.0,0.0,0.0,0.0,0.0,0.0,0.0,0.0,0.0,0.0,0.0,0.0,0.0,0.0,0.0,0.0,0.0,0.0,0.0,0.0,0.0,0.0,0.0,0.0,0.0,0.0,0.0,0.0,0.0,0.0,0.0,0.0,0.0,0.0,0.0
29,0.0,0.0,0.0,0.0,0.0,0.0,0.0,0.0,0.0,0.0,0.0,0.0,0.0,0.0,0.0,0.0,0.0,0.0,0.0,0.0,0.0,0.0,0.0,0.0,0.0,0.0,0.0,0.0,0.0,0.0,0.0,0.0,0.0,0.0,0.0,0.0,0.0,0.0,0.0,0.0,0.0,0.0,0.0,0.0,0.0,0.0,0.0,0.0,0.0,0.0,0.0,0.0,0.0,0.0,0.0,0.0,0.0,0.0,0.0,0.0,0.0,0.0,0.0,0.0,0.0,0.0,0.0,0.0,0.0,0.0,0.0,0.0,0.0,0.0,0.0,0.0017878413200378418,0.002733290195465088,0.002568662166595459,0.0025333166122436523,0.0029816031455993652,0.004175424575805664,0.004854083061218262,0.004931926727294922,0.005462467670440674,0.006237387657165527,0.0072623491287231445,0.008043885231018066,0.00862729549407959,0.00946342945098877,0.010088086128234863,0.010982334613800049,0.012181222438812256,0.013453423976898193,0.014475405216217041,0.015125811100006104,0.01659339666366577,0.01810765266418457,0.019092202186584473,0.01967489719390869,0.020564496517181396,0.022343039512634277,0.023742854595184326,0.02442312240600586,0.02508491277694702,0.026090383529663086,0.027519583702087402,0.028075993061065674,0.028073668479919434,0.028007030487060547,0.028206706047058105,0.028797626495361328,0.028815925121307373,0.02893596887588501,0.029357075691223145,0.02999269962310791,0.03074789047241211,0.031710147857666016,0.032028257846832275,0.031411170959472656,0.030770421028137207,0.030552566051483154,0.03027552366256714,0.029896557331085205,0.02959221601486206,0.02996349334716797,0.03112006187438965,0.03155815601348877,0.03172045946121216,0.031335413455963135,0.03186511993408203,0.031526803970336914,0.02999401092529297,0.027473866939544678,0.025800466537475586,0.024299561977386475,0.021480858325958252,0.018340766429901123,0.015670299530029297,0.012794971466064453,0.010464191436767578,0.009111225605010986,0.00900876522064209,0.01029735803604126,0.01187896728515625,0.013192236423492432,0.014570951461791992,0.015543222427368164,0.015703558921813965,0.014265775680541992,0.012559235095977783,-0.002739131450653076,-0.003937244415283203,-0.004742145538330078,-0.004462242126464844,-0.004462301731109619,-0.005563259124755859,-0.0065517425537109375,-0.007187306880950928,-0.007309615612030029,-0.007953882217407227,-0.008989572525024414,-0.009694218635559082,-0.01055997610092163,-0.011200487613677979,-0.01196378469467163,-0.012836813926696777,-0.013642072677612305,-0.015366315841674805,-0.016385257244110107,-0.016932547092437744,-0.017897725105285645,-0.01946568489074707,-0.02095651626586914,-0.021402299404144287,-0.021700799465179443,-0.023357510566711426,-0.024999499320983887,-0.02613312005996704,-0.026345014572143555,-0.02682894468307495,-0.02815335988998413,-0.02893286943435669,-0.029076814651489258,-0.028598785400390625,-0.02860236167907715,-0.029131174087524414,-0.029202580451965332,-0.029282093048095703,-0.029579639434814453,-0.030295729637145996,-0.03072136640548706,-0.03146916627883911,-0.0316617488861084,-0.03136646747589111,-0.030610322952270508,-0.02977573871612549,-0.029630720615386963,-0.02936476469039917,-0.029181361198425293,-0.029143691062927246,-0.030001938343048096,-0.030880868434906006,-0.031096577644348145,-0.030307114124298096,-0.030464112758636475,-0.03015035390853882,-0.029222548007965088,-0.026502490043640137,-0.024408161640167236,-0.022913873195648193,-0.02021867036819458,-0.01720738410949707,-0.014047563076019287,-0.011304378509521484,-0.009252429008483887,-0.007577657699584961,-0.0073587894439697266,-0.008563697338104248,-0.01056051254272461,-0.012039601802825928,-0.01296532154083252,-0.014103233814239502,-0.014436960220336914,-0.013106226921081543,-0.011152148246765137
30,-0.002577364444732666,-0.0029388070106506348,-0.0034908652305603027,-0.004858255386352539,-0.006326258182525635,-0.0072599053382873535,-0.007851719856262207,-0.008329927921295166,-0.0093269944190979,-0.010633409023284912,-0.01157689094543457,-0.012813150882720947,-0.014118611812591553,-0.015578031539916992,-0.017148971557617188,-0.018594086170196533,-0.02045917510986328,-0.022420108318328857,-0.023990988731384277,-0.024942219257354736,-0.02637791633605957,-0.0274009108543396,-0.0287131667137146,-0.029868662357330322,-0.031168222427368164,-0.03286480903625488,-0.035278499126434326,-0.03787636756896973,-0.04066598415374756,-0.042813122272491455,-0.04470187425613403,-0.04603451490402222,-0.04729539155960083,-0.04835909605026245,-0.048953115940093994,-0.04932057857513428,-0.04932445287704468,-0.04889911413192749,-0.04813188314437866,-0.04666101932525635,-0.0448765754699707,-0.042853593826293945,-0.041490256786346436,-0.0407751202583313,-0.04084521532058716,-0.04185694456100464,-0.04240679740905762,-0.04236495494842529,-0.04183018207550049,-0.0405312180519104,-0.03979301452636719,-0.03854852914810181,-0.037186503410339355,-0.0349237322807312,-0.03244227170944214,-0.031069457530975342,-0.030281364917755127,-0.029499411582946777,-0.029545187950134277,-0.029269814491271973,-0.029032528400421143,-0.028132975101470947,-0.026355385780334473,-0.02257746458053589,-0.017050206661224365,-0.010854840278625488,-0.0050803422927856445,-0.0006161332130432129,0.001964092254638672,0.0029286742210388184,0.003172457218170166,0.002187490463256836,0.0011583566665649414,0.00046432018280029297,0.0002383589744567871,0.0,0.0,0.0,0.0,0.0,0.0,0.0,0.0,0.0,0.0,0.0,0.0,0.0,0.0,0.0,0.0,0.0,0.0,0.0,0.0,0.0,0.0,0.0,0.0,0.0,0.0,0.0,0.0,0.0,0.0,0.0,0.0,0.0,0.0,0.0,0.0,0.0,0.0,0.0,0.0,0.0,0.0,0.0,0.0,0.0,0.0,0.0,0.0,0.0,0.0,0.0,0.0,0.0,0.0,0.0,0.0,0.0,0.0,0.0,0.0,0.0,0.0,0.0,0.0,0.0,0.0,0.0,0.0,0.0,0.0,0.0,0.0,0.0,0.0,0.0,0.0,0.0,0.0,0.0,0.0,0.0,0.0,0.0,0.0,0.0,0.0,0.0,0.0,0.0,0.0,0.0,0.0,0.0,0.0,0.0,0.0,0.0,0.0,0.0,0.0,0.0,0.0,0.0,0.0,0.0,0.0,0.0,0.0,0.0,0.0,0.0,0.0,0.0,0.0,0.0,0.0,0.0,0.0,0.0,0.0,0.0,0.0,0.0,0.0,0.0,0.0,0.0,0.0,0.0,0.0,0.0,0.0,0.0,0.0,0.0,0.0,0.0,0.0,0.0,0.0,0.0,0.0,0.0,0.0,0.0,0.0,0.0,0.0,0.0,0.0
31,0.0,0.0,0.0,0.0,0.0,0.0,0.0,0.0,0.0,0.0,0.0,0.0,0.0,0.0,0.0,0.0,0.0,0.0,0.0,0.0,0.0,0.0,0.0,0.0,0.0,0.0,0.0,0.0,0.0,0.0,0.0,0.0,0.0,0.0,0.0,0.0,0.0,0.0,0.0,0.0,0.0,0.0,0.0,0.0,0.0,0.0,0.0,0.0,0.0,0.0,0.0,0.0,0.0,0.0,0.0,0.0,0.0,0.0,0.0,0.0,0.0,0.0,0.0,0.0,0.0,0.0,0.0,0.0,0.0,0.0,0.0,0.0,0.0,0.0,0.0,0.0,0.0,0.0,0.0,0.0,0.0,0.0,0.0,0.0,0.0,0.0,0.0,0.0,0.0,0.0,0.0,0.0,0.0,0.0,0.0,0.0,0.0,0.0,0.0,0.0,0.0,0.0,0.0,0.0,0.0,0.0,0.0,0.0,0.0,0.0,0.0,0.0,0.0,0.0,0.0,0.0,0.0,0.0,0.0,0.0,0.0,0.0,0.0,0.0,0.0,0.0,0.0,0.0,0.0,0.0,0.0,0.0,0.0,0.0,0.0,0.0,0.0,0.0,0.0,0.0,0.0,0.0,0.0,0.0,0.0,0.0,0.0,0.0,0.0,0.0,0.0,0.0,0.0,0.0,0.0,0.0,0.0,0.0,0.0,0.0,0.0,0.0,0.0,0.0,0.0,0.0,0.0,0.0,0.0,0.0,0.0,0.0,0.0,0.0,0.0,0.0,0.0,0.0,0.0,0.0,0.0,0.0,0.0,0.0,0.0,0.0,0.0,0.0,0.0,0.0,0.0,0.0,0.0,0.0,0.0,0.0,0.0,0.0,0.0,0.0,0.0,0.0,0.0,0.0,0.0,0.0,0.0,0.0,0.0,0.0,0.0,0.0,0.0,0.0,0.0,0.0,0.0,0.0,0.0,0.0,0.0,0.0,0.0,0.0,0.0
32,0.0,0.0,0.0,0.0,0.0,0.0,0.0,0.0,0.0,0.0,0.0,0.0,0.0,0.0,0.0,0.0,0.0,0.0,0.0,0.0,0.0,0.0,0.0,0.0,0.0,0.0,0.0,0.0,0.0,0.0,0.0,0.0,0.0,0.0,0.0,0.0,0.0,0.0,0.0,0.0,0.0,0.0,0.0,0.0,0.0,0.0,0.0,0.0,0.0,0.0,0.0,0.0,0.0,0.0,0.0,0.0,0.0,0.0,0.0,0.0,0.0,0.0,0.0,0.0,0.0,0.0,0.0,0.0,0.0,0.0,0.0,0.0,0.0,0.0,0.0,0.015159010887145996,0.02190375328063965,0.02820289134979248,0.03153008222579956,0.031290292739868164,0.0313115119934082,0.03291308879852295,0.03244048357009888,0.031253039836883545,0.030153930187225342,0.03011023998260498,0.030670106410980225,0.030930280685424805,0.03004312515258789,0.030066370964050293,0.03039264678955078,0.031153321266174316,0.031957268714904785,0.03268301486968994,0.03293079137802124,0.03241688013076782,0.03305453062057495,0.03343111276626587,0.03388315439224243,0.03270453214645386,0.031327664852142334,0.031112074851989746,0.03119593858718872,0.03264641761779785,0.03396415710449219,0.03552114963531494,0.033216118812561035,0.029100894927978516,0.030050337314605713,0.029898226261138916,0.024596035480499268,0.014265120029449463,0.001095116138458252,-0.011922299861907959,-0.023776590824127197,-0.030420780181884766,-0.030343353748321533,-0.029347360134124756,-0.03241926431655884,-0.03253430128097534,-0.03109896183013916,-0.02936786413192749,-0.02900111675262451,-0.029051601886749268,-0.028921306133270264,-0.028373301029205322,-0.02877068519592285,-0.029334425926208496,-0.029881000518798828,-0.030592381954193115,-0.031533658504486084,-0.03208327293395996,-0.03146785497665405,-0.03226214647293091,-0.03261768817901611,-0.032076239585876465,-0.03034871816635132,-0.02906090021133423,-0.029300153255462646,-0.030900537967681885,-0.033612728118896484,-0.03606581687927246,-0.03645890951156616,-0.03264284133911133,-0.029215991497039795,-0.029461920261383057,-0.02871990203857422,-0.025996387004852295,-0.021701335906982422,-0.01531982421875,-0.014611005783081055,-0.02107030153274536,-0.027270615100860596,-0.030538499355316162,-0.02995210886001587,-0.029358506202697754,-0.030972301959991455,-0.030812859535217285,-0.02988332509994507,-0.028926551342010498,-0.028396189212799072,-0.027616381645202637,-0.027526378631591797,-0.0270235538482666,-0.02695697546005249,-0.027469933032989502,-0.02789074182510376,-0.02810293436050415,-0.028100132942199707,-0.028072834014892578,-0.027566909790039062,-0.027339577674865723,-0.026835143566131592,-0.02583897113800049,-0.024174213409423828,-0.023116588592529297,-0.022930622100830078,-0.023396015167236328,-0.02359175682067871,-0.022967040538787842,-0.02028048038482666,-0.01826798915863037,-0.01485365629196167,-0.009496748447418213,-0.006847977638244629,-0.005391836166381836,-0.0037435293197631836,-0.000810086727142334,0.003324151039123535,0.007043242454528809,0.009866774082183838,0.012047827243804932,0.014562726020812988,0.0167086124420166,0.018929600715637207,0.020923376083374023,0.022029876708984375,0.023529887199401855,0.025479257106781006,0.026802241802215576,0.027382254600524902,0.027878403663635254,0.028532564640045166,0.029429912567138672,0.030069947242736816,0.030301809310913086,0.03079277276992798,0.03085857629776001,0.03085845708847046,0.031253814697265625,0.03125882148742676,0.03081810474395752,0.03066110610961914,0.030676722526550293,0.031084418296813965,0.0315212607383728,0.03197664022445679,0.032245755195617676,0.03225010633468628,0.03040921688079834,0.027284443378448486,0.02872467041015625,0.02914607524871826,0.02657085657119751,0.020714402198791504
33,-0.018138229846954346,-0.022994935512542725,-0.025170981884002686,-0.02651524543762207,-0.026739954948425293,-0.02629166841506958,-0.025870144367218018,-0.024499595165252686,-0.023928463459014893,-0.02368307113647461,-0.023746013641357422,-0.023231327533721924,-0.022454380989074707,-0.02061474323272705,-0.018803954124450684,-0.017608046531677246,-0.016869962215423584,-0.016316533088684082,-0.015829265117645264,-0.015251755714416504,-0.01494210958480835,-0.014207839965820312,-0.013245820999145508,-0.012203872203826904,-0.011581480503082275,-0.010814249515533447,-0.009958863258361816,-0.009066522121429443,-0.007991552352905273,-0.00716245174407959,-0.006595134735107422,-0.005345582962036133,-0.003922641277313232,-0.0026467442512512207,-0.0019729137420654297,-0.0005462169647216797,-0.0005849599838256836,-0.0037453174591064453,-0.002469778060913086,0.00035560131072998047,0.0020385384559631348,0.003058016300201416,0.003567218780517578,0.00432056188583374,0.005270600318908691,0.006030261516571045,0.006611943244934082,0.007762789726257324,0.008580684661865234,0.009306669235229492,0.010348975658416748,0.011385977268218994,0.011829555034637451,0.012241125106811523,0.012975096702575684,0.014244616031646729,0.015352368354797363,0.016360342502593994,0.01696634292602539,0.01732492446899414,0.017954766750335693,0.018952608108520508,0.020024597644805908,0.02083742618560791,0.021440744400024414,0.022386491298675537,0.02377605438232422,0.02483069896697998,0.025404512882232666,0.02547907829284668,0.026656687259674072,0.028343617916107178,0.027895987033843994,0.02689152956008911,0.02353990077972412,0.013759493827819824,0.020675361156463623,0.026202082633972168,0.028572499752044678,0.02961057424545288,0.02975285053253174,0.03033047914505005,0.030017077922821045,0.030037283897399902,0.03101038932800293,0.031683504581451416,0.0319066047668457,0.032135605812072754,0.03198522329330444,0.03071814775466919,0.029428482055664062,0.02950674295425415,0.030218958854675293,0.03061830997467041,0.030435681343078613,0.0307004451751709,0.030912041664123535,0.030796825885772705,0.03075510263442993,0.03064441680908203,0.03096240758895874,0.03134340047836304,0.031952500343322754,0.0328291654586792,0.03217810392379761,0.031540513038635254,0.03145414590835571,0.03241187334060669,0.03355687856674194,0.03081744909286499,0.024969160556793213,0.011449992656707764,-0.0068032145500183105,-0.01785033941268921,-0.025040864944458008,-0.028582632541656494,-0.02994614839553833,-0.029669880867004395,-0.029890000820159912,-0.029606103897094727,-0.030569732189178467,-0.03153812885284424,-0.032099246978759766,-0.03287696838378906,-0.033444344997406006,-0.032713890075683594,-0.030773937702178955,-0.0290336012840271,-0.028337180614471436,-0.029109597206115723,-0.02999424934387207,-0.030514538288116455,-0.03098994493484497,-0.031131386756896973,-0.03091442584991455,-0.030652523040771484,-0.030859053134918213,-0.031034529209136963,-0.0312952995300293,-0.031577110290527344,-0.03171861171722412,-0.031198084354400635,-0.031090140342712402,-0.03127408027648926,-0.03156483173370361,-0.031175315380096436,-0.02959209680557251,-0.027188420295715332,-0.020041048526763916,-0.01256471872329712,-0.01797252893447876,-0.022427260875701904,-0.02614748477935791,-0.028806686401367188,-0.029572665691375732,-0.0293615460395813,-0.02984088659286499,-0.029825270175933838,-0.030132949352264404,-0.030357420444488525,-0.030758440494537354,-0.031221330165863037,-0.0316464900970459,-0.03081268072128296,-0.029675185680389404,-0.028874456882476807,-0.028589248657226562,-0.028991997241973877,-0.02941155433654785,-0.029251933097839355,-0.02890026569366455,-0.02867412567138672,-0.02842104434967041,-0.027948498725891113,-0.027095794677734375,-0.025940418243408203,-0.025375068187713623,-0.024624228477478027,-0.022972822189331055,-0.021404504776000977,-0.019743680953979492,-0.01773691177368164,-0.015558958053588867,-0.012841224670410156,-0.009293198585510254,-0.005711019039154053,-0.007887065410614014,-0.007533133029937744,-0.0018419623374938965,0.0033313632011413574,0.007527530193328857,0.009407639503479004,0.011400759220123291,0.013882458209991455,0.01666957139968872,0.01904219388961792,0.020533978939056396,0.021952331066131592,0.023328840732574463,0.02492588758468628,0.026350975036621094,0.02688455581665039,0.02702629566192627,0.027538955211639404,0.028615295886993408,0.029600918292999268,0.029592692852020264,0.029700398445129395,0.029983699321746826,0.03037482500076294,0.03039371967315674,0.030282199382781982,0.030475854873657227,0.030860602855682373,0.03104299306869507,0.03143090009689331,0.031713128089904785,0.031425416469573975,0.03133833408355713,0.0316157341003418,0.03208351135253906,0.031787097454071045,0.03086000680923462,0.030179202556610107,0.022449791431427002
34,0.012680292129516602,0.021781742572784424,0.030579328536987305,0.03440999984741211,0.03548985719680786,0.03443962335586548,0.03166675567626953,0.027798831462860107,0.024453043937683105,0.02343052625656128,0.022943973541259766,0.02440178394317627,0.024848341941833496,0.025577008724212646,0.0270501971244812,0.02867645025253296,0.03090757131576538,0.03307902812957764,0.034526288509368896,0.035295724868774414,0.03691565990447998,0.0388411283493042,0.03992563486099243,0.04074108600616455,0.041508495807647705,0.04200899600982666,0.0422019362449646,0.04124575853347778,0.04007500410079956,0.04039281606674194,0.041941821575164795,0.043920814990997314,0.04436624050140381,0.04459744691848755,0.04524970054626465,0.04601156711578369,0.04672276973724365,0.04641324281692505,0.045779287815093994,0.04547476768493652,0.04545116424560547,0.04676032066345215,0.04694831371307373,0.04727989435195923,0.047920048236846924,0.048312366008758545,0.04917418956756592,0.049231767654418945,0.04909622669219971,0.05020713806152344,0.05025273561477661,0.05050170421600342,0.05012333393096924,0.04988133907318115,0.05032694339752197,0.05225569009780884,0.05378878116607666,0.05391585826873779,0.054775893688201904,0.05539613962173462,0.05578625202178955,0.05661541223526001,0.057023823261260986,0.05621606111526489,0.05563896894454956,0.056121230125427246,0.0571025013923645,0.055142760276794434,0.05336928367614746,0.0515596866607666,0.052055537700653076,0.05145043134689331,0.0453220009803772,0.03949207067489624,0.03301495313644409,0.0,0.0,0.0,0.0,0.0,0.0,0.0,0.0,0.0,0.0,0.0,0.0,0.0,0.0,0.0,0.0,0.0,0.0,0.0,0.0,0.0,0.0,0.0,0.0,0.0,0.0,0.0,0.0,0.0,0.0,0.0,0.0,0.0,0.0,0.0,0.0,0.0,0.0,0.0,0.0,0.0,0.0,0.0,0.0,0.0,0.0,0.0,0.0,0.0,0.0,0.0,0.0,0.0,0.0,0.0,0.0,0.0,0.0,0.0,0.0,0.0,0.0,0.0,0.0,0.0,0.0,0.0,0.0,0.0,0.0,0.0,0.0,0.0,0.0,0.0,0.0,0.0,0.0,0.0,0.0,0.0,0.0,0.0,0.0,0.0,0.0,0.0,0.0,0.0,0.0,0.0,0.0,0.0,0.0,0.0,0.0,0.0,0.0,0.0,0.0,0.0,0.0,0.0,0.0,0.0,0.0,0.0,0.0,0.0,0.0,0.0,0.0,0.0,0.0,0.0,0.0,0.0,0.0,0.0,0.0,0.0,0.0,0.0,0.0,0.0,0.0,0.0,0.0,0.0,0.0,0.0,0.0,0.0,0.0,0.0,0.0,0.0,0.0,0.0,0.0,0.0,0.0,0.0,0.0,0.0,0.0,0.0,0.0,0.0,0.0
35,0.0,0.0,0.0,0.0,0.0,0.0,0.0,0.0,0.0,0.0,0.0,0.0,0.0,0.0,0.0,0.0,0.0,0.0,0.0,0.0,0.0,0.0,0.0,0.0,0.0,0.0,0.0,0.0,0.0,0.0,0.0,0.0,0.0,0.0,0.0,0.0,0.0,0.0,0.0,0.0,0.0,0.0,0.0,0.0,0.0,0.0,0.0,0.0,0.0,0.0,0.0,0.0,0.0,0.0,0.0,0.0,0.0,0.0,0.0,0.0,0.0,0.0,0.0,0.0,0.0,0.0,0.0,0.0,0.0,0.0,0.0,0.0,0.0,0.0,0.0,0.01607292890548706,0.020218312740325928,0.021809637546539307,0.022507667541503906,0.022852540016174316,0.022809267044067383,0.0232161283493042,0.022695839405059814,0.02301555871963501,0.02369898557662964,0.025179743766784668,0.02638775110244751,0.026568889617919922,0.026511967182159424,0.026784837245941162,0.02714824676513672,0.027163565158843994,0.026946067810058594,0.027459144592285156,0.027938902378082275,0.02837550640106201,0.02858978509902954,0.028354406356811523,0.028616786003112793,0.02894270420074463,0.029283463954925537,0.029452979564666748,0.029265761375427246,0.029194891452789307,0.029298007488250732,0.029545187950134277,0.029620468616485596,0.02980935573577881,0.030068516731262207,0.030219614505767822,0.03048861026763916,0.030325472354888916,0.02982807159423828,0.02968043088912964,0.02979576587677002,0.030426859855651855,0.030448973178863525,0.030193328857421875,0.030398547649383545,0.030626893043518066,0.031102299690246582,0.03067326545715332,0.030393540859222412,0.03073859214782715,0.03110182285308838,0.03115236759185791,0.030910730361938477,0.03119528293609619,0.031603336334228516,0.03146672248840332,0.0321161150932312,0.032750725746154785,0.03288114070892334,0.03279304504394531,0.03299403190612793,0.03286069631576538,0.03263735771179199,0.032830238342285156,0.03296011686325073,0.03367495536804199,0.03411686420440674,0.033323049545288086,0.03186690807342529,0.03199779987335205,0.0336531400680542,0.03591042757034302,0.03837651014328003,0.03665602207183838,0.03097224235534668,0.02170926332473755,-0.018215477466583252,-0.02235710620880127,-0.024180948734283447,-0.024718403816223145,-0.024517059326171875,-0.024719953536987305,-0.02521061897277832,-0.02483421564102173,-0.02490943670272827,-0.02506732940673828,-0.026592135429382324,-0.027753472328186035,-0.028157174587249756,-0.0279233455657959,-0.027768492698669434,-0.028233349323272705,-0.02828580141067505,-0.028419435024261475,-0.028466880321502686,-0.02854466438293457,-0.029177427291870117,-0.029400646686553955,-0.0292741060256958,-0.028976738452911377,-0.02896493673324585,-0.029502272605895996,-0.029587268829345703,-0.02959740161895752,-0.0291784405708313,-0.02901548147201538,-0.029263079166412354,-0.029460012912750244,-0.029907286167144775,-0.029802024364471436,-0.029658794403076172,-0.02990669012069702,-0.029867947101593018,-0.029618263244628906,-0.029022693634033203,-0.02899998426437378,-0.029784798622131348,-0.029985904693603516,-0.029848575592041016,-0.029710769653320312,-0.029804587364196777,-0.030230343341827393,-0.03011465072631836,-0.030088841915130615,-0.029857099056243896,-0.030290424823760986,-0.030650854110717773,-0.030665695667266846,-0.03106921911239624,-0.030943691730499268,-0.03087073564529419,-0.031673550605773926,-0.03261411190032959,-0.03287637233734131,-0.03235769271850586,-0.0325547456741333,-0.03273123502731323,-0.032915711402893066,-0.03301048278808594,-0.03279203176498413,-0.03370624780654907,-0.034240007400512695,-0.03385967016220093,-0.032491087913513184,-0.032271742820739746,-0.034220218658447266,-0.03665560483932495,-0.039592444896698,-0.037830471992492676,-0.03158360719680786,-0.022673308849334717
36,-0.02361762523651123,-0.02810537815093994,-0.031855762004852295,-0.03412359952926636,-0.035658419132232666,-0.036875128746032715,-0.038445115089416504,-0.03972727060317993,-0.041737139225006104,-0.04307788610458374,-0.04407668113708496,-0.04414200782775879,-0.04247778654098511,-0.04114466905593872,-0.04001349210739136,-0.03997141122817993,-0.040571391582489014,-0.04190641641616821,-0.042880475521087646,-0.043468594551086426,-0.04405689239501953,-0.0447312593460083,-0.045120954513549805,-0.04519224166870117,-0.04517197608947754,-0.045395493507385254,-0.04559147357940674,-0.045565903186798096,-0.045467495918273926,-0.04565244913101196,-0.04613316059112549,-0.04750162363052368,-0.04812586307525635,-0.04861283302307129,-0.04852008819580078,-0.04901409149169922,-0.04963046312332153,-0.05014306306838989,-0.050344228744506836,-0.05068844556808472,-0.051458775997161865,-0.05261707305908203,-0.053919076919555664,-0.05451536178588867,-0.054357945919036865,-0.054511964321136475,-0.054646432399749756,-0.05487698316574097,-0.05474311113357544,-0.05445742607116699,-0.054063379764556885,-0.05368185043334961,-0.05413848161697388,-0.05500149726867676,-0.05609709024429321,-0.055918872356414795,-0.05541515350341797,-0.053712546825408936,-0.05223733186721802,-0.051602840423583984,-0.05145072937011719,-0.051464736461639404,-0.05136001110076904,-0.0514262318611145,-0.05193984508514404,-0.052279114723205566,-0.05379593372344971,-0.05624574422836304,-0.05802810192108154,-0.05889749526977539,-0.05807507038116455,-0.05538886785507202,-0.049365997314453125,-0.04014706611633301,-0.02882474660873413,0.0,0.0,0.0,0.0,0.0,0.0,0.0,0.0,0.0,0.0,0.0,0.0,0.0,0.0,0.0,0.0,0.0,0.0,0.0,0.0,0.0,0.0,0.0,0.0,0.0,0.0,0.0,0.0,0.0,0.0,0.0,0.0,0.0,0.0,0.0,0.0,0.0,0.0,0.0,0.0,0.0,0.0,0.0,0.0,0.0,0.0,0.0,0.0,0.0,0.0,0.0,0.0,0.0,0.0,0.0,0.0,0.0,0.0,0.0,0.0,0.0,0.0,0.0,0.0,0.0,0.0,0.0,0.0,0.0,0.0,0.0,0.0,0.0,0.0,0.0,0.0,0.0,0.0,0.0,0.0,0.0,0.0,0.0,0.0,0.0,0.0,0.0,0.0,0.0,0.0,0.0,0.0,0.0,0.0,0.0,0.0,0.0,0.0,0.0,0.0,0.0,0.0,0.0,0.0,0.0,0.0,0.0,0.0,0.0,0.0,0.0,0.0,0.0,0.0,0.0,0.0,0.0,0.0,0.0,0.0,0.0,0.0,0.0,0.0,0.0,0.0,0.0,0.0,0.0,0.0,0.0,0.0,0.0,0.0,0.0,0.0,0.0,0.0,0.0,0.0,0.0,0.0,0.0,0.0,0.0,0.0,0.0,0.0,0.0,0.0
37,0.0,0.0,0.0,0.0,0.0,0.0,0.0,0.0,0.0,0.0,0.0,0.0,0.0,0.0,0.0,0.0,0.0,0.0,0.0,0.0,0.0,0.0,0.0,0.0,0.0,0.0,0.0,0.0,0.0,0.0,0.0,0.0,0.0,0.0,0.0,0.0,0.0,0.0,0.0,0.0,0.0,0.0,0.0,0.0,0.0,0.0,0.0,0.0,0.0,0.0,0.0,0.0,0.0,0.0,0.0,0.0,0.0,0.0,0.0,0.0,0.0,0.0,0.0,0.0,0.0,0.0,0.0,0.0,0.0,0.0,0.0,0.0,0.0,0.0,0.0,0.0,0.0,0.0,0.0,0.0,0.0,0.0,0.0,0.0,0.0,0.0,0.0,0.0,0.0,0.0,0.0,0.0,0.0,0.0,0.0,0.0,0.0,0.0,0.0,0.0,0.0,0.0,0.0,0.0,0.0,0.0,0.0,0.0,0.0,0.0,0.0,0.0,0.0,0.0,0.0,0.0,0.0,0.0,0.0,0.0,0.0,0.0,0.0,0.0,0.0,0.0,0.0,0.0,0.0,0.0,0.0,0.0,0.0,0.0,0.0,0.0,0.0,0.0,0.0,0.0,0.0,0.0,0.0,0.0,0.0,0.0,0.0,0.0,0.0,0.0,0.0,0.0,0.0,0.0,0.0,0.0,0.0,0.0,0.0,0.0,0.0,0.0,0.0,0.0,0.0,0.0,0.0,0.0,0.0,0.0,0.0,0.0,0.0,0.0,0.0,0.0,0.0,0.0,0.0,0.0,0.0,0.0,0.0,0.0,0.0,0.0,0.0,0.0,0.0,0.0,0.0,0.0,0.0,0.0,0.0,0.0,0.0,0.0,0.0,0.0,0.0,0.0,0.0,0.0,0.0,0.0,0.0,0.0,0.0,0.0,0.0,0.0,0.0,0.0,0.0,0.0,0.0,0.0,0.0,0.0,0.0,0.0,0.0,0.0,0.0
38,0.0,0.0,0.0,0.0,0.0,0.0,0.0,0.0,0.0,0.0,0.0,0.0,0.0,0.0,0.0,0.0,0.0,0.0,0.0,0.0,0.0,0.0,0.0,0.0,0.0,0.0,0.0,0.0,0.0,0.0,0.0,0.0,0.0,0.0,0.0,0.0,0.0,0.0,0.0,0.0,0.0,0.0,0.0,0.0,0.0,0.0,0.0,0.0,0.0,0.0,0.0,0.0,0.0,0.0,0.0,0.0,0.0,0.0,0.0,0.0,0.0,0.0,0.0,0.0,0.0,0.0,0.0,0.0,0.0,0.0,0.0,0.0,0.0,0.0,0.0,-0.006012976169586182,-0.00974893569946289,-0.013216912746429443,-0.01632291078567505,-0.019012033939361572,-0.020241200923919678,-0.020755231380462646,-0.01978933811187744,-0.017236053943634033,-0.013894736766815186,-0.009400546550750732,-0.00448840856552124,0.0008367300033569336,0.006197869777679443,0.010954201221466064,0.01532679796218872,0.018351852893829346,0.0207291841506958,0.021867215633392334,0.02146965265274048,0.019701838493347168,0.01640409231185913,0.012429594993591309,0.00649714469909668,-0.00030738115310668945,-0.007144927978515625,-0.014750897884368896,-0.021120846271514893,-0.026819586753845215,-0.031131744384765625,-0.03359389305114746,-0.03422045707702637,-0.03237265348434448,-0.028253674507141113,-0.022213101387023926,-0.014984846115112305,-0.007098197937011719,0.001960456371307373,0.010745584964752197,0.018880844116210938,0.025570034980773926,0.0305669903755188,0.034170687198638916,0.03494638204574585,0.03393596410751343,0.03105849027633667,0.025916337966918945,0.01970529556274414,0.01269078254699707,0.005472958087921143,-0.0017542243003845215,-0.008760988712310791,-0.014463603496551514,-0.01941603422164917,-0.022673845291137695,-0.024613678455352783,-0.025159835815429688,-0.023775994777679443,-0.021196424961090088,-0.016928672790527344,-0.012054741382598877,-0.006105601787567139,0.0006605386734008789,0.006752669811248779,0.012923836708068848,0.017906367778778076,0.022051513195037842,0.02469456195831299,0.025690913200378418,0.025224030017852783,0.022975146770477295,0.01981508731842041,0.015801727771759033,0.011492252349853516,0.0074005126953125,0.0,0.0,0.0,0.0,0.0,0.0,0.0,0.0,0.0,0.0,0.0,0.0,0.0,0.0,0.0,0.0,0.0,0.0,0.0,0.0,0.0,0.0,0.0,0.0,0.0,0.0,0.0,0.0,0.0,0.0,0.0,0.0,0.0,0.0,0.0,0.0,0.0,0.0,0.0,0.0,0.0,0.0,0.0,0.0,0.0,0.0,0.0,0.0,0.0,0.0,0.0,0.0,0.0,0.0,0.0,0.0,0.0,0.0,0.0,0.0,0.0,0.0,0.0,0.0,0.0,0.0,0.0,0.0,0.0,0.0,0.0,0.0,0.0,0.0,0.0
39,0.0,0.0,0.0,0.0,0.0,0.0,0.0,0.0,0.0,0.0,0.0,0.0,0.0,0.0,0.0,0.0,0.0,0.0,0.0,0.0,0.0,0.0,0.0,0.0,0.0,0.0,0.0,0.0,0.0,0.0,0.0,0.0,0.0,0.0,0.0,0.0,0.0,0.0,0.0,0.0,0.0,0.0,0.0,0.0,0.0,0.0,0.0,0.0,0.0,0.0,0.0,0.0,0.0,0.0,0.0,0.0,0.0,0.0,0.0,0.0,0.0,0.0,0.0,0.0,0.0,0.0,0.0,0.0,0.0,0.0,0.0,0.0,0.0,0.0,0.0,0.000720679759979248,0.0007873773574829102,0.0009732246398925781,0.0010834932327270508,0.001298666000366211,0.001034379005432129,0.0011752843856811523,0.0010489821434020996,0.0012161731719970703,0.001309216022491455,0.0013088583946228027,0.0013179183006286621,0.0018981695175170898,0.0019429922103881836,0.0026064515113830566,0.002695441246032715,0.003124058246612549,0.0031255483627319336,0.003509998321533203,0.003845036029815674,0.004401981830596924,0.004571795463562012,0.004490852355957031,0.005209684371948242,0.0054680705070495605,0.005286812782287598,0.005303442478179932,0.004949331283569336,0.004809379577636719,0.0038048624992370605,0.00306546688079834,0.002094089984893799,0.0007906556129455566,-0.00047534704208374023,-0.0019478797912597656,-0.003983557224273682,-0.00623089075088501,-0.008072912693023682,-0.010329127311706543,-0.01225203275680542,-0.01520305871963501,-0.01752227544784546,-0.02050548791885376,-0.02248406410217285,-0.025826096534729004,-0.02805781364440918,-0.03015345335006714,-0.03217792510986328,-0.034069955348968506,-0.03630268573760986,-0.037922680377960205,-0.03927856683731079,-0.04067683219909668,-0.041525423526763916,-0.04241061210632324,-0.0426868200302124,-0.04302620887756348,-0.04244494438171387,-0.04211854934692383,-0.041260361671447754,-0.04044497013092041,-0.03957021236419678,-0.038177669048309326,-0.03663069009780884,-0.03503727912902832,-0.032922983169555664,-0.030832290649414062,-0.028785288333892822,-0.026647746562957764,-0.024288058280944824,-0.021982848644256592,-0.019718527793884277,-0.017284154891967773,-0.014906048774719238,-0.012662768363952637,0.0,0.0,0.0,0.0,0.0,0.0,0.0,0.0,0.0,0.0,0.0,0.0,0.0,0.0,0.0,0.0,0.0,0.0,0.0,0.0,0.0,0.0,0.0,0.0,0.0,0.0,0.0,0.0,0.0,0.0,0.0,0.0,0.0,0.0,0.0,0.0,0.0,0.0,0.0,0.0,0.0,0.0,0.0,0.0,0.0,0.0,0.0,0.0,0.0,0.0,0.0,0.0,0.0,0.0,0.0,0.0,0.0,0.0,0.0,0.0,0.0,0.0,0.0,0.0,0.0,0.0,0.0,0.0,0.0,0.0,0.0,0.0,0.0,0.0,0.0
40,-0.006452322006225586,-0.00788027048110962,-0.008963704109191895,-0.00977325439453125,-0.010954678058624268,-0.012376070022583008,-0.013821065425872803,-0.0149458646774292,-0.01605325937271118,-0.017322242259979248,-0.01877617835998535,-0.020500123500823975,-0.022166788578033447,-0.02301645278930664,-0.023945868015289307,-0.026096463203430176,-0.027568459510803223,-0.028733909130096436,-0.029829978942871094,-0.030963599681854248,-0.032945454120635986,-0.0340116024017334,-0.03560882806777954,-0.03621762990951538,-0.037281572818756104,-0.03893327713012695,-0.0399056077003479,-0.04064738750457764,-0.04112821817398071,-0.042320191860198975,-0.0436362624168396,-0.04482722282409668,-0.04462552070617676,-0.04540318250656128,-0.04576355218887329,-0.04633599519729614,-0.0469590425491333,-0.04658317565917969,-0.046050846576690674,-0.04629260301589966,-0.04699885845184326,-0.047031521797180176,-0.046304285526275635,-0.04505842924118042,-0.04482823610305786,-0.045248448848724365,-0.04407256841659546,-0.043444156646728516,-0.04245483875274658,-0.042287588119506836,-0.04156494140625,-0.040198564529418945,-0.039388060569763184,-0.03826141357421875,-0.03724163770675659,-0.0358845591545105,-0.0352860689163208,-0.033817827701568604,-0.03199183940887451,-0.03068697452545166,-0.02964174747467041,-0.028414547443389893,-0.02673572301864624,-0.024844229221343994,-0.02400815486907959,-0.022987782955169678,-0.021049141883850098,-0.01958441734313965,-0.01812666654586792,-0.017006278038024902,-0.016275763511657715,-0.014322400093078613,-0.013157963752746582,-0.011744022369384766,-0.01104581356048584,0.0,0.0,0.0,0.0,0.0,0.0,0.0,0.0,0.0,0.0,0.0,0.0,0.0,0.0,0.0,0.0,0.0,0.0,0.0,0.0,0.0,0.0,0.0,0.0,0.0,0.0,0.0,0.0,0.0,0.0,0.0,0.0,0.0,0.0,0.0,0.0,0.0,0.0,0.0,0.0,0.0,0.0,0.0,0.0,0.0,0.0,0.0,0.0,0.0,0.0,0.0,0.0,0.0,0.0,0.0,0.0,0.0,0.0,0.0,0.0,0.0,0.0,0.0,0.0,0.0,0.0,0.0,0.0,0.0,0.0,0.0,0.0,0.0,0.0,0.0,0.0,0.0,0.0,0.0,0.0,0.0,0.0,0.0,0.0,0.0,0.0,0.0,0.0,0.0,0.0,0.0,0.0,0.0,0.0,0.0,0.0,0.0,0.0,0.0,0.0,0.0,0.0,0.0,0.0,0.0,0.0,0.0,0.0,0.0,0.0,0.0,0.0,0.0,0.0,0.0,0.0,0.0,0.0,0.0,0.0,0.0,0.0,0.0,0.0,0.0,0.0,0.0,0.0,0.0,0.0,0.0,0.0,0.0,0.0,0.0,0.0,0.0,0.0,0.0,0.0,0.0,0.0,0.0,0.0,0.0,0.0,0.0,0.0,0.0,0.0
41,0.006342470645904541,0.00713735818862915,0.007913053035736084,0.009043693542480469,0.010648608207702637,0.011566698551177979,0.012526512145996094,0.01356363296508789,0.014600515365600586,0.01606583595275879,0.01719987392425537,0.018491268157958984,0.01976102590560913,0.02093195915222168,0.02255779504776001,0.02334386110305786,0.02467632293701172,0.025908291339874268,0.027080893516540527,0.028535962104797363,0.029230475425720215,0.03050142526626587,0.03125256299972534,0.03250986337661743,0.03382468223571777,0.03450042009353638,0.03534102439880371,0.03616899251937866,0.036854565143585205,0.037756145000457764,0.03806585073471069,0.0386163592338562,0.03877687454223633,0.0393715500831604,0.039938509464263916,0.03996306657791138,0.04018604755401611,0.0401301383972168,0.04027271270751953,0.04008889198303223,0.03969168663024902,0.03943401575088501,0.038732826709747314,0.03844249248504639,0.0379258394241333,0.037125468254089355,0.03659653663635254,0.03566169738769531,0.03507286310195923,0.034201741218566895,0.0330047607421875,0.0320354700088501,0.030939340591430664,0.030515074729919434,0.028919219970703125,0.027756929397583008,0.026687204837799072,0.025398850440979004,0.024789929389953613,0.023571789264678955,0.022265851497650146,0.020881474018096924,0.019565582275390625,0.018934309482574463,0.01752185821533203,0.016327321529388428,0.015166878700256348,0.014099180698394775,0.01343768835067749,0.012078166007995605,0.011372804641723633,0.010250389575958252,0.00938868522644043,0.009097099304199219,0.007981836795806885,0.0,0.0,0.0,0.0,0.0,0.0,0.0,0.0,0.0,0.0,0.0,0.0,0.0,0.0,0.0,0.0,0.0,0.0,0.0,0.0,0.0,0.0,0.0,0.0,0.0,0.0,0.0,0.0,0.0,0.0,0.0,0.0,0.0,0.0,0.0,0.0,0.0,0.0,0.0,0.0,0.0,0.0,0.0,0.0,0.0,0.0,0.0,0.0,0.0,0.0,0.0,0.0,0.0,0.0,0.0,0.0,0.0,0.0,0.0,0.0,0.0,0.0,0.0,0.0,0.0,0.0,0.0,0.0,0.0,0.0,0.0,0.0,0.0,0.0,0.0,0.0,0.0,0.0,0.0,0.0,0.0,0.0,0.0,0.0,0.0,0.0,0.0,0.0,0.0,0.0,0.0,0.0,0.0,0.0,0.0,0.0,0.0,0.0,0.0,0.0,0.0,0.0,0.0,0.0,0.0,0.0,0.0,0.0,0.0,0.0,0.0,0.0,0.0,0.0,0.0,0.0,0.0,0.0,0.0,0.0,0.0,0.0,0.0,0.0,0.0,0.0,0.0,0.0,0.0,0.0,0.0,0.0,0.0,0.0,0.0,0.0,0.0,0.0,0.0,0.0,0.0,0.0,0.0,0.0,0.0,0.0,0.0,0.0,0.0,0.0
42,0.005189180374145508,0.0067827701568603516,0.007526397705078125,0.007425069808959961,0.008292555809020996,0.009811222553253174,0.011258065700531006,0.011659383773803711,0.011467576026916504,0.011964380741119385,0.013544619083404541,0.014959156513214111,0.015663743019104004,0.015737593173980713,0.01679295301437378,0.018648862838745117,0.020543038845062256,0.02141880989074707,0.02172982692718506,0.022833406925201416,0.024676799774169922,0.025850772857666016,0.026004135608673096,0.025687575340270996,0.026638567447662354,0.028055429458618164,0.02927088737487793,0.029656291007995605,0.0300866961479187,0.0313183069229126,0.033306896686553955,0.034674227237701416,0.03522622585296631,0.035906076431274414,0.0374259352684021,0.03879809379577637,0.03972208499908447,0.039832353591918945,0.04005086421966553,0.040891945362091064,0.04234302043914795,0.04304474592208862,0.04280436038970947,0.042878568172454834,0.04406505823135376,0.0451582670211792,0.046518683433532715,0.04722094535827637,0.0474320650100708,0.04860413074493408,0.04951906204223633,0.05028587579727173,0.04985994100570679,0.049370527267456055,0.049478888511657715,0.04944157600402832,0.0486217737197876,0.047032058238983154,0.04562520980834961,0.04446542263031006,0.04420828819274902,0.043835461139678955,0.04275602102279663,0.04261225461959839,0.04390358924865723,0.04555732011795044,0.04598355293273926,0.04564356803894043,0.04461461305618286,0.04296952486038208,0.03886425495147705,0.034135401248931885,0.02913421392440796,0.023150742053985596,0.017956852912902832,0.00031453371047973633,-0.0001767277717590332,-0.0007827877998352051,-0.0002307891845703125,0.0005242824554443359,0.0007686614990234375,5.5670738220214844e-05,-0.0005647540092468262,-0.0002339482307434082,0.0004991888999938965,0.0006783604621887207,-2.753734588623047e-05,-0.000293731689453125,8.26716423034668e-05,0.0005869269371032715,0.0007290244102478027,-2.3305416107177734e-05,-0.0006007552146911621,-0.0001569986343383789,0.00029093027114868164,0.0002652406692504883,-0.0005932450294494629,-0.0011377334594726562,-0.0007357001304626465,-0.00027114152908325195,-0.00033545494079589844,-0.001033186912536621,-0.0010619163513183594,-0.00020682811737060547,0.0004214644432067871,0.0002097487449645996,-0.0006252527236938477,-0.0007520318031311035,-0.0002034902572631836,0.00017631053924560547,-0.0004870295524597168,-0.0016065239906311035,-0.0018014907836914062,-0.0013200044631958008,-0.0010669827461242676,-0.0015316009521484375,-0.002418816089630127,-0.002561211585998535,-0.001877427101135254,-0.001658022403717041,-0.0023092031478881836,-0.0031443238258361816,-0.0032637715339660645,-0.0031966567039489746,-0.0032967329025268555,-0.004142820835113525,-0.005366325378417969,-0.005778968334197998,-0.0058425068855285645,-0.0060530900955200195,-0.006480872631072998,-0.006907224655151367,-0.00633549690246582,-0.005714774131774902,-0.005412280559539795,-0.005585074424743652,-0.005874693393707275,-0.005367100238800049,-0.004860520362854004,-0.004721283912658691,-0.005420088768005371,-0.006095409393310547,-0.005902767181396484,-0.00544893741607666,-0.005392789840698242,-0.005948424339294434,-0.006543219089508057,-0.006287038326263428,-0.006206810474395752,-0.006206631660461426,0.0,0.0,0.0,0.0,0.0,0.0,0.0,0.0,0.0,0.0,0.0,0.0,0.0,0.0,0.0,0.0,0.0,0.0,0.0,0.0,0.0,0.0,0.0,0.0,0.0,0.0,0.0,0.0,0.0,0.0,0.0,0.0,0.0,0.0,0.0,0.0,0.0,0.0,0.0,0.0,0.0,0.0,0.0,0.0,0.0,0.0,0.0,0.0,0.0,0.0,0.0,0.0,0.0,0.0,0.0,0.0,0.0,0.0,0.0,0.0,0.0,0.0,0.0,0.0,0.0,0.0,0.0,0.0,0.0,0.0,0.0,0.0,0.0,0.0,0.0
43,0.0,0.0,0.0,0.0,0.0,0.0,0.0,0.0,0.0,0.0,0.0,0.0,0.0,0.0,0.0,0.0,0.0,0.0,0.0,0.0,0.0,0.0,0.0,0.0,0.0,0.0,0.0,0.0,0.0,0.0,0.0,0.0,0.0,0.0,0.0,0.0,0.0,0.0,0.0,0.0,0.0,0.0,0.0,0.0,0.0,0.0,0.0,0.0,0.0,0.0,0.0,0.0,0.0,0.0,0.0,0.0,0.0,0.0,0.0,0.0,0.0,0.0,0.0,0.0,0.0,0.0,0.0,0.0,0.0,0.0,0.0,0.0,0.0,0.0,0.0,0.003661811351776123,0.004219412803649902,0.004978179931640625,0.005870342254638672,0.006295263767242432,0.006732344627380371,0.007551431655883789,0.00845116376876831,0.00911855697631836,0.00951087474822998,0.010114490985870361,0.010892510414123535,0.01172548532485962,0.012305259704589844,0.012841224670410156,0.01351100206375122,0.014365792274475098,0.01510608196258545,0.01569533348083496,0.016262412071228027,0.01691567897796631,0.017824769020080566,0.0186806321144104,0.019217729568481445,0.019864022731781006,0.020675957202911377,0.02161109447479248,0.022606849670410156,0.023077666759490967,0.023548483848571777,0.024326205253601074,0.025268733501434326,0.02622389793395996,0.026825547218322754,0.027418076992034912,0.028127670288085938,0.02902078628540039,0.02989339828491211,0.03068232536315918,0.03130680322647095,0.03196495771408081,0.032895803451538086,0.033787310123443604,0.034389376640319824,0.03500014543533325,0.03601980209350586,0.03701502084732056,0.03780078887939453,0.038466811180114746,0.03927332162857056,0.04008066654205322,0.040629804134368896,0.0405392050743103,0.039348304271698,0.037515461444854736,0.035929739475250244,0.03603565692901611,0.03719830513000488,0.03885704278945923,0.04065215587615967,0.042002201080322266,0.04217934608459473,0.041356801986694336,0.04044753313064575,0.03859931230545044,0.03488361835479736,0.029166340827941895,0.024078369140625,0.019161760807037354,0.014050126075744629,0.010015010833740234,0.00881260633468628,0.009040415287017822,0.009308099746704102,0.00978916883468628,-0.006310224533081055,-0.006735265254974365,-0.007348179817199707,-0.008306503295898438,-0.00898885726928711,-0.00919407606124878,-0.009843766689300537,-0.010713696479797363,-0.011509299278259277,-0.011999428272247314,-0.012371480464935303,-0.013016045093536377,-0.013760507106781006,-0.014397919178009033,-0.014984309673309326,-0.015417814254760742,-0.016153156757354736,-0.016920268535614014,-0.017501354217529297,-0.018095195293426514,-0.018527090549468994,-0.019163012504577637,-0.01993739604949951,-0.02054542303085327,-0.02118605375289917,-0.0216330885887146,-0.022357940673828125,-0.02324855327606201,-0.02384209632873535,-0.024187684059143066,-0.024637818336486816,-0.025342345237731934,-0.0262753963470459,-0.026880085468292236,-0.027368366718292236,-0.027707576751708984,-0.028489649295806885,-0.02933645248413086,-0.030135691165924072,-0.030714750289916992,-0.03129708766937256,-0.031882643699645996,-0.0326390266418457,-0.03359878063201904,-0.034123122692108154,-0.03462249040603638,-0.03555107116699219,-0.03640812635421753,-0.03724932670593262,-0.0379599928855896,-0.038535356521606445,-0.03902232646942139,-0.03895467519760132,-0.0378149151802063,-0.03589463233947754,-0.034181952476501465,-0.03430408239364624,-0.035464704036712646,-0.03718537092208862,-0.038899898529052734,-0.04029470682144165,-0.0404585599899292,-0.03969717025756836,-0.03908085823059082,-0.03723877668380737,-0.033423006534576416,-0.02794039249420166,-0.02309519052505493,-0.01779615879058838,-0.01263439655303955,-0.008968889713287354,-0.007852613925933838,-0.008133292198181152,-0.00871497392654419,-0.009319603443145752
44,-0.005037844181060791,-0.0062430500984191895,-0.007269382476806641,-0.008495688438415527,-0.009790599346160889,-0.011381685733795166,-0.012827515602111816,-0.014094352722167969,-0.015202045440673828,-0.01656550168991089,-0.017200052738189697,-0.017872869968414307,-0.018317580223083496,-0.019328415393829346,-0.02109307050704956,-0.02307415008544922,-0.02510613203048706,-0.026775062084197998,-0.028487026691436768,-0.029919862747192383,-0.030678868293762207,-0.03076881170272827,-0.030593454837799072,-0.03070056438446045,-0.0312800407409668,-0.03218311071395874,-0.033058226108551025,-0.03464716672897339,-0.03609573841094971,-0.03733217716217041,-0.03862720727920532,-0.039356768131256104,-0.03980982303619385,-0.04079627990722656,-0.0418086051940918,-0.042475759983062744,-0.04325038194656372,-0.04382169246673584,-0.04442417621612549,-0.04490768909454346,-0.04561960697174072,-0.04554855823516846,-0.04539519548416138,-0.045332908630371094,-0.04549705982208252,-0.04591947793960571,-0.04605311155319214,-0.04599606990814209,-0.046328186988830566,-0.04729723930358887,-0.04871082305908203,-0.05036526918411255,-0.05205070972442627,-0.052163898944854736,-0.051855385303497314,-0.0514601469039917,-0.05059206485748291,-0.04920029640197754,-0.0472491979598999,-0.04530620574951172,-0.04354739189147949,-0.04259324073791504,-0.0416523814201355,-0.041527628898620605,-0.04190659523010254,-0.042914748191833496,-0.0433124303817749,-0.043061792850494385,-0.04267245531082153,-0.04202932119369507,-0.039912402629852295,-0.03593629598617554,-0.03153926134109497,-0.026205837726593018,-0.020662665367126465,0.0,0.0,0.0,0.0,0.0,0.0,0.0,0.0,0.0,0.0,0.0,0.0,0.0,0.0,0.0,0.0,0.0,0.0,0.0,0.0,0.0,0.0,0.0,0.0,0.0,0.0,0.0,0.0,0.0,0.0,0.0,0.0,0.0,0.0,0.0,0.0,0.0,0.0,0.0,0.0,0.0,0.0,0.0,0.0,0.0,0.0,0.0,0.0,0.0,0.0,0.0,0.0,0.0,0.0,0.0,0.0,0.0,0.0,0.0,0.0,0.0,0.0,0.0,0.0,0.0,0.0,0.0,0.0,0.0,0.0,0.0,0.0,0.0,0.0,0.0,0.0,0.0,0.0,0.0,0.0,0.0,0.0,0.0,0.0,0.0,0.0,0.0,0.0,0.0,0.0,0.0,0.0,0.0,0.0,0.0,0.0,0.0,0.0,0.0,0.0,0.0,0.0,0.0,0.0,0.0,0.0,0.0,0.0,0.0,0.0,0.0,0.0,0.0,0.0,0.0,0.0,0.0,0.0,0.0,0.0,0.0,0.0,0.0,0.0,0.0,0.0,0.0,0.0,0.0,0.0,0.0,0.0,0.0,0.0,0.0,0.0,0.0,0.0,0.0,0.0,0.0,0.0,0.0,0.0,0.0,0.0,0.0,0.0,0.0,0.0
45,0.016904830932617188,0.019168317317962646,0.022093892097473145,0.025194823741912842,0.027162790298461914,0.026816129684448242,0.02694147825241089,0.02781975269317627,0.02782219648361206,0.027351975440979004,0.027043819427490234,0.027012884616851807,0.02751743793487549,0.02823573350906372,0.02922356128692627,0.029530048370361328,0.029349803924560547,0.028963923454284668,0.029677629470825195,0.03037893772125244,0.030484139919281006,0.029832541942596436,0.028958559036254883,0.02888387441635132,0.029389023780822754,0.02976536750793457,0.030169546604156494,0.03025686740875244,0.03058522939682007,0.031163334846496582,0.03163492679595947,0.032447993755340576,0.0327988862991333,0.03339463472366333,0.03375875949859619,0.03428995609283447,0.034637391567230225,0.034233808517456055,0.03371697664260864,0.033843040466308594,0.034232914447784424,0.034455835819244385,0.03460055589675903,0.03616011142730713,0.038488149642944336,0.037431299686431885,0.03454655408859253,0.031529903411865234,0.03255802392959595,0.03576529026031494,0.03912937641143799,0.03839319944381714,0.03423982858657837,0.03235983848571777,0.03141254186630249,0.029661476612091064,0.026024997234344482,0.023006558418273926,0.026015400886535645,0.02864658832550049,0.029555141925811768,0.028765439987182617,0.029649019241333008,0.029827237129211426,0.028444349765777588,0.0280877947807312,0.027815163135528564,0.027775228023529053,0.02811986207962036,0.02642977237701416,0.023536264896392822,0.02341639995574951,0.0216829776763916,0.01926124095916748,0.015894532203674316,-0.0010013580322265625,-0.0012060999870300293,-0.0017049908638000488,-0.002894759178161621,-0.0032867789268493652,-0.0029910802841186523,-0.004102528095245361,-0.006151020526885986,-0.006675302982330322,-0.006408989429473877,-0.006154298782348633,-0.006349921226501465,-0.007307589054107666,-0.008810043334960938,-0.009769976139068604,-0.010785996913909912,-0.011060714721679688,-0.011391222476959229,-0.011845409870147705,-0.011944472789764404,-0.012574493885040283,-0.013162672519683838,-0.01392453908920288,-0.014550924301147461,-0.014888882637023926,-0.015443980693817139,-0.015990793704986572,-0.01678985357284546,-0.017394840717315674,-0.01777946949005127,-0.018334925174713135,-0.01904088258743286,-0.020230591297149658,-0.020814716815948486,-0.02147519588470459,-0.02240431308746338,-0.0232812762260437,-0.023898005485534668,-0.02368021011352539,-0.023759305477142334,-0.024565577507019043,-0.02557319402694702,-0.02655947208404541,-0.028266549110412598,-0.030733704566955566,-0.030212104320526123,-0.027818620204925537,-0.025337576866149902,-0.026111483573913574,-0.029498636722564697,-0.033202409744262695,-0.03300076723098755,-0.029497504234313965,-0.027582108974456787,-0.026586294174194336,-0.02513974905014038,-0.022204339504241943,-0.019614756107330322,-0.022369742393493652,-0.025156855583190918,-0.02649325132369995,-0.02614271640777588,-0.027444183826446533,-0.02747887372970581,-0.026545405387878418,-0.026344358921051025,-0.02625805139541626,-0.02649778127670288,-0.02696216106414795,-0.025466561317443848,-0.02290332317352295,-0.023400425910949707,-0.021380305290222168,-0.018861830234527588,-0.015602350234985352,-0.004776179790496826,-0.004907071590423584,-0.00568920373916626,-0.0058509111404418945,-0.006453096866607666,-0.007192015647888184,-0.0076198577880859375,-0.009100556373596191,-0.009926795959472656,-0.010275304317474365,-0.009986340999603271,-0.01052004098892212,-0.01182413101196289,-0.012272059917449951,-0.012776434421539307,-0.012880206108093262,-0.013403654098510742,-0.01421135663986206,-0.014819920063018799,-0.015170872211456299,-0.01538926362991333,-0.015930235385894775,-0.016727805137634277,-0.01697993278503418,-0.01734095811843872,-0.017317771911621094,-0.01797020435333252,-0.01893681287765503,-0.019590556621551514,-0.01997774839401245,-0.02009958028793335,-0.020561158657073975,-0.021396994590759277,-0.02220296859741211,-0.022831082344055176,-0.02352428436279297,-0.024605274200439453,-0.025252103805541992,-0.02474433183670044,-0.02489793300628662,-0.025417983531951904,-0.02708953619003296,-0.02830970287322998,-0.029413342475891113,-0.03128844499588013,-0.030225515365600586,-0.027605533599853516,-0.024902820587158203,-0.026262342929840088,-0.02987849712371826,-0.03324204683303833,-0.033501505851745605,-0.030189812183380127,-0.027790546417236328,-0.026539504528045654,-0.02498185634613037,-0.022007763385772705,-0.019492685794830322,-0.022519409656524658,-0.0254705548286438,-0.026575088500976562,-0.026348888874053955,-0.02725905179977417,-0.028289794921875,-0.027509629726409912,-0.026893317699432373,-0.02804100513458252,-0.029207229614257812,-0.027751028537750244,-0.02515345811843872,-0.02275639772415161,-0.023166239261627197,-0.021011769771575928,-0.017530083656311035,-0.014740407466888428
