model_id,channel_44_1,channel_44_2,channel_44_3,channel_44_4,channel_44_5,channel_44_6,channel_44_7,channel_44_8,channel_44_9,channel_44_10,channel_44_11,channel_44_12,channel_44_13,channel_44_14,channel_44_15,channel_44_16,channel_44_17,channel_44_18,channel_44_19,channel_44_20,channel_44_21,channel_44_22,channel_44_23,channel_44_24,channel_44_25,channel_44_26,channel_44_27,channel_44_28,channel_44_29,channel_44_30,channel_44_31,channel_44_32,channel_44_33,channel_44_34,channel_44_35,channel_44_36,channel_44_37,channel_44_38,channel_44_39,channel_44_40,channel_44_41,channel_44_42,channel_44_43,channel_44_44,channel_44_45,channel_44_46,channel_44_47,channel_44_48,channel_44_49,channel_44_50,channel_44_51,channel_44_52,channel_44_53,channel_44_54,channel_44_55,channel_44_56,channel_44_57,channel_44_58,channel_44_59,channel_44_60,channel_44_61,channel_44_62,channel_44_63,channel_44_64,channel_44_65,channel_44_66,channel_44_67,channel_44_68,channel_44_69,channel_44_70,channel_44_71,channel_44_72,channel_44_73,channel_44_74,channel_44_75,channel_45_1,channel_45_2,channel_45_3,channel_45_4,channel_45_5,channel_45_6,channel_45_7,channel_45_8,channel_45_9,channel_45_10,channel_45_11,channel_45_12,channel_45_13,channel_45_14,channel_45_15,channel_45_16,channel_45_17,channel_45_18,channel_45_19,channel_45_20,channel_45_21,channel_45_22,channel_45_23,channel_45_24,channel_45_25,channel_45_26,channel_45_27,channel_45_28,channel_45_29,channel_45_30,channel_45_31,channel_45_32,channel_45_33,channel_45_34,channel_45_35,channel_45_36,channel_45_37,channel_45_38,channel_45_39,channel_45_40,channel_45_41,channel_45_42,channel_45_43,channel_45_44,channel_45_45,channel_45_46,channel_45_47,channel_45_48,channel_45_49,channel_45_50,channel_45_51,channel_45_52,channel_45_53,channel_45_54,channel_45_55,channel_45_56,channel_45_57,channel_45_58,channel_45_59,channel_45_60,channel_45_61,channel_45_62,channel_45_63,channel_45_64,channel_45_65,channel_45_66,channel_45_67,channel_45_68,channel_45_69,channel_45_70,channel_45_71,channel_45_72,channel_45_73,channel_45_74,channel_45_75,channel_46_1,channel_46_2,channel_46_3,channel_46_4,channel_46_5,channel_46_6,channel_46_7,channel_46_8,channel_46_9,channel_46_10,channel_46_11,channel_46_12,channel_46_13,channel_46_14,channel_46_15,channel_46_16,channel_46_17,channel_46_18,channel_46_19,channel_46_20,channel_46_21,channel_46_22,channel_46_23,channel_46_24,channel_46_25,channel_46_26,channel_46_27,channel_46_28,channel_46_29,channel_46_30,channel_46_31,channel_46_32,channel_46_33,channel_46_34,channel_46_35,channel_46_36,channel_46_37,channel_46_38,channel_46_39,channel_46_40,channel_46_41,channel_46_42,channel_46_43,channel_46_44,channel_46_45,channel_46_46,channel_46_47,channel_46_48,channel_46_49,channel_46_50,channel_46_51,channel_46_52,channel_46_53,channel_46_54,channel_46_55,channel_46_56,channel_46_57,channel_46_58,channel_46_59,channel_46_60,channel_46_61,channel_46_62,channel_46_63,channel_46_64,channel_46_65,channel_46_66,channel_46_67,channel_46_68,channel_46_69,channel_46_70,channel_46_71,channel_46_72,channel_46_73,channel_46_74,channel_46_75
1,0.0,0.0,0.0,0.0,0.0,0.0,0.0,0.0,0.0,0.0,0.0,0.0,0.0,0.0,0.0,0.0,0.0,0.0,0.0,0.0,0.0,0.0,0.0,0.0,0.0,0.0,0.0,0.0,0.0,0.0,0.0,0.0,0.0,0.0,0.0,0.0,0.0,0.0,0.0,0.0,0.0,0.0,0.0,0.0,0.0,0.0,0.0,0.0,0.0,0.0,0.0,0.0,0.0,0.0,0.0,0.0,0.0,0.0,0.0,0.0,0.0,0.0,0.0,0.0,0.0,0.0,0.0,0.0,0.0,0.0,0.0,0.0,0.0,0.0,0.0,0.0,0.0,0.0,0.0,0.0,0.0,0.0,0.0,0.0,0.0,0.0,0.0,0.0,0.0,0.0,0.0,0.0,0.0,0.0,0.0,0.0,0.0,0.0,0.0,0.0,0.0,0.0,0.0,0.0,0.0,0.0,0.0,0.0,0.0,0.0,0.0,0.0,0.0,0.0,0.0,0.0,0.0,0.0,0.0,0.0,0.0,0.0,0.0,0.0,0.0,0.0,0.0,0.0,0.0,0.0,0.0,0.0,0.0,0.0,0.0,0.0,0.0,0.0,0.0,0.0,0.0,0.0,0.0,0.0,0.0,0.0,0.0,0.0,0.0,0.0,-0.006118420338520344,-0.007340123723683554,-0.008826790787990686,-0.010318650056617522,-0.012538784955319937,-0.014490840842424007,-0.01573754526114615,-0.017026833879069034,-0.01835622761448564,-0.02024695686704164,-0.021120026682072596,-0.02162559959787078,-0.021660130826258155,-0.021375115070284657,-0.021637864932365622,-0.02052571028170299,-0.018973603602167127,-0.016777061145180457,-0.01418212029826939,-0.01189152572218403,-0.008409593695735419,-0.004447001071396506,-3.42359960719365e-05,0.004242696582021739,0.008165447051697,0.013042531671623213,0.017921497985504794,0.022807539459522286,0.02723556519564884,0.03071984195094937,0.034534906626219705,0.03799076304525322,0.04077372869720806,0.042730213579376994,0.04352315127488875,0.04432496399341081,0.04420534409949848,0.04375407557462949,0.04189270799314405,0.03922137821135661,0.03667275040292826,0.03341053833310322,0.03009723157207393,0.025549748795199917,0.02069201805924001,0.016286370140217735,0.011921666768403527,0.007602688445747134,0.002860721925775135,-0.0015811532916396003,-0.005201666173402715,-0.008535587422954594,-0.011331470410159906,-0.014424455396973878,-0.01671220395558749,-0.018108187629060975,-0.019184534456381692,-0.019725661535565445,-0.020628737509630426,-0.02055599768260349,-0.02008297704141866,-0.01921015398247276,-0.018039472020026166,-0.017641011414587095,-0.016400792974281472,-0.01479926198623544,-0.012984477622298313,-0.011364216443957813,-0.010569672459220187,-0.009141809558576864,-0.007499203035128377,-0.005908913752957877,-0.0045645433632848014,-0.004114933587957763,-0.0030360026540058927
2,0.0,0.0,0.0,0.0,0.0,0.0,0.0,0.0,0.0,0.0,0.0,0.0,0.0,0.0,0.0,0.0,0.0,0.0,0.0,0.0,0.0,0.0,0.0,0.0,0.0,0.0,0.0,0.0,0.0,0.0,0.0,0.0,0.0,0.0,0.0,0.0,0.0,0.0,0.0,0.0,0.0,0.0,0.0,0.0,0.0,0.0,0.0,0.0,0.0,0.0,0.0,0.0,0.0,0.0,0.0,0.0,0.0,0.0,0.0,0.0,0.0,0.0,0.0,0.0,0.0,0.0,0.0,0.0,0.0,0.0,0.0,0.0,0.0,0.0,0.0,0.0,0.0,0.0,0.0,0.0,0.0,0.0,0.0,0.0,0.0,0.0,0.0,0.0,0.0,0.0,0.0,0.0,0.0,0.0,0.0,0.0,0.0,0.0,0.0,0.0,0.0,0.0,0.0,0.0,0.0,0.0,0.0,0.0,0.0,0.0,0.0,0.0,0.0,0.0,0.0,0.0,0.0,0.0,0.0,0.0,0.0,0.0,0.0,0.0,0.0,0.0,0.0,0.0,0.0,0.0,0.0,0.0,0.0,0.0,0.0,0.0,0.0,0.0,0.0,0.0,0.0,0.0,0.0,0.0,0.0,0.0,0.0,0.0,0.0,0.0,0.022884886909667376,0.03021570907097769,0.03455094610819934,0.035855275026719445,0.035034509999386,0.034654617654230876,0.036129918859012934,0.037682765439273416,0.03872569490888192,0.039193429216829966,0.03986616704384022,0.040674484748139415,0.041143004671040095,0.04080077923811405,0.04070295098488265,0.04155607762732451,0.04261534693675137,0.042469689548854266,0.04167281888642026,0.04076133929082816,0.04060042454895309,0.04111870637013651,0.041191978451047453,0.040486151924152974,0.03922294662908908,0.0384244634537886,0.03805381925087761,0.037680146914638696,0.03723843511285821,0.0362753139677333,0.037129008173013095,0.03797746360072627,0.03826051513609966,0.03710179676507842,0.03263664479487657,0.024497918427155204,0.011059806241543202,-0.004636681155757619,-0.01747214808707419,-0.026497667771139065,-0.03104427197577774,-0.03211495631242661,-0.03262791006150317,-0.03434211160388598,-0.03609961659382067,-0.037395794335610716,-0.03839676373715082,-0.03984143143383272,-0.04109815137582634,-0.04178778028412706,-0.041623665371585,-0.0418573243025743,-0.04289890353582774,-0.04402624221801363,-0.043956149274701095,-0.0430821787096831,-0.041966788231054056,-0.04100766544710406,-0.041124593909291914,-0.04069725930758726,-0.03960922629280364,-0.038410556745945956,-0.03809641002935466,-0.03834545251765811,-0.03837219947765406,-0.0379463510098011,-0.03753225549784707,-0.03842563012685191,-0.03927475461949555,-0.039582220776933574,-0.038877217248345614,-0.03684408783385171,-0.03336570407580633,-0.02620682024918374,-0.017178151525772636
3,0.0,0.0,0.0,0.0,0.0,0.0,0.0,0.0,0.0,0.0,0.0,0.0,0.0,0.0,0.0,0.0,0.0,0.0,0.0,0.0,0.0,0.0,0.0,0.0,0.0,0.0,0.0,0.0,0.0,0.0,0.0,0.0,0.0,0.0,0.0,0.0,0.0,0.0,0.0,0.0,0.0,0.0,0.0,0.0,0.0,0.0,0.0,0.0,0.0,0.0,0.0,0.0,0.0,0.0,0.0,0.0,0.0,0.0,0.0,0.0,0.0,0.0,0.0,0.0,0.0,0.0,0.0,0.0,0.0,0.0,0.0,0.0,0.0,0.0,0.0,0.0,0.0,0.0,0.0,0.0,0.0,0.0,0.0,0.0,0.0,0.0,0.0,0.0,0.0,0.0,0.0,0.0,0.0,0.0,0.0,0.0,0.0,0.0,0.0,0.0,0.0,0.0,0.0,0.0,0.0,0.0,0.0,0.0,0.0,0.0,0.0,0.0,0.0,0.0,0.0,0.0,0.0,0.0,0.0,0.0,0.0,0.0,0.0,0.0,0.0,0.0,0.0,0.0,0.0,0.0,0.0,0.0,0.0,0.0,0.0,0.0,0.0,0.0,0.0,0.0,0.0,0.0,0.0,0.0,0.0,0.0,0.0,0.0,0.0,0.0,0.001296129034969104,0.00361349123691082,0.005603798288322295,0.005727010510616084,0.004125855541357417,0.004807204758341637,0.007642191926310757,0.0105894189157222,0.011436705876012457,0.010693669466102318,0.01267363671524243,0.01696250273964461,0.020659319486014436,0.02257210145886073,0.023129822709690825,0.02639767774426503,0.03145852876811661,0.0359306558833875,0.037910745540723614,0.03868048921728484,0.041424169686907604,0.04573690639190317,0.048350011672987595,0.047899687640652555,0.04607688808170311,0.045779843808736384,0.04637512188415377,0.04492860462682253,0.040818303529120865,0.03555657456974873,0.032614888562822485,0.030524674879743266,0.027221103387561566,0.021311624521220582,0.015388691813116777,0.012755826172267887,0.011359140406928314,0.008770912567433339,0.004108011101815199,0.00025157730152622934,-0.0004398133362140009,-0.00020071728839116945,-0.001121554247156328,-0.004533419759209581,-0.007063770937009014,-0.006848236302084511,-0.006553954825308343,-0.008018263998391173,-0.012193526619721382,-0.015936616934863427,-0.01685252262038799,-0.01799212663382571,-0.02141835316668726,-0.026957133003258457,-0.031190369469311422,-0.03279570482137746,-0.034952537261611336,-0.03816093332403746,-0.042930968421632555,-0.045542549268587945,-0.04519626604040038,-0.044648998758792156,-0.04473373368629017,-0.0462712134518904,-0.04502803182981767,-0.040391825044744124,-0.03613165989373831,-0.033388588052300425,-0.03197654629674025,-0.028095705992137846,-0.02181784829076484,-0.016411288158466868,-0.013702495189397933,-0.012438260063732711,-0.009378886655323597
4,0.0,0.0,0.0,0.0,0.0,0.0,0.0,0.0,0.0,0.0,0.0,0.0,0.0,0.0,0.0,0.0,0.0,0.0,0.0,0.0,0.0,0.0,0.0,0.0,0.0,0.0,0.0,0.0,0.0,0.0,0.0,0.0,0.0,0.0,0.0,0.0,0.0,0.0,0.0,0.0,0.0,0.0,0.0,0.0,0.0,0.0,0.0,0.0,0.0,0.0,0.0,0.0,0.0,0.0,0.0,0.0,0.0,0.0,0.0,0.0,0.0,0.0,0.0,0.0,0.0,0.0,0.0,0.0,0.0,0.0,0.0,0.0,0.0,0.0,0.0,0.0054336637258528,0.0035726279020309006,0.0040528625249862,0.0062938556075095,0.0083696767687797,0.0091071724891662,0.007606878876686,0.0085772946476935,0.0117071643471717,0.0142206028103827,0.0151032209396361,0.0142279863357543,0.016100652515888096,0.019765749573707497,0.022825323045253698,0.023726023733615795,0.023468129336833895,0.026081211864948196,0.030089676380157398,0.033540792763233095,0.03495816886425009,0.03530852496623979,0.03841416537761679,0.04238022863864889,0.045513473451137494,0.046396508812904295,0.046496681869029895,0.049179874360561295,0.052346646785735994,0.054475419223308494,0.053885631263256,0.0526937842369079,0.0541619956493377,0.0559526160359382,0.0563785880804061,0.0538846775889396,0.0513781011104583,0.0515198856592177,0.0516488254070281,0.0501378998160361,0.0460218563675879,0.0426069423556327,0.0419336557388305,0.0406562164425849,0.0382219702005386,0.0336126536130904,0.030034720897674505,0.029094509780406903,0.027816876769065805,0.025448791682720105,0.0209129750728606,0.0180275812745094,0.0174675509333609,0.0167483091354369,0.014859534800052603,0.010755278170108703,0.008919082581996803,0.009340666234493204,0.009287133812904304,0.007900543510913804,0.004521161317825203,0.003657899796962603,0.004885636270046102,0.005390554666519103,0.004312336444854602,0.0013866052031516027,0.001159690320491702,0.002707399427890702,0.0034940317273139017,0.0023056119680404013,-0.00029702484607689817,7.638335227963914e-05,0.0016814544796943014,0.002435021102428301,0.0012886971235275008,0.0,0.0,0.0,0.0,0.0,0.0,0.0,0.0,0.0,0.0,0.0,0.0,0.0,0.0,0.0,0.0,0.0,0.0,0.0,0.0,0.0,0.0,0.0,0.0,0.0,0.0,0.0,0.0,0.0,0.0,0.0,0.0,0.0,0.0,0.0,0.0,0.0,0.0,0.0,0.0,0.0,0.0,0.0,0.0,0.0,0.0,0.0,0.0,0.0,0.0,0.0,0.0,0.0,0.0,0.0,0.0,0.0,0.0,0.0,0.0,0.0,0.0,0.0,0.0,0.0,0.0,0.0,0.0,0.0,0.0,0.0,0.0,0.0,0.0,0.0
5,-0.014483386098547145,-0.016657769696961762,-0.0198447572517996,-0.024019433197050858,-0.026258832864823906,-0.027664296158354258,-0.03055788899022347,-0.03438362491973153,-0.03869731225169638,-0.04091060880021343,-0.04241713942086953,-0.04515449408902897,-0.04868363664954428,-0.05181083554640025,-0.05259296179633219,-0.05307126727177653,-0.05437627256816824,-0.05634583602464888,-0.05757033065851615,-0.056395529946291684,-0.05493570706073655,-0.05404253392895749,-0.05381717473184215,-0.052992553235206796,-0.04994477923681109,-0.04703908480507958,-0.044812044750389454,-0.043532416344373256,-0.041527184678489065,-0.03782344444540716,-0.034453020882249275,-0.03227029544953644,-0.03095771709249915,-0.029134575646517745,-0.025721564141573665,-0.023063343081000127,-0.021530407764571827,-0.021492821086859633,-0.020119532031405367,-0.017164218104082495,-0.015573853107528882,-0.014922615469208195,-0.015399709632665804,-0.014401342636521746,-0.012016863159710603,-0.01094188434454878,-0.010721917936608205,-0.011362437375008451,-0.010296928148960986,-0.007970013715355852,-0.007016930742152755,-0.006812421434373555,-0.007421106500666637,-0.006351859942399768,-0.004128221697460336,-0.003093894838127091,-0.0031734438675937106,-0.003769806235699381,-0.002578245140287947,-0.0006694731707716523,-9.314060772281979e-05,-0.00043010415107803544,-0.0011813080801157095,-0.00028078378820578715,0.0013101584861648133,0.0014682047925586948,0.0009051841771507602,1.9798342877057167e-05,0.0010294481564934249,0.0022993007789574734,0.0020965108385615936,0.001232315202881653,0.0005262792682889361,0.0014618380143556543,0.002619340035749621,0.0,0.0,0.0,0.0,0.0,0.0,0.0,0.0,0.0,0.0,0.0,0.0,0.0,0.0,0.0,0.0,0.0,0.0,0.0,0.0,0.0,0.0,0.0,0.0,0.0,0.0,0.0,0.0,0.0,0.0,0.0,0.0,0.0,0.0,0.0,0.0,0.0,0.0,0.0,0.0,0.0,0.0,0.0,0.0,0.0,0.0,0.0,0.0,0.0,0.0,0.0,0.0,0.0,0.0,0.0,0.0,0.0,0.0,0.0,0.0,0.0,0.0,0.0,0.0,0.0,0.0,0.0,0.0,0.0,0.0,0.0,0.0,0.0,0.0,0.0,0.0,0.0,0.0,0.0,0.0,0.0,0.0,0.0,0.0,0.0,0.0,0.0,0.0,0.0,0.0,0.0,0.0,0.0,0.0,0.0,0.0,0.0,0.0,0.0,0.0,0.0,0.0,0.0,0.0,0.0,0.0,0.0,0.0,0.0,0.0,0.0,0.0,0.0,0.0,0.0,0.0,0.0,0.0,0.0,0.0,0.0,0.0,0.0,0.0,0.0,0.0,0.0,0.0,0.0,0.0,0.0,0.0,0.0,0.0,0.0,0.0,0.0,0.0,0.0,0.0,0.0,0.0,0.0,0.0,0.0,0.0,0.0,0.0,0.0,0.0
6,0.009267908515527591,0.011088866392930068,0.011913257269122282,0.012835392761684234,0.015174244310658218,0.01767024076014908,0.020420651949058222,0.022531737582161003,0.024600738865719864,0.0278728825143242,0.031206489819798445,0.0347769236269334,0.037443512523472444,0.040246155934414246,0.04391422103708347,0.047056418221060055,0.05017354018161211,0.05223152333463198,0.054561637635264774,0.056957721928644664,0.05861710666172751,0.05991717100566726,0.06015380877778825,0.06064311473455642,0.06126813779262809,0.060969278501480886,0.060110752648150224,0.05824516632445631,0.05687158189104661,0.055556874736483526,0.05356762995658307,0.051304912736245115,0.048239674208277496,0.04616585860912972,0.043701167067174404,0.04157941774512127,0.039280967206697305,0.036239715651996414,0.03393928390237453,0.031966918719828326,0.03001210570587978,0.028099755825238184,0.02594033341234635,0.02452216129570964,0.02349445994514632,0.02204561514681652,0.020752386937927626,0.019520142719397757,0.018834832508579088,0.01802267001342847,0.01735374546647827,0.016558992273108,0.015499629319508849,0.015338910796118878,0.014437340271246235,0.014067606808942623,0.012941272661516281,0.011854950976465769,0.011475343286433631,0.010882018925991114,0.010460326053552956,0.009471874990467446,0.008198396532929171,0.007909559470800388,0.007651317148141183,0.007175482971867116,0.006032150350022574,0.005385371611155696,0.004986158898433642,0.004631561099499018,0.004452353367062653,0.0034136934485103194,0.0028970701486185006,0.003166395232627646,0.0028381916256662834,0.0,0.0,0.0,0.0,0.0,0.0,0.0,0.0,0.0,0.0,0.0,0.0,0.0,0.0,0.0,0.0,0.0,0.0,0.0,0.0,0.0,0.0,0.0,0.0,0.0,0.0,0.0,0.0,0.0,0.0,0.0,0.0,0.0,0.0,0.0,0.0,0.0,0.0,0.0,0.0,0.0,0.0,0.0,0.0,0.0,0.0,0.0,0.0,0.0,0.0,0.0,0.0,0.0,0.0,0.0,0.0,0.0,0.0,0.0,0.0,0.0,0.0,0.0,0.0,0.0,0.0,0.0,0.0,0.0,0.0,0.0,0.0,0.0,0.0,0.0,0.0,0.0,0.0,0.0,0.0,0.0,0.0,0.0,0.0,0.0,0.0,0.0,0.0,0.0,0.0,0.0,0.0,0.0,0.0,0.0,0.0,0.0,0.0,0.0,0.0,0.0,0.0,0.0,0.0,0.0,0.0,0.0,0.0,0.0,0.0,0.0,0.0,0.0,0.0,0.0,0.0,0.0,0.0,0.0,0.0,0.0,0.0,0.0,0.0,0.0,0.0,0.0,0.0,0.0,0.0,0.0,0.0,0.0,0.0,0.0,0.0,0.0,0.0,0.0,0.0,0.0,0.0,0.0,0.0,0.0,0.0,0.0,0.0,0.0,0.0
7,0.0,0.0,0.0,0.0,0.0,0.0,0.0,0.0,0.0,0.0,0.0,0.0,0.0,0.0,0.0,0.0,0.0,0.0,0.0,0.0,0.0,0.0,0.0,0.0,0.0,0.0,0.0,0.0,0.0,0.0,0.0,0.0,0.0,0.0,0.0,0.0,0.0,0.0,0.0,0.0,0.0,0.0,0.0,0.0,0.0,0.0,0.0,0.0,0.0,0.0,0.0,0.0,0.0,0.0,0.0,0.0,0.0,0.0,0.0,0.0,0.0,0.0,0.0,0.0,0.0,0.0,0.0,0.0,0.0,0.0,0.0,0.0,0.0,0.0,0.0,-0.027309901629639942,-0.03125281214994541,-0.03499077281213932,-0.03685293189815103,-0.0380417072503938,-0.039078176930919334,-0.03982809689247955,-0.039494633800083334,-0.03788546845082718,-0.03613235745512715,-0.034657609156129504,-0.03380114929249059,-0.03257703401064641,-0.03047380069269618,-0.02859152127532849,-0.02715193458508327,-0.02633825093368103,-0.02520829121765973,-0.02340410929491818,-0.022121770416234112,-0.021252038858913434,-0.020906460366123154,-0.019764783516910023,-0.017828189965715287,-0.016200014893962417,-0.015092311587862086,-0.01459253079795637,-0.013010514825985177,-0.010986024144523356,-0.009385863140852546,-0.008421101667527853,-0.00786026104845676,-0.006315160354911936,-0.004454532777950241,-0.002983088031216804,-0.0021290571465343022,-0.0014555937152220264,7.318018816045949e-05,0.0020082291267648827,0.003321056035086521,0.004158293404953222,0.005006020937271811,0.006978849408849748,0.009066113825659614,0.01065610249079498,0.011723831162054287,0.012756084705844993,0.01474680955542312,0.01652234178914485,0.017732380724706447,0.01813603423706927,0.018680165427081147,0.020161573473229704,0.021656948901935383,0.02274899048457384,0.023162786505952663,0.023918975752821363,0.025800117063342867,0.028117246662418018,0.02983161524889099,0.03095491500514875,0.032723359539353465,0.03512831115928849,0.03745393448223412,0.03881027813950287,0.03895036455687448,0.03894489070573387,0.039773617875230115,0.03952451994153533,0.037745401587005734,0.035074270440024466,0.03189573904427038,0.02909724624899636,0.025745513646550693,0.02144982815502451,0.0,0.0,0.0,0.0,0.0,0.0,0.0,0.0,0.0,0.0,0.0,0.0,0.0,0.0,0.0,0.0,0.0,0.0,0.0,0.0,0.0,0.0,0.0,0.0,0.0,0.0,0.0,0.0,0.0,0.0,0.0,0.0,0.0,0.0,0.0,0.0,0.0,0.0,0.0,0.0,0.0,0.0,0.0,0.0,0.0,0.0,0.0,0.0,0.0,0.0,0.0,0.0,0.0,0.0,0.0,0.0,0.0,0.0,0.0,0.0,0.0,0.0,0.0,0.0,0.0,0.0,0.0,0.0,0.0,0.0,0.0,0.0,0.0,0.0,0.0
8,0.0,0.0,0.0,0.0,0.0,0.0,0.0,0.0,0.0,0.0,0.0,0.0,0.0,0.0,0.0,0.0,0.0,0.0,0.0,0.0,0.0,0.0,0.0,0.0,0.0,0.0,0.0,0.0,0.0,0.0,0.0,0.0,0.0,0.0,0.0,0.0,0.0,0.0,0.0,0.0,0.0,0.0,0.0,0.0,0.0,0.0,0.0,0.0,0.0,0.0,0.0,0.0,0.0,0.0,0.0,0.0,0.0,0.0,0.0,0.0,0.0,0.0,0.0,0.0,0.0,0.0,0.0,0.0,0.0,0.0,0.0,0.0,0.0,0.0,0.0,0.0,0.0,0.0,0.0,0.0,0.0,0.0,0.0,0.0,0.0,0.0,0.0,0.0,0.0,0.0,0.0,0.0,0.0,0.0,0.0,0.0,0.0,0.0,0.0,0.0,0.0,0.0,0.0,0.0,0.0,0.0,0.0,0.0,0.0,0.0,0.0,0.0,0.0,0.0,0.0,0.0,0.0,0.0,0.0,0.0,0.0,0.0,0.0,0.0,0.0,0.0,0.0,0.0,0.0,0.0,0.0,0.0,0.0,0.0,0.0,0.0,0.0,0.0,0.0,0.0,0.0,0.0,0.0,0.0,0.0,0.0,0.0,0.0,0.0,0.0,-0.020132856347727324,-0.028142143190332754,-0.032786089915173726,-0.032767870852164226,-0.031040294973415632,-0.02997894750579582,-0.028851679749991643,-0.027681861686349576,-0.02734792671351624,-0.02677591339781189,-0.02496435446369768,-0.02154842230435219,-0.018508227874539138,-0.016804292550022575,-0.016404593753356504,-0.014815638304122847,-0.011499792293361698,-0.008440266083837545,-0.00676050788494166,-0.005829451051026464,-0.003279467544041185,0.001292968570114308,0.005316674417297077,0.008169978526239302,0.00931908652034984,0.011469050826770008,0.015037036924821678,0.01839009366730713,0.02127495346070893,0.02268101459320238,0.02484074660601282,0.028456567935268483,0.032047290769306944,0.034456160313783776,0.034838380033431496,0.03284553344076682,0.026446016304121116,0.013033230779243158,-0.0037608167513278985,-0.01763646703465828,-0.023990299620826334,-0.023899613730317477,-0.021775282016461894,-0.020365287049743396,-0.02096228967209724,-0.020359873051365933,-0.019609410926751836,-0.018323748775590995,-0.016942061029156418,-0.016019425871029697,-0.014295150511798908,-0.01322692859233508,-0.012668356186703339,-0.012040130745995406,-0.010947284594288204,-0.007846541765310916,-0.004925385240429702,-0.002435180227540295,-0.0005824095979064638,0.0013910430228658332,0.004392442264642119,0.006997654426617047,0.00914474034226209,0.010674960431552409,0.012878608670458702,0.016568237896378697,0.019529908180264677,0.02184867286946377,0.023746072496064436,0.026699122509261968,0.030487740193836505,0.03301598039336093,0.03375677417726601,0.031365997163113724,0.025115104313621704
9,0.0,0.0,0.0,0.0,0.0,0.0,0.0,0.0,0.0,0.0,0.0,0.0,0.0,0.0,0.0,0.0,0.0,0.0,0.0,0.0,0.0,0.0,0.0,0.0,0.0,0.0,0.0,0.0,0.0,0.0,0.0,0.0,0.0,0.0,0.0,0.0,0.0,0.0,0.0,0.0,0.0,0.0,0.0,0.0,0.0,0.0,0.0,0.0,0.0,0.0,0.0,0.0,0.0,0.0,0.0,0.0,0.0,0.0,0.0,0.0,0.0,0.0,0.0,0.0,0.0,0.0,0.0,0.0,0.0,0.0,0.0,0.0,0.0,0.0,0.0,-0.0388590196531619,-0.049259662315736134,-0.05811525167325171,-0.06096384304949672,-0.062141237036355546,-0.061926042659935135,-0.061194514021088386,-0.05963412073129039,-0.05811676540708774,-0.057151499573858,-0.0565013971089454,-0.05468910103144277,-0.051787178911091164,-0.04952298982808633,-0.04804482707626764,-0.04705901448724391,-0.04568319973667802,-0.043634434555483236,-0.04182240874395983,-0.03992986092181938,-0.037968985710418235,-0.035683882450886995,-0.03316154552842253,-0.030904072386084454,-0.028803270318277036,-0.026626371919431187,-0.024518259909406117,-0.022025984070525802,-0.02022567129238682,-0.018670772003403655,-0.017551252642092164,-0.016129825144458335,-0.014118774346308854,-0.012087615042458609,-0.009779694557795498,-0.007574120070517183,-0.0053671105866268665,-0.0027431277131881922,1.4934392651056827e-05,0.001997074217898114,0.0035947742721431928,0.005983299204760217,0.00866412669398895,0.011136066909498744,0.013074651071223279,0.01523774233108662,0.017173289273091114,0.01906248849100675,0.021157084779441594,0.023211809872900176,0.02522360057554806,0.02774995128491627,0.030270625560080828,0.03296234640470579,0.035108808310503094,0.03703803134234081,0.03917312111842265,0.041348513115850596,0.043995954074346366,0.04582964685797254,0.047824101961748314,0.05055162475198459,0.05363182638794564,0.056388651912712064,0.058056597580669514,0.05944248250380757,0.061363228210048956,0.0630529476351869,0.0642464462148846,0.0648732218574856,0.06394639111542208,0.062013890134863185,0.05916554147924004,0.053150481774379955,0.04497515641483385,-0.03842701745524632,-0.04891941601609397,-0.05609995564481299,-0.05977197875921124,-0.06176903944338663,-0.061049223801629984,-0.05974148681934012,-0.058218356212056316,-0.057387150447794834,-0.05728832343893506,-0.05583203507331454,-0.0531240429413881,-0.05047053980346077,-0.04925088118208011,-0.04774702945973776,-0.04618898541347569,-0.04441451974875963,-0.042529824084683,-0.041330289832665026,-0.03950044412072311,-0.03702877151580712,-0.03443073491264245,-0.03235848427143276,-0.030980346885806958,-0.02848406967567519,-0.025750094853469532,-0.023280979065588,-0.021006567612206054,-0.020130152804213656,-0.01835582823261725,-0.016860722558161945,-0.015021787413889778,-0.013136328019010612,-0.011791674300171091,-0.00965510910970937,-0.006835747627296607,-0.003968432928054921,-0.0015607959716767584,0.00010413094563016989,0.0019831442190967954,0.004544326321712061,0.007500467721700384,0.009725577669015464,0.011312390275572853,0.013590062119678174,0.01626879889502454,0.018253595746539876,0.020024204696911956,0.021772694616957383,0.024052475498903207,0.02653011758193876,0.029096336018275756,0.031424652332539965,0.03347062106918051,0.03568192451924258,0.038390571262439055,0.040622867115843314,0.042550931971768485,0.044193177438232055,0.046558617530623625,0.04926603173784048,0.05231211336875987,0.054601378908203456,0.05660559128221888,0.058562663432915024,0.06069621077122108,0.0628198364628508,0.06386793628754889,0.06431775599633902,0.06563921519733276,0.06546771744216769,0.0639861817281402,0.05996794507841676,0.05339724066008662,0.045457916378884786
10,0.0,0.0,0.0,0.0,0.0,0.0,0.0,0.0,0.0,0.0,0.0,0.0,0.0,0.0,0.0,0.0,0.0,0.0,0.0,0.0,0.0,0.0,0.0,0.0,0.0,0.0,0.0,0.0,0.0,0.0,0.0,0.0,0.0,0.0,0.0,0.0,0.0,0.0,0.0,0.0,0.0,0.0,0.0,0.0,0.0,0.0,0.0,0.0,0.0,0.0,0.0,0.0,0.0,0.0,0.0,0.0,0.0,0.0,0.0,0.0,0.0,0.0,0.0,0.0,0.0,0.0,0.0,0.0,0.0,0.0,0.0,0.0,0.0,0.0,0.0,-0.026071822014034574,-0.029995884492376862,-0.03287285133723049,-0.03394887433017146,-0.03431640075213608,-0.03527850542357727,-0.03562742670612934,-0.03490624348516616,-0.03304547082600726,-0.03168868380387747,-0.03092134916128541,-0.030063820775839745,-0.02851241196183158,-0.026851704405463306,-0.02552249225560865,-0.0252544734585468,-0.024588412125067932,-0.023118787811003634,-0.02143021692647937,-0.020044594476998148,-0.019485657950931035,-0.018620510650480353,-0.017285971841308798,-0.01556018936141607,-0.014349724617489132,-0.013760902973357341,-0.012737303924328149,-0.011186736897592113,-0.009628211096542758,-0.008462405717947133,-0.007758937358969024,-0.007036796237967833,-0.005644131136320175,-0.0039291533351904565,-0.00285398978420294,-0.0026654718428710572,-0.0017613383569037321,-4.1418356626000326e-05,0.0015160902514832473,0.0024422548342725803,0.0030780522738222253,0.0045948440159335165,0.006342864887697699,0.00800262032372302,0.00907785452219792,0.00981473338056962,0.010923476890348296,0.01243963102631422,0.014038863569484751,0.014973015396778888,0.01565425838745653,0.01701752031876161,0.01867219192175198,0.020502094175530144,0.021540413728241625,0.02250302871156014,0.024014409494854422,0.02585167566832958,0.027731011195812318,0.028416650334629423,0.028964702722350178,0.03033183695000797,0.032204780140129806,0.03340259130693512,0.03353142348097203,0.03353546001504299,0.03416357245652902,0.03488183115153466,0.034271595674319685,0.03277422290529808,0.030774673495809993,0.02908168152654766,0.027074734123089646,0.023605344855173325,0.019549614251962173,0.009017231125931072,0.011583347253198645,0.014441644947351619,0.01687536876450734,0.019060872552797283,0.022083460568267644,0.025711435593001614,0.02918682079537376,0.031704024877188056,0.03372060566181083,0.036252865996049204,0.039057040907490924,0.04139688225895507,0.042406798891671316,0.043001148869084384,0.04412671107938527,0.045446198022697705,0.04611025682658892,0.04556939709810639,0.044699198451922065,0.04439786701020144,0.043879200071611404,0.042927083971689234,0.0405868841044552,0.03822367542482664,0.03645510484363705,0.03466666121777032,0.03235225720099701,0.028764409193136036,0.02544666496044208,0.02268770938836998,0.019828079430645792,0.01651606634167471,0.012171154760713997,0.008023909799232532,0.004813087126280365,0.001953587914876909,-0.0017417928334723031,-0.006403969838529595,-0.010122956800222502,-0.013088658964329284,-0.01588602795399982,-0.019260491906227698,-0.0232695142708004,-0.026313939207060766,-0.02869937228811412,-0.030806284358539632,-0.03333601016484347,-0.03614261956447344,-0.03803070899838346,-0.03923618900675291,-0.04014832085290734,-0.041585883810797246,-0.043070744054843464,-0.04369406175643535,-0.0434890625992236,-0.04296984723910157,-0.04304533340633429,-0.04283313583967364,-0.04160286703723476,-0.03973819138527711,-0.03741607500855877,-0.035682354559786494,-0.034172475248559854,-0.031532353396959,-0.02821100755915363,-0.024763213211976987,-0.022548715289885675,-0.02053414539768163,-0.017248662373994028,-0.013605326569481711,-0.010526361116651341,-0.00868936450650788,-0.007059027201012107,-0.004779075485104056
11,0.0,0.0,0.0,0.0,0.0,0.0,0.0,0.0,0.0,0.0,0.0,0.0,0.0,0.0,0.0,0.0,0.0,0.0,0.0,0.0,0.0,0.0,0.0,0.0,0.0,0.0,0.0,0.0,0.0,0.0,0.0,0.0,0.0,0.0,0.0,0.0,0.0,0.0,0.0,0.0,0.0,0.0,0.0,0.0,0.0,0.0,0.0,0.0,0.0,0.0,0.0,0.0,0.0,0.0,0.0,0.0,0.0,0.0,0.0,0.0,0.0,0.0,0.0,0.0,0.0,0.0,0.0,0.0,0.0,0.0,0.0,0.0,0.0,0.0,0.0,0.0,0.0,0.0,0.0,0.0,0.0,0.0,0.0,0.0,0.0,0.0,0.0,0.0,0.0,0.0,0.0,0.0,0.0,0.0,0.0,0.0,0.0,0.0,0.0,0.0,0.0,0.0,0.0,0.0,0.0,0.0,0.0,0.0,0.0,0.0,0.0,0.0,0.0,0.0,0.0,0.0,0.0,0.0,0.0,0.0,0.0,0.0,0.0,0.0,0.0,0.0,0.0,0.0,0.0,0.0,0.0,0.0,0.0,0.0,0.0,0.0,0.0,0.0,0.0,0.0,0.0,0.0,0.0,0.0,0.0,0.0,0.0,0.0,0.0,0.0,0.02665767651878014,0.031568197227569254,0.034516933010701675,0.03379398858953812,0.03849467452114322,0.042720294894689294,0.04084886808784793,0.048354428074717876,0.04921311331762199,0.04520856785004616,0.03728064375738679,0.02662382202571476,0.011621925613245761,-0.01115016553716073,-0.020775930205602876,-0.025622092112470837,-0.03186251426304974,-0.038406079657175074,-0.04027225643479548,-0.04527372384183482,-0.05058653238573102,-0.046246707734155026,-0.040885859187775174,-0.028807280370606703,-0.014327071464430043,0.01433449700244834,0.022655977093535045,0.02755094142434871,0.031602781857148814,0.03512372612313084,0.040794867787289434,0.04036787203320437,0.04545720168424015,0.04735090262167889,0.04482405660394737,0.036284076952350273,0.0248186538658059,0.008298915395958171,-0.014290279041105232,-0.021213128003226143,-0.02934806814877155,-0.0353382521515913,-0.03937176218435355,-0.04140170311849661,-0.04676624704968288,-0.051451371636397465,-0.046328833191254415,-0.04253802649610166,-0.027965971880048433,-0.012556537603251353,0.01497370171911723,0.020179381355489925,0.025509141980494154,0.03487438947045549,0.037133208334131834,0.04532615459723358,0.049204393898229934,0.05182171724073825,0.05161134603672751,0.04972067988439186,0.040310946219674106,0.026976120344176298,0.01130855797504338,-0.007407523017368133,-0.012362132547708713,-0.023638413025219043,-0.03059704364344951,-0.03382153510047423,-0.03766298942851837,-0.043126007417731954,-0.044717829191507664,-0.04037325865258954,-0.03989658381405026,-0.02892913369783276,-0.020830000042972238
12,-0.013219294071589494,-0.01962104265803501,-0.027874317986549612,-0.033256549148804,-0.037222623229178096,-0.036855641015195874,-0.03576472065533217,-0.034683030313690466,-0.034683120062341075,-0.03478531949382381,-0.03536976864746763,-0.03501425772028639,-0.03426421619296942,-0.0336485518661793,-0.03354526509996417,-0.033882185378811276,-0.034194985578585024,-0.03469228927175891,-0.03543715497392386,-0.03611182063873187,-0.03568251668621697,-0.034369381689031274,-0.032870053766759576,-0.03236617288232227,-0.03307613316226469,-0.03444177521496142,-0.034746238507745476,-0.03522559098618404,-0.035197965635714014,-0.03517463858030146,-0.03467439319157574,-0.03400965113232578,-0.03379234124188058,-0.034192111687404464,-0.0340007033390349,-0.03378661717729985,-0.03382602358480522,-0.03391842985112671,-0.03394549273505832,-0.033617750009736325,-0.032724531470693846,-0.03192154509375101,-0.031823352526574894,-0.0324488956366246,-0.033615212969002974,-0.03368591163671769,-0.03279630921962519,-0.031881876490782064,-0.03147480269037581,-0.03200418814211135,-0.03246425059847092,-0.03286625470966187,-0.03271669826607113,-0.03227533142859766,-0.03237273508907444,-0.032662496458885144,-0.033037364057593055,-0.03280295773508048,-0.03237591609684022,-0.03213125065953112,-0.0324572302422558,-0.03289559369483953,-0.0326611268962206,-0.03260200884621225,-0.03279898250885803,-0.03307343545654355,-0.033164596269739235,-0.03265323926385665,-0.032515558356903146,-0.032543695607563365,-0.03335187237246677,-0.03392835839561486,-0.03415344713732693,-0.03148179669475411,-0.02755200473430114,-0.01474196482805786,-0.021871637170631147,-0.030471133982225618,-0.035131240953551475,-0.03758051841999645,-0.036478899607264366,-0.03518756088541523,-0.03447738653343106,-0.035267922389665377,-0.03531981594522697,-0.035343084156337794,-0.034743808423631665,-0.03438169245398179,-0.03409875782251565,-0.03376262189275376,-0.03352886378285511,-0.034092695608895204,-0.03500547150167103,-0.03638833773331049,-0.036495506955723074,-0.035526673911382964,-0.034078130361611725,-0.032969710000116614,-0.032864086763089474,-0.03339555273279813,-0.034338348002769255,-0.034935739614126646,-0.03573171897645694,-0.035796246072978495,-0.03531369515423446,-0.03457840965488121,-0.034020970095888094,-0.0339910190617683,-0.034460949895669786,-0.03415434865972038,-0.03395671179759132,-0.0341839171516648,-0.034446727736227624,-0.034225922987949305,-0.03357529728567406,-0.032735821849572834,-0.03224367481302445,-0.03223803888646923,-0.033086986866925065,-0.03389620543770872,-0.033924117810857884,-0.033004245978759957,-0.032201015382828026,-0.03223926473380256,-0.032554345584076286,-0.032932812296383916,-0.03308421990346718,-0.033121774102354964,-0.03287581009336105,-0.032784639391843916,-0.032936056054947344,-0.033253154819195024,-0.03326038450042311,-0.032951872305146936,-0.03267647443672381,-0.03290613906693925,-0.033149090933464964,-0.033192285981632035,-0.033208133667167496,-0.033364897028867815,-0.03366801293255365,-0.033407953404430396,-0.033052848366992994,-0.03298164579429156,-0.03321048500797586,-0.03399460034843588,-0.03456463079659945,-0.03503334299391646,-0.031086650104410193,-0.02594457729887028,-0.015787949486014377,-0.024668104579591985,-0.03208623241633543,-0.035964146225339846,-0.036650697997865335,-0.035881613371955424,-0.0352305708544643,-0.03492316941823263,-0.034911718590319184,-0.034850502976473303,-0.03514019486474808,-0.035041367274660146,-0.034511473954849194,-0.033383056234738945,-0.033069588539438345,-0.0332360689420019,-0.03462494606376922,-0.035600073039520654,-0.036267688200651876,-0.035938953950818274,-0.035265260788922365,-0.03430808026257041,-0.033092902213504666,-0.032301914389380224,-0.03289319662020118,-0.03414782646195552,-0.0354344131446121,-0.03585782740732028,-0.03540367392655283,-0.03484954270088392,-0.03444484774817502,-0.03404882132101885,-0.033796226335521116,-0.03390267201306502,-0.034075339008204225,-0.034085242706655555,-0.034408013315637205,-0.03403549069982663,-0.03371936674769543,-0.03322610223705594,-0.032539531224362275,-0.032396920380435984,-0.032225688178813806,-0.033017942685943796,-0.0336831480894125,-0.03381000905270913,-0.033043726281360694,-0.032341964947844935,-0.032363126792308426,-0.03247390671511497,-0.03291423438702374,-0.03317853308915473,-0.03318491983869503,-0.032844771321756144,-0.03245622843490167,-0.03269861672283869,-0.033415219008939255,-0.033377214861026946,-0.03298436150812791,-0.03248334629351041,-0.03282617001175013,-0.0334407769644701,-0.03347891543560884,-0.033401993459608696,-0.0333464580934264,-0.03372392668107653,-0.033463835445585705,-0.033066523329773306,-0.03301976591835802,-0.03336456058666108,-0.03420555174878643,-0.035026776568378666,-0.034169807200447856,-0.030097306209589576,-0.023687404261776537
13,0.009915809464799611,0.013491545577315129,0.017036684359681722,0.020184689155550908,0.02342822918223542,0.026410109611049854,0.029340208335638277,0.031198436112134104,0.03132917882626504,0.0308285081350855,0.0294279009340848,0.02866741980933542,0.027355676523255296,0.024901891978761543,0.022457143876705717,0.0200803123335919,0.01834074393923942,0.016211896455786384,0.013438310652674765,0.010986338800954724,0.009271165288388646,0.008393155664056622,0.0070477797588458626,0.005450281658238699,0.004319480765715706,0.0036632189529512463,0.0037140323228671904,0.0032354341061337556,0.0023996581004213525,0.002018574212967357,0.0019020420703675064,0.002355044274192654,0.0022459185002912862,0.001661549704807409,0.0013706584542605234,0.0011803512039928862,0.001629126162471662,0.0014755107949329623,0.0011086886708554155,0.001116080849578968,0.001908413196160874,0.0029903746944977654,0.002810519751396948,0.002125638403566208,0.0015402091991817944,0.00131921282079502,0.0013723119555558367,0.000605935094673585,7.834878424729803e-05,-9.678584379108287e-05,0.0004908089473414968,0.001135151950811752,0.0009742243872492238,0.000831581097740141,0.001041741477425484,0.00176866043048368,0.0024992611335772903,0.0024281907636230764,0.002129316794994626,0.002183829608797792,0.0024178843383964666,0.002434404782517612,0.0016338591749243156,0.0010492405986343115,0.0009193503993425571,0.001683622303105386,0.0020902833732309345,0.0017192299488356178,0.0012272497761485538,0.000989547044402661,0.0011446900712643367,0.0009042903684269918,9.242329800579617e-05,-0.00029473163278338706,-0.00016379716073439113,0.0009023356087260642,0.00122514400462821,0.0008645563207869007,0.0006229189330314435,0.0006665858708622233,0.0011123212386406625,0.0009367111894191431,0.0007654540495905887,0.0008364987469686325,0.001326939565337417,0.001806989145237676,0.0014936569177723877,0.0008409956908164802,0.0003620945609016058,0.00040068922931461366,0.0004764117554523464,-0.00020425966255905735,-0.0006540075786210875,-0.0011081168748696606,-0.0003115816600720097,0.0006569000078302544,0.001369521292823171,0.002433194398186591,0.004061115640107169,0.00734497566959909,0.010889694910259306,0.013533970814039063,0.016446035099583117,0.020097378622950957,0.024392355815677075,0.02795815437045204,0.030093743120297365,0.031083052718323907,0.03176342664380889,0.03184340889364217,0.03063653481923866,0.028788889023252457,0.026694496908398497,0.024672313355605238,0.023003174289520565,0.02101222177477953,0.018189474132223403,0.015581688730829437,0.013374308860251063,0.011908224174036086,0.009919028547562483,0.007711261806541283,0.006017386026198136,0.005201739638701296,0.004968907676495472,0.004274002735975554,0.0031610547303979964,0.002293661681198103,0.002022542621193541,0.002298165916550954,0.0018933256670423807,0.0013801360482811793,0.0012699284549553527,0.0015214357353023468,0.0020345169246322767,0.0015010736537209475,0.0007703515550487155,0.0003372294976006148,0.0006134190282087246,0.0013078584171693254,0.001329584203426893,0.0010641694422296446,0.0010574546531167315,0.001308724310727028,0.001628844924032372,0.0009390156305541734,0.00011284664143258104,-0.0004071963327907306,5.363155144504594e-05,0.0005337535476814884,0.00012919039397662452,0.00010355223638354548,0.0005300765171451794,0.0016816055691485842,0.0020135202063287926,0.001545406622769264,0.0014008484780992099,0.0015969491655809403,0.0022810020736504745,0.0018260203801015475,0.0007659060489125452,0.0006020502041147345,0.0010299427183197167,0.0020932904303466696,0.0021170091151300843,0.0017507321816066564,0.0015879147064024486,0.0015429092315375978,0.001368479085328495,0.0004939737351963562,-0.0002429594544789477,-0.000605670029202231,-6.418953596515495e-05,0.0008947988542069707,0.0009684828585267843,0.0009531052005378682,0.0012399461558277914,0.0020062873974610513,0.0027842800696084927,0.002186142335630299,0.001674946624312024,0.001629387167344316,0.0024309942871239224,0.0031720171560228843,0.00266463948727306,0.0019665999069194994,0.001695468858487426,0.001989433373836377,0.0019434401167701843,0.0011902254085113244,0.0005070072632004628,4.807240332738465e-05,0.0005562071526584386,0.0008098464484783567,0.0004951887731282778,0.0003418706002067214,0.0013755136144021792,0.00360481372467463,0.005691694061998293,0.007935563722936237,0.010672273910580255,0.013718723232225472,0.01764480817112034,0.02138652254321387,0.024450212057307984,0.02730090476946614,0.030047063088547734,0.03240718072891346,0.033284847239828115,0.03206994440650335,0.03040732904035465,0.028952069359663605,0.027860152889140243,0.0255906299770713,0.022557971805537185,0.019769425014892334,0.017561022776480976,0.016061500258750274,0.01390035308212528,0.011326509693687708,0.00920600611866489,0.00796960795393044,0.007489351404630186,0.006253913905859904,0.0047465529317251365
14,0.0,0.0,0.0,0.0,0.0,0.0,0.0,0.0,0.0,0.0,0.0,0.0,0.0,0.0,0.0,0.0,0.0,0.0,0.0,0.0,0.0,0.0,0.0,0.0,0.0,0.0,0.0,0.0,0.0,0.0,0.0,0.0,0.0,0.0,0.0,0.0,0.0,0.0,0.0,0.0,0.0,0.0,0.0,0.0,0.0,0.0,0.0,0.0,0.0,0.0,0.0,0.0,0.0,0.0,0.0,0.0,0.0,0.0,0.0,0.0,0.0,0.0,0.0,0.0,0.0,0.0,0.0,0.0,0.0,0.0,0.0,0.0,0.0,0.0,0.0,0.000347402266256976,-0.0019178603014645688,-0.0032501146307402267,-0.0036782073960047587,-0.004884100506409745,-0.007248073686985024,-0.010432672137631483,-0.012413118810427786,-0.013591170117119964,-0.015844011931818437,-0.018782311760498438,-0.022494694448696822,-0.024520358680683696,-0.025962169697240405,-0.027999974063867665,-0.03058320604133436,-0.03368190332355135,-0.03467203076069447,-0.034870946825818996,-0.03570561723697853,-0.03711355717191292,-0.038617565875378165,-0.038000340292509246,-0.03659405727371667,-0.03578205274960716,-0.03590360187138506,-0.03573044425719776,-0.03333836874185276,-0.031015712857102216,-0.02925164453435805,-0.028179111965775588,-0.027335248786530056,-0.02486681073196321,-0.02223604862901401,-0.020699867017994786,-0.020277353464930606,-0.019946794348379707,-0.01797509216346407,-0.01641177623473849,-0.015927363460489417,-0.016873155578744956,-0.0178416446922999,-0.01715087770174964,-0.016813868651538052,-0.017762037473943088,-0.020230311749993426,-0.02214565973065354,-0.02258947518535346,-0.023331887194954284,-0.02508872251595673,-0.028132415145559288,-0.030150110886116164,-0.03057725374977894,-0.03128752208951318,-0.032879152506090095,-0.035217857389662044,-0.036428929020056976,-0.03609886377175195,-0.036296444164436156,-0.03680993155518377,-0.037783979620332676,-0.037410002128057306,-0.035840317592907636,-0.03454532327959797,-0.03363188624499537,-0.033658005253921736,-0.03193700323345989,-0.02919520943423641,-0.02707316423604694,-0.02566174918210601,-0.02502471386249859,-0.022682547336558834,-0.01964959397510585,-0.017361754952082947,-0.015899271125899134,0.0,0.0,0.0,0.0,0.0,0.0,0.0,0.0,0.0,0.0,0.0,0.0,0.0,0.0,0.0,0.0,0.0,0.0,0.0,0.0,0.0,0.0,0.0,0.0,0.0,0.0,0.0,0.0,0.0,0.0,0.0,0.0,0.0,0.0,0.0,0.0,0.0,0.0,0.0,0.0,0.0,0.0,0.0,0.0,0.0,0.0,0.0,0.0,0.0,0.0,0.0,0.0,0.0,0.0,0.0,0.0,0.0,0.0,0.0,0.0,0.0,0.0,0.0,0.0,0.0,0.0,0.0,0.0,0.0,0.0,0.0,0.0,0.0,0.0,0.0
15,-0.01841612502675106,-0.027281146585001692,-0.03275979766858563,-0.035671079097067494,-0.038322164401051545,-0.04025593000936283,-0.04101323858858376,-0.04020650460799295,-0.038753595502469734,-0.03902328034938507,-0.03962911389248822,-0.040010807636470094,-0.04073479383060461,-0.04155306766720529,-0.0420078644537729,-0.04130888350018487,-0.03924091666450277,-0.03814413866731744,-0.03961236144745636,-0.03970477413533276,-0.037985955760115174,-0.03677706584039621,-0.037557868608314254,-0.03954853157523047,-0.03973536444161357,-0.03833600874380231,-0.03747621430001562,-0.03634357842600527,-0.0360704562349633,-0.03556397473445178,-0.03616816100844031,-0.03453247197104686,-0.033957359703703165,-0.03708769018602141,-0.04128879459687567,-0.03992669490754015,-0.024481524985017985,-0.0008686812205143096,0.01909322151385214,0.03155896879453329,0.03674701202170332,0.040891696815491374,0.043262597339636784,0.04459842182415303,0.043289319648925476,0.04120898897300078,0.04095082838588955,0.04178100017147631,0.042398577882786816,0.042532842821405244,0.0422090310588469,0.04239090949338612,0.04254770234862083,0.04188359912891543,0.04194177822534094,0.0437228534993118,0.043920592805642915,0.04175279659656743,0.04046288837834517,0.04123815941910164,0.043536641915271145,0.04352288800550272,0.04140694917816069,0.03972678716678625,0.03849649953082099,0.03869458925567234,0.037200763958787804,0.037321977153308934,0.03783344561815894,0.037771869781407945,0.039416220421362974,0.0431484809104706,0.045358048275312354,0.037078597748157256,0.022331107685578836,0.0,0.0,0.0,0.0,0.0,0.0,0.0,0.0,0.0,0.0,0.0,0.0,0.0,0.0,0.0,0.0,0.0,0.0,0.0,0.0,0.0,0.0,0.0,0.0,0.0,0.0,0.0,0.0,0.0,0.0,0.0,0.0,0.0,0.0,0.0,0.0,0.0,0.0,0.0,0.0,0.0,0.0,0.0,0.0,0.0,0.0,0.0,0.0,0.0,0.0,0.0,0.0,0.0,0.0,0.0,0.0,0.0,0.0,0.0,0.0,0.0,0.0,0.0,0.0,0.0,0.0,0.0,0.0,0.0,0.0,0.0,0.0,0.0,0.0,0.0,0.019484577039752142,0.029369708083567845,0.034994783294364264,0.03716403578369396,0.03916146889244502,0.041310811075326304,0.043133496605702634,0.04254352416246394,0.04024776289870388,0.03960503486327459,0.04080180364568997,0.04235232597394962,0.04290932866249005,0.04307352003412235,0.04296500302973314,0.04290575975674478,0.041599489981901334,0.04029842742060442,0.040917283531215674,0.04066677821232967,0.03935365738776357,0.03912875035717892,0.03960953787793264,0.04086645251936441,0.040791020560533395,0.04012802976127348,0.03978881094715486,0.03838557956194137,0.0372494732642459,0.036518872531487286,0.03797951636637163,0.036890772325645166,0.03590576161025709,0.038369321986044494,0.04245653939966891,0.041925527646542324,0.027146691564292266,0.0030185028001358145,-0.017913357827847854,-0.030501327710370667,-0.03473917156087095,-0.038380167113571895,-0.040970806161438396,-0.04336590520281982,-0.04202363940269006,-0.03884569426291022,-0.03839006523356412,-0.039866149351085345,-0.04123988438367001,-0.04127522819994707,-0.04013670062246905,-0.040139124006954185,-0.040831069774657384,-0.0408580298240616,-0.04069260798148208,-0.04152077442150631,-0.041427671598261,-0.03984514072439407,-0.03921917862718009,-0.03959134273538901,-0.041273917460880286,-0.04110468591885343,-0.03972667849670593,-0.03853642449822246,-0.03705201206770202,-0.03623222446533146,-0.0347627320766926,-0.03575185085792941,-0.03668091023852713,-0.0361206983541293,-0.03691317652335819,-0.04093961210078221,-0.04380577547836088,-0.03599028069524038,-0.020802050604265983
16,0.0,0.0,0.0,0.0,0.0,0.0,0.0,0.0,0.0,0.0,0.0,0.0,0.0,0.0,0.0,0.0,0.0,0.0,0.0,0.0,0.0,0.0,0.0,0.0,0.0,0.0,0.0,0.0,0.0,0.0,0.0,0.0,0.0,0.0,0.0,0.0,0.0,0.0,0.0,0.0,0.0,0.0,0.0,0.0,0.0,0.0,0.0,0.0,0.0,0.0,0.0,0.0,0.0,0.0,0.0,0.0,0.0,0.0,0.0,0.0,0.0,0.0,0.0,0.0,0.0,0.0,0.0,0.0,0.0,0.0,0.0,0.0,0.0,0.0,0.0,0.0031121939385247025,0.0038392915318855463,0.005370365701428149,0.006374697826220848,0.006669955192031401,0.007873646991636205,0.009049285908844351,0.010908254930568491,0.011760127291765754,0.012716456189033722,0.013886522980108713,0.015390189479484784,0.017729884097054612,0.01882357501153381,0.019850838621381824,0.0217868577120558,0.023442602204014337,0.025503998272238718,0.02661919502714981,0.027660603942068956,0.029481975236581307,0.03069851668882,0.03318303497522884,0.03379822563303506,0.03502018571551022,0.03637450063913242,0.037785964588059884,0.03983720842810677,0.0402250202210741,0.04089179980551123,0.041948054393874765,0.04298639719703534,0.04446305175257959,0.04429714744264394,0.044931983500521806,0.04540477471367017,0.04620778544270959,0.04734577707452243,0.04643998890407353,0.04653237473119373,0.04629598787631377,0.046665739597316055,0.04664792246702836,0.045600134864603147,0.044972144216809805,0.04408225472702635,0.04393220134746169,0.04316172914369537,0.041603466142776845,0.04032781375411825,0.039230502041165745,0.03866895887084806,0.0375894701971385,0.03533976399589236,0.0340203876381536,0.03235284014895109,0.03166512079569856,0.029632083902941055,0.027756212341132843,0.026581242797853958,0.02519215823338027,0.024152619045676463,0.022229494313769672,0.020394365981071767,0.01896711817120563,0.017559980314743304,0.0169653295298885,0.014836517462662818,0.013226709463343858,0.011961881651997823,0.010797156909277112,0.010296641165590563,0.008472295908233557,0.007165733203860886,0.006282179450776992,-0.0009101119397688969,-0.0007280357944648973,-0.0018219441147459417,-0.0021769576558111803,-0.0029599334622337336,-0.0025343902776376816,-0.0027858671621172745,-0.003973259514486811,-0.004980833530262966,-0.0057749371081878,-0.0054707780204610815,-0.00602937064693122,-0.007489366522429418,-0.008087900860136893,-0.008962855492840977,-0.008685628837590614,-0.009609395144323605,-0.010884358220253887,-0.011637767484037814,-0.012849028099919328,-0.012298982892139293,-0.013723391401770663,-0.014766767812814656,-0.01562833686530593,-0.01620880873332871,-0.01576208515273331,-0.01684551078971519,-0.018027473649709268,-0.01848215331814202,-0.019176268224597785,-0.018625685443315276,-0.01974029034344338,-0.020871398750098937,-0.02127108464922367,-0.02130806970619718,-0.02061997562296962,-0.021528528599581282,-0.022277744790045524,-0.022416707540447355,-0.022190657882637067,-0.021377094143920944,-0.022002614671455048,-0.022126310334385186,-0.022332254743201257,-0.02155798762751945,-0.020579173794128252,-0.021104436863442006,-0.020929832989823073,-0.020722114588448762,-0.019584447785062437,-0.018543705484180713,-0.01881991074977632,-0.01826981178464601,-0.017652784918451736,-0.016278370744554946,-0.015119416030468815,-0.0156489796878028,-0.014935458377905934,-0.014211991958212463,-0.012833115924244704,-0.011402525319334398,-0.011625295778779394,-0.011264852745338703,-0.010641912570616686,-0.00876008276768983,-0.008186115539047634,-0.008488769420967211,-0.00782728522611445,-0.007156447252317829,-0.005499699474896776,-0.005302409999471358,-0.005515289106469843,-0.004647537958699636,-0.004162377872673953,-0.002771083890797962
17,0.019349860148555713,0.032097654817521346,0.03558836178511571,0.03419486091647761,0.03398289812212393,0.03403801861341674,0.03503001937889039,0.03462257886254602,0.03294864117809303,0.034250739493585064,0.03606857929624685,0.03364176939034995,0.03299099378793384,0.033665884722995226,0.03386888453151957,0.033934260053312806,0.03381973640419694,0.0330866848587638,0.0323443577798953,0.032534271827484085,0.03310138019980026,0.03367756725496057,0.0324594073624035,0.03289733727182168,0.033346471386680246,0.033084076055385964,0.03370669188985116,0.031108001350837855,0.03162992223238442,0.031171801046366878,0.029846989219649497,0.029755481233414982,0.028038411920546378,0.029258696447195427,0.022848537327942384,0.02058622076289198,0.018866958315426008,-0.004731533596441691,-0.03163771457493664,-0.038170348158302704,-0.035286116876029366,-0.03614791422346982,-0.03456195632509926,-0.035615080483357896,-0.03601130773331278,-0.03415068486319589,-0.034831557728992116,-0.0370964061700251,-0.03478055826128739,-0.034720770725639824,-0.03512718663204219,-0.034226224742417315,-0.03444256452939456,-0.03417495781204079,-0.032939659940067416,-0.031196437983642026,-0.030857034120581918,-0.03226864458361971,-0.03265390458690362,-0.031071992598956044,-0.03136614208860901,-0.03178117401478789,-0.03198386161233897,-0.032208991779710816,-0.03011265859575608,-0.030608018486172277,-0.0312691699177836,-0.029726009347473402,-0.02938003443261318,-0.029098972613292938,-0.02951566535727166,-0.027867082964001956,-0.02662928722344738,-0.0241617971384617,-0.012972575457179142,0.008828096763405398,0.01408035137057624,0.01624992721473859,0.015512341037160409,0.01532767436865493,0.014406092730477639,0.014471573864115498,0.014966434460704134,0.014863810560846943,0.01535563349391257,0.015140640241288552,0.013834994789301513,0.01405792769433269,0.01519919801219401,0.01499441848917288,0.014093941819148519,0.013690205636175594,0.014038261357133824,0.014427586440188434,0.014370096854054604,0.013918686037656721,0.013708600503491106,0.013684256117529298,0.014700721143428085,0.014862467397295208,0.0143880903993183,0.014122432486077944,0.013313422183118435,0.013770909715369421,0.013236260925192932,0.012186619715183098,0.011871265587132578,0.012071713213526389,0.014063129702613655,0.01302836326893481,0.013165188208106086,0.008725514420128424,-0.00448484181967074,-0.015481143627005726,-0.018664449375312916,-0.01731980063421906,-0.017134426282485092,-0.014780408324314624,-0.015463232429672114,-0.015992604473647427,-0.01593210330076056,-0.01648053258235766,-0.016438544692214174,-0.015176500759266735,-0.015625714541172286,-0.016281398690181276,-0.015782775847238775,-0.015038545102463222,-0.014550451692490416,-0.014121382129637605,-0.013699164489466105,-0.01385829114359641,-0.013991624628634456,-0.013660993892049746,-0.013410709742369561,-0.014098764858712585,-0.014411790910049658,-0.01382539801341443,-0.013626720050545896,-0.013177284099199058,-0.01364076021953693,-0.01358015955012443,-0.012079509239481721,-0.012365600686471622,-0.013072882182073827,-0.01385051171130987,-0.013727144537330479,-0.013183701230446054,-0.010299514262635864,-0.0052371740873721545,0.028217742477809154,0.04772461247229264,0.05363672835860877,0.05229042545270922,0.05204864784574512,0.05056350166124354,0.05306900121606255,0.053667328608901735,0.05142388711147174,0.05116648697552306,0.05283092085897535,0.05100087497371221,0.05183601783340264,0.05302885127907771,0.05073437536774073,0.04984741132883194,0.051513451097943835,0.05191849293497854,0.050694148774425754,0.04934762332881512,0.049230264021251,0.05107357108112358,0.05102252490692727,0.05144514592964966,0.05021165000571413,0.04884246369036502,0.05033186994554212,0.048225789506643905,0.0490639442241627,0.04743480995929225,0.044678914745180424,0.045902829180031635,0.04517913592666239,0.04609899371528003,0.03751147303189535,0.03091019006933944,0.0214656693154953,-0.007650383020624622,-0.04581942691549677,-0.05574532668538296,-0.05273030440961667,-0.05379282738858245,-0.05130723971537401,-0.05446707614346552,-0.05508804297014709,-0.052356701941990345,-0.05249160108235949,-0.054113333850249135,-0.05147482443125577,-0.05345324802169572,-0.05385801630576278,-0.05087419172947394,-0.050319949275027684,-0.05143553648221894,-0.050714177163985234,-0.04832252693915241,-0.048032702079147616,-0.048271849286418755,-0.04972066063481151,-0.04910489010203388,-0.04895795427478208,-0.04829221021811186,-0.047196507607341294,-0.04895139542379761,-0.047249205953798876,-0.047486130987092326,-0.0474706158458023,-0.04491051800143368,-0.04628882819196596,-0.04591890195283622,-0.0456978072304018,-0.043345500212921884,-0.038499322399117256,-0.0354232454559824,-0.02180208181437005
18,-0.013329678913216769,-0.015221769133580395,-0.018059512018758054,-0.02081422260952767,-0.022638304027451737,-0.02469457872729506,-0.026839861253974324,-0.02950106351036205,-0.032211185725893744,-0.03347195532699734,-0.03510807987444798,-0.03669902312918318,-0.03882828782150167,-0.040445747228221175,-0.04084681728882049,-0.04131697326717263,-0.041748577842337514,-0.04284405147135658,-0.04278580397131234,-0.04179107900281901,-0.04094663284242298,-0.03987151798978084,-0.03924817214195482,-0.037719217859637125,-0.03515366782522206,-0.03268996482791676,-0.030253109457794334,-0.028144058303358043,-0.025192740368173285,-0.02158779382119565,-0.017871299551246944,-0.014410142192734234,-0.011288591682921298,-0.007549679037902774,-0.003303877602596971,0.000752165611588565,0.004578127686335031,0.007619044423146584,0.011685860342846563,0.015823850233005195,0.019776099524475056,0.022955864842328807,0.025343000884903974,0.028682928500290885,0.031800559875743276,0.0344671436925901,0.03629253429673993,0.0376386327822598,0.03980183534424715,0.04136268600253425,0.04256973949846698,0.042852124885696834,0.042547490893367734,0.043113981350313725,0.04332286309349096,0.042887222471155534,0.0415362214457609,0.04006349444640019,0.03905690551664234,0.037993757220639086,0.03626543495415262,0.03378366482512608,0.031348998065402714,0.029681146856411395,0.0277434765156489,0.025545355306649625,0.02258523980071524,0.020002238897557745,0.01834380857007318,0.016290554214583055,0.014136831393580707,0.01123740232882688,0.00912786140731689,0.0076832044702448,0.006278144183336948,0.0,0.0,0.0,0.0,0.0,0.0,0.0,0.0,0.0,0.0,0.0,0.0,0.0,0.0,0.0,0.0,0.0,0.0,0.0,0.0,0.0,0.0,0.0,0.0,0.0,0.0,0.0,0.0,0.0,0.0,0.0,0.0,0.0,0.0,0.0,0.0,0.0,0.0,0.0,0.0,0.0,0.0,0.0,0.0,0.0,0.0,0.0,0.0,0.0,0.0,0.0,0.0,0.0,0.0,0.0,0.0,0.0,0.0,0.0,0.0,0.0,0.0,0.0,0.0,0.0,0.0,0.0,0.0,0.0,0.0,0.0,0.0,0.0,0.0,0.0,0.0,0.0,0.0,0.0,0.0,0.0,0.0,0.0,0.0,0.0,0.0,0.0,0.0,0.0,0.0,0.0,0.0,0.0,0.0,0.0,0.0,0.0,0.0,0.0,0.0,0.0,0.0,0.0,0.0,0.0,0.0,0.0,0.0,0.0,0.0,0.0,0.0,0.0,0.0,0.0,0.0,0.0,0.0,0.0,0.0,0.0,0.0,0.0,0.0,0.0,0.0,0.0,0.0,0.0,0.0,0.0,0.0,0.0,0.0,0.0,0.0,0.0,0.0,0.0,0.0,0.0,0.0,0.0,0.0,0.0,0.0,0.0,0.0,0.0,0.0
19,0.0,0.0,0.0,0.0,0.0,0.0,0.0,0.0,0.0,0.0,0.0,0.0,0.0,0.0,0.0,0.0,0.0,0.0,0.0,0.0,0.0,0.0,0.0,0.0,0.0,0.0,0.0,0.0,0.0,0.0,0.0,0.0,0.0,0.0,0.0,0.0,0.0,0.0,0.0,0.0,0.0,0.0,0.0,0.0,0.0,0.0,0.0,0.0,0.0,0.0,0.0,0.0,0.0,0.0,0.0,0.0,0.0,0.0,0.0,0.0,0.0,0.0,0.0,0.0,0.0,0.0,0.0,0.0,0.0,0.0,0.0,0.0,0.0,0.0,0.0,0.0,0.0,0.0,0.0,0.0,0.0,0.0,0.0,0.0,0.0,0.0,0.0,0.0,0.0,0.0,0.0,0.0,0.0,0.0,0.0,0.0,0.0,0.0,0.0,0.0,0.0,0.0,0.0,0.0,0.0,0.0,0.0,0.0,0.0,0.0,0.0,0.0,0.0,0.0,0.0,0.0,0.0,0.0,0.0,0.0,0.0,0.0,0.0,0.0,0.0,0.0,0.0,0.0,0.0,0.0,0.0,0.0,0.0,0.0,0.0,0.0,0.0,0.0,0.0,0.0,0.0,0.0,0.0,0.0,0.0,0.0,0.0,0.0,0.0,0.0,-0.01153606743264848,-0.011170502268593499,0.006124180106195943,-0.012796094527433334,-0.009012779691599115,-0.011987612283512772,0.0008336080813396517,-0.011361515257382573,-0.007373436146628073,-0.0113130989086146,-0.009285535471019101,-0.013663245117439859,-0.0019780170842781507,-0.014212770055074818,-4.798669868656277e-05,-0.008006613706758649,0.010304975904906253,-0.010991348118756312,0.008422532370237617,0.0020321579615873273,0.011366854839319032,-0.0004212135419387309,0.005163234171541037,-0.0005808744924181237,0.007497376535715817,-0.010304163791746614,-0.004248183806274793,-0.01572671786443962,0.013499988020614407,-0.009179886254471765,0.005607964225738511,-0.003817068444252021,0.00413618421251281,-0.008732945861705234,0.014205704422233338,0.002896698365261183,-0.00843684244982732,-0.011411920910862704,0.013896187483825755,-0.0020345868504867627,-0.0015827241082327678,-0.01011061263889285,0.012282627910791556,-0.0005917846242538679,0.014287325520066615,-0.0066514874159223185,0.0034758890267245005,-0.017542895945513632,0.015365039419329084,-0.008782613907820187,0.005962437960524582,-0.005324829789149961,0.015608775191806054,0.008254827277482774,0.012777214759116633,0.008028024188560592,0.012693579521306399,0.0020081223922938166,0.01586365454760808,0.004718789722888985,0.00451729873587206,-0.0031893124224317794,0.01584943139144525,0.004856580739167261,-0.0027078112751407406,0.0012525218777560349,0.010161624272834591,0.004533252909992873,0.002293499453295669,-0.0038298660562141188,0.000972504266902439,-0.007075246572505191,0.005170838729629146,-0.0033958772540516047,-0.00010755656488552228
20,0.0063033789321269166,0.009011045283704519,0.009959974974766988,0.008982472266658242,0.006681429229478899,0.003378024753890959,-0.0015080619421194868,-0.007036229093286392,-0.012013396390678102,-0.01475769774427432,-0.014389299876362682,-0.011614226521835563,-0.006703836010614251,6.44771316586606e-05,0.008057319836998443,0.015922770078137048,0.02107669156714106,0.022451133436131906,0.020168358622747254,0.014861799139366081,0.0066848642755025734,-0.0034464861230327345,-0.013651743658553175,-0.021795211215034013,-0.025683450714340375,-0.024750898825226516,-0.01968201480532355,-0.011228189333988878,-0.00019747428166746266,0.011969707981721825,0.022592494301140444,0.029107750786770366,0.030386088448785917,0.026825089765621927,0.019588112125211398,0.008697302966965824,-0.003835342420713197,-0.015775540164356613,-0.024600163994130515,-0.02827111590066308,-0.0268655026660891,-0.021127404948182042,-0.012004953058461797,-0.0007306590702486191,0.01112076054770171,0.02097969494901632,0.026582050641489618,0.027154144836898788,0.023584299162269777,0.017082511640222717,0.007659769998894204,-0.0027907484803703884,-0.012204116383026866,-0.018575497358411137,-0.020722207724828353,-0.019361476156602723,-0.015084946762333497,-0.008615805757388649,-0.0007573344119276857,0.007201586470590449,0.013335830938859181,0.01637023826422082,0.016207657998324868,0.01387879048189192,0.010042214623740428,0.004728784911604011,-0.0012852550339939384,-0.0063252988252052375,-0.009346565006967551,-0.009864802763906028,-0.008998844581515252,-0.007141425024641549,-0.004270906499423348,-0.0005400363663470554,0.0031471333235142773,0.0,0.0,0.0,0.0,0.0,0.0,0.0,0.0,0.0,0.0,0.0,0.0,0.0,0.0,0.0,0.0,0.0,0.0,0.0,0.0,0.0,0.0,0.0,0.0,0.0,0.0,0.0,0.0,0.0,0.0,0.0,0.0,0.0,0.0,0.0,0.0,0.0,0.0,0.0,0.0,0.0,0.0,0.0,0.0,0.0,0.0,0.0,0.0,0.0,0.0,0.0,0.0,0.0,0.0,0.0,0.0,0.0,0.0,0.0,0.0,0.0,0.0,0.0,0.0,0.0,0.0,0.0,0.0,0.0,0.0,0.0,0.0,0.0,0.0,0.0,0.0,0.0,0.0,0.0,0.0,0.0,0.0,0.0,0.0,0.0,0.0,0.0,0.0,0.0,0.0,0.0,0.0,0.0,0.0,0.0,0.0,0.0,0.0,0.0,0.0,0.0,0.0,0.0,0.0,0.0,0.0,0.0,0.0,0.0,0.0,0.0,0.0,0.0,0.0,0.0,0.0,0.0,0.0,0.0,0.0,0.0,0.0,0.0,0.0,0.0,0.0,0.0,0.0,0.0,0.0,0.0,0.0,0.0,0.0,0.0,0.0,0.0,0.0,0.0,0.0,0.0,0.0,0.0,0.0,0.0,0.0,0.0,0.0,0.0,0.0
21,0.0,0.0,0.0,0.0,0.0,0.0,0.0,0.0,0.0,0.0,0.0,0.0,0.0,0.0,0.0,0.0,0.0,0.0,0.0,0.0,0.0,0.0,0.0,0.0,0.0,0.0,0.0,0.0,0.0,0.0,0.0,0.0,0.0,0.0,0.0,0.0,0.0,0.0,0.0,0.0,0.0,0.0,0.0,0.0,0.0,0.0,0.0,0.0,0.0,0.0,0.0,0.0,0.0,0.0,0.0,0.0,0.0,0.0,0.0,0.0,0.0,0.0,0.0,0.0,0.0,0.0,0.0,0.0,0.0,0.0,0.0,0.0,0.0,0.0,0.0,-0.002080309655145406,-0.004194445111466349,-0.00809087228455027,-0.01339729638526985,-0.02103824576072477,-0.03034964394445375,-0.04005783156906195,-0.04889843515405651,-0.05556612175806284,-0.0593383202173134,-0.05970328764692225,-0.057429542224897864,-0.05185646802474439,-0.04397345974049875,-0.03543801093924112,-0.02779515453710725,-0.021997021727382302,-0.01799608637857375,-0.014896742053874937,-0.013530641611304548,-0.01275475028160166,-0.013159164328792694,-0.012253947059193858,-0.010250174884357255,-0.008073882983965885,-0.0074252061668455905,-0.009399212484313236,-0.013658980427772697,-0.02000265379198539,-0.029111391119461608,-0.040548734770949585,-0.05181494072990323,-0.060177839777402625,-0.06613905543396349,-0.06849012336241926,-0.06707077767775084,-0.06167106136059308,-0.053091191150992825,-0.044497273521403265,-0.03605121292467179,-0.02879425519128366,-0.02375308393791148,-0.02029131555846124,-0.017896806256810914,-0.0164281177859924,-0.015593295117225695,-0.014321010140160892,-0.011547437538856717,-0.0075850312848010915,-0.004191238726912272,-0.0029260853454172297,-0.004131123130699084,-0.008089861328261404,-0.014866876777423262,-0.02447086290756023,-0.03630150662761787,-0.047112941096963526,-0.05524101331740145,-0.06061510771958725,-0.062056331433581205,-0.06008234622146155,-0.05411829431346967,-0.044946953492006454,-0.03648677182739905,-0.028536249499331985,-0.02263313957626343,-0.01863803332762063,-0.015833102529585218,-0.013843933462299632,-0.012986366709531056,-0.012496477575756535,-0.011965097311592735,-0.010160918180049803,-0.007452979539695386,-0.005355421860633294,0.0,0.0,0.0,0.0,0.0,0.0,0.0,0.0,0.0,0.0,0.0,0.0,0.0,0.0,0.0,0.0,0.0,0.0,0.0,0.0,0.0,0.0,0.0,0.0,0.0,0.0,0.0,0.0,0.0,0.0,0.0,0.0,0.0,0.0,0.0,0.0,0.0,0.0,0.0,0.0,0.0,0.0,0.0,0.0,0.0,0.0,0.0,0.0,0.0,0.0,0.0,0.0,0.0,0.0,0.0,0.0,0.0,0.0,0.0,0.0,0.0,0.0,0.0,0.0,0.0,0.0,0.0,0.0,0.0,0.0,0.0,0.0,0.0,0.0,0.0
22,0.0,0.0,0.0,0.0,0.0,0.0,0.0,0.0,0.0,0.0,0.0,0.0,0.0,0.0,0.0,0.0,0.0,0.0,0.0,0.0,0.0,0.0,0.0,0.0,0.0,0.0,0.0,0.0,0.0,0.0,0.0,0.0,0.0,0.0,0.0,0.0,0.0,0.0,0.0,0.0,0.0,0.0,0.0,0.0,0.0,0.0,0.0,0.0,0.0,0.0,0.0,0.0,0.0,0.0,0.0,0.0,0.0,0.0,0.0,0.0,0.0,0.0,0.0,0.0,0.0,0.0,0.0,0.0,0.0,0.0,0.0,0.0,0.0,0.0,0.0,0.0,0.0,0.0,0.0,0.0,0.0,0.0,0.0,0.0,0.0,0.0,0.0,0.0,0.0,0.0,0.0,0.0,0.0,0.0,0.0,0.0,0.0,0.0,0.0,0.0,0.0,0.0,0.0,0.0,0.0,0.0,0.0,0.0,0.0,0.0,0.0,0.0,0.0,0.0,0.0,0.0,0.0,0.0,0.0,0.0,0.0,0.0,0.0,0.0,0.0,0.0,0.0,0.0,0.0,0.0,0.0,0.0,0.0,0.0,0.0,0.0,0.0,0.0,0.0,0.0,0.0,0.0,0.0,0.0,0.0,0.0,0.0,0.0,0.0,0.0,0.0038013214609283535,0.005326860037173937,0.005820009526464724,0.005427857756335251,0.004577742260688949,0.004867678570061519,0.006627700429340795,0.007676869010097596,0.007617197964732149,0.006652444042870461,0.007176078784803891,0.009681886341175549,0.01133224818809277,0.011713176091679791,0.01119552348752052,0.012350861612676166,0.015412541524991736,0.0173850273024932,0.01823323178469715,0.01879840192884427,0.021111845160096558,0.024261190706027974,0.02611253562454627,0.027082352563589797,0.0279678161430938,0.030114373252751132,0.03309159254354972,0.034774530680632035,0.03616636602304063,0.03782034561478663,0.04134297855223716,0.04506887125828083,0.046869596675497796,0.04748282643292802,0.047915199951856904,0.049880524797361124,0.052673217078028425,0.05412647845472463,0.05479534301526515,0.055227526061677135,0.05795831774836235,0.06103691015940703,0.06238626250533201,0.061833436542205855,0.06136152287648757,0.06313977947471197,0.06552910379439239,0.06675217180957235,0.06664975661155936,0.06629038551669507,0.06736654287097077,0.06805337810381668,0.06707510578212372,0.06406446708077596,0.060952617396573816,0.058916294146207304,0.05627463560218718,0.05209295434611308,0.04736544851260458,0.043609855522912216,0.04246113902431768,0.042291835161792406,0.04141622475306924,0.0393766789823543,0.03801484909287385,0.038699834090800835,0.03853614024236539,0.03603293657839583,0.03250759597136748,0.02948057868659911,0.02837621112553747,0.02703278195205661,0.023188654758338947,0.017207080346589694,0.011534701908553205
23,0.0,0.0,0.0,0.0,0.0,0.0,0.0,0.0,0.0,0.0,0.0,0.0,0.0,0.0,0.0,0.0,0.0,0.0,0.0,0.0,0.0,0.0,0.0,0.0,0.0,0.0,0.0,0.0,0.0,0.0,0.0,0.0,0.0,0.0,0.0,0.0,0.0,0.0,0.0,0.0,0.0,0.0,0.0,0.0,0.0,0.0,0.0,0.0,0.0,0.0,0.0,0.0,0.0,0.0,0.0,0.0,0.0,0.0,0.0,0.0,0.0,0.0,0.0,0.0,0.0,0.0,0.0,0.0,0.0,0.0,0.0,0.0,0.0,0.0,0.0,0.0,0.0,0.0,0.0,0.0,0.0,0.0,0.0,0.0,0.0,0.0,0.0,0.0,0.0,0.0,0.0,0.0,0.0,0.0,0.0,0.0,0.0,0.0,0.0,0.0,0.0,0.0,0.0,0.0,0.0,0.0,0.0,0.0,0.0,0.0,0.0,0.0,0.0,0.0,0.0,0.0,0.0,0.0,0.0,0.0,0.0,0.0,0.0,0.0,0.0,0.0,0.0,0.0,0.0,0.0,0.0,0.0,0.0,0.0,0.0,0.0,0.0,0.0,0.0,0.0,0.0,0.0,0.0,0.0,0.0,0.0,0.0,0.0,0.0,0.0,-0.022237544652232957,-0.02596352764748107,-0.02916347739442339,-0.03160045528729237,-0.03357536743482188,-0.03521317949893636,-0.03599054064766959,-0.03668966081847125,-0.03715193450856084,-0.03706757403727965,-0.03681054236287842,-0.0363994348527095,-0.036365445473919684,-0.03588446665066959,-0.03535177506717521,-0.03487930784287625,-0.03427166582107914,-0.03413946623295704,-0.033644769301375846,-0.033098071435260265,-0.03249188577082319,-0.031800473067913865,-0.03126213416442028,-0.030425489388134865,-0.029530946103748713,-0.02834645002543068,-0.02700856918113173,-0.02574117949366147,-0.023951459707016762,-0.02186140179282227,-0.019202276269321063,-0.016630207001297016,-0.013971434202264064,-0.011002930860385077,-0.00776010682646764,-0.004294674056787682,-0.0010273006273089995,0.002030479119569178,0.005362701837519648,0.008660577652140157,0.011969828089513069,0.01521823694183718,0.01807200173543882,0.02101283708207318,0.023810304161731147,0.026547374874116195,0.0288397472434814,0.03086718128411027,0.03237172134381265,0.03355764505705608,0.034647462928662956,0.0351615531142456,0.035453728437337156,0.03550947061452225,0.035449502904365666,0.03567105731376914,0.03547533167767685,0.03535259010711939,0.035369610398876455,0.03544872051482776,0.03613843090637349,0.036394968955901684,0.036943147581181876,0.03748271074159867,0.038238719820721495,0.03858949612523711,0.03811916152308451,0.03739770483373901,0.036008191112217945,0.034496248868482626,0.032466787516625295,0.029292189476108607,0.02555024466822868,0.02196467259772105,0.018223005297099016
24,-0.0013045615525003977,-0.0018509161099106207,-0.0029093240546103675,-0.003660335689301732,-0.004021779341119035,-0.004295400169437739,-0.005018583172814721,-0.0061069882136066045,-0.006856422783005076,-0.007048627615577654,-0.007118314188207819,-0.007691708844285922,-0.008109499724797587,-0.008630916937263733,-0.008464865104131795,-0.00817905487532001,-0.008428428324760345,-0.008809421015104232,-0.00849312085729635,-0.008128490219366312,-0.007619130985285452,-0.007456496126954784,-0.007384246823223641,-0.0068432805722308575,-0.006066608771002922,-0.005616028074609608,-0.005405785557749442,-0.004837450652819399,-0.004301905563770949,-0.0033665087119176852,-0.0027386395921805444,-0.0024630474322456697,-0.0019622306351680364,-0.001351643522598931,-0.00031567590279612596,0.0006572748163443601,0.001155298893632482,0.0014787287007854422,0.0023775573511595157,0.0034967808762168765,0.0044001435893081,0.004945775325125719,0.005290166958463465,0.006063421784890132,0.007088941347127493,0.0077689193325843325,0.00805495955008465,0.008187203046000013,0.008717425539684865,0.009638825937063677,0.0100438360175974,0.010094499240131945,0.009889185052312099,0.010294260843899719,0.010476050474433745,0.010425880084803269,0.010021297126119665,0.009571537817899801,0.009488840456603158,0.009431408995519973,0.009090730036725872,0.008131151517048083,0.00720442852430573,0.006942208563833607,0.006572551030282458,0.0058028446007648005,0.004789875849816796,0.0037326835596136676,0.0033844806851513753,0.003074620210622806,0.002412219932076488,0.0014744246267568803,0.000974232084691003,0.0009738706738947288,0.0011082826345877918,-0.018046568922606122,-0.02010105485851467,-0.021208885460668625,-0.021755695605276723,-0.022155832329719058,-0.022750573312086353,-0.022629341673139743,-0.021240207201273727,-0.01901983335055381,-0.017191207968493202,-0.01504415276133739,-0.011794891398814148,-0.007713288783804964,-0.0033180991037837972,0.0006786651637913635,0.004441861303363799,0.008332918844890447,0.012933132314780216,0.017360285508274228,0.020154872557754278,0.022522661289804638,0.024386733143998342,0.026581425091204723,0.02759020143082401,0.02719112312422947,0.025544842908396658,0.023824083142431278,0.02213477296630573,0.01967381606869972,0.015879041575306747,0.011253442407755408,0.007141044164608477,0.003289364371908462,-0.0010455757250994232,-0.0057466932268219785,-0.010632461130106591,-0.014682805163602392,-0.01786935322229904,-0.021029505778259277,-0.02376807724319098,-0.026568506286257485,-0.027919844288591948,-0.02776277960852552,-0.02714334968057551,-0.026514337255687886,-0.025137467418277205,-0.022975589095516384,-0.019092510317147312,-0.01547492375266791,-0.011705498822316338,-0.00788315555395099,-0.0028941417413935024,0.0023766857684202622,0.007200240907575114,0.011044659564015916,0.014679569148291854,0.018665106153305702,0.02267538339257068,0.025376067122038312,0.0267512388643533,0.02750214085547909,0.028876574634651132,0.029522377530295,0.028904541924258967,0.027279522843747777,0.02503524912132947,0.023367260066300653,0.021554019583877353,0.01867475101693259,0.01539070911702487,0.012094058949461518,0.009762775486631178,0.007584825610574477,0.00524130716884713,0.002553189922569258,-0.010320015549142317,-0.01084730855409818,-0.011060830501020887,-0.011555105182716824,-0.011973768010630183,-0.012066829036424788,-0.011070380503632817,-0.010048887812167595,-0.009671881160281275,-0.009163885197772057,-0.007861374212090306,-0.006001037919317718,-0.004327477986507404,-0.0032594377174995043,-0.0024016187766061235,-0.0008431729917868858,0.0012276300247628029,0.0028627853879330777,0.003928596322099539,0.004631277275279718,0.005911325788342929,0.007896247480987991,0.009079398499759469,0.009662910952484213,0.009950457102629963,0.011157017591684379,0.012814070532684884,0.013826021702832926,0.014076797044229629,0.014199280953193052,0.015151206668373163,0.01616530682920372,0.016454261596384398,0.016004373576775192,0.015668536173884848,0.01614273579460629,0.016559375438436177,0.016179172906046674,0.01551835393133589,0.01467406106271372,0.014584682595323114,0.014532498229856071,0.013936721905102591,0.012731825287938026,0.011424558522440452,0.010937133517599382,0.010821834834130548,0.009376806478694006,0.007874993034922268,0.006453506566435246,0.005960818909444292,0.005400034330185153,0.003734379787310529,0.0017828196024039105,0.00014718061845449702,-0.0007011723546286388,-0.001814677068535132,-0.003590487258759528,-0.005547270375055038,-0.007110094752355604,-0.007766227296504285,-0.008303702262492533,-0.009804409642186674,-0.010919854127929163,-0.011560274650051305,-0.01126293036759497,-0.011014440265012936,-0.011433363508628593,-0.011311743603967934,-0.01097761065432497,-0.009302432836365152,-0.007771028139631771,-0.0066070716110169375,-0.006166510512972754,-0.004668859982135194
25,-0.0014839319886633927,0.0014796541824903065,0.0034121932218685266,0.005348868125335498,0.007418544398581059,0.009966815016037082,0.013282365259362489,0.01515532787882435,0.01610169193733225,0.015600961075931117,0.015389226293104971,0.014709504868207369,0.011897423678620933,0.008074079479247792,0.003097894620345675,-0.0016242863506122963,-0.006001475499607886,-0.011294880021526977,-0.01622668106546946,-0.020931147518510773,-0.023149026099811537,-0.023388555728390128,-0.02329307873631457,-0.021560122158745424,-0.018257605314690586,-0.01247795145971132,-0.00525465724865073,0.0016421846814551595,0.00869601960321739,0.015406125741157949,0.022434051581625963,0.028217821178152896,0.03150941794543129,0.03259965214477585,0.03168364597085543,0.029780096246844277,0.025844642341356045,0.01942063209433621,0.011644517002402023,0.0031657023728610977,-0.003933065630069424,-0.011090664120204992,-0.017915735955102124,-0.023467403627888267,-0.02684072248636939,-0.02737140022427281,-0.02650511236381812,-0.024058732115009182,-0.02039033660740086,-0.015048886784147857,-0.008226423906604432,-0.001639072507378525,0.004368356010372454,0.009386788396267774,0.013996339366169144,0.01814805266202902,0.020189186867270403,0.020513507482245657,0.01897631998662679,0.01667886899502079,0.01453579033875421,0.010893995822153975,0.0064614374588600225,0.0018088994247156085,-0.0015478795029851375,-0.0038185033068626312,-0.006211632634298816,-0.008191694082774545,-0.009389985328229402,-0.00906472099095298,-0.007085390221309001,-0.0055814180322957185,-0.004212884244922257,-0.0028210335001211248,-0.0005366494385639528,0.0,0.0,0.0,0.0,0.0,0.0,0.0,0.0,0.0,0.0,0.0,0.0,0.0,0.0,0.0,0.0,0.0,0.0,0.0,0.0,0.0,0.0,0.0,0.0,0.0,0.0,0.0,0.0,0.0,0.0,0.0,0.0,0.0,0.0,0.0,0.0,0.0,0.0,0.0,0.0,0.0,0.0,0.0,0.0,0.0,0.0,0.0,0.0,0.0,0.0,0.0,0.0,0.0,0.0,0.0,0.0,0.0,0.0,0.0,0.0,0.0,0.0,0.0,0.0,0.0,0.0,0.0,0.0,0.0,0.0,0.0,0.0,0.0,0.0,0.0,0.0,0.0,0.0,0.0,0.0,0.0,0.0,0.0,0.0,0.0,0.0,0.0,0.0,0.0,0.0,0.0,0.0,0.0,0.0,0.0,0.0,0.0,0.0,0.0,0.0,0.0,0.0,0.0,0.0,0.0,0.0,0.0,0.0,0.0,0.0,0.0,0.0,0.0,0.0,0.0,0.0,0.0,0.0,0.0,0.0,0.0,0.0,0.0,0.0,0.0,0.0,0.0,0.0,0.0,0.0,0.0,0.0,0.0,0.0,0.0,0.0,0.0,0.0,0.0,0.0,0.0,0.0,0.0,0.0,0.0,0.0,0.0,0.0,0.0,0.0
26,0.0,0.0,0.0,0.0,0.0,0.0,0.0,0.0,0.0,0.0,0.0,0.0,0.0,0.0,0.0,0.0,0.0,0.0,0.0,0.0,0.0,0.0,0.0,0.0,0.0,0.0,0.0,0.0,0.0,0.0,0.0,0.0,0.0,0.0,0.0,0.0,0.0,0.0,0.0,0.0,0.0,0.0,0.0,0.0,0.0,0.0,0.0,0.0,0.0,0.0,0.0,0.0,0.0,0.0,0.0,0.0,0.0,0.0,0.0,0.0,0.0,0.0,0.0,0.0,0.0,0.0,0.0,0.0,0.0,0.0,0.0,0.0,0.0,0.0,0.0,0.0034237221431022086,0.005386100619876504,0.007422047146756958,0.009108843628158335,0.010331620354758939,0.011013979915371615,0.010451752068137563,0.009170148069180217,0.007058942848749869,0.004121090791393022,0.0008191854710221948,-0.003361183933164239,-0.0073168265533425135,-0.010941917704837432,-0.01391520753545946,-0.015758013771323867,-0.01688788527607668,-0.016628663015871438,-0.014849161649417334,-0.011540911412148115,-0.007271486912330391,-0.0024413541282200203,0.002954376655313963,0.00835844530989053,0.013491075789897115,0.017801408047474356,0.02058702803202376,0.022206133315893058,0.02215990777004956,0.02065366782076067,0.017602075622218452,0.012706734432944448,0.007329203964377891,0.0011425339670229264,-0.004856119624984728,-0.010701316769351548,-0.01592814157553183,-0.019735098052341072,-0.022107628891634964,-0.022538659481364368,-0.021503260722641908,-0.019093906853059017,-0.015091993801934815,-0.010065964065499134,-0.004199388516901827,0.0015795279255401739,0.007029970344728246,0.011922692649619397,0.015837551671019506,0.018776021480476676,0.019981844016972096,0.019665921256840746,0.01815036873150303,0.015528255838524203,0.012136559433176064,0.007825651471295329,0.0032376527176631973,-0.00122905055497155,-0.005246002210088517,-0.00841049532974009,-0.011144076654876694,-0.012886942640166352,-0.013445885334137337,-0.013092012425368095,-0.011753842230149757,-0.010225649129445756,-0.008112424446837005,-0.005618154519567892,-0.00302498321564714,-0.0006077090384993588,0.001125374162971298,0.0027616537419504965,0.00401992443499435,0.00486117527938552,0.0052624832648193905,-0.0027372610076028103,-0.004888293403558277,-0.006816078932502771,-0.008324586745829175,-0.009591058401108427,-0.010260007208160976,-0.009678068789790868,-0.008384592396287196,-0.0058918435356380945,-0.003237621941466959,0.00017589978901041232,0.004227035824554197,0.008240191302614823,0.012069567472062458,0.014931528438234108,0.016924889633432656,0.017834470575499264,0.017425327165558085,0.01598086897753538,0.012614388407315049,0.008409556969650933,0.0034137363818258367,-0.0019947884009384013,-0.007191070525901145,-0.012543854647242402,-0.016726841500849143,-0.019807011012160758,-0.021269884160009377,-0.021181390216433442,-0.01978705013447702,-0.016494426625089962,-0.012173778119157238,-0.006388845158055198,-0.0002215966169742496,0.005628269404291722,0.011632372236942277,0.016520211320641368,0.020430933289612964,0.02287586613326215,0.023181754040375945,0.022271351928413858,0.01952821015649578,0.01576324036884044,0.010767279532929098,0.004683158136777585,-0.0012052918312045247,-0.006849559171862602,-0.01143996203046427,-0.015496896113529633,-0.018447433553166515,-0.019826088032327726,-0.019690166250890876,-0.01791758238462298,-0.015261341638516758,-0.01193800918858378,-0.007690032780894862,-0.0033070759259848643,0.001366594691804074,0.005237361107784666,0.008399507693343142,0.011007840804245245,0.012624935741305424,0.013511626820309243,0.012974558988963209,0.011598822117263366,0.009844013148834558,0.007724987027097143,0.005485938398755937,0.0027547746576585697,0.00027816607258268004,-0.0016852574150482157,-0.003216508605043128,-0.004208042878095203,-0.005170117039129563,-0.005505994050937694
27,0.00707953755529894,0.01193456018163009,0.015588187874430403,0.018074817521952488,0.019548154260805486,0.020044189923951104,0.01960148900125122,0.016439953067470908,0.011490604105603456,0.005482452095280761,-0.0013157024699376658,-0.007984879275970034,-0.015579184226405507,-0.022545141363510043,-0.02840871805159422,-0.031829403116330195,-0.03264704123174252,-0.031740226273591736,-0.02871828711584593,-0.02302278231955077,-0.014168146054739693,-0.003602734058290934,0.00660556972783928,0.017428625822395325,0.027657444068328495,0.03706672203369067,0.04449285644306395,0.04777299189613938,0.04837145344553815,0.04585806024752135,0.040549931660346185,0.03239983800119947,0.020822694100144108,0.008010995773293948,-0.005422144175640809,-0.01757922305424167,-0.028865416683139983,-0.039278494972293666,-0.04651006904074622,-0.05048869967205965,-0.05005375434069739,-0.04646358258548889,-0.04030470620594632,-0.031176994002097332,-0.01981944580290632,-0.006455036522614698,0.006440653415902283,0.017935525409719818,0.02821894038219942,0.03642416181927809,0.042462011803171634,0.04480737636179234,0.043648059029882315,0.03933266523435029,0.03299389403122017,0.02578297059139399,0.01664827560109838,0.006353774316583685,-0.0033096332669951497,-0.011996041091847839,-0.0179819339739101,-0.023364954248248113,-0.027064501709913785,-0.028266164297126296,-0.026762832712377366,-0.022937987727113685,-0.01866262031751689,-0.01379932025297296,-0.008040855737026838,-0.001722485532154216,0.004537110607788985,0.008758636353013197,0.011889568186581446,0.013973367384020212,0.015006580522659725,0.0,0.0,0.0,0.0,0.0,0.0,0.0,0.0,0.0,0.0,0.0,0.0,0.0,0.0,0.0,0.0,0.0,0.0,0.0,0.0,0.0,0.0,0.0,0.0,0.0,0.0,0.0,0.0,0.0,0.0,0.0,0.0,0.0,0.0,0.0,0.0,0.0,0.0,0.0,0.0,0.0,0.0,0.0,0.0,0.0,0.0,0.0,0.0,0.0,0.0,0.0,0.0,0.0,0.0,0.0,0.0,0.0,0.0,0.0,0.0,0.0,0.0,0.0,0.0,0.0,0.0,0.0,0.0,0.0,0.0,0.0,0.0,0.0,0.0,0.0,0.0,0.0,0.0,0.0,0.0,0.0,0.0,0.0,0.0,0.0,0.0,0.0,0.0,0.0,0.0,0.0,0.0,0.0,0.0,0.0,0.0,0.0,0.0,0.0,0.0,0.0,0.0,0.0,0.0,0.0,0.0,0.0,0.0,0.0,0.0,0.0,0.0,0.0,0.0,0.0,0.0,0.0,0.0,0.0,0.0,0.0,0.0,0.0,0.0,0.0,0.0,0.0,0.0,0.0,0.0,0.0,0.0,0.0,0.0,0.0,0.0,0.0,0.0,0.0,0.0,0.0,0.0,0.0,0.0,0.0,0.0,0.0,0.0,0.0,0.0
28,-0.032144385287163506,-0.03370549397041486,-0.033982112729017896,-0.030818554552501286,-0.025184184700998535,-0.02132247968634077,-0.019454813221417313,-0.016938678178112232,-0.013339740788894503,-0.009395689700743292,-0.005447611299483294,-0.002016706627598282,0.0018309145578367196,0.004624831013103012,0.009195514524120468,0.012225419550040483,0.015928621644335613,0.019896941963767213,0.023161155473478107,0.02717570039520172,0.029926753162408053,0.029729082428975546,0.0228765937110397,0.014835921252871368,-0.005323229188482993,-0.028244482597468982,-0.0345722256643225,-0.036631550514317435,-0.034183013803960126,-0.028231428291001393,-0.02406090876136625,-0.02135596950778448,-0.01852017003617904,-0.013084279505823306,-0.008979030442246063,-0.0053130442089693985,-0.0012759106254288076,0.002723329288680854,0.005862127243260523,0.01031249181069615,0.013110195398482091,0.016933179736464354,0.020422578006663937,0.024104979537659874,0.02789310424608718,0.03169300039087276,0.029634970158670965,0.022533870316568255,0.013096228071808269,-0.005420440423983642,-0.025985551352904403,-0.03337148754191319,-0.03627661868124733,-0.035491674523643935,-0.03025248158386147,-0.025971440081296572,-0.02302115616108017,-0.019052526995886745,-0.013055319793158458,-0.009248677861542359,-0.006020972006312957,-0.0013235530557932662,0.0029711401238257536,0.006825051797647059,0.011342303800600521,0.01461934078489467,0.018262350566813544,0.021846674344173124,0.025717729608496488,0.030037925653271715,0.03488113957106014,0.0333882034448813,0.03097004506232198,0.02693730538663874,0.017926228923707994,0.0,0.0,0.0,0.0,0.0,0.0,0.0,0.0,0.0,0.0,0.0,0.0,0.0,0.0,0.0,0.0,0.0,0.0,0.0,0.0,0.0,0.0,0.0,0.0,0.0,0.0,0.0,0.0,0.0,0.0,0.0,0.0,0.0,0.0,0.0,0.0,0.0,0.0,0.0,0.0,0.0,0.0,0.0,0.0,0.0,0.0,0.0,0.0,0.0,0.0,0.0,0.0,0.0,0.0,0.0,0.0,0.0,0.0,0.0,0.0,0.0,0.0,0.0,0.0,0.0,0.0,0.0,0.0,0.0,0.0,0.0,0.0,0.0,0.0,0.0,0.0,0.0,0.0,0.0,0.0,0.0,0.0,0.0,0.0,0.0,0.0,0.0,0.0,0.0,0.0,0.0,0.0,0.0,0.0,0.0,0.0,0.0,0.0,0.0,0.0,0.0,0.0,0.0,0.0,0.0,0.0,0.0,0.0,0.0,0.0,0.0,0.0,0.0,0.0,0.0,0.0,0.0,0.0,0.0,0.0,0.0,0.0,0.0,0.0,0.0,0.0,0.0,0.0,0.0,0.0,0.0,0.0,0.0,0.0,0.0,0.0,0.0,0.0,0.0,0.0,0.0,0.0,0.0,0.0,0.0,0.0,0.0,0.0,0.0,0.0
29,0.0,0.0,0.0,0.0,0.0,0.0,0.0,0.0,0.0,0.0,0.0,0.0,0.0,0.0,0.0,0.0,0.0,0.0,0.0,0.0,0.0,0.0,0.0,0.0,0.0,0.0,0.0,0.0,0.0,0.0,0.0,0.0,0.0,0.0,0.0,0.0,0.0,0.0,0.0,0.0,0.0,0.0,0.0,0.0,0.0,0.0,0.0,0.0,0.0,0.0,0.0,0.0,0.0,0.0,0.0,0.0,0.0,0.0,0.0,0.0,0.0,0.0,0.0,0.0,0.0,0.0,0.0,0.0,0.0,0.0,0.0,0.0,0.0,0.0,0.0,0.0010937929649845399,0.0007038863424026849,0.0005866068316218115,0.0011484180144065831,0.0018593963936784116,0.0020901615712209613,0.0015804047196162996,0.0017114882437315462,0.002728062403472712,0.0035228463339048053,0.0035423855762656024,0.0032171682954575177,0.0037989013084447983,0.005056528779764646,0.005753250675396402,0.00582919065049079,0.006041618326016948,0.00735093522766251,0.008943975555665246,0.009867486555387618,0.01051423004755523,0.01138536517667257,0.013107729523189882,0.014849306425503736,0.016456618436655263,0.017704362449688517,0.0189958872019939,0.02111284732443113,0.023477958103315565,0.025606953236313214,0.026993905129507372,0.028378863305644403,0.030759672018219802,0.0330936314840231,0.034865882953612246,0.03598640481387433,0.0371458255411012,0.03941183067220279,0.04157608758788309,0.04295778051891032,0.04340595673941501,0.044448663799069865,0.046050220986412684,0.04690394614271676,0.04708517643474467,0.04678676189504718,0.04718004139792279,0.04826719521151375,0.04885745897575158,0.04890279072683588,0.048443228248517885,0.0481904348169624,0.048809533321819545,0.04917959255577484,0.04956926615787169,0.049063796133900654,0.04877358751954806,0.04858909631604798,0.04770483453101344,0.04538822339739782,0.0417911744500175,0.03887039251645385,0.03734034072442691,0.03559174412974016,0.03322800802852458,0.03131668287921275,0.030509512560503087,0.02952735562752331,0.027760657217595516,0.023751320080094968,0.01922010425411924,0.015599164846475399,0.012640693282274249,0.010030259566379329,0.006355347995711904,-0.0009265335381773056,-0.0006318716733127522,-0.0005749450536661966,-0.0004951880445264647,-0.0014814890180487386,-0.0021572261802595143,-0.0017347545429176878,-0.0014248120878814778,-0.0017325100355404894,-0.0031190511058767417,-0.003631595629626172,-0.0030717612485657727,-0.0031487269898845373,-0.004080567575588355,-0.005536750575868272,-0.006053702558895899,-0.0058650412415252,-0.006744674739567546,-0.00818473732159682,-0.009706846559046143,-0.01051445505024453,-0.011202071136913494,-0.012446488574411382,-0.01421809832361711,-0.016168894185594095,-0.017721209707139307,-0.018910429499487964,-0.020313860055008896,-0.022565856834264042,-0.025232430950842093,-0.02691338459829403,-0.028063480855245928,-0.029660782844464814,-0.032156916081223855,-0.034558956552819105,-0.035834449662392645,-0.036597537334798716,-0.03806606942045353,-0.04050854032709523,-0.04258775043802218,-0.04305857778294752,-0.04359491005119312,-0.044401603773031026,-0.04595221824596908,-0.04675720897669321,-0.04623989138928219,-0.04633966064988175,-0.04684983174672968,-0.048006609963045344,-0.048448844125751206,-0.04793253139099292,-0.04747641381863006,-0.04744954880683377,-0.04821558934045879,-0.04904070478696804,-0.04856376193479725,-0.048058390194936074,-0.04717495873063929,-0.04664630341620193,-0.0449152829502527,-0.041372953579147186,-0.03793207075522308,-0.03561150439587237,-0.03465286247269933,-0.033077998073764284,-0.030831178317733795,-0.02928532502491189,-0.027951058788760984,-0.0270210140038668,-0.023541644365623785,-0.018652149588135526,-0.014387372459193873,-0.011352893893368882,-0.009369970826311068,-0.006094399591461025
30,-0.003690067306133009,-0.0039605617043215035,-0.004909764840462672,-0.0068708196914598636,-0.00799154464396783,-0.008892367691676329,-0.010143524764296582,-0.012077813357285826,-0.014447262287527953,-0.015905541110333186,-0.017190108892537047,-0.018855650119292928,-0.020319784538108933,-0.022149927825138544,-0.023734107219602046,-0.024740399382394605,-0.026326919602339113,-0.02877494583980409,-0.031214513136505546,-0.03270752448008438,-0.03484494464239497,-0.03639061091332588,-0.03830198505863587,-0.0400826315715651,-0.04139244895087903,-0.042800109783097194,-0.044217182633659306,-0.046231131216371055,-0.04765484516600009,-0.0484937469313521,-0.049351897262847284,-0.050467607982403795,-0.052392781549153056,-0.054136771828705896,-0.05458301515015192,-0.055296751221623267,-0.055822712091419396,-0.05693959562544981,-0.05724077603426178,-0.056564058742465215,-0.05554280141376029,-0.05476136078867499,-0.053205732002226225,-0.05133617607247294,-0.049061354617849696,-0.046630766170653815,-0.044248980429445035,-0.04243879750102117,-0.039798255036145876,-0.03678714238734404,-0.034364748857227095,-0.03190370185401411,-0.030453904269569454,-0.028103285666733063,-0.02566991339605608,-0.02427491665634346,-0.02330251604579163,-0.022840225314575153,-0.022187582547706374,-0.021423262934527978,-0.021130325430657272,-0.021503666527769603,-0.021322505462586724,-0.019442441910723703,-0.016131189437574293,-0.012650485885190247,-0.009821644286876357,-0.007111884836955101,-0.004280396322034218,-0.0015282812163035628,0.00028916036960913703,0.0007730338240670943,0.0011162271927262243,0.0017104742804715835,0.0025426803436938298,0.0,0.0,0.0,0.0,0.0,0.0,0.0,0.0,0.0,0.0,0.0,0.0,0.0,0.0,0.0,0.0,0.0,0.0,0.0,0.0,0.0,0.0,0.0,0.0,0.0,0.0,0.0,0.0,0.0,0.0,0.0,0.0,0.0,0.0,0.0,0.0,0.0,0.0,0.0,0.0,0.0,0.0,0.0,0.0,0.0,0.0,0.0,0.0,0.0,0.0,0.0,0.0,0.0,0.0,0.0,0.0,0.0,0.0,0.0,0.0,0.0,0.0,0.0,0.0,0.0,0.0,0.0,0.0,0.0,0.0,0.0,0.0,0.0,0.0,0.0,0.0,0.0,0.0,0.0,0.0,0.0,0.0,0.0,0.0,0.0,0.0,0.0,0.0,0.0,0.0,0.0,0.0,0.0,0.0,0.0,0.0,0.0,0.0,0.0,0.0,0.0,0.0,0.0,0.0,0.0,0.0,0.0,0.0,0.0,0.0,0.0,0.0,0.0,0.0,0.0,0.0,0.0,0.0,0.0,0.0,0.0,0.0,0.0,0.0,0.0,0.0,0.0,0.0,0.0,0.0,0.0,0.0,0.0,0.0,0.0,0.0,0.0,0.0,0.0,0.0,0.0,0.0,0.0,0.0,0.0,0.0,0.0,0.0,0.0,0.0
31,0.02537083931661967,0.03298392892484666,0.03745920848644502,0.04689702958693281,0.04667897036583692,0.04834928945825817,0.048219061046116896,0.0464564744948144,0.046170204434595,0.04798464565866467,0.04756059532883315,0.04037582287644362,0.032851476880744586,-0.005340224631389397,-0.02587111935882721,-0.03267818218372923,-0.05109340520086938,-0.050682197805036085,-0.05073137244405563,-0.04891222391318584,-0.04930027157184223,-0.05013596447130361,-0.05145336822865031,-0.04361606858920182,-0.034615475093387395,0.00789924822149849,0.01956982401156829,0.03466098790411827,0.054608824042032794,0.05017918996610329,0.05151704158489427,0.050227504871524595,0.04960945194035505,0.051914153595314684,0.054401474341932085,0.04962377552666134,0.04395349810551318,0.038955452753215415,-0.008719174031328153,-0.023834256561700337,-0.03547485842977769,-0.057150350461318666,-0.05360846562352344,-0.052542910740481924,-0.05029687263610746,-0.052628289716582316,-0.05394492926628616,-0.052705331399578954,-0.04387663686043221,-0.037084629987494164,0.00693939811505865,0.01735365899623352,0.03748323326421764,0.05506669056006121,0.04984169676582171,0.05009589664002823,0.049150226830961555,0.04814766600848147,0.05202259147563912,0.05126655130195418,0.04574322464213256,0.03865286898261982,0.03563552777969321,-0.007373547661170532,-0.028238581566457328,-0.03956667027157935,-0.05332090065590918,-0.05017503989404273,-0.047422761989245873,-0.04689242842008304,-0.04932525160916847,-0.04854091452470736,-0.046599540533956346,-0.04147295439472866,-0.03938707086151028,0.0,0.0,0.0,0.0,0.0,0.0,0.0,0.0,0.0,0.0,0.0,0.0,0.0,0.0,0.0,0.0,0.0,0.0,0.0,0.0,0.0,0.0,0.0,0.0,0.0,0.0,0.0,0.0,0.0,0.0,0.0,0.0,0.0,0.0,0.0,0.0,0.0,0.0,0.0,0.0,0.0,0.0,0.0,0.0,0.0,0.0,0.0,0.0,0.0,0.0,0.0,0.0,0.0,0.0,0.0,0.0,0.0,0.0,0.0,0.0,0.0,0.0,0.0,0.0,0.0,0.0,0.0,0.0,0.0,0.0,0.0,0.0,0.0,0.0,0.0,0.023151357427834904,0.03196451838524083,0.038915867858714356,0.04901515313008463,0.04623779435500867,0.046010182538376944,0.04714872455830993,0.0480840457222127,0.04852004741045902,0.047375726070226845,0.045456652083054556,0.03906929315701518,0.03370166849743038,-0.0045495297638994524,-0.02557048856331892,-0.03347470413449606,-0.05136066559597237,-0.04852848022951815,-0.048451120126670334,-0.05007134646950108,-0.0515811235799473,-0.0506402831386238,-0.049053846449002354,-0.04103827414886482,-0.0358672419054078,0.005970366902909338,0.01852467453399085,0.0358964091637773,0.05519654748237606,0.04882239236616622,0.04958621259821536,0.050061210104238064,0.05191475859303194,0.05360720255811369,0.051510391917001803,0.04674351937667169,0.04432779002659789,0.04135661439509704,-0.007320451150983723,-0.02487389737585214,-0.03653674617753299,-0.05654498656121923,-0.05115915359314364,-0.05155562345686408,-0.052289740423794265,-0.054393641213592726,-0.05380433098099102,-0.05031552673238997,-0.04252612274555874,-0.0386192120043485,0.005993558482071407,0.017360430725068918,0.03866761182173016,0.05393869885119782,0.04817967251052408,0.04951608062598963,0.0501072695357134,0.050451184202994076,0.051965244060438884,0.049413846625765936,0.0447786566148975,0.039838234641671,0.03665131363999296,-0.009494255712114546,-0.02893288013099555,-0.03889170509900621,-0.05045972846900119,-0.04799702688387863,-0.04874878431056498,-0.04859595870298392,-0.049660223985628124,-0.04746995711819049,-0.04489301710445418,-0.04191251707831086,-0.04146664437467746
32,0.0,0.0,0.0,0.0,0.0,0.0,0.0,0.0,0.0,0.0,0.0,0.0,0.0,0.0,0.0,0.0,0.0,0.0,0.0,0.0,0.0,0.0,0.0,0.0,0.0,0.0,0.0,0.0,0.0,0.0,0.0,0.0,0.0,0.0,0.0,0.0,0.0,0.0,0.0,0.0,0.0,0.0,0.0,0.0,0.0,0.0,0.0,0.0,0.0,0.0,0.0,0.0,0.0,0.0,0.0,0.0,0.0,0.0,0.0,0.0,0.0,0.0,0.0,0.0,0.0,0.0,0.0,0.0,0.0,0.0,0.0,0.0,0.0,0.0,0.0,0.022425537218952792,0.030657250057084626,0.03726479839800485,0.04081140061455031,0.04028416655287172,0.03963075781990065,0.04032891408600621,0.04069592189515478,0.04124826949317378,0.04104285558312112,0.040667524292816545,0.04030715461937429,0.04068849864862453,0.04063767012661985,0.04054469208067034,0.04000160457764365,0.03973744009546311,0.04007366344895207,0.04069279070932689,0.040618696140251306,0.04011507664735504,0.039955248105313236,0.04084187535959234,0.04198556450172847,0.04199317738396614,0.041420299581487956,0.040837186804551895,0.040770753260971695,0.041330400645229456,0.0412296056635786,0.04168334254069076,0.041006574274417805,0.04059583505398985,0.040789400720169046,0.03955459751429525,0.032437518854864046,0.015097067621184183,-0.006236045511605262,-0.022613798467142343,-0.03508156665385643,-0.04080738151834458,-0.04040970053400368,-0.039134487101033746,-0.041044092773973695,-0.04215403678622136,-0.042805612714595105,-0.04191184692213274,-0.04084459494330049,-0.04061289310996595,-0.04089661474415359,-0.04088908163423581,-0.04104777124774752,-0.040542218400884525,-0.040141686120488934,-0.04041659988268635,-0.04088373691530851,-0.040867997641579314,-0.040499757067010256,-0.04072431077778854,-0.04117324002987927,-0.041504449616712465,-0.04049321371234246,-0.039364332838060366,-0.03940813298497438,-0.04043989075704588,-0.04148712748850096,-0.041271378319349385,-0.04080772350492166,-0.03964218458679792,-0.03907552465118502,-0.0394755646668536,-0.039909068431196404,-0.0368281606637223,-0.026975304868296517,-0.01643972813238263,-0.02223865141621815,-0.029906308329376206,-0.03621377104892299,-0.03934609171509863,-0.03949427852458998,-0.03916725052000359,-0.03988459369952105,-0.039942739228307364,-0.04012042423726099,-0.04051570861547918,-0.04025798257185548,-0.038952573999469955,-0.03871197365705892,-0.03852263788355392,-0.038898874155603544,-0.038648677656784584,-0.03815725389871514,-0.038114632519825664,-0.03825885808597401,-0.038533995287113765,-0.0377358529680363,-0.03667079882430607,-0.0358372075543764,-0.035415274884855866,-0.03457212313813813,-0.03329521944607051,-0.03207386905516302,-0.031368712847847355,-0.030325870055654226,-0.028671369897526562,-0.025167685237904937,-0.021923672011780925,-0.018878900254589895,-0.016439330845546298,-0.013572145717686437,-0.008592848969225764,-0.0069271228258489855,-0.003626077065943034,0.0018148931957877226,0.0070276681549963586,0.012332607833004099,0.01550728324443876,0.018305440701455497,0.02071578692504801,0.02342283603320879,0.026728891026918902,0.02918550175288075,0.03100068776068732,0.03253980942554886,0.033900617922424055,0.03564234229517424,0.036557617058479264,0.037029373137193074,0.03744041677697343,0.038120281201361995,0.03912820950421521,0.039596657096753834,0.039492255796919624,0.03904680531477808,0.039273229742626516,0.040100574593048395,0.040573259358460206,0.04058796105830038,0.04014204380196392,0.04024524710146782,0.04095840644335365,0.04081402187621038,0.03990382166388521,0.039730896146564915,0.040139761833983795,0.04071863199949707,0.03978314318288788,0.03809031221629315,0.034772585782964056,0.026723868672125506
33,-0.026181437795445607,-0.03660753266552203,-0.04112270389237015,-0.04156989402372715,-0.03989094985664332,-0.03841686137057122,-0.037958781995832254,-0.03696385366761821,-0.03622459984045598,-0.03476551260378221,-0.033740624748175504,-0.03268911896331346,-0.03223545717572744,-0.030717149255996036,-0.02856373931440725,-0.026573756212091692,-0.02542232708274779,-0.02498492057771975,-0.024449839189675304,-0.02301849320930106,-0.02163342349129381,-0.020526433528518198,-0.019884174663314564,-0.018671397282446985,-0.017144169365638263,-0.015589814583717991,-0.014446411108406401,-0.013355223691167763,-0.011829847664933505,-0.010110656729250319,-0.009044847965414188,-0.008219433982153482,-0.007361575115236115,-0.005755308194144512,-0.004111579822434152,-0.0005310522985969888,0.0003845275925596303,-0.0035264512081383055,-0.0014677433045224403,0.0024614016313939066,0.0049561919236969934,0.005661040469954798,0.005722493482345615,0.007142887969994577,0.009280275945601555,0.010739727146045978,0.011174012326907262,0.011606868417198248,0.01306718476380046,0.015309334564889567,0.017037849589297695,0.017729380949600346,0.017881782291118677,0.019110261636697073,0.020824652060934853,0.022490433434683786,0.023416939508226764,0.024173715884681764,0.02552505911558598,0.02723585613776488,0.028373823975449988,0.02904587857260887,0.029570910331740315,0.0312668208287495,0.03303307242090372,0.03445110768467559,0.03515773873211943,0.03598762034177357,0.03808955187895397,0.0394180718253293,0.04036334127965133,0.04089853845603615,0.041941838098548304,0.04199390626867628,0.03668256459532092,0.023659675847592924,0.03487165573055659,0.04287096981955976,0.04489501463030414,0.045260179348400986,0.045038477436449204,0.0452053807868605,0.04502322200146162,0.0453537351504111,0.04571330451392167,0.04560070030933376,0.04537438769712196,0.0459915484038183,0.04640384935872133,0.04580028738303155,0.044342155283121916,0.043412320946048154,0.044139147799051585,0.045367387753932516,0.045584520820733235,0.04531457266075247,0.045086472143840484,0.045127116881990725,0.04542483665539254,0.04511968944292542,0.04518953458566399,0.04525036453274077,0.04591792210562611,0.04586318695853446,0.044955293562488854,0.04537431901959817,0.045438279033996005,0.04538750345837708,0.04641924090944741,0.04714111460384097,0.040489158965688166,0.018848787707835345,-0.011060752488871832,-0.032423346514727606,-0.04442922490175658,-0.046546247607539615,-0.04585675287268852,-0.0442191669571491,-0.044517651879148024,-0.044837590776570124,-0.04598043863150809,-0.046334234590725804,-0.04608762624485207,-0.04629199608618078,-0.0471691667248296,-0.04731326526158173,-0.04642525817050133,-0.04460365894429743,-0.043415441698668025,-0.04392673982147757,-0.04531825512393033,-0.045789976004219766,-0.045390866119359094,-0.04527187867803334,-0.04505914007599515,-0.045340535805827434,-0.04542573808763881,-0.04503517260803827,-0.045055702813897515,-0.045349932387407976,-0.04534330203429235,-0.04441878402908507,-0.04472540827146597,-0.04534572483923157,-0.04537532555396651,-0.04520531411109388,-0.04544141046581149,-0.04206147685145127,-0.029973724100592077,-0.01664415430952301,-0.02796710040943908,-0.036987546679023015,-0.04226285969405981,-0.044061179144708314,-0.04471916349851429,-0.044795596417779415,-0.0448394858152315,-0.044403714914994265,-0.04481616800838456,-0.0455740686853417,-0.04592310350601509,-0.04522077677506982,-0.04511301130728014,-0.044963677017851686,-0.04514438925934769,-0.04454394740428001,-0.043256269935508365,-0.04284842139522138,-0.04358832680029751,-0.04422258604930348,-0.04348961541158787,-0.04223633011938136,-0.04123501417563514,-0.040985164523492816,-0.04065913072350777,-0.03902430447662972,-0.03705360363820548,-0.03503959748833848,-0.03342942233241577,-0.03179522514358852,-0.02931215903369594,-0.026310264342492697,-0.02290002523707405,-0.019525177660770644,-0.014846345332601431,-0.008227820753650304,-0.00852660594356027,-0.006820293601594403,4.744749616302413e-05,0.0064473545419887115,0.012480574379438822,0.016235532258070295,0.019468074386968785,0.022284718088700868,0.0257017322752019,0.029453869761441296,0.032223931416095135,0.034183206149453575,0.035716867603642455,0.03768056204123037,0.040204592645725595,0.041405634490060295,0.04185409222095874,0.04196915190663137,0.042829549285014576,0.04440513553569225,0.04518563886353977,0.04533581025073799,0.045036889309606275,0.0452555999144784,0.04593997322223073,0.046431111679146125,0.04627347856069057,0.04584577983983531,0.04587850632600055,0.04697356069623143,0.04742615172283945,0.04688548052478307,0.04650597447369693,0.04666594124384813,0.047131607336627364,0.046585572271166484,0.04730036279534082,0.046162904344498205,0.034238284927524835
34,0.017231900734656372,0.024140887740879868,0.030719767125477377,0.033988048325444276,0.036740107831508766,0.03755224910886354,0.036887203185896715,0.034753760400988216,0.03284613404127886,0.03266569293638569,0.03321542977624911,0.034381693597418286,0.034515190504970684,0.03475493163249646,0.03611241664791097,0.03737287258264359,0.03823989665099511,0.03839401581297859,0.03855650044330341,0.0391344423661762,0.04019523570298757,0.041068800718534304,0.04082733601822584,0.04105222181122574,0.04216218015899324,0.043176441110587424,0.043512331301940745,0.042801523237379804,0.04218011873495011,0.04311976879832288,0.04448657282933209,0.04549168367923918,0.04497289907935407,0.04502379221452111,0.04579084968159963,0.046541443489959734,0.046724727827854,0.04611655881245447,0.04599242393862636,0.04659092665972711,0.0470525502391789,0.047436705077186454,0.046912233162139653,0.047132496424446266,0.0481689738431808,0.04883823865916013,0.04922796455088164,0.04874251097752063,0.04886004321825756,0.04983665280709374,0.050248526614950176,0.05007579315410144,0.04963006922241918,0.05012670181733199,0.051109816657200394,0.052344158240439975,0.05295747942017107,0.05266648119553887,0.05349904058108167,0.05430215555155415,0.05478490403104428,0.0546499029167933,0.05411845167908576,0.05409534865665225,0.05416804789797933,0.05505235592410136,0.055378853924322194,0.05470755707411212,0.05468451467722767,0.05415424900884544,0.05404567819764799,0.05200165168875892,0.04629937806000882,0.040591143480571044,0.03428452756726417,0.0,0.0,0.0,0.0,0.0,0.0,0.0,0.0,0.0,0.0,0.0,0.0,0.0,0.0,0.0,0.0,0.0,0.0,0.0,0.0,0.0,0.0,0.0,0.0,0.0,0.0,0.0,0.0,0.0,0.0,0.0,0.0,0.0,0.0,0.0,0.0,0.0,0.0,0.0,0.0,0.0,0.0,0.0,0.0,0.0,0.0,0.0,0.0,0.0,0.0,0.0,0.0,0.0,0.0,0.0,0.0,0.0,0.0,0.0,0.0,0.0,0.0,0.0,0.0,0.0,0.0,0.0,0.0,0.0,0.0,0.0,0.0,0.0,0.0,0.0,0.0,0.0,0.0,0.0,0.0,0.0,0.0,0.0,0.0,0.0,0.0,0.0,0.0,0.0,0.0,0.0,0.0,0.0,0.0,0.0,0.0,0.0,0.0,0.0,0.0,0.0,0.0,0.0,0.0,0.0,0.0,0.0,0.0,0.0,0.0,0.0,0.0,0.0,0.0,0.0,0.0,0.0,0.0,0.0,0.0,0.0,0.0,0.0,0.0,0.0,0.0,0.0,0.0,0.0,0.0,0.0,0.0,0.0,0.0,0.0,0.0,0.0,0.0,0.0,0.0,0.0,0.0,0.0,0.0,0.0,0.0,0.0,0.0,0.0,0.0
35,0.0,0.0,0.0,0.0,0.0,0.0,0.0,0.0,0.0,0.0,0.0,0.0,0.0,0.0,0.0,0.0,0.0,0.0,0.0,0.0,0.0,0.0,0.0,0.0,0.0,0.0,0.0,0.0,0.0,0.0,0.0,0.0,0.0,0.0,0.0,0.0,0.0,0.0,0.0,0.0,0.0,0.0,0.0,0.0,0.0,0.0,0.0,0.0,0.0,0.0,0.0,0.0,0.0,0.0,0.0,0.0,0.0,0.0,0.0,0.0,0.0,0.0,0.0,0.0,0.0,0.0,0.0,0.0,0.0,0.0,0.0,0.0,0.0,0.0,0.0,0.01573451449622119,0.018769420800616967,0.01987949654033736,0.020089225348218866,0.020062284222915634,0.0201895796565266,0.020465489272054087,0.020106411398304606,0.020221090673626586,0.02024910507198843,0.020621018157433134,0.020651556014605364,0.020638780841654887,0.02090040505703739,0.021316583995329815,0.02193357069612776,0.022093469840713004,0.02184557443561762,0.021831309275230255,0.02195037947990224,0.022136206763896004,0.022370313648638222,0.022434905022845526,0.02265542208849713,0.022866799814023127,0.023024771868668772,0.023111198530255297,0.023035679494561048,0.023024255262258816,0.023132139536519172,0.023417287796495646,0.023475819492956983,0.023592028568600924,0.023759497583800984,0.02381425435430691,0.024081382180420628,0.024020664950315143,0.023981544308322826,0.024066282053739875,0.024199796289015495,0.02455386742271136,0.02460482932115427,0.02479653732407474,0.02502623346866703,0.025201947768170897,0.025402596731672743,0.024944197844576823,0.024706455057451483,0.024774801739051732,0.02515140329061684,0.025577118872346514,0.025702884380394312,0.0261820255958439,0.026484995677408828,0.02679855529348931,0.02725868279634687,0.027586170302194315,0.027831264260350326,0.028543478991737554,0.02943864006443392,0.02948572760803709,0.02896889647220471,0.028057225089046903,0.026946176463052023,0.0265634757892335,0.026679863774792773,0.026065241224062882,0.025232485637472744,0.02462855252106661,0.024391605197300992,0.024257952787231588,0.02351470485816287,0.02146224140146255,0.017720444420134155,0.011692195681005137,-0.016658902404976667,-0.019690649666716978,-0.021008705637145925,-0.021055396072214197,-0.020833051156897417,-0.021085456634035472,-0.021257654364930025,-0.021088715059573403,-0.02094488930962963,-0.020871575773502536,-0.02122244846968751,-0.021281556756595627,-0.021334545354877183,-0.021434064995846887,-0.021734988440375823,-0.022371187713008105,-0.02257708171593763,-0.02253519963650423,-0.022291814409761364,-0.02224874021806654,-0.02247189989302044,-0.022713596427141602,-0.022915417384443373,-0.022870316495335833,-0.02286918400444694,-0.023118510040372485,-0.023209705033812054,-0.023244951194748543,-0.023031169383635607,-0.02313325204720158,-0.02336179585326272,-0.02352996023120666,-0.023688329689987152,-0.02374173532654178,-0.023835989933344452,-0.02402253240017769,-0.024013393021123937,-0.02410828336936604,-0.023999008135006064,-0.024220538369516903,-0.024464976926588982,-0.02466369857191032,-0.024822465172032328,-0.02498224504929593,-0.025183787935805932,-0.025236021551535426,-0.025074195154972452,-0.024885546745191438,-0.024686606538223552,-0.025129766530400506,-0.025617908061700542,-0.025958329519119812,-0.02642245043331017,-0.026503512573237707,-0.026859530521133365,-0.027368931176759224,-0.027935353570748032,-0.02815159897693324,-0.028713192847377673,-0.029488071937193362,-0.029718523061775727,-0.029528265409207097,-0.02839287824540199,-0.02725153050736672,-0.026998310859637602,-0.02713271932231813,-0.026766091592191323,-0.025827577699522056,-0.02510077960468753,-0.025028817786139072,-0.024933411696544217,-0.024452801460897816,-0.022243160790741453,-0.01831313242713586,-0.012387403647741355
36,-0.028491840094100735,-0.03136408288147446,-0.0347078869470252,-0.03718707960732038,-0.03754687597877989,-0.03704802718921135,-0.037521927260389484,-0.03895189282071327,-0.04043463118915814,-0.03969478966774961,-0.03859657582558227,-0.03857471710941454,-0.03917581712029321,-0.03989481150723809,-0.038985001248904784,-0.03841761712579639,-0.03911901629267684,-0.04118550342390922,-0.04246262332160683,-0.0417584301035131,-0.040839998856056436,-0.04122098472415119,-0.042506600852243094,-0.04311897550408917,-0.04224035009047028,-0.04152749244008334,-0.041967400653593674,-0.04316191903327897,-0.04369922742311321,-0.04297490408564064,-0.042478343724353926,-0.04398080082481339,-0.04580605923691872,-0.0464847599479784,-0.04516062161294557,-0.04465895612580343,-0.045585378196122905,-0.047430234960086,-0.04794063604008116,-0.04698214919712313,-0.0469817938085049,-0.0484519242215572,-0.050551189240720475,-0.0509350871908644,-0.049578196850495845,-0.04945259484860286,-0.050556664972480694,-0.05237263066415974,-0.05256312114070197,-0.051261888621007334,-0.05028048821249129,-0.05046629417257136,-0.05193552938163139,-0.05234781844069858,-0.052231591084921335,-0.05193360544249305,-0.05287283721703974,-0.05308918543330425,-0.05165571384138053,-0.04947257841309104,-0.047734117068386865,-0.046901846351963664,-0.04612522670325503,-0.04393243997969766,-0.041727041142222476,-0.041088078368203586,-0.042216336920498074,-0.043230312006288435,-0.04143031921237757,-0.03918333909152649,-0.036822237863260984,-0.03435515554250254,-0.029610541536739532,-0.022276361036206373,-0.01365083855715767,0.0,0.0,0.0,0.0,0.0,0.0,0.0,0.0,0.0,0.0,0.0,0.0,0.0,0.0,0.0,0.0,0.0,0.0,0.0,0.0,0.0,0.0,0.0,0.0,0.0,0.0,0.0,0.0,0.0,0.0,0.0,0.0,0.0,0.0,0.0,0.0,0.0,0.0,0.0,0.0,0.0,0.0,0.0,0.0,0.0,0.0,0.0,0.0,0.0,0.0,0.0,0.0,0.0,0.0,0.0,0.0,0.0,0.0,0.0,0.0,0.0,0.0,0.0,0.0,0.0,0.0,0.0,0.0,0.0,0.0,0.0,0.0,0.0,0.0,0.0,0.0,0.0,0.0,0.0,0.0,0.0,0.0,0.0,0.0,0.0,0.0,0.0,0.0,0.0,0.0,0.0,0.0,0.0,0.0,0.0,0.0,0.0,0.0,0.0,0.0,0.0,0.0,0.0,0.0,0.0,0.0,0.0,0.0,0.0,0.0,0.0,0.0,0.0,0.0,0.0,0.0,0.0,0.0,0.0,0.0,0.0,0.0,0.0,0.0,0.0,0.0,0.0,0.0,0.0,0.0,0.0,0.0,0.0,0.0,0.0,0.0,0.0,0.0,0.0,0.0,0.0,0.0,0.0,0.0,0.0,0.0,0.0,0.0,0.0,0.0
37,0.0,0.0,0.0,0.0,0.0,0.0,0.0,0.0,0.0,0.0,0.0,0.0,0.0,0.0,0.0,0.0,0.0,0.0,0.0,0.0,0.0,0.0,0.0,0.0,0.0,0.0,0.0,0.0,0.0,0.0,0.0,0.0,0.0,0.0,0.0,0.0,0.0,0.0,0.0,0.0,0.0,0.0,0.0,0.0,0.0,0.0,0.0,0.0,0.0,0.0,0.0,0.0,0.0,0.0,0.0,0.0,0.0,0.0,0.0,0.0,0.0,0.0,0.0,0.0,0.0,0.0,0.0,0.0,0.0,0.0,0.0,0.0,0.0,0.0,0.0,0.0,0.0,0.0,0.0,0.0,0.0,0.0,0.0,0.0,0.0,0.0,0.0,0.0,0.0,0.0,0.0,0.0,0.0,0.0,0.0,0.0,0.0,0.0,0.0,0.0,0.0,0.0,0.0,0.0,0.0,0.0,0.0,0.0,0.0,0.0,0.0,0.0,0.0,0.0,0.0,0.0,0.0,0.0,0.0,0.0,0.0,0.0,0.0,0.0,0.0,0.0,0.0,0.0,0.0,0.0,0.0,0.0,0.0,0.0,0.0,0.0,0.0,0.0,0.0,0.0,0.0,0.0,0.0,0.0,0.0,0.0,0.0,0.0,0.0,0.0,0.0,0.0,0.0,0.0,0.0,0.0,0.0,0.0,0.0,0.0,0.0,0.0,0.0,0.0,0.0,0.0,0.0,0.0,0.0,0.0,0.0,0.0,0.0,0.0,0.0,0.0,0.0,0.0,0.0,0.0,0.0,0.0,0.0,0.0,0.0,0.0,0.0,0.0,0.0,0.0,0.0,0.0,0.0,0.0,0.0,0.0,0.0,0.0,0.0,0.0,0.0,0.0,0.0,0.0,0.0,0.0,0.0,0.0,0.0,0.0,0.0,0.0,0.0,0.0,0.0,0.0,0.0,0.0,0.0,0.0,0.0,0.0,0.0,0.0,0.0
38,0.0,0.0,0.0,0.0,0.0,0.0,0.0,0.0,0.0,0.0,0.0,0.0,0.0,0.0,0.0,0.0,0.0,0.0,0.0,0.0,0.0,0.0,0.0,0.0,0.0,0.0,0.0,0.0,0.0,0.0,0.0,0.0,0.0,0.0,0.0,0.0,0.0,0.0,0.0,0.0,0.0,0.0,0.0,0.0,0.0,0.0,0.0,0.0,0.0,0.0,0.0,0.0,0.0,0.0,0.0,0.0,0.0,0.0,0.0,0.0,0.0,0.0,0.0,0.0,0.0,0.0,0.0,0.0,0.0,0.0,0.0,0.0,0.0,0.0,0.0,0.0023210559275668955,-0.00018988868170597686,-0.0027756585586095318,-0.004995778284527763,-0.007655377367949488,-0.010547535100076702,-0.013912014566417535,-0.01607420970935718,-0.016689206605295857,-0.016583857892785818,-0.015753821351975936,-0.01442653055787456,-0.011455383655559844,-0.007040239060793653,-0.0023599901137896675,0.002062101778080943,0.00584838024399066,0.01021697829678489,0.01435816681491066,0.01742254601768349,0.01888502130527428,0.01866219180544763,0.018232612530239882,0.0164779413323635,0.01327665138876063,0.0084940756244286,0.0023121482498278095,-0.003229627071907562,-0.00888472613359871,-0.014579929402409588,-0.020151349586564057,-0.02493508916280779,-0.027248161963858875,-0.027488056369302016,-0.0262013529617693,-0.023985655724872223,-0.020431476684636567,-0.014381097897504485,-0.00716704309184818,0.00017926508823056918,0.006622029152899747,0.012867232709694306,0.019398461794824205,0.024483989579403485,0.02790182133839675,0.02909768104655984,0.028483913036731416,0.02709849209767287,0.024080474118715597,0.01935842237223045,0.013125713671324474,0.006503428994119313,0.0007196108833390866,-0.0049850197885612756,-0.01026275116405221,-0.015154935196577589,-0.018436657875709396,-0.019488885844648758,-0.019238685143972145,-0.01794994302602257,-0.016294922667182174,-0.013115247605764775,-0.008391913340411221,-0.003318323858910639,0.0016693808095003195,0.005717429791462569,0.010217614068317463,0.014589706322104164,0.01798007447551623,0.019723608528218677,0.019623747040830006,0.01917055458396532,0.018182638890569994,0.015979719305433904,0.012740779540063505,0.0,0.0,0.0,0.0,0.0,0.0,0.0,0.0,0.0,0.0,0.0,0.0,0.0,0.0,0.0,0.0,0.0,0.0,0.0,0.0,0.0,0.0,0.0,0.0,0.0,0.0,0.0,0.0,0.0,0.0,0.0,0.0,0.0,0.0,0.0,0.0,0.0,0.0,0.0,0.0,0.0,0.0,0.0,0.0,0.0,0.0,0.0,0.0,0.0,0.0,0.0,0.0,0.0,0.0,0.0,0.0,0.0,0.0,0.0,0.0,0.0,0.0,0.0,0.0,0.0,0.0,0.0,0.0,0.0,0.0,0.0,0.0,0.0,0.0,0.0
39,0.0,0.0,0.0,0.0,0.0,0.0,0.0,0.0,0.0,0.0,0.0,0.0,0.0,0.0,0.0,0.0,0.0,0.0,0.0,0.0,0.0,0.0,0.0,0.0,0.0,0.0,0.0,0.0,0.0,0.0,0.0,0.0,0.0,0.0,0.0,0.0,0.0,0.0,0.0,0.0,0.0,0.0,0.0,0.0,0.0,0.0,0.0,0.0,0.0,0.0,0.0,0.0,0.0,0.0,0.0,0.0,0.0,0.0,0.0,0.0,0.0,0.0,0.0,0.0,0.0,0.0,0.0,0.0,0.0,0.0,0.0,0.0,0.0,0.0,0.0,0.0008467464253704932,0.0007521753436349815,0.0009063642033314223,0.0011866140243419442,0.0014732545125327628,0.00118027176851771,0.0011488089934429285,0.0010413215938564842,0.0013546975804107034,0.001500171601883224,0.001407619915692381,0.0012356108187606381,0.0017854411754829164,0.0019534855609369224,0.002578066733023648,0.002515009206263514,0.0027010622788174415,0.002680313751531029,0.0031013435950291903,0.00335702021379637,0.0036743144582478586,0.0035582638967763336,0.0034279707124040847,0.004123558092428668,0.004265874614230138,0.0038322772600842313,0.00356511827197307,0.0031788650214470853,0.0030293213436619277,0.0019595221496589692,0.0010038979729826993,-0.00017231034781259357,-0.0014341337020363507,-0.002591792100136755,-0.004069892409189466,-0.006224076455182965,-0.008530659217264962,-0.010219010492977684,-0.012260061649971074,-0.014113517718426576,-0.017063803279974265,-0.019371047486072594,-0.022068934720753015,-0.023822681027861396,-0.026966801678077364,-0.02920290949675373,-0.03124839748305956,-0.03301188322859285,-0.034662555259194275,-0.036743001185967364,-0.03839736781778517,-0.039695996751340286,-0.04083254857051376,-0.041500679508761545,-0.04232335178664685,-0.04271146400899055,-0.04300613878446871,-0.042239077664974894,-0.041780556212699806,-0.040961811513027586,-0.0402847809105616,-0.0393819545569498,-0.037816062962815145,-0.036189209686746,-0.03463938490153323,-0.032700253075524315,-0.03060498840900456,-0.028396653514626335,-0.02620843631425264,-0.023934834817356997,-0.021776195109425547,-0.01949345022686875,-0.016927272690974486,-0.01451032523493038,-0.012369140924994085,0.0,0.0,0.0,0.0,0.0,0.0,0.0,0.0,0.0,0.0,0.0,0.0,0.0,0.0,0.0,0.0,0.0,0.0,0.0,0.0,0.0,0.0,0.0,0.0,0.0,0.0,0.0,0.0,0.0,0.0,0.0,0.0,0.0,0.0,0.0,0.0,0.0,0.0,0.0,0.0,0.0,0.0,0.0,0.0,0.0,0.0,0.0,0.0,0.0,0.0,0.0,0.0,0.0,0.0,0.0,0.0,0.0,0.0,0.0,0.0,0.0,0.0,0.0,0.0,0.0,0.0,0.0,0.0,0.0,0.0,0.0,0.0,0.0,0.0,0.0
40,-0.005647056495454733,-0.006665457075978491,-0.008309460738043601,-0.008939734719855897,-0.009856245346860712,-0.010309079986355607,-0.011574995804274494,-0.013154135697104379,-0.014291671265524542,-0.015041670518370971,-0.015903299629702897,-0.017407005801826428,-0.018953544481499458,-0.01998575469512148,-0.02104711672019038,-0.021799697647798526,-0.023222234847077843,-0.0247730387617801,-0.025710147789250966,-0.02641889370722546,-0.027255838609313732,-0.02878341321798856,-0.030019709482801457,-0.030775955453387852,-0.03145804345159951,-0.03211411906868373,-0.03346794050120805,-0.034481667650154126,-0.03495112895393467,-0.035520808104031014,-0.03563147228059855,-0.036784024928387116,-0.037249334706829375,-0.03766256060676396,-0.037575594197336575,-0.03770506500436028,-0.038562575698588876,-0.038566057390774046,-0.03864894994117979,-0.03814729275455145,-0.03810146661661082,-0.03833793315805409,-0.03802623795428286,-0.037548025141571864,-0.03677149071854461,-0.03626505580313532,-0.03630763712534712,-0.035788862385990036,-0.03499705962681733,-0.03375601504857383,-0.03302786874182653,-0.03261686881223887,-0.03185022703006435,-0.030835486106282936,-0.029238851999566034,-0.02819679571200194,-0.027765809131093548,-0.026746872263246704,-0.02546727281078168,-0.023832485991841654,-0.02289936016749316,-0.022150860742645384,-0.021045598121666894,-0.0197785082775756,-0.018006024339234747,-0.017077195195869064,-0.016468941338963088,-0.015222639509607887,-0.013971954415950552,-0.012354157150899967,-0.01184317530602781,-0.010998644806946114,-0.009983781516908074,-0.008667160896357542,-0.007324907098097662,0.0,0.0,0.0,0.0,0.0,0.0,0.0,0.0,0.0,0.0,0.0,0.0,0.0,0.0,0.0,0.0,0.0,0.0,0.0,0.0,0.0,0.0,0.0,0.0,0.0,0.0,0.0,0.0,0.0,0.0,0.0,0.0,0.0,0.0,0.0,0.0,0.0,0.0,0.0,0.0,0.0,0.0,0.0,0.0,0.0,0.0,0.0,0.0,0.0,0.0,0.0,0.0,0.0,0.0,0.0,0.0,0.0,0.0,0.0,0.0,0.0,0.0,0.0,0.0,0.0,0.0,0.0,0.0,0.0,0.0,0.0,0.0,0.0,0.0,0.0,0.0,0.0,0.0,0.0,0.0,0.0,0.0,0.0,0.0,0.0,0.0,0.0,0.0,0.0,0.0,0.0,0.0,0.0,0.0,0.0,0.0,0.0,0.0,0.0,0.0,0.0,0.0,0.0,0.0,0.0,0.0,0.0,0.0,0.0,0.0,0.0,0.0,0.0,0.0,0.0,0.0,0.0,0.0,0.0,0.0,0.0,0.0,0.0,0.0,0.0,0.0,0.0,0.0,0.0,0.0,0.0,0.0,0.0,0.0,0.0,0.0,0.0,0.0,0.0,0.0,0.0,0.0,0.0,0.0,0.0,0.0,0.0,0.0,0.0,0.0
41,0.011873715581864418,0.013473911334420633,0.013911262265106287,0.014405752456211259,0.01637080134627311,0.01811085075662825,0.019696566835878015,0.02038944107086145,0.020943828996530266,0.022967533426997117,0.024877705876954755,0.026644854646777242,0.027283409550590585,0.02812337224996175,0.030099886434261414,0.031770809141131576,0.0334869560276553,0.03389845120892219,0.03471450479576332,0.03639713093354652,0.03800540832122652,0.0392997817771864,0.039425073726898546,0.0401097995882551,0.04176594253967417,0.04298324477641201,0.043827270997538616,0.043564983090931014,0.043834208652859544,0.04499613798570927,0.0457911936014745,0.04616337733038045,0.045076024538764366,0.045158280171678146,0.0459983859165133,0.046251112765708986,0.045987119200181614,0.044734812852411016,0.044416672599051264,0.04442825617072172,0.044400583108597264,0.04359875806903506,0.04176970588939191,0.04099307237411395,0.040680148524609744,0.04025095794465773,0.03904066148047332,0.03686285546491516,0.036032654923583096,0.0353180013196773,0.03437716646957293,0.03276995191690472,0.030606073159818913,0.029798220044988367,0.028825542056326346,0.027785377116069338,0.02599791391980947,0.02367843523613167,0.022952226761740677,0.022088349248830737,0.021059542425090776,0.019029660268114822,0.01684749245435654,0.01620403085313182,0.015529196062724755,0.014609258039666395,0.01274285779526454,0.010892786162926663,0.010440618606410351,0.009812579271442325,0.00939423243634886,0.007668782385169973,0.006232753140867943,0.006172021325298657,0.00578055002968169,0.0,0.0,0.0,0.0,0.0,0.0,0.0,0.0,0.0,0.0,0.0,0.0,0.0,0.0,0.0,0.0,0.0,0.0,0.0,0.0,0.0,0.0,0.0,0.0,0.0,0.0,0.0,0.0,0.0,0.0,0.0,0.0,0.0,0.0,0.0,0.0,0.0,0.0,0.0,0.0,0.0,0.0,0.0,0.0,0.0,0.0,0.0,0.0,0.0,0.0,0.0,0.0,0.0,0.0,0.0,0.0,0.0,0.0,0.0,0.0,0.0,0.0,0.0,0.0,0.0,0.0,0.0,0.0,0.0,0.0,0.0,0.0,0.0,0.0,0.0,0.0,0.0,0.0,0.0,0.0,0.0,0.0,0.0,0.0,0.0,0.0,0.0,0.0,0.0,0.0,0.0,0.0,0.0,0.0,0.0,0.0,0.0,0.0,0.0,0.0,0.0,0.0,0.0,0.0,0.0,0.0,0.0,0.0,0.0,0.0,0.0,0.0,0.0,0.0,0.0,0.0,0.0,0.0,0.0,0.0,0.0,0.0,0.0,0.0,0.0,0.0,0.0,0.0,0.0,0.0,0.0,0.0,0.0,0.0,0.0,0.0,0.0,0.0,0.0,0.0,0.0,0.0,0.0,0.0,0.0,0.0,0.0,0.0,0.0,0.0
42,0.010575276573386387,0.012051551845619173,0.012604827082897525,0.012558571635227592,0.01376092362247883,0.015353534385831,0.0166632445069638,0.01700353763625959,0.017104994918054884,0.01832666377421115,0.020094159620534686,0.021459361735892867,0.021917662118079297,0.021968512546816626,0.02327807581741404,0.02473088885474367,0.026133393432505658,0.026364696932480156,0.02627148022680439,0.027585091613823054,0.029232709982602113,0.030220915052539474,0.030290024281170662,0.030246249664054647,0.031672819349835804,0.03320730094461653,0.0340886474337855,0.03417795292494412,0.03501612353975934,0.0368894052658536,0.03849386012405101,0.039618363892671205,0.03945149584990186,0.039872751525691016,0.0413863810743387,0.04247022662126317,0.0431575898027092,0.04286470524501863,0.04349231721492141,0.044717442924904746,0.045971618726641225,0.04677164721456845,0.046737633116740895,0.04717039236675697,0.048883041910875516,0.04992900128087384,0.05101624477369108,0.051132784643077106,0.051613165659516264,0.052662882547374404,0.05303515060819138,0.05308683778861517,0.052292320617230714,0.0521904486098011,0.05277488635006175,0.05315814639746909,0.05265344169010522,0.05167808655844748,0.05108945054678644,0.05081089768529339,0.05002319753746649,0.048056264677446774,0.04553775828197936,0.043281109726500025,0.04163225194576241,0.039348937830148076,0.03605869299718233,0.032647967303052874,0.02972762586841054,0.026280478774281867,0.02171989736236529,0.017341619185414683,0.013422748416697085,0.010504380753476362,0.008226879646518637,0.00010486445342659413,-5.888939749077962e-05,-0.00026092930406432414,-7.692973923224053e-05,0.00017478071178358526,0.00025622053645118267,1.8556915403645805e-05,-0.0001882513634363339,-7.798275477441887e-05,0.00016637645566394368,0.00022614005473690219,-9.19898483071521e-06,-9.793044542245187e-05,2.755721805659179e-05,0.00019566220866711916,0.00024302803984729244,-7.768473150776775e-06,-0.0002002517669735832,-5.2313017406636305e-05,9.699663918691762e-05,8.841356910727659e-05,-0.00019772850331590557,-0.0003792445409258818,-0.0002452334120205414,-9.038052266720406e-05,-0.00011183819786627329,-0.00034437581872738597,-0.00035395229969585,-6.894271568591996e-05,0.0001405080361183765,6.989639013920599e-05,-0.00020841760447990325,-0.0002506574354736475,-6.786983192595649e-05,5.877018818413553e-05,-0.00016232333923744466,-0.0005355279419591482,-0.0006005168823074614,-0.00043996181445215963,-0.00035566096642467075,-0.0005105337239957933,-0.0008062522773875061,-0.0008537174496565717,-0.0006258091235374933,-0.00055265434568286,-0.0007697344931135114,-0.001048127960603761,-0.0010879041325931498,-0.0010655722558119017,-0.001098891257023791,-0.001380940476585004,-0.0017887753828918819,-0.001926323054561508,-0.0019475025747117188,-0.0020176572516820315,-0.002160271318884798,-0.0023024284170786733,-0.002111852472162413,-0.0019049448522335459,-0.0018041335152334506,-0.0018617314785687638,-0.0019582711487468236,-0.0017889939332874183,-0.0016201339504013671,-0.0015737217936744798,-0.0018066965153266655,-0.002031783554521423,-0.0019676489475375365,-0.0018163326009484847,-0.0017975968715848443,-0.0019828083977013206,-0.002181073342897225,-0.0020956797428920205,-0.0020689569899820593,-0.0020688973853287378,0.0,0.0,0.0,0.0,0.0,0.0,0.0,0.0,0.0,0.0,0.0,0.0,0.0,0.0,0.0,0.0,0.0,0.0,0.0,0.0,0.0,0.0,0.0,0.0,0.0,0.0,0.0,0.0,0.0,0.0,0.0,0.0,0.0,0.0,0.0,0.0,0.0,0.0,0.0,0.0,0.0,0.0,0.0,0.0,0.0,0.0,0.0,0.0,0.0,0.0,0.0,0.0,0.0,0.0,0.0,0.0,0.0,0.0,0.0,0.0,0.0,0.0,0.0,0.0,0.0,0.0,0.0,0.0,0.0,0.0,0.0,0.0,0.0,0.0,0.0
43,0.0,0.0,0.0,0.0,0.0,0.0,0.0,0.0,0.0,0.0,0.0,0.0,0.0,0.0,0.0,0.0,0.0,0.0,0.0,0.0,0.0,0.0,0.0,0.0,0.0,0.0,0.0,0.0,0.0,0.0,0.0,0.0,0.0,0.0,0.0,0.0,0.0,0.0,0.0,0.0,0.0,0.0,0.0,0.0,0.0,0.0,0.0,0.0,0.0,0.0,0.0,0.0,0.0,0.0,0.0,0.0,0.0,0.0,0.0,0.0,0.0,0.0,0.0,0.0,0.0,0.0,0.0,0.0,0.0,0.0,0.0,0.0,0.0,0.0,0.0,0.006258733608665952,0.005958825098828627,0.006763034835641446,0.009023277692276465,0.010372026680374954,0.010580727375177304,0.010413673088949247,0.011391626968761158,0.01339786351479767,0.014690248224035168,0.015093732031080727,0.015021800286594418,0.01614869880842306,0.017941855476747676,0.01935231831066698,0.019670267363467615,0.01969092992779579,0.02083608909108039,0.022699715888433353,0.02405440838320549,0.024261638419454418,0.02436119463520512,0.02570059043803259,0.027434654473880885,0.028666097621914313,0.028881636839801907,0.029049354098150418,0.030749890665834022,0.03249092174391277,0.03343869353088723,0.03359277587245452,0.03386504570348348,0.03556266732801122,0.03738391519962739,0.0384699240845321,0.03839955872727068,0.038738776768522304,0.04042518617185709,0.042381212013142794,0.043362221541338265,0.04320329900066103,0.043597697329717015,0.04529737893879868,0.047057473744478134,0.04789311385140056,0.04796586848934074,0.04856422636483124,0.05035065142975875,0.051934067032914574,0.05277410399774854,0.05266771310499572,0.05311988312331749,0.054924979512516695,0.05631411194335193,0.0564935582364053,0.05492763423306038,0.05529501267511269,0.057620737534412644,0.059724598601238243,0.061406911203383874,0.062156063933614475,0.06263975860554256,0.0630807351687927,0.06291192303711315,0.05892864577205391,0.04848037429601901,0.034589881010710484,0.023169151116655892,0.014882807821442684,0.009889523675370823,0.00717001439510039,0.007401678395643169,0.00847931935686564,0.007552678668001581,0.0055860280042653535,-0.00890799230980685,-0.008649644443500422,-0.008526045874877057,-0.009960943047871236,-0.012263001286157937,-0.013203840833001818,-0.013009136133341485,-0.013106509144678449,-0.014437039401892207,-0.01652555041149868,-0.017611834109421125,-0.017443855750506557,-0.017569660225893773,-0.018824790289729366,-0.02102006730800004,-0.02189141361601917,-0.021681017615397376,-0.022004899768656615,-0.02334712278950171,-0.025590875644896566,-0.02637735003293623,-0.02604520239795361,-0.026440498024785125,-0.027823387091449835,-0.029972909761568682,-0.030550485648092134,-0.03025630500044007,-0.030915820274856676,-0.032541947711724625,-0.03435621586504698,-0.03485894229995859,-0.03457369668342239,-0.035252702377558384,-0.036954299042661023,-0.03890837313640143,-0.03906186668011538,-0.03889335246435347,-0.03952514669714662,-0.041486722718100034,-0.04339368460297249,-0.04367294525613825,-0.043343224188040964,-0.043985315599011296,-0.04615330678833955,-0.04786338980333955,-0.04792420504701134,-0.047910384800265444,-0.04876074722856053,-0.05078383520621606,-0.05244701219479292,-0.0524778949042987,-0.052251382581125175,-0.05318900551729863,-0.05502403199160965,-0.056069519677835924,-0.054597638927321175,-0.054264090731908105,-0.05568082231215873,-0.05842188129626877,-0.06097779773470459,-0.061870065587864995,-0.061576825215832465,-0.061292497275629326,-0.06192263269183885,-0.058781152553754115,-0.04827625281106838,-0.03362068235871922,-0.021618127821512106,-0.013991481174575065,-0.009781143688974012,-0.0070794146186963555,-0.006533978739517802,-0.007152159518377001,-0.007197873745539122,-0.006004314297136452
44,-0.006934518221818649,-0.008098808183506369,-0.009999566881454666,-0.012372443277025639,-0.01349303873163228,-0.01425800099501821,-0.01578301358680429,-0.018063929423191197,-0.020348274166647758,-0.02136770158974419,-0.022007977276634207,-0.02323219475064078,-0.024868364995948414,-0.02629802132358245,-0.026508136855119185,-0.02644293778340895,-0.027158225681984872,-0.028484109910998007,-0.029745296499568762,-0.02956789960668846,-0.02927463016233721,-0.029907519827986156,-0.03124701876612593,-0.032493763780667144,-0.0325988190174533,-0.03311965285089688,-0.034469468626594994,-0.036513427766938174,-0.037656513118293905,-0.037425923653521445,-0.03762948101118586,-0.038328006899467165,-0.03990121780389304,-0.0408854618217975,-0.041025867487343104,-0.04150892815516212,-0.04288180409235006,-0.0447653516578189,-0.04590019533867574,-0.045750462345552516,-0.046078266885535485,-0.047062919978857365,-0.04851615388464018,-0.049149054993081295,-0.04925489025297456,-0.049994244384855176,-0.051519780898033087,-0.053522779019204776,-0.05464671126142977,-0.05478782458161176,-0.05556638814750999,-0.057221699461678335,-0.05888008027712931,-0.05860823788238317,-0.05748024842349369,-0.05689795833528548,-0.0567840311522739,-0.05645279870883185,-0.054711793013212336,-0.05246605056589379,-0.05103168045567919,-0.05058660862211723,-0.05013754599541195,-0.04852215567449934,-0.04653289309802251,-0.04422530187520631,-0.04195531800707643,-0.03824847038095517,-0.03236050011588333,-0.0265081648280334,-0.021121074159855428,-0.016189358502037083,-0.011906272286836704,-0.006719539291689784,-0.002905332634894606,0.0,0.0,0.0,0.0,0.0,0.0,0.0,0.0,0.0,0.0,0.0,0.0,0.0,0.0,0.0,0.0,0.0,0.0,0.0,0.0,0.0,0.0,0.0,0.0,0.0,0.0,0.0,0.0,0.0,0.0,0.0,0.0,0.0,0.0,0.0,0.0,0.0,0.0,0.0,0.0,0.0,0.0,0.0,0.0,0.0,0.0,0.0,0.0,0.0,0.0,0.0,0.0,0.0,0.0,0.0,0.0,0.0,0.0,0.0,0.0,0.0,0.0,0.0,0.0,0.0,0.0,0.0,0.0,0.0,0.0,0.0,0.0,0.0,0.0,0.0,0.0,0.0,0.0,0.0,0.0,0.0,0.0,0.0,0.0,0.0,0.0,0.0,0.0,0.0,0.0,0.0,0.0,0.0,0.0,0.0,0.0,0.0,0.0,0.0,0.0,0.0,0.0,0.0,0.0,0.0,0.0,0.0,0.0,0.0,0.0,0.0,0.0,0.0,0.0,0.0,0.0,0.0,0.0,0.0,0.0,0.0,0.0,0.0,0.0,0.0,0.0,0.0,0.0,0.0,0.0,0.0,0.0,0.0,0.0,0.0,0.0,0.0,0.0,0.0,0.0,0.0,0.0,0.0,0.0,0.0,0.0,0.0,0.0,0.0,0.0
45,0.014749056757129982,0.016337469900542596,0.017354015108450048,0.018293558466648978,0.019379998341284115,0.019528124592799713,0.019368446713505863,0.019393976066484978,0.01949943652123367,0.019709884694558748,0.020128703366481787,0.02032717988405821,0.02047119469379339,0.02071597238415155,0.021177497082399646,0.021288141091982002,0.021189017709018175,0.021097791320540293,0.021622045567719274,0.021856410771585916,0.021649001346262423,0.021276621354948025,0.021217985796904683,0.021384194477612063,0.021654780974024807,0.021958492570649107,0.02227486443889673,0.02246756041228328,0.022306220885256627,0.02215435692162569,0.022190676953451543,0.022928127201174577,0.023184045997446414,0.023195461594708474,0.02324987930852712,0.02346307717108862,0.023965047538515815,0.023895086054362108,0.023531151042114406,0.023441799688536838,0.023783250820382403,0.02415199551387016,0.023847838239996828,0.02395432314653405,0.024163837303188385,0.023140275445427166,0.02210122170166744,0.021303133030030005,0.021907329398206863,0.02304626792973509,0.024138843456539938,0.02429861993468534,0.023274663338794188,0.022776482831545954,0.022683305664595255,0.021335849347467857,0.019636603123180694,0.018775238100899407,0.019776358908883,0.02043716468336957,0.020955285949079416,0.021046089069427912,0.020828447218729458,0.02068997786754962,0.020269475325845304,0.01938504686293042,0.018666660328328883,0.018452868040133668,0.018083275786629976,0.017541583131522476,0.017237983606988087,0.01744846659885704,0.016338151454235183,0.014279050523754826,0.010236204907199098,0.001402154432003834,0.0014114986603471287,0.001510767513745112,0.002258475804449304,0.003155527953683912,0.0036426764434131726,0.0030100089579214737,0.0026072050308752893,0.0036321130705767035,0.004709798984658963,0.005266738459813573,0.0052388041769398375,0.005517270234257937,0.006280316158300731,0.006671843846921825,0.006512335146495088,0.0063598590034586,0.007038291319214961,0.008180293080197324,0.008673215944307453,0.008444530932923237,0.00812837574386535,0.008787930616839773,0.009969038677201763,0.01049539222435657,0.010319031362528673,0.010011102675368703,0.010637401659096607,0.01155833602131717,0.01156062817634015,0.011224704174459888,0.011101271878891771,0.01190920946018499,0.012738498135457174,0.012801148017214702,0.012518724797597967,0.012411313071349099,0.013316019499575197,0.014428527045167694,0.015062245894790646,0.0149961329691684,0.014814216023629272,0.015181172803467417,0.015124194891643572,0.013944859952724929,0.013431222989928777,0.014429591897014746,0.016464130513382032,0.017210736360727584,0.016330688092334095,0.01493933081212634,0.015697648961162717,0.018365798608905137,0.02000287422462472,0.02082407478855149,0.02026347642985432,0.02080922632038338,0.023004803780824635,0.022843237883376624,0.022101075820064903,0.02167058936036781,0.022131953097098186,0.022488468264148916,0.0233449307971038,0.023601945810069108,0.02264331956430536,0.02240336056445217,0.02302442719519614,0.022984827595175072,0.023323313562114006,0.024493204671980986,0.025488956328181347,0.02535103584293547,0.022350183188421434,0.013650193873646556,-0.004924452235025103,-0.004830953214186188,-0.005056405698295855,-0.0055210895282449554,-0.0070688808320250795,-0.008451093923785957,-0.008160452513375839,-0.008660484413151169,-0.009765616676002,-0.01145864069394778,-0.012304195897873637,-0.012215896589683594,-0.012849280096897524,-0.013687315880601732,-0.01521211666271425,-0.01583137799625493,-0.01564947213383622,-0.01637489907418948,-0.01781613636216013,-0.019212571744412352,-0.01952782714355836,-0.019184357667780084,-0.01986352224130995,-0.020995013844232326,-0.022461523411864675,-0.022636724852237455,-0.022424863570412883,-0.02313096670768801,-0.024291423355431063,-0.025454351468271706,-0.02559760887024667,-0.025588894013833078,-0.02649640395801463,-0.02767446372706018,-0.028820066185463553,-0.029123457132763042,-0.029357730394027615,-0.030099267609353653,-0.030963414406635244,-0.032480193396326004,-0.032996683358258436,-0.03340124095493993,-0.03390413920615232,-0.0346608519851863,-0.03556640760183786,-0.03459247487504428,-0.03351491120977643,-0.03316314742165824,-0.03482853276824868,-0.03719883552298347,-0.03819877046123203,-0.038739948726902,-0.03868754985223838,-0.03898636174283725,-0.03957739556207217,-0.03781180155876923,-0.03600211710782456,-0.036045034244725965,-0.03865735686213063,-0.04052499419963497,-0.04059196981933237,-0.04086567407883767,-0.04157275819170789,-0.04247997182856057,-0.04240567448628871,-0.04084629218085572,-0.04101265685269449,-0.04221726304145979,-0.042494676207536525,-0.041904538426281404,-0.04080123824928086,-0.042051295975748186,-0.04015176603098712,-0.03323496878824388,-0.022858059952652297
