model_id,channel_44_1,channel_44_2,channel_44_3,channel_44_4,channel_44_5,channel_44_6,channel_44_7,channel_44_8,channel_44_9,channel_44_10,channel_44_11,channel_44_12,channel_44_13,channel_44_14,channel_44_15,channel_44_16,channel_44_17,channel_44_18,channel_44_19,channel_44_20,channel_44_21,channel_44_22,channel_44_23,channel_44_24,channel_44_25,channel_44_26,channel_44_27,channel_44_28,channel_44_29,channel_44_30,channel_44_31,channel_44_32,channel_44_33,channel_44_34,channel_44_35,channel_44_36,channel_44_37,channel_44_38,channel_44_39,channel_44_40,channel_44_41,channel_44_42,channel_44_43,channel_44_44,channel_44_45,channel_44_46,channel_44_47,channel_44_48,channel_44_49,channel_44_50,channel_44_51,channel_44_52,channel_44_53,channel_44_54,channel_44_55,channel_44_56,channel_44_57,channel_44_58,channel_44_59,channel_44_60,channel_44_61,channel_44_62,channel_44_63,channel_44_64,channel_44_65,channel_44_66,channel_44_67,channel_44_68,channel_44_69,channel_44_70,channel_44_71,channel_44_72,channel_44_73,channel_44_74,channel_44_75,channel_45_1,channel_45_2,channel_45_3,channel_45_4,channel_45_5,channel_45_6,channel_45_7,channel_45_8,channel_45_9,channel_45_10,channel_45_11,channel_45_12,channel_45_13,channel_45_14,channel_45_15,channel_45_16,channel_45_17,channel_45_18,channel_45_19,channel_45_20,channel_45_21,channel_45_22,channel_45_23,channel_45_24,channel_45_25,channel_45_26,channel_45_27,channel_45_28,channel_45_29,channel_45_30,channel_45_31,channel_45_32,channel_45_33,channel_45_34,channel_45_35,channel_45_36,channel_45_37,channel_45_38,channel_45_39,channel_45_40,channel_45_41,channel_45_42,channel_45_43,channel_45_44,channel_45_45,channel_45_46,channel_45_47,channel_45_48,channel_45_49,channel_45_50,channel_45_51,channel_45_52,channel_45_53,channel_45_54,channel_45_55,channel_45_56,channel_45_57,channel_45_58,channel_45_59,channel_45_60,channel_45_61,channel_45_62,channel_45_63,channel_45_64,channel_45_65,channel_45_66,channel_45_67,channel_45_68,channel_45_69,channel_45_70,channel_45_71,channel_45_72,channel_45_73,channel_45_74,channel_45_75,channel_46_1,channel_46_2,channel_46_3,channel_46_4,channel_46_5,channel_46_6,channel_46_7,channel_46_8,channel_46_9,channel_46_10,channel_46_11,channel_46_12,channel_46_13,channel_46_14,channel_46_15,channel_46_16,channel_46_17,channel_46_18,channel_46_19,channel_46_20,channel_46_21,channel_46_22,channel_46_23,channel_46_24,channel_46_25,channel_46_26,channel_46_27,channel_46_28,channel_46_29,channel_46_30,channel_46_31,channel_46_32,channel_46_33,channel_46_34,channel_46_35,channel_46_36,channel_46_37,channel_46_38,channel_46_39,channel_46_40,channel_46_41,channel_46_42,channel_46_43,channel_46_44,channel_46_45,channel_46_46,channel_46_47,channel_46_48,channel_46_49,channel_46_50,channel_46_51,channel_46_52,channel_46_53,channel_46_54,channel_46_55,channel_46_56,channel_46_57,channel_46_58,channel_46_59,channel_46_60,channel_46_61,channel_46_62,channel_46_63,channel_46_64,channel_46_65,channel_46_66,channel_46_67,channel_46_68,channel_46_69,channel_46_70,channel_46_71,channel_46_72,channel_46_73,channel_46_74,channel_46_75
41,0.0090730786323547,0.0103734135627746,0.0114697217941284,0.0126128792762756,0.0147594213485717,0.0158270597457885,0.0172113180160522,0.0183980464935302,0.0195947289466857,0.021533727645874,0.0229269862174987,0.0245079398155212,0.0258154273033142,0.0270956158638,0.0290058255195617,0.0298852920532226,0.0316270589828491,0.0327486991882324,0.034015417098999,0.0356391072273254,0.0366359949111938,0.0379864573478698,0.038633108139038,0.0398973226547241,0.0414639115333557,0.0421051979064941,0.0428951978683471,0.0434213280677795,0.0441306829452514,0.0451520681381225,0.0453645586967468,0.0459275245666503,0.0456920862197876,0.0462833046913147,0.0466769337654113,0.0465990304946899,0.0467637181282043,0.0462490916252136,0.0465047359466552,0.0460907220840454,0.0456215739250183,0.0453342795372009,0.0439168214797973,0.0437225103378295,0.0429842472076416,0.0419386625289917,0.0411146879196167,0.0395824909210205,0.0391404628753662,0.0380526781082153,0.0365538597106933,0.035369336605072,0.0340468883514404,0.0335502028465271,0.0318927764892578,0.0307071208953857,0.0293507575988769,0.0276734828948974,0.0272454023361206,0.0257121324539184,0.0243263840675354,0.0227195024490356,0.0211769938468933,0.0204914212226867,0.0189564228057861,0.0178078413009643,0.0165174007415771,0.0152490735054016,0.0147680044174194,0.013306438922882,0.0127011537551879,0.0111960768699646,0.0103004574775695,0.0102026462554931,0.0090255141258239,0.0,0.0,0.0,0.0,0.0,0.0,0.0,0.0,0.0,0.0,0.0,0.0,0.0,0.0,0.0,0.0,0.0,0.0,0.0,0.0,0.0,0.0,0.0,0.0,0.0,0.0,0.0,0.0,0.0,0.0,0.0,0.0,0.0,0.0,0.0,0.0,0.0,0.0,0.0,0.0,0.0,0.0,0.0,0.0,0.0,0.0,0.0,0.0,0.0,0.0,0.0,0.0,0.0,0.0,0.0,0.0,0.0,0.0,0.0,0.0,0.0,0.0,0.0,0.0,0.0,0.0,0.0,0.0,0.0,0.0,0.0,0.0,0.0,0.0,0.0,0.0,0.0,0.0,0.0,0.0,0.0,0.0,0.0,0.0,0.0,0.0,0.0,0.0,0.0,0.0,0.0,0.0,0.0,0.0,0.0,0.0,0.0,0.0,0.0,0.0,0.0,0.0,0.0,0.0,0.0,0.0,0.0,0.0,0.0,0.0,0.0,0.0,0.0,0.0,0.0,0.0,0.0,0.0,0.0,0.0,0.0,0.0,0.0,0.0,0.0,0.0,0.0,0.0,0.0,0.0,0.0,0.0,0.0,0.0,0.0,0.0,0.0,0.0,0.0,0.0,0.0,0.0,0.0,0.0,0.0,0.0,0.0,0.0,0.0,0.0
42,0.0065553188323974,0.0080397129058837,0.0087102055549621,0.0086209177970886,0.009753406047821,0.0114800930023193,0.0129041075706481,0.0133241415023803,0.013127863407135,0.0137667059898376,0.0154808163642883,0.0167701244354248,0.0173717141151428,0.0174267888069152,0.0187057256698608,0.020752727985382,0.0226203799247741,0.0235440731048584,0.0241176486015319,0.0256685018539428,0.0278375744819641,0.0290735363960266,0.0293079614639282,0.0290837883949279,0.0300967693328857,0.0313706994056701,0.0322571396827697,0.0324310660362243,0.0327655673027038,0.0340985655784606,0.0361179113388061,0.0373854041099548,0.0379600524902343,0.0389195084571838,0.0408899784088134,0.0423052906990051,0.0430654883384704,0.0431811213493347,0.0435279607772827,0.0445560812950134,0.0460312962532043,0.0465796589851379,0.0462013483047485,0.0463227033615112,0.0477057695388793,0.0487534403800964,0.0500984191894531,0.0508144497871398,0.0511915683746337,0.0526638031005859,0.0534113049507141,0.0539718866348266,0.05333012342453,0.0527934432029724,0.0528033971786499,0.0524975061416626,0.0513507723808288,0.0494737029075622,0.0478885173797607,0.0464088916778564,0.0455473661422729,0.0445972084999084,0.0431768298149108,0.0430368185043334,0.0444530248641967,0.0460280179977417,0.046513020992279,0.046419084072113,0.0457562208175659,0.0444187521934509,0.0404039025306701,0.0359416007995605,0.0312249064445495,0.0254951119422912,0.0203662514686584,0.0001040697097778,-0.0004448294639587,-0.0009884238243103,-0.0001966953277587,0.0005210638046264,0.0006226301193237,-0.0001625418663024,-0.0007255673408508,-0.0002300143241882,0.0004642009735107,0.0005133152008056,-0.0002769827842712,-0.000445008277893,0.0001134276390075,0.0005666613578796,0.000579297542572,-0.0002456903457641,-0.0007322430610656,-9.828805923461914e-05,0.0002290606498718,2.747774124145508e-05,-0.0008807778358459,-0.0013226270675659,-0.0007848739624023,-0.0004710555076599,-0.0006476640701293,-0.0013556480407714,-0.0011941194534301,-0.0001407265663146,0.0003782510757446,6.496906280517578e-05,-0.000766098499298,-0.0007017254829406,-1.7762184143066406e-05,0.0002272129058837,-0.0006211400032043,-0.0017963647842407,-0.0018129348754882,-0.0012649893760681,-0.0011425018310546,-0.0017324090003967,-0.0026236176490783,-0.0025481581687927,-0.0017680525779724,-0.0016661882400512,-0.0024163722991943,-0.0032497644424438,-0.0031647086143493,-0.0030359029769897,-0.0033161044120788,-0.0043342113494873,-0.0055989027023315,-0.0058723092079162,-0.0060826539993286,-0.0065724849700927,-0.0070651769638061,-0.0073563456535339,-0.0064992308616638,-0.0057546496391296,-0.0055019855499267,-0.0056268572807312,-0.0057681798934936,-0.0049828290939331,-0.004506230354309,-0.004570186138153,-0.0055233240127563,-0.0062511563301086,-0.0059407949447631,-0.0056649446487426,-0.0058396458625793,-0.0064321160316467,-0.0069289803504943,-0.0064376592636108,-0.0063904523849487,-0.0065001249313354,0.0,0.0,0.0,0.0,0.0,0.0,0.0,0.0,0.0,0.0,0.0,0.0,0.0,0.0,0.0,0.0,0.0,0.0,0.0,0.0,0.0,0.0,0.0,0.0,0.0,0.0,0.0,0.0,0.0,0.0,0.0,0.0,0.0,0.0,0.0,0.0,0.0,0.0,0.0,0.0,0.0,0.0,0.0,0.0,0.0,0.0,0.0,0.0,0.0,0.0,0.0,0.0,0.0,0.0,0.0,0.0,0.0,0.0,0.0,0.0,0.0,0.0,0.0,0.0,0.0,0.0,0.0,0.0,0.0,0.0,0.0,0.0,0.0,0.0,0.0
43,0.0,0.0,0.0,0.0,0.0,0.0,0.0,0.0,0.0,0.0,0.0,0.0,0.0,0.0,0.0,0.0,0.0,0.0,0.0,0.0,0.0,0.0,0.0,0.0,0.0,0.0,0.0,0.0,0.0,0.0,0.0,0.0,0.0,0.0,0.0,0.0,0.0,0.0,0.0,0.0,0.0,0.0,0.0,0.0,0.0,0.0,0.0,0.0,0.0,0.0,0.0,0.0,0.0,0.0,0.0,0.0,0.0,0.0,0.0,0.0,0.0,0.0,0.0,0.0,0.0,0.0,0.0,0.0,0.0,0.0,0.0,0.0,0.0,0.0,0.0,0.0038941502571105,0.0042700171470642,0.0049216151237487,0.0059901475906372,0.0066104531288146,0.0070518255233764,0.0077567100524902,0.0086422562599182,0.0095398426055908,0.0101115107536315,0.0106858611106872,0.0113465785980224,0.0121828317642211,0.0130218863487243,0.0137088894844055,0.0143681764602661,0.0150988698005676,0.0158475041389465,0.0166861414909362,0.0173955559730529,0.0180308818817138,0.0188218355178833,0.0196987390518188,0.0204577445983886,0.0212568044662475,0.0220299363136291,0.0228239893913269,0.0238493084907531,0.0245394706726074,0.0251274108886718,0.025839626789093,0.0266391634941101,0.0276801586151123,0.0285241603851318,0.0291716456413269,0.0297496914863586,0.0305420160293579,0.0315513610839843,0.032622754573822,0.0333114862442016,0.0338565111160278,0.0346643924713134,0.0357260704040527,0.0366615056991577,0.0373485684394836,0.0381962060928344,0.0390862822532653,0.0400964021682739,0.0414468646049499,0.0426232814788818,0.0429716706275939,0.0425809025764465,0.0415159463882446,0.0395829677581787,0.0372312068939209,0.0354242324829101,0.0355181694030761,0.0371465682983398,0.0395277738571167,0.041726529598236,0.0431400537490844,0.0432541966438293,0.0423687696456909,0.0412862300872802,0.0392683744430542,0.0359237790107727,0.0311731100082397,0.0273666381835937,0.023266851902008,0.0182136893272399,0.0140073895454406,0.0128859877586364,0.0135566592216491,0.0140566825866699,0.0143263936042785,-0.0065785646438598,-0.0068457126617431,-0.0072165131568908,-0.0081843137741088,-0.0090747475624084,-0.0094485878944396,-0.0099724531173706,-0.010704755783081,-0.0115495324134826,-0.0122632384300231,-0.0127784013748168,-0.0132491588592529,-0.0138376951217651,-0.0145648121833801,-0.0153982639312744,-0.0159634947776794,-0.0165501236915588,-0.0171853303909301,-0.0178586244583129,-0.0186757445335388,-0.0192530751228332,-0.0197404026985168,-0.0204156041145324,-0.0210999250411987,-0.0219983458518981,-0.0225618481636047,-0.0231016874313354,-0.0239100456237792,-0.0245993137359619,-0.0252078175544738,-0.0257626771926879,-0.02626234292984,-0.0271586179733276,-0.0278915166854858,-0.0286206603050231,-0.0290119647979736,-0.0296041965484619,-0.0304498672485351,-0.0314933061599731,-0.0323138236999511,-0.0329453945159912,-0.0333630442619323,-0.0341708660125732,-0.0353792905807495,-0.0361571907997131,-0.0366492867469787,-0.037425696849823,-0.0384066700935363,-0.0398723483085632,-0.0411493778228759,-0.0413908958435058,-0.040880799293518,-0.0397400259971618,-0.0378766059875488,-0.0356432795524597,-0.0338045358657836,-0.0338573455810546,-0.0353574752807617,-0.037851870059967,-0.0401725769042968,-0.0417191386222839,-0.0417543053627014,-0.0408181548118591,-0.0400815606117248,-0.0382572412490844,-0.0348805785179138,-0.0302333235740661,-0.0265060663223266,-0.0222208499908447,-0.0173419117927551,-0.0134814977645874,-0.0123556852340698,-0.012952446937561,-0.0138319730758667,-0.0143859386444091
44,-0.0010932683944702,-0.0024776458740234,-0.0036467313766479,-0.0047701001167297,-0.0059941411018371,-0.0077125430107116,-0.0092267990112304,-0.0105128288269042,-0.0115860104560852,-0.012989342212677,-0.0135412812232971,-0.0145022869110107,-0.0151557326316833,-0.0160337090492248,-0.0178101658821105,-0.0197928547859191,-0.0215718150138854,-0.0230914950370788,-0.0249319672584533,-0.0267212390899658,-0.0278961062431335,-0.0286034345626831,-0.0293859839439392,-0.0298296809196472,-0.0309139490127563,-0.0317822098731994,-0.0324690341949462,-0.0334764122962951,-0.0346931815147399,-0.0358187556266784,-0.0370446443557739,-0.0382010340690612,-0.0392444729804992,-0.0404298901557922,-0.0419993996620178,-0.0429722666740417,-0.0438162684440612,-0.0441668629646301,-0.0444737076759338,-0.0448962450027465,-0.0454973578453063,-0.0457430481910705,-0.0461955666542053,-0.0470143556594848,-0.0477248430252075,-0.0486988425254821,-0.0493658185005188,-0.0494581460952758,-0.0495611429214477,-0.0501914024353027,-0.0511638522148132,-0.0524689555168151,-0.0539171695709228,-0.0539537072181701,-0.0543445348739624,-0.0549702048301696,-0.0552314519882202,-0.054375946521759,-0.0534942746162414,-0.0521900057792663,-0.0509973764419555,-0.0505622029304504,-0.0504047870635986,-0.0510544180870056,-0.0524340271949768,-0.0539259910583496,-0.0551929473876953,-0.0552350878715515,-0.0549323558807373,-0.0546621084213256,-0.0525025129318237,-0.0484028458595275,-0.0433902740478515,-0.0370318889617919,-0.0298978090286254,0.0,0.0,0.0,0.0,0.0,0.0,0.0,0.0,0.0,0.0,0.0,0.0,0.0,0.0,0.0,0.0,0.0,0.0,0.0,0.0,0.0,0.0,0.0,0.0,0.0,0.0,0.0,0.0,0.0,0.0,0.0,0.0,0.0,0.0,0.0,0.0,0.0,0.0,0.0,0.0,0.0,0.0,0.0,0.0,0.0,0.0,0.0,0.0,0.0,0.0,0.0,0.0,0.0,0.0,0.0,0.0,0.0,0.0,0.0,0.0,0.0,0.0,0.0,0.0,0.0,0.0,0.0,0.0,0.0,0.0,0.0,0.0,0.0,0.0,0.0,0.0,0.0,0.0,0.0,0.0,0.0,0.0,0.0,0.0,0.0,0.0,0.0,0.0,0.0,0.0,0.0,0.0,0.0,0.0,0.0,0.0,0.0,0.0,0.0,0.0,0.0,0.0,0.0,0.0,0.0,0.0,0.0,0.0,0.0,0.0,0.0,0.0,0.0,0.0,0.0,0.0,0.0,0.0,0.0,0.0,0.0,0.0,0.0,0.0,0.0,0.0,0.0,0.0,0.0,0.0,0.0,0.0,0.0,0.0,0.0,0.0,0.0,0.0,0.0,0.0,0.0,0.0,0.0,0.0,0.0,0.0,0.0,0.0,0.0,0.0
45,0.0200863480567932,0.0246337056159973,0.0264585614204406,0.0280453562736511,0.0289063453674316,0.0291030406951904,0.0316946506500244,0.0332117080688476,0.0327466130256652,0.0324720740318298,0.0330258607864379,0.0340538024902343,0.0347999334335327,0.0342726111412048,0.0343129634857177,0.0339404344558715,0.0337749719619751,0.0338816046714782,0.0350898504257202,0.0369393825531005,0.0372282862663269,0.0365719199180603,0.0353199243545532,0.0345040559768676,0.0343823432922363,0.0344765186309814,0.0351146459579467,0.0358648896217346,0.036934494972229,0.0375329256057739,0.0375993251800537,0.0382157564163208,0.0389702320098876,0.0402315258979797,0.0406606793403625,0.0404794812202453,0.0406095385551452,0.0404751300811767,0.0402047038078308,0.0400946736335754,0.0400347709655761,0.0404911637306213,0.0405649542808532,0.0411367416381835,0.0416427850723266,0.0415604710578918,0.0417889952659606,0.0420901179313659,0.0430196523666381,0.0434790849685668,0.0432038903236389,0.0429902076721191,0.0427339673042297,0.043574571609497,0.0445488691329956,0.0443406105041503,0.0442316532135009,0.044858694076538,0.0453080534934997,0.0450005531311035,0.0452017784118652,0.0452432036399841,0.0458173155784606,0.046139657497406,0.0459047555923461,0.0457861423492431,0.0454052686691284,0.0446572303771972,0.0449738502502441,0.0443730950355529,0.0432482957839965,0.0441066026687622,0.0414749979972839,0.0360208749771118,0.0268331170082092,0.0011823773384094,0.0012514591217041,0.001616895198822,-0.0004132390022277,-0.0016135573387145,-0.0017098784446716,-0.002455711364746,-0.0035353302955627,-0.0041053295135498,-0.0044062733650207,-0.0050517320632934,-0.0058746933937072,-0.007004976272583,-0.0077660083770751,-0.0082380771636962,-0.0088042020797729,-0.0093453526496887,-0.0102595686912536,-0.0107042789459228,-0.010909616947174,-0.0114328861236572,-0.0123180150985717,-0.0136575102806091,-0.0141329169273376,-0.0142241716384887,-0.0146126151084899,-0.0152357220649719,-0.0164132118225097,-0.017077088356018,-0.0176091790199279,-0.0180115699768066,-0.0186653137207031,-0.0198245644569396,-0.0202417373657226,-0.0207237601280212,-0.0214448571205139,-0.0223095417022705,-0.0236048102378845,-0.0238599777221679,-0.0245128870010375,-0.0252154469490051,-0.0260259509086608,-0.0269528031349182,-0.0274592041969299,-0.0279648900032043,-0.0286013484001159,-0.0296196937561035,-0.0308946967124938,-0.0314672589302063,-0.031814694404602,-0.0319458842277526,-0.0327023863792419,-0.0333091020584106,-0.0341832637786865,-0.0350744128227233,-0.0352530479431152,-0.0362125635147094,-0.0374094247817993,-0.037294864654541,-0.0376052856445312,-0.038407564163208,-0.0390602350234985,-0.0401837825775146,-0.0403563380241394,-0.0406194329261779,-0.0409374833106994,-0.0411508679389953,-0.041034996509552,-0.0414274334907531,-0.0411341786384582,-0.0403692722320556,-0.0421534180641174,-0.0398440361022949,-0.0342719554901123,-0.0252951383590698,-0.0035081505775451,-0.0046820640563964,-0.0058623552322387,-0.0052841901779174,-0.0057601928710937,-0.0061362981796264,-0.0070499777793884,-0.0085627436637878,-0.0092086791992187,-0.0098400115966796,-0.0098315477371215,-0.0100694298744201,-0.0110906362533569,-0.0117189288139343,-0.0126874446868896,-0.0130644440650939,-0.0133764743804931,-0.0143129825592041,-0.0154216885566711,-0.0160484910011291,-0.0159604549407959,-0.0163311958312988,-0.0173350572586059,-0.0184149742126464,-0.0193175077438354,-0.0191906094551086,-0.0196971893310546,-0.0207514762878417,-0.0217086672782897,-0.0224583148956298,-0.0225905776023864,-0.0230931043624877,-0.0238488912582397,-0.0247372388839721,-0.0252541303634643,-0.0255851745605468,-0.0263702273368835,-0.0273175835609436,-0.027948260307312,-0.0286818146705627,-0.02870774269104,-0.0297324061393737,-0.0306928753852844,-0.031581163406372,-0.0321698188781738,-0.0322139263153076,-0.0329102873802185,-0.0336230993270874,-0.0347794294357299,-0.0355108380317688,-0.0355587005615234,-0.0370903611183166,-0.0381451249122619,-0.0384063124656677,-0.0390297770500183,-0.0392373204231262,-0.0400051474571228,-0.0409716963768005,-0.0423536896705627,-0.0428096055984497,-0.043140172958374,-0.0440373420715332,-0.0452439785003662,-0.0462071895599365,-0.0463724136352539,-0.0458443164825439,-0.0473073720932006,-0.0484031438827514,-0.0483686327934265,-0.0471932888031005,-0.0456370711326599,-0.0474591851234436,-0.0452770590782165,-0.0388598442077636,-0.029031217098236
21,0.0,0.0,0.0,0.0,0.0,0.0,0.0,0.0,0.0,0.0,0.0,0.0,0.0,0.0,0.0,0.0,0.0,0.0,0.0,0.0,0.0,0.0,0.0,0.0,0.0,0.0,0.0,0.0,0.0,0.0,0.0,0.0,0.0,0.0,0.0,0.0,0.0,0.0,0.0,0.0,0.0,0.0,0.0,0.0,0.0,0.0,0.0,0.0,0.0,0.0,0.0,0.0,0.0,0.0,0.0,0.0,0.0,0.0,0.0,0.0,0.0,0.0,0.0,0.0,0.0,0.0,0.0,0.0,0.0,0.0,0.0,0.0,0.0,0.0,0.0,-0.0010090470314025,-0.0025718212127685,-0.004393458366394,-0.0073023438453674,-0.0112993121147155,-0.0149683952331542,-0.0175424814224243,-0.0190733075141906,-0.0210988521575927,-0.0233235955238342,-0.0248680114746093,-0.02592533826828,-0.026687741279602,-0.0276796817779541,-0.0293201804161071,-0.0307216048240661,-0.0315422415733337,-0.0317519903182983,-0.0311223864555358,-0.0306336879730224,-0.0295245051383972,-0.027459442615509,-0.0250921249389648,-0.0231208205223083,-0.021728515625,-0.0206456184387207,-0.0196669101715087,-0.019253134727478,-0.020172119140625,-0.0218085646629333,-0.0233170390129089,-0.0235236883163452,-0.0233343243598938,-0.0237215161323547,-0.0241125226020813,-0.0236676931381225,-0.0224868655204772,-0.0215319395065307,-0.0226513743400573,-0.0245622396469116,-0.0260967016220092,-0.0272778272628784,-0.0284243822097778,-0.0286508798599243,-0.0285497903823852,-0.027416706085205,-0.0248280763626098,-0.0216999650001525,-0.0187383294105529,-0.0162639021873474,-0.0142598748207092,-0.0128090381622314,-0.012638509273529,-0.0140742659568786,-0.0164793729782104,-0.0189723968505859,-0.0209137201309204,-0.0226903557777404,-0.0245410799980163,-0.0254368782043457,-0.0251083374023437,-0.0238519310951232,-0.0227197408676147,-0.0232685804367065,-0.0241912603378295,-0.0249767899513244,-0.0258184671401977,-0.0269839763641357,-0.0277851819992065,-0.0282529592514038,-0.02765953540802,-0.0258249640464782,-0.0236559510231018,-0.0214085578918457,-0.0189000368118286,0.0,0.0,0.0,0.0,0.0,0.0,0.0,0.0,0.0,0.0,0.0,0.0,0.0,0.0,0.0,0.0,0.0,0.0,0.0,0.0,0.0,0.0,0.0,0.0,0.0,0.0,0.0,0.0,0.0,0.0,0.0,0.0,0.0,0.0,0.0,0.0,0.0,0.0,0.0,0.0,0.0,0.0,0.0,0.0,0.0,0.0,0.0,0.0,0.0,0.0,0.0,0.0,0.0,0.0,0.0,0.0,0.0,0.0,0.0,0.0,0.0,0.0,0.0,0.0,0.0,0.0,0.0,0.0,0.0,0.0,0.0,0.0,0.0,0.0,0.0
22,0.0,0.0,0.0,0.0,0.0,0.0,0.0,0.0,0.0,0.0,0.0,0.0,0.0,0.0,0.0,0.0,0.0,0.0,0.0,0.0,0.0,0.0,0.0,0.0,0.0,0.0,0.0,0.0,0.0,0.0,0.0,0.0,0.0,0.0,0.0,0.0,0.0,0.0,0.0,0.0,0.0,0.0,0.0,0.0,0.0,0.0,0.0,0.0,0.0,0.0,0.0,0.0,0.0,0.0,0.0,0.0,0.0,0.0,0.0,0.0,0.0,0.0,0.0,0.0,0.0,0.0,0.0,0.0,0.0,0.0,0.0,0.0,0.0,0.0,0.0,0.0,0.0,0.0,0.0,0.0,0.0,0.0,0.0,0.0,0.0,0.0,0.0,0.0,0.0,0.0,0.0,0.0,0.0,0.0,0.0,0.0,0.0,0.0,0.0,0.0,0.0,0.0,0.0,0.0,0.0,0.0,0.0,0.0,0.0,0.0,0.0,0.0,0.0,0.0,0.0,0.0,0.0,0.0,0.0,0.0,0.0,0.0,0.0,0.0,0.0,0.0,0.0,0.0,0.0,0.0,0.0,0.0,0.0,0.0,0.0,0.0,0.0,0.0,0.0,0.0,0.0,0.0,0.0,0.0,0.0,0.0,0.0,0.0,0.0,0.0,0.0081064701080322,0.0089293718338012,0.0096279978752136,0.0102443695068359,0.0105780959129333,0.0109144449234008,0.0115413069725036,0.0126474499702453,0.0139347314834594,0.014674425125122,0.0154376029968261,0.0167096257209777,0.0181381702423095,0.0197519063949584,0.020887553691864,0.0223010182380676,0.024139404296875,0.025972306728363,0.0278620719909667,0.0295395851135253,0.0313389897346496,0.0330156087875366,0.0348694324493408,0.0364757776260376,0.0371028780937194,0.0373299717903137,0.0383451581001281,0.0401037335395813,0.0420454740524292,0.0435654520988464,0.0451640486717224,0.0465016365051269,0.0483356714248657,0.0496490001678466,0.0497593879699707,0.0491181015968322,0.0490545630455017,0.0498271584510803,0.0511687994003295,0.0521718859672546,0.0535737872123718,0.0550814270973205,0.0567014217376709,0.0583498477935791,0.059866189956665,0.0604896545410156,0.0606043338775634,0.060840904712677,0.0614197850227355,0.0608426332473754,0.0593789815902709,0.0572689771652221,0.0554274320602417,0.0529394149780273,0.0494048595428466,0.0445745587348938,0.0395779609680175,0.0356043577194213,0.0334056615829467,0.0318356752395629,0.0313724875450134,0.0324292182922363,0.0348995327949523,0.0373882055282592,0.0392279624938964,0.0380615592002868,0.0348405838012695,0.0319364666938781,0.0305535197257995,0.029960811138153,0.0291343331336975,0.0276399850845336,0.0251460671424865,0.0216667652130126,0.017446756362915
23,0.0,0.0,0.0,0.0,0.0,0.0,0.0,0.0,0.0,0.0,0.0,0.0,0.0,0.0,0.0,0.0,0.0,0.0,0.0,0.0,0.0,0.0,0.0,0.0,0.0,0.0,0.0,0.0,0.0,0.0,0.0,0.0,0.0,0.0,0.0,0.0,0.0,0.0,0.0,0.0,0.0,0.0,0.0,0.0,0.0,0.0,0.0,0.0,0.0,0.0,0.0,0.0,0.0,0.0,0.0,0.0,0.0,0.0,0.0,0.0,0.0,0.0,0.0,0.0,0.0,0.0,0.0,0.0,0.0,0.0,0.0,0.0,0.0,0.0,0.0,0.0,0.0,0.0,0.0,0.0,0.0,0.0,0.0,0.0,0.0,0.0,0.0,0.0,0.0,0.0,0.0,0.0,0.0,0.0,0.0,0.0,0.0,0.0,0.0,0.0,0.0,0.0,0.0,0.0,0.0,0.0,0.0,0.0,0.0,0.0,0.0,0.0,0.0,0.0,0.0,0.0,0.0,0.0,0.0,0.0,0.0,0.0,0.0,0.0,0.0,0.0,0.0,0.0,0.0,0.0,0.0,0.0,0.0,0.0,0.0,0.0,0.0,0.0,0.0,0.0,0.0,0.0,0.0,0.0,0.0,0.0,0.0,0.0,0.0,0.0,-0.019925057888031,-0.0234840512275695,-0.0263621807098388,-0.0292820930480957,-0.0313724279403686,-0.0333595275878906,-0.0344259738922119,-0.0355821251869201,-0.0368674993515014,-0.037488579750061,-0.0382133722305297,-0.0379294157028198,-0.0378280878067016,-0.0372074246406555,-0.0363469123840332,-0.0356520414352417,-0.0343740582466125,-0.0336542129516601,-0.0328164100646972,-0.031995952129364,-0.0315529108047485,-0.0305269360542297,-0.029951274394989,-0.0294172763824462,-0.0288214683532714,-0.0281397104263305,-0.0267471671104431,-0.0256816148757934,-0.0240110754966735,-0.0221682786941528,-0.019839584827423,-0.0171151757240295,-0.0146856307983398,-0.0117472410202026,-0.0087226629257202,-0.0054675340652465,-0.0018926262855529,0.000934898853302,0.0044007897377014,0.0076720714569091,0.0109801292419433,0.0145418047904968,0.017433226108551,0.0206207036972045,0.0233827829360961,0.0260344743728637,0.0284100770950317,0.0301492810249328,0.0316975116729736,0.032701551914215,0.0338662266731262,0.0347405076026916,0.0350602865219116,0.035459280014038,0.0352939367294311,0.0356063842773437,0.0358734130859375,0.0359881520271301,0.0364617705345153,0.036437451839447,0.0372450351715087,0.0378537774085998,0.0381364822387695,0.0386208295822143,0.038874864578247,0.0392886996269226,0.0390852689743042,0.0382208228111267,0.0370755195617675,0.0350979566574096,0.0331966876983642,0.0304845571517944,0.0268579125404357,0.0236423015594482,0.0196791887283325
24,-0.0021156668663024,-0.0030966997146606,-0.0046241879463195,-0.0056419372558593,-0.0066397190093994,-0.0074945092201232,-0.0088111758232116,-0.0104397535324096,-0.0117225050926208,-0.0124529600143432,-0.0130932927131652,-0.0142651200294494,-0.0147949457168579,-0.0158143639564514,-0.0160785317420959,-0.0161134600639343,-0.0167948603630065,-0.0173101425170898,-0.0167264342308044,-0.0167130827903747,-0.0161116123199462,-0.0158189535140991,-0.0153968930244445,-0.0143026113510131,-0.0131716132164001,-0.0125101804733276,-0.0119786262512207,-0.0106751322746276,-0.0093987584114074,-0.0076741576194763,-0.0066621899604797,-0.0057821869850158,-0.004181683063507,-0.0027310848236083,-0.0009622573852539,0.0007571578025817,0.0021580457687377,0.0034322142601013,0.0052657723426818,0.0069721937179565,0.0087850093841552,0.0103598237037658,0.0117260813713073,0.0132801532745361,0.0148550868034362,0.0161658525466918,0.0170351862907409,0.017740249633789,0.0186171531677246,0.0198199748992919,0.0205811262130737,0.0209240317344665,0.0207751989364624,0.0213888883590698,0.0211552381515502,0.0210400223731994,0.0205841064453125,0.0197489261627197,0.0193127989768981,0.0189067125320434,0.0182846188545227,0.0167888402938842,0.0151219964027404,0.0143994092941284,0.0135556459426879,0.0122696757316589,0.0106197595596313,0.0088804364204406,0.0079225301742553,0.0071117281913757,0.005914032459259,0.0044724941253662,0.0035619735717773,0.0030681490898132,0.0029499530792236,-0.0188180208206176,-0.0225144028663635,-0.0259615778923034,-0.0290936231613159,-0.0313333272933959,-0.0337260365486145,-0.0350241661071777,-0.0353744626045227,-0.0346869230270385,-0.0334894061088562,-0.0315197110176086,-0.0279083251953125,-0.0236585736274719,-0.018852412700653,-0.0133829712867736,-0.0077905058860778,-0.0017259716987609,0.0044865608215332,0.011364996433258,0.0165174603462219,0.0220547914505004,0.0268647670745849,0.0314573049545288,0.0348276495933532,0.0369827151298522,0.0377551317214965,0.0378232598304748,0.0371068120002746,0.0356285572052001,0.0325300693511962,0.0283707976341247,0.0242395401000976,0.0193459391593933,0.0137951970100402,0.0077953934669494,0.0016095638275146,-0.0043624639511108,-0.0100446343421936,-0.0158466100692749,-0.020814299583435,-0.0256851911544799,-0.0294916629791259,-0.0321615934371948,-0.0335038304328918,-0.0346899628639221,-0.0345153212547302,-0.0339993238449096,-0.0316695570945739,-0.0287393927574157,-0.0248028635978698,-0.0203889608383178,-0.0148790478706359,-0.0092877149581909,-0.003000795841217,0.0025227069854736,0.0084645748138427,0.0139764547348022,0.0194406509399414,0.024334967136383,0.0277161002159118,0.0305036902427673,0.0333520770072937,0.034806489944458,0.03525972366333,0.0350213646888732,0.0336575508117675,0.0318623781204223,0.0297143459320068,0.0267823338508605,0.0236069560050964,0.0201818346977233,0.0170731544494628,0.0139927268028259,0.0118156671524047,0.0089990496635437,-0.0159270167350769,-0.0173813104629516,-0.0181946754455566,-0.0188356041908264,-0.0188662409782409,-0.0188080668449401,-0.0179626941680908,-0.0168005228042602,-0.0160992741584777,-0.0146750211715698,-0.012535274028778,-0.0104416608810424,-0.0081638693809509,-0.0062796473503112,-0.0043225884437561,-0.0018321275711059,0.0005956292152404,0.002886414527893,0.0050012469291687,0.0068863630294799,0.0090439915657043,0.0114123821258544,0.0132471323013305,0.0147921442985534,0.016219675540924,0.0181449651718139,0.0199965238571167,0.0215446949005126,0.0228113532066345,0.0239750146865844,0.0255853533744812,0.0268479585647583,0.0276031494140625,0.0277249217033386,0.0280876755714416,0.0287073850631713,0.0291085839271545,0.0286299586296081,0.0280529260635375,0.0274367928504943,0.0270584225654602,0.0265926718711853,0.0257582068443298,0.0244200825691223,0.0228881239891052,0.0215227603912353,0.0205958485603332,0.0181460380554199,0.0161035656929016,0.0140380263328552,0.012430727481842,0.010642647743225,0.0076602697372436,0.0049190521240234,0.0023409128189086,0.0001347064971923,-0.0027114152908325,-0.0059105157852172,-0.0086565613746643,-0.0110225677490234,-0.0130398869514465,-0.0148448348045349,-0.0173649191856384,-0.0184640884399414,-0.0193421840667724,-0.0196948647499084,-0.0198386311531066,-0.020290732383728,-0.0192619562149047,-0.0185106396675109,-0.0165271759033203,-0.0143946409225463,-0.0122648477554321,-0.0107598304748535,-0.0082786083221435
25,-0.0085369348526,-0.0073062181472778,-0.0052904486656188,-0.0019622445106506,0.0017150044441223,0.0059612989425659,0.0108275413513183,0.0156383514404296,0.0203115940093994,0.0230900049209594,0.0250418186187744,0.0256020426750183,0.024474024772644,0.0220911502838134,0.0172049403190612,0.0106250047683715,0.0031180381774902,-0.0046513080596923,-0.0129281282424926,-0.0220445990562438,-0.0289864540100097,-0.0345577597618103,-0.0381110310554504,-0.039055585861206,-0.0379444360733032,-0.0342627763748168,-0.0280576348304748,-0.018827736377716,-0.0084795951843261,0.0023899674415588,0.0135635137557983,0.0245373249053955,0.0348133444786071,0.0425090789794921,0.0469774007797241,0.0490837693214416,0.0483606457710266,0.0454550385475158,0.0390710830688476,0.0298596024513244,0.0191414356231689,0.0074821710586547,-0.0039980411529541,-0.0150843262672424,-0.0248200893402099,-0.0334998369216918,-0.0394890308380126,-0.0419049859046936,-0.0425922870635986,-0.0405192971229553,-0.0360537767410278,-0.0293476581573486,-0.0202594399452209,-0.0114879012107849,-0.0024922490119934,0.0068082809448242,0.0154598951339721,0.0232344269752502,0.0281522870063781,0.0308791399002075,0.032489001750946,0.0318084359169006,0.0290350914001464,0.0249187350273132,0.0202564597129821,0.0131727457046508,0.0066002011299133,0.0007885694503784,-0.0051518678665161,-0.0101602673530578,-0.0139593482017517,-0.0159547924995422,-0.0168091654777526,-0.0170789361000061,-0.0161725878715515,0.0,0.0,0.0,0.0,0.0,0.0,0.0,0.0,0.0,0.0,0.0,0.0,0.0,0.0,0.0,0.0,0.0,0.0,0.0,0.0,0.0,0.0,0.0,0.0,0.0,0.0,0.0,0.0,0.0,0.0,0.0,0.0,0.0,0.0,0.0,0.0,0.0,0.0,0.0,0.0,0.0,0.0,0.0,0.0,0.0,0.0,0.0,0.0,0.0,0.0,0.0,0.0,0.0,0.0,0.0,0.0,0.0,0.0,0.0,0.0,0.0,0.0,0.0,0.0,0.0,0.0,0.0,0.0,0.0,0.0,0.0,0.0,0.0,0.0,0.0,0.0,0.0,0.0,0.0,0.0,0.0,0.0,0.0,0.0,0.0,0.0,0.0,0.0,0.0,0.0,0.0,0.0,0.0,0.0,0.0,0.0,0.0,0.0,0.0,0.0,0.0,0.0,0.0,0.0,0.0,0.0,0.0,0.0,0.0,0.0,0.0,0.0,0.0,0.0,0.0,0.0,0.0,0.0,0.0,0.0,0.0,0.0,0.0,0.0,0.0,0.0,0.0,0.0,0.0,0.0,0.0,0.0,0.0,0.0,0.0,0.0,0.0,0.0,0.0,0.0,0.0,0.0,0.0,0.0,0.0,0.0,0.0,0.0,0.0,0.0
36,-0.023264467716217,-0.027865707874298,-0.0316125154495239,-0.0336766839027404,-0.0348838567733764,-0.0357757806777954,-0.0370595455169677,-0.0381414294242858,-0.0399693846702575,-0.0412856340408325,-0.0423623323440551,-0.0425779223442077,-0.0411188602447509,-0.039881408214569,-0.0388721227645874,-0.0389561653137207,-0.0396040678024292,-0.0408653020858764,-0.0417255759239196,-0.042245328426361,-0.0428663492202758,-0.0435218214988708,-0.0437321066856384,-0.043580412864685,-0.0434357523918151,-0.0437551736831665,-0.0441683530807495,-0.0443803668022155,-0.0445135235786438,-0.0449497103691101,-0.0456558465957641,-0.0469623208045959,-0.0472863912582397,-0.0473840236663818,-0.047011911869049,-0.0474942922592163,-0.0481756329536438,-0.0486741662025451,-0.048749566078186,-0.0489671230316162,-0.0497497916221618,-0.0508888363838195,-0.0519844889640808,-0.0522828698158264,-0.0519226193428039,-0.0519623160362243,-0.0519829392433166,-0.0520280003547668,-0.051778495311737,-0.051526129245758,-0.0512927174568176,-0.0509784817695617,-0.0513228178024292,-0.0521944165229797,-0.0534201860427856,-0.0534321665763855,-0.053066074848175,-0.0513945221900939,-0.0501374006271362,-0.0498968958854675,-0.0501019358634948,-0.0503395199775695,-0.050307273864746,-0.050433874130249,-0.0510449409484863,-0.0513973236083984,-0.0526402592658996,-0.0546650290489196,-0.0560959577560424,-0.0568240880966186,-0.055917203426361,-0.0531269311904907,-0.0471498966217041,-0.0381278991699218,-0.0270468592643737,0.0,0.0,0.0,0.0,0.0,0.0,0.0,0.0,0.0,0.0,0.0,0.0,0.0,0.0,0.0,0.0,0.0,0.0,0.0,0.0,0.0,0.0,0.0,0.0,0.0,0.0,0.0,0.0,0.0,0.0,0.0,0.0,0.0,0.0,0.0,0.0,0.0,0.0,0.0,0.0,0.0,0.0,0.0,0.0,0.0,0.0,0.0,0.0,0.0,0.0,0.0,0.0,0.0,0.0,0.0,0.0,0.0,0.0,0.0,0.0,0.0,0.0,0.0,0.0,0.0,0.0,0.0,0.0,0.0,0.0,0.0,0.0,0.0,0.0,0.0,0.0,0.0,0.0,0.0,0.0,0.0,0.0,0.0,0.0,0.0,0.0,0.0,0.0,0.0,0.0,0.0,0.0,0.0,0.0,0.0,0.0,0.0,0.0,0.0,0.0,0.0,0.0,0.0,0.0,0.0,0.0,0.0,0.0,0.0,0.0,0.0,0.0,0.0,0.0,0.0,0.0,0.0,0.0,0.0,0.0,0.0,0.0,0.0,0.0,0.0,0.0,0.0,0.0,0.0,0.0,0.0,0.0,0.0,0.0,0.0,0.0,0.0,0.0,0.0,0.0,0.0,0.0,0.0,0.0,0.0,0.0,0.0,0.0,0.0,0.0
37,0.0,0.0,0.0,0.0,0.0,0.0,0.0,0.0,0.0,0.0,0.0,0.0,0.0,0.0,0.0,0.0,0.0,0.0,0.0,0.0,0.0,0.0,0.0,0.0,0.0,0.0,0.0,0.0,0.0,0.0,0.0,0.0,0.0,0.0,0.0,0.0,0.0,0.0,0.0,0.0,0.0,0.0,0.0,0.0,0.0,0.0,0.0,0.0,0.0,0.0,0.0,0.0,0.0,0.0,0.0,0.0,0.0,0.0,0.0,0.0,0.0,0.0,0.0,0.0,0.0,0.0,0.0,0.0,0.0,0.0,0.0,0.0,0.0,0.0,0.0,0.0,0.0,0.0,0.0,0.0,0.0,0.0,0.0,0.0,0.0,0.0,0.0,0.0,0.0,0.0,0.0,0.0,0.0,0.0,0.0,0.0,0.0,0.0,0.0,0.0,0.0,0.0,0.0,0.0,0.0,0.0,0.0,0.0,0.0,0.0,0.0,0.0,0.0,0.0,0.0,0.0,0.0,0.0,0.0,0.0,0.0,0.0,0.0,0.0,0.0,0.0,0.0,0.0,0.0,0.0,0.0,0.0,0.0,0.0,0.0,0.0,0.0,0.0,0.0,0.0,0.0,0.0,0.0,0.0,0.0,0.0,0.0,0.0,0.0,0.0,0.0,0.0,0.0,0.0,0.0,0.0,0.0,0.0,0.0,0.0,0.0,0.0,0.0,0.0,0.0,0.0,0.0,0.0,0.0,0.0,0.0,0.0,0.0,0.0,0.0,0.0,0.0,0.0,0.0,0.0,0.0,0.0,0.0,0.0,0.0,0.0,0.0,0.0,0.0,0.0,0.0,0.0,0.0,0.0,0.0,0.0,0.0,0.0,0.0,0.0,0.0,0.0,0.0,0.0,0.0,0.0,0.0,0.0,0.0,0.0,0.0,0.0,0.0,0.0,0.0,0.0,0.0,0.0,0.0,0.0,0.0,0.0,0.0,0.0,0.0
38,0.0,0.0,0.0,0.0,0.0,0.0,0.0,0.0,0.0,0.0,0.0,0.0,0.0,0.0,0.0,0.0,0.0,0.0,0.0,0.0,0.0,0.0,0.0,0.0,0.0,0.0,0.0,0.0,0.0,0.0,0.0,0.0,0.0,0.0,0.0,0.0,0.0,0.0,0.0,0.0,0.0,0.0,0.0,0.0,0.0,0.0,0.0,0.0,0.0,0.0,0.0,0.0,0.0,0.0,0.0,0.0,0.0,0.0,0.0,0.0,0.0,0.0,0.0,0.0,0.0,0.0,0.0,0.0,0.0,0.0,0.0,0.0,0.0,0.0,0.0,0.0080407857894897,0.0058165192604064,0.0026163458824157,-0.0015974044799804,-0.0070082545280456,-0.012119710445404,-0.0173203349113464,-0.0216806530952453,-0.0251555442810058,-0.0276331901550292,-0.027530014514923,-0.0255231857299804,-0.0216558575630188,-0.0169122815132141,-0.0112233757972717,-0.0038375854492187,0.00324547290802,0.0104805827140808,0.0172609686851501,0.0224851369857788,0.0267506837844848,0.0288693904876709,0.0295832157135009,0.0280866622924804,0.0241768360137939,0.0186083316802978,0.0111281275749206,0.0032063722610473,-0.0061246156692504,-0.0154778361320495,-0.0235928893089294,-0.0302724242210388,-0.0342664122581481,-0.0368689894676208,-0.036956250667572,-0.0340980887413024,-0.0294482707977294,-0.0223856568336486,-0.0144926309585571,-0.0055515766143798,0.0041970014572143,0.0132185816764831,0.0218896865844726,0.0285380482673645,0.0339410901069641,0.0374243855476379,0.0378675460815429,0.0359815955162048,0.0318005084991455,0.0256869196891784,0.0180811285972595,0.009407103061676,0.0009326934814453,-0.007229208946228,-0.0140039324760437,-0.0194263458251953,-0.0231502652168273,-0.0245997905731201,-0.0249647498130798,-0.0229344367980957,-0.0197535157203674,-0.0151817798614501,-0.0096658468246459,-0.004159927368164,0.0023064613342285,0.0082271099090576,0.0139757394790649,0.0186951756477355,0.0219830870628356,0.0243085622787475,0.0248392820358276,0.0238401293754577,0.0211821198463439,0.0173296332359313,0.0131615400314331,0.0,0.0,0.0,0.0,0.0,0.0,0.0,0.0,0.0,0.0,0.0,0.0,0.0,0.0,0.0,0.0,0.0,0.0,0.0,0.0,0.0,0.0,0.0,0.0,0.0,0.0,0.0,0.0,0.0,0.0,0.0,0.0,0.0,0.0,0.0,0.0,0.0,0.0,0.0,0.0,0.0,0.0,0.0,0.0,0.0,0.0,0.0,0.0,0.0,0.0,0.0,0.0,0.0,0.0,0.0,0.0,0.0,0.0,0.0,0.0,0.0,0.0,0.0,0.0,0.0,0.0,0.0,0.0,0.0,0.0,0.0,0.0,0.0,0.0,0.0
39,0.0,0.0,0.0,0.0,0.0,0.0,0.0,0.0,0.0,0.0,0.0,0.0,0.0,0.0,0.0,0.0,0.0,0.0,0.0,0.0,0.0,0.0,0.0,0.0,0.0,0.0,0.0,0.0,0.0,0.0,0.0,0.0,0.0,0.0,0.0,0.0,0.0,0.0,0.0,0.0,0.0,0.0,0.0,0.0,0.0,0.0,0.0,0.0,0.0,0.0,0.0,0.0,0.0,0.0,0.0,0.0,0.0,0.0,0.0,0.0,0.0,0.0,0.0,0.0,0.0,0.0,0.0,0.0,0.0,0.0,0.0,0.0,0.0,0.0,0.0,0.0022509694099426,0.0019553303718566,0.0017327666282653,0.0018587708473205,0.0024461150169372,0.0024027824401855,0.0023649930953979,0.0020403265953063,0.0021118521690368,0.0023481845855712,0.0023612976074218,0.0019667744636535,0.0023200511932373,0.0024378895759582,0.0033992528915405,0.003242015838623,0.0032955408096313,0.0029647946357727,0.0033642649650573,0.0038620829582214,0.0043210387229919,0.0041764378547668,0.0039339065551757,0.0052071809768676,0.0059006214141845,0.0053864121437072,0.0052023530006408,0.0048820376396179,0.0047633051872253,0.0037803053855895,0.002810001373291,0.0016314387321472,0.0003702044486999,-0.0007582902908325,-0.0021133422851562,-0.0046625137329101,-0.0073272585868835,-0.0092490911483764,-0.0111242532730102,-0.0127248167991638,-0.0163639187812805,-0.01885187625885,-0.0217924118041992,-0.0242379903793334,-0.0281449556350708,-0.0305360555648803,-0.0331186652183532,-0.0356386303901672,-0.0381079316139221,-0.0409474372863769,-0.0431433320045471,-0.0451446771621704,-0.0471540093421936,-0.0485548973083496,-0.0501477122306823,-0.0514346361160278,-0.0521938800811767,-0.0513940453529357,-0.0516303777694702,-0.0512554049491882,-0.0510255098342895,-0.0502493381500244,-0.0484210848808288,-0.046888530254364,-0.0452792048454284,-0.043014109134674,-0.0407214164733886,-0.0382936000823974,-0.0355963706970214,-0.0326721668243408,-0.029797077178955,-0.0269795656204223,-0.0237663388252258,-0.0202164649963378,-0.0170466303825378,0.0,0.0,0.0,0.0,0.0,0.0,0.0,0.0,0.0,0.0,0.0,0.0,0.0,0.0,0.0,0.0,0.0,0.0,0.0,0.0,0.0,0.0,0.0,0.0,0.0,0.0,0.0,0.0,0.0,0.0,0.0,0.0,0.0,0.0,0.0,0.0,0.0,0.0,0.0,0.0,0.0,0.0,0.0,0.0,0.0,0.0,0.0,0.0,0.0,0.0,0.0,0.0,0.0,0.0,0.0,0.0,0.0,0.0,0.0,0.0,0.0,0.0,0.0,0.0,0.0,0.0,0.0,0.0,0.0,0.0,0.0,0.0,0.0,0.0,0.0
40,-0.0079251527786254,-0.0093387961387634,-0.0104262232780456,-0.0113351345062255,-0.0127773880958557,-0.0142430067062377,-0.0156241059303283,-0.0166214108467102,-0.0178955197334289,-0.0193263292312622,-0.0208290219306945,-0.0224788784980773,-0.0240734815597534,-0.0250042080879211,-0.0260729193687438,-0.0283377170562744,-0.0296640992164611,-0.030812382698059,-0.0319872498512268,-0.0332714319229126,-0.0352478623390197,-0.0361686944961547,-0.0376983880996704,-0.0384774804115295,-0.0396308302879333,-0.0413033366203308,-0.0420885682106018,-0.0428315997123718,-0.0434716939926147,-0.0447096228599548,-0.0458921194076538,-0.0470486879348754,-0.0467579364776611,-0.0476651787757873,-0.0481672286987304,-0.0486090183258056,-0.0490602254867553,-0.0486257076263427,-0.0481910705566406,-0.0484579205513,-0.0490714907646179,-0.0488573908805847,-0.0480538010597229,-0.0469291806221008,-0.0466895103454589,-0.0469888448715209,-0.0455861687660217,-0.0450837612152099,-0.0441386103630065,-0.0438694357872009,-0.0429652333259582,-0.0414021611213684,-0.0405480861663818,-0.039553940296173,-0.0384333133697509,-0.0368341207504272,-0.0360905528068542,-0.0346131324768066,-0.0328435897827148,-0.0314741134643554,-0.030285894870758,-0.0288769602775573,-0.0272384881973266,-0.025345504283905,-0.0244564414024353,-0.0232291221618652,-0.0210616588592529,-0.0196914672851562,-0.018284261226654,-0.0170791745185852,-0.0160948634147644,-0.0139704942703247,-0.0128487944602966,-0.011586844921112,-0.0107885003089904,0.0,0.0,0.0,0.0,0.0,0.0,0.0,0.0,0.0,0.0,0.0,0.0,0.0,0.0,0.0,0.0,0.0,0.0,0.0,0.0,0.0,0.0,0.0,0.0,0.0,0.0,0.0,0.0,0.0,0.0,0.0,0.0,0.0,0.0,0.0,0.0,0.0,0.0,0.0,0.0,0.0,0.0,0.0,0.0,0.0,0.0,0.0,0.0,0.0,0.0,0.0,0.0,0.0,0.0,0.0,0.0,0.0,0.0,0.0,0.0,0.0,0.0,0.0,0.0,0.0,0.0,0.0,0.0,0.0,0.0,0.0,0.0,0.0,0.0,0.0,0.0,0.0,0.0,0.0,0.0,0.0,0.0,0.0,0.0,0.0,0.0,0.0,0.0,0.0,0.0,0.0,0.0,0.0,0.0,0.0,0.0,0.0,0.0,0.0,0.0,0.0,0.0,0.0,0.0,0.0,0.0,0.0,0.0,0.0,0.0,0.0,0.0,0.0,0.0,0.0,0.0,0.0,0.0,0.0,0.0,0.0,0.0,0.0,0.0,0.0,0.0,0.0,0.0,0.0,0.0,0.0,0.0,0.0,0.0,0.0,0.0,0.0,0.0,0.0,0.0,0.0,0.0,0.0,0.0,0.0,0.0,0.0,0.0,0.0,0.0
1,0.0,0.0,0.0,0.0,0.0,0.0,0.0,0.0,0.0,0.0,0.0,0.0,0.0,0.0,0.0,0.0,0.0,0.0,0.0,0.0,0.0,0.0,0.0,0.0,0.0,0.0,0.0,0.0,0.0,0.0,0.0,0.0,0.0,0.0,0.0,0.0,0.0,0.0,0.0,0.0,0.0,0.0,0.0,0.0,0.0,0.0,0.0,0.0,0.0,0.0,0.0,0.0,0.0,0.0,0.0,0.0,0.0,0.0,0.0,0.0,0.0,0.0,0.0,0.0,0.0,0.0,0.0,0.0,0.0,0.0,0.0,0.0,0.0,0.0,0.0,0.0,0.0,0.0,0.0,0.0,0.0,0.0,0.0,0.0,0.0,0.0,0.0,0.0,0.0,0.0,0.0,0.0,0.0,0.0,0.0,0.0,0.0,0.0,0.0,0.0,0.0,0.0,0.0,0.0,0.0,0.0,0.0,0.0,0.0,0.0,0.0,0.0,0.0,0.0,0.0,0.0,0.0,0.0,0.0,0.0,0.0,0.0,0.0,0.0,0.0,0.0,0.0,0.0,0.0,0.0,0.0,0.0,0.0,0.0,0.0,0.0,0.0,0.0,0.0,0.0,0.0,0.0,0.0,0.0,0.0,0.0,0.0,0.0,0.0,0.0,-0.00867760181427,-0.0099357962608337,-0.0118873119354248,-0.0131520628929138,-0.0152276158332824,-0.0169093608856201,-0.0181732773780822,-0.0195791125297546,-0.0205856561660766,-0.0221070647239685,-0.0226072669029235,-0.022822618484497,-0.0228850841522216,-0.0220460891723632,-0.0217196941375732,-0.0202037692070007,-0.0182484984397888,-0.0158150196075439,-0.0125554800033569,-0.0095884799957275,-0.0057642459869384,-0.0013892650604248,0.0031327605247497,0.0080801248550415,0.0123884081840515,0.0174908638000488,0.0224058032035827,0.02729994058609,0.0321196317672729,0.0356790423393249,0.0395346879959106,0.0427801609039306,0.0453792810440063,0.0474176406860351,0.0480580329895019,0.048916757106781,0.0482821464538574,0.0473058819770813,0.0453848838806152,0.0423660278320312,0.0395225882530212,0.035567283630371,0.0316624641418457,0.0268144607543945,0.0213736891746521,0.0166084170341491,0.0114072561264038,0.0065914988517761,0.0015172362327575,-0.0033172965049743,-0.0073740482330322,-0.0114601850509643,-0.0145739912986755,-0.0177606344223022,-0.0204025506973266,-0.022030234336853,-0.0235768556594848,-0.0240181684494018,-0.0247872471809387,-0.0247191786766052,-0.0240429043769836,-0.0232827067375183,-0.0219702124595642,-0.0211570858955383,-0.0196234583854675,-0.017701506614685,-0.0160925388336181,-0.0138596892356872,-0.0126535296440124,-0.0110363364219665,-0.0092154741287231,-0.0074445605278015,-0.0055676102638244,-0.0048094987869262,-0.0035241246223449
2,0.0,0.0,0.0,0.0,0.0,0.0,0.0,0.0,0.0,0.0,0.0,0.0,0.0,0.0,0.0,0.0,0.0,0.0,0.0,0.0,0.0,0.0,0.0,0.0,0.0,0.0,0.0,0.0,0.0,0.0,0.0,0.0,0.0,0.0,0.0,0.0,0.0,0.0,0.0,0.0,0.0,0.0,0.0,0.0,0.0,0.0,0.0,0.0,0.0,0.0,0.0,0.0,0.0,0.0,0.0,0.0,0.0,0.0,0.0,0.0,0.0,0.0,0.0,0.0,0.0,0.0,0.0,0.0,0.0,0.0,0.0,0.0,0.0,0.0,0.0,0.0,0.0,0.0,0.0,0.0,0.0,0.0,0.0,0.0,0.0,0.0,0.0,0.0,0.0,0.0,0.0,0.0,0.0,0.0,0.0,0.0,0.0,0.0,0.0,0.0,0.0,0.0,0.0,0.0,0.0,0.0,0.0,0.0,0.0,0.0,0.0,0.0,0.0,0.0,0.0,0.0,0.0,0.0,0.0,0.0,0.0,0.0,0.0,0.0,0.0,0.0,0.0,0.0,0.0,0.0,0.0,0.0,0.0,0.0,0.0,0.0,0.0,0.0,0.0,0.0,0.0,0.0,0.0,0.0,0.0,0.0,0.0,0.0,0.0,0.0,0.0249977707862854,0.0303432345390319,0.0329983234405517,0.0336371660232543,0.0343267917633056,0.0350483059883117,0.0370892882347106,0.0389766693115234,0.0396509766578674,0.0397312045097351,0.0398554801940918,0.0398675799369812,0.0402570366859436,0.0398696660995483,0.0403281450271606,0.0414837002754211,0.0420014262199401,0.041374921798706,0.040600836277008,0.0398857593536376,0.03946453332901,0.0390570759773254,0.03827965259552,0.0371530652046203,0.0365513563156127,0.0363627672195434,0.036271333694458,0.0358136296272277,0.0348221063613891,0.0333308577537536,0.0345677733421325,0.0357093811035156,0.0354923605918884,0.0343174934387207,0.0291200280189514,0.0193980932235717,0.0051313638687133,-0.009493350982666,-0.0195728540420532,-0.0261667370796203,-0.0295982360839843,-0.0319364070892334,-0.033746063709259,-0.0360866785049438,-0.0374976396560668,-0.0379737019538879,-0.0379507541656494,-0.0384113192558288,-0.0389332771301269,-0.0396694540977478,-0.0400744676589965,-0.0410874485969543,-0.042691171169281,-0.0435885190963745,-0.0431267023086547,-0.0423111915588378,-0.0413313508033752,-0.040059745311737,-0.0395563840866088,-0.0380924344062805,-0.0362259149551391,-0.0352216362953186,-0.0357935428619384,-0.0370667576789855,-0.0376456975936889,-0.0372209548950195,-0.0365270376205444,-0.0375630855560302,-0.0380924344062805,-0.0377028584480285,-0.0373200178146362,-0.0353463292121887,-0.0312510132789611,-0.0231665968894958,-0.0142554640769958
3,0.0,0.0,0.0,0.0,0.0,0.0,0.0,0.0,0.0,0.0,0.0,0.0,0.0,0.0,0.0,0.0,0.0,0.0,0.0,0.0,0.0,0.0,0.0,0.0,0.0,0.0,0.0,0.0,0.0,0.0,0.0,0.0,0.0,0.0,0.0,0.0,0.0,0.0,0.0,0.0,0.0,0.0,0.0,0.0,0.0,0.0,0.0,0.0,0.0,0.0,0.0,0.0,0.0,0.0,0.0,0.0,0.0,0.0,0.0,0.0,0.0,0.0,0.0,0.0,0.0,0.0,0.0,0.0,0.0,0.0,0.0,0.0,0.0,0.0,0.0,0.0,0.0,0.0,0.0,0.0,0.0,0.0,0.0,0.0,0.0,0.0,0.0,0.0,0.0,0.0,0.0,0.0,0.0,0.0,0.0,0.0,0.0,0.0,0.0,0.0,0.0,0.0,0.0,0.0,0.0,0.0,0.0,0.0,0.0,0.0,0.0,0.0,0.0,0.0,0.0,0.0,0.0,0.0,0.0,0.0,0.0,0.0,0.0,0.0,0.0,0.0,0.0,0.0,0.0,0.0,0.0,0.0,0.0,0.0,0.0,0.0,0.0,0.0,0.0,0.0,0.0,0.0,0.0,0.0,0.0,0.0,0.0,0.0,0.0,0.0,0.0058461427688598,0.0077750086784362,0.0102102756500244,0.0120619535446167,0.0134459137916564,0.0158592462539672,0.0185399651527404,0.021198570728302,0.0230863094329834,0.0246426463127136,0.0267673134803771,0.0291589498519897,0.0316491723060607,0.0330129861831665,0.0339376330375671,0.0356035828590393,0.037393033504486,0.0388526320457458,0.039392352104187,0.039415419101715,0.0400184392929077,0.0405419468879699,0.0407453775405883,0.0391528606414794,0.0377193093299865,0.0365917682647705,0.0349496006965637,0.0329413414001464,0.0297843217849731,0.0267327427864074,0.0238887667655944,0.0213751792907714,0.0183658599853515,0.0141319632530212,0.0104157328605651,0.0075050592422485,0.0052577257156372,0.002265989780426,-0.0015070438385009,-0.0048754215240478,-0.0070627331733703,-0.009282112121582,-0.0116304755210876,-0.0148985981941223,-0.0175574421882629,-0.0192267298698425,-0.0208848118782043,-0.022934079170227,-0.0261330604553222,-0.0279833078384399,-0.0295805931091308,-0.0311743021011352,-0.0330930948257446,-0.0354077816009521,-0.0366580486297607,-0.0373510122299194,-0.0378217697143554,-0.0387065410614013,-0.0394750833511352,-0.0389726161956787,-0.0379244685173034,-0.0364238023757934,-0.0351406931877136,-0.0337918996810913,-0.0315416455268859,-0.0285780429840087,-0.0250359773635864,-0.0225661993026733,-0.0202646255493164,-0.0170358419418334,-0.0139425992965698,-0.0104435086250305,-0.0085753798484802,-0.00687837600708,-0.0046907067298889
4,0.0,0.0,0.0,0.0,0.0,0.0,0.0,0.0,0.0,0.0,0.0,0.0,0.0,0.0,0.0,0.0,0.0,0.0,0.0,0.0,0.0,0.0,0.0,0.0,0.0,0.0,0.0,0.0,0.0,0.0,0.0,0.0,0.0,0.0,0.0,0.0,0.0,0.0,0.0,0.0,0.0,0.0,0.0,0.0,0.0,0.0,0.0,0.0,0.0,0.0,0.0,0.0,0.0,0.0,0.0,0.0,0.0,0.0,0.0,0.0,0.0,0.0,0.0,0.0,0.0,0.0,0.0,0.0,0.0,0.0,0.0,0.0,0.0,0.0,0.0,0.0053006410598754,0.0057360529899597,0.0061774849891662,0.0064327120780944,0.0078369975090026,0.0097935795783996,0.0103445649147033,0.0108562707901,0.0117894411087036,0.0137301087379455,0.0159010887145996,0.0169602632522583,0.0180980563163757,0.0194013714790344,0.0218692421913146,0.0241389870643615,0.0255406498908996,0.0270933508872985,0.0281969904899597,0.0306996703147888,0.0332866311073303,0.0344599485397338,0.0356068015098571,0.0370655059814453,0.0394248366355896,0.041405439376831,0.0418735742568969,0.0420455336570739,0.0426415801048278,0.0440260171890258,0.0444737672805786,0.0437896251678466,0.0430321097373962,0.0427449345588684,0.0431407690048217,0.0426041483879089,0.0412511825561523,0.0401039719581604,0.0390042066574096,0.0387251377105712,0.0378371477127075,0.0361276865005493,0.0343589782714843,0.0333436131477355,0.0330665707588195,0.0318318009376525,0.030103862285614,0.0285527110099792,0.0275701880455017,0.027284562587738,0.0257750749588012,0.0240647792816162,0.022371232509613,0.0212897062301635,0.0210248231887817,0.0196563005447387,0.0182322263717651,0.0167349576950073,0.0163947343826293,0.0168034434318542,0.0160951018333435,0.0145946145057678,0.012802243232727,0.0128821730613708,0.0133307576179504,0.0123271346092224,0.011134386062622,0.0099420547485351,0.0102456212043762,0.0103933811187744,0.0092130303382873,0.0081787109375,0.0071375966072082,0.0067954659461975,0.0067711472511291,0.0,0.0,0.0,0.0,0.0,0.0,0.0,0.0,0.0,0.0,0.0,0.0,0.0,0.0,0.0,0.0,0.0,0.0,0.0,0.0,0.0,0.0,0.0,0.0,0.0,0.0,0.0,0.0,0.0,0.0,0.0,0.0,0.0,0.0,0.0,0.0,0.0,0.0,0.0,0.0,0.0,0.0,0.0,0.0,0.0,0.0,0.0,0.0,0.0,0.0,0.0,0.0,0.0,0.0,0.0,0.0,0.0,0.0,0.0,0.0,0.0,0.0,0.0,0.0,0.0,0.0,0.0,0.0,0.0,0.0,0.0,0.0,0.0,0.0,0.0
5,0.0041345953941345,0.0036130547523498,0.0026102066040039,0.0019240379333496,0.0024092197418212,0.0024750232696533,0.0016098022460937,0.0004303455352783,-0.0003635287284851,8.64267349243164e-06,1.3709068298339844e-05,-0.0009515881538391,-0.0020937323570251,-0.0027618408203125,-0.0023187398910522,-0.0023683309555053,-0.0031746625900268,-0.0041195750236511,-0.0047156810760498,-0.004547119140625,-0.0050127506256103,-0.006293773651123,-0.0080301761627197,-0.0094077587127685,-0.0101029276847839,-0.011619210243225,-0.0140020847320556,-0.0167768001556396,-0.0188232660293579,-0.0199646353721618,-0.0223013162612915,-0.0252760052680969,-0.0283255577087402,-0.0303857922554016,-0.0318323373794555,-0.0339914560317993,-0.0366847515106201,-0.0390982031822204,-0.040395438671112,-0.041066288948059,-0.0425975918769836,-0.0441776514053344,-0.0455313324928283,-0.0457237362861633,-0.0453750491142272,-0.0458332300186157,-0.0462533831596374,-0.0463355183601379,-0.045056939125061,-0.0432791709899902,-0.0424103736877441,-0.0417220592498779,-0.0405773520469665,-0.0381690263748168,-0.0354992747306823,-0.0339773893356323,-0.0327802300453186,-0.031124472618103,-0.0281899571418762,-0.0254727005958557,-0.0239229202270507,-0.0227593779563903,-0.0212759375572204,-0.0186229944229125,-0.0163888335227966,-0.0153575539588928,-0.014695405960083,-0.0137767195701599,-0.0118436217308044,-0.010543406009674,-0.0101645588874816,-0.0099691152572631,-0.009304404258728,-0.0077848434448242,-0.0068519115447998,0.0,0.0,0.0,0.0,0.0,0.0,0.0,0.0,0.0,0.0,0.0,0.0,0.0,0.0,0.0,0.0,0.0,0.0,0.0,0.0,0.0,0.0,0.0,0.0,0.0,0.0,0.0,0.0,0.0,0.0,0.0,0.0,0.0,0.0,0.0,0.0,0.0,0.0,0.0,0.0,0.0,0.0,0.0,0.0,0.0,0.0,0.0,0.0,0.0,0.0,0.0,0.0,0.0,0.0,0.0,0.0,0.0,0.0,0.0,0.0,0.0,0.0,0.0,0.0,0.0,0.0,0.0,0.0,0.0,0.0,0.0,0.0,0.0,0.0,0.0,0.0,0.0,0.0,0.0,0.0,0.0,0.0,0.0,0.0,0.0,0.0,0.0,0.0,0.0,0.0,0.0,0.0,0.0,0.0,0.0,0.0,0.0,0.0,0.0,0.0,0.0,0.0,0.0,0.0,0.0,0.0,0.0,0.0,0.0,0.0,0.0,0.0,0.0,0.0,0.0,0.0,0.0,0.0,0.0,0.0,0.0,0.0,0.0,0.0,0.0,0.0,0.0,0.0,0.0,0.0,0.0,0.0,0.0,0.0,0.0,0.0,0.0,0.0,0.0,0.0,0.0,0.0,0.0,0.0,0.0,0.0,0.0,0.0,0.0,0.0
11,0.0,0.0,0.0,0.0,0.0,0.0,0.0,0.0,0.0,0.0,0.0,0.0,0.0,0.0,0.0,0.0,0.0,0.0,0.0,0.0,0.0,0.0,0.0,0.0,0.0,0.0,0.0,0.0,0.0,0.0,0.0,0.0,0.0,0.0,0.0,0.0,0.0,0.0,0.0,0.0,0.0,0.0,0.0,0.0,0.0,0.0,0.0,0.0,0.0,0.0,0.0,0.0,0.0,0.0,0.0,0.0,0.0,0.0,0.0,0.0,0.0,0.0,0.0,0.0,0.0,0.0,0.0,0.0,0.0,0.0,0.0,0.0,0.0,0.0,0.0,0.0,0.0,0.0,0.0,0.0,0.0,0.0,0.0,0.0,0.0,0.0,0.0,0.0,0.0,0.0,0.0,0.0,0.0,0.0,0.0,0.0,0.0,0.0,0.0,0.0,0.0,0.0,0.0,0.0,0.0,0.0,0.0,0.0,0.0,0.0,0.0,0.0,0.0,0.0,0.0,0.0,0.0,0.0,0.0,0.0,0.0,0.0,0.0,0.0,0.0,0.0,0.0,0.0,0.0,0.0,0.0,0.0,0.0,0.0,0.0,0.0,0.0,0.0,0.0,0.0,0.0,0.0,0.0,0.0,0.0,0.0,0.0,0.0,0.0,0.0,0.0258083939552307,0.0276889204978942,0.0290334224700927,0.0280365347862243,0.0310755372047424,0.0339784622192382,0.0345706343650817,0.0320985913276672,0.0334880948066711,0.0292110443115234,0.0256208181381225,0.0172863006591796,-0.0017254948616027,-0.0152291059494018,-0.0221560597419738,-0.0230112671852111,-0.0258538126945495,-0.0301376581192016,-0.0330093502998352,-0.029748260974884,-0.0298019051551818,-0.0276557207107543,-0.0242608785629272,-0.0172154903411865,0.002847135066986,0.0254386067390441,0.030342698097229,0.0317286252975463,0.032421588897705,0.0344077944755554,0.0348874926567077,0.0333504676818847,0.0317640900611877,0.0334539413452148,0.0326908230781555,0.0301505923271179,0.0194178819656372,-0.0072070956230163,-0.0236501097679138,-0.031866431236267,-0.0329197645187377,-0.0339556336402893,-0.0342889428138732,-0.0348636507987976,-0.030530035495758,-0.0323935747146606,-0.0326720476150512,-0.0321506261825561,-0.0235242843627929,-0.0004448890686035,0.0254743695259094,0.028424322605133,0.0276408791542053,0.0308383703231811,0.0324497818946838,0.0323561429977417,0.0313608050346374,0.0318581461906433,0.0324784517288208,0.0341624617576599,0.032603919506073,0.0232545137405395,-0.0026662945747375,-0.0177692174911499,-0.0244138836860656,-0.0263549089431762,-0.0295350551605224,-0.031031310558319,-0.032821774482727,-0.0303667783737182,-0.0317009687423706,-0.0333852171897888,-0.0345175862312316,-0.0301478505134582,-0.0172680020332336
12,-0.0155191421508789,-0.0206875801086425,-0.027651309967041,-0.029379665851593,-0.0280298590660095,-0.0272673368453979,-0.0266678929328918,-0.027538776397705,-0.0279088616371154,-0.0279362201690673,-0.028151512145996,-0.0284002423286438,-0.0284494161605834,-0.0283524990081787,-0.0280554890632629,-0.027699589729309,-0.0273197889328002,-0.0271797180175781,-0.0273264050483703,-0.0273904800415039,-0.0271782279014587,-0.0267593264579772,-0.0266443490982055,-0.026868462562561,-0.0272967219352722,-0.0271728634834289,-0.0264939665794372,-0.0263996720314025,-0.0264941453933715,-0.0272228717803955,-0.0275126099586486,-0.0274547934532165,-0.0273613929748535,-0.0272241830825805,-0.027191162109375,-0.0272279381752014,-0.0270607471466064,-0.0271646380424499,-0.0272380709648132,-0.0272232890129089,-0.0271666646003723,-0.0272225737571716,-0.0275138616561889,-0.0273186564445495,-0.0272518396377563,-0.0272690057754516,-0.0272278785705566,-0.027320384979248,-0.0273941159248352,-0.027808129787445,-0.0277512073516845,-0.0273883938789367,-0.0270694494247436,-0.0269166827201843,-0.0274430513381958,-0.0276732444763183,-0.0277862548828125,-0.0276538729667663,-0.0274275541305542,-0.0275266170501709,-0.0276005268096923,-0.0275705456733703,-0.0275303125381469,-0.0273733139038085,-0.0272442698478698,-0.0271345973014831,-0.0271525382995605,-0.0268048644065856,-0.0262084603309631,-0.0253771543502807,-0.0258043408393859,-0.0265871286392211,-0.027116060256958,-0.0252133011817932,-0.0214195251464843,-0.0157332420349121,-0.0219245553016662,-0.028897225856781,-0.0290596485137939,-0.028335690498352,-0.0272669196128845,-0.0270328521728515,-0.0278820395469665,-0.0278348922729492,-0.0281117558479309,-0.028232455253601,-0.028451383113861,-0.0284054279327392,-0.0284350514411926,-0.0284742712974548,-0.0279183387756347,-0.0275387167930603,-0.0273196101188659,-0.0275589823722839,-0.0277612209320068,-0.0273038148880004,-0.0267837643623352,-0.0265849232673645,-0.0268020033836364,-0.0273873209953308,-0.0269731283187866,-0.0266149640083313,-0.0264961123466491,-0.0268594622611999,-0.0273986458778381,-0.0273910760879516,-0.0273787975311279,-0.0271462202072143,-0.0272442698478698,-0.0272436141967773,-0.0272281765937805,-0.0271269083023071,-0.027104914188385,-0.0271468162536621,-0.0271524190902709,-0.0271211266517639,-0.0273957252502441,-0.0273970365524292,-0.0273216366767883,-0.027197778224945,-0.0272642970085144,-0.0272953510284423,-0.0271710753440856,-0.0274096727371215,-0.0277106761932373,-0.0276852250099182,-0.0274419784545898,-0.0271215438842773,-0.0270828604698181,-0.0273691415786743,-0.0277599692344665,-0.0278013944625854,-0.0276148915290832,-0.0274367332458496,-0.0273935794830322,-0.0275790691375732,-0.0275723934173584,-0.027394950389862,-0.0273055434226989,-0.0272014737129211,-0.0273079276084899,-0.0271221995353698,-0.0264912247657775,-0.026001751422882,-0.0256979465484619,-0.0263536572456359,-0.0268661975860595,-0.0272586941719055,-0.0242946147918701,-0.0198857188224792,-0.015430212020874,-0.0230998396873474,-0.028672456741333,-0.0287288427352905,-0.0279947519302368,-0.0268298983573913,-0.0272615551948547,-0.028028130531311,-0.0278217196464538,-0.0279044508934021,-0.0278481841087341,-0.0283982753753662,-0.0286541581153869,-0.0284965634346008,-0.0285308957099914,-0.0278976559638977,-0.0276640057563781,-0.0276573300361633,-0.0277760624885559,-0.0276803970336914,-0.0271235704421997,-0.0267009139060974,-0.0266732573509216,-0.0265908241271972,-0.0270307064056396,-0.0264868140220642,-0.0267495512962341,-0.0269243717193603,-0.0270198583602905,-0.0272949934005737,-0.027275264263153,-0.027159035205841,-0.0271622538566589,-0.0271481275558471,-0.0271952152252197,-0.0270751118659973,-0.0270610451698303,-0.0268532633781433,-0.0269128680229187,-0.0270147919654846,-0.0268588066101074,-0.0271903276443481,-0.0273041725158691,-0.027250587940216,-0.0271689295768737,-0.0271076560020446,-0.0270336866378784,-0.0269322395324707,-0.0271387696266174,-0.0276780724525451,-0.0275598764419555,-0.0272711515426635,-0.0269763469696044,-0.0268921852111816,-0.0272679924964904,-0.027469515800476,-0.027676522731781,-0.0274159312248229,-0.0272430777549743,-0.0271486043930053,-0.0271633863449096,-0.02727872133255,-0.0272080302238464,-0.0271803140640258,-0.0270892977714538,-0.0269311666488647,-0.0265907049179077,-0.0260846018791198,-0.0258677005767822,-0.0259955525398254,-0.0263683199882507,-0.0267567634582519,-0.0260905027389526,-0.0233227014541625,-0.0183120369911193
13,0.0002908110618591,0.0024505853652954,0.0048480033874511,0.0077240467071533,0.01258385181427,0.0186851620674133,0.024580955505371,0.0296555161476135,0.034040629863739,0.0379996299743652,0.0404503345489501,0.0422060489654541,0.0428076386451721,0.0419325828552246,0.0409517884254455,0.0398584604263305,0.0385591983795166,0.0371388792991638,0.0353422760963439,0.0345359444618225,0.033828854560852,0.0328416228294372,0.0312991142272949,0.029625654220581,0.0286841392517089,0.0264318585395813,0.0236695408821105,0.0197818279266357,0.0158418416976928,0.0125967264175415,0.0093013644218444,0.0063993334770202,0.0039007067680358,0.0023754835128784,0.0023297667503356,0.002801239490509,0.0032402873039245,0.002608835697174,0.0015125274658203,0.0009735822677612,0.0002351403236389,-0.0004193782806396,-0.0016364455223083,-0.0020104050636291,-0.001546025276184,-0.001653254032135,-0.00188410282135,-0.0030434727668762,-0.0032318234443664,-0.0027698874473571,-0.0023441314697265,-0.0020501017570495,-0.0022557973861694,-0.002415657043457,-0.002144455909729,-0.0026718974113464,-0.0033994317054748,-0.0045042634010314,-0.0046005249023437,-0.0037451386451721,-0.0026014447212219,-0.0017726421356201,-0.0014686584472656,-0.0012809634208679,-0.0009019970893859,-0.0009915828704833,-0.0015283823013305,-0.0021601319313049,-0.0019271373748779,-0.0011667013168334,-0.0004554986953735,-0.0004618167877197,-0.0011771321296691,-0.0011836886405944,-0.0009952783584594,0.0003571510314941,-0.0003600120544433,-0.0012142062187194,-0.0015857219696044,-0.0017610788345336,-0.0015154480934143,-0.0020029544830322,-0.0025109052658081,-0.0019648671150207,-0.0014122128486633,-0.0010402798652648,-0.0014269351959228,-0.0015876293182373,-0.0015221834182739,-0.0016282796859741,-0.0020298957824707,-0.0026952624320983,-0.002863585948944,-0.00247722864151,-0.0022817850112915,-0.0026770830154418,-0.0035861134529113,-0.0039055943489074,-0.0032909512519836,-0.0017601251602172,-0.0002567768096923,0.0006272196769714,0.002795934677124,0.0066690444946289,0.0118399262428283,0.0165508389472961,0.0213077068328857,0.0263007879257202,0.0320358872413635,0.0363984107971191,0.0386955142021179,0.0400288105010986,0.0413518548011779,0.0413929224014282,0.040556788444519,0.0385606884956359,0.0364481210708618,0.0354110598564147,0.0347986817359924,0.0341246128082275,0.032603919506073,0.0304280519485473,0.028899073600769,0.0278791785240173,0.0264627337455749,0.0238672494888305,0.0210528969764709,0.0188103914260864,0.0161630511283874,0.0130751132965087,0.0091722011566162,0.0056297779083251,0.0035754442214965,0.0027353763580322,0.0022138357162475,0.0016906857490539,0.001442551612854,0.0018503069877624,0.0014261603355407,0.0006272196769714,-0.0009260177612304,-0.0020177960395812,-0.0022871494293212,-0.0019249320030212,-0.0018063783645629,-0.0023190975189208,-0.0028620958328247,-0.0028782486915588,-0.0025511980056762,-0.002386450767517,0.0001082420349121,-7.027387619018555e-05,-0.0001795291900634,-0.000632107257843,-0.0010030269622802,-0.0016955137252807,-0.0014081597328186,-0.0008452534675598,-0.0001721382141113,-0.0002170205116271,-0.0004084110260009,7.957220077514648e-05,0.000542402267456,0.0004851222038269,-0.0004339218139648,-0.0010367631912231,-0.000148057937622,0.0005004405975341,0.0005052089691162,-0.0002335906028747,-0.0007683038711547,-0.0005735158920288,0.0001861453056335,0.0010955929756164,0.0006461143493652,0.0001656413078308,-0.0001502037048339,-0.0004838705062866,-0.0010784268379211,-0.0026323795318603,-0.0036771297454833,-0.0033246874809265,-0.0030164718627929,-0.0025321841239929,-0.0028825402259826,-0.002247154712677,-0.0012823939323425,-0.0006382465362548,-0.0010725259780883,-0.0022629499435424,-0.0027811527252197,-0.002513825893402,-0.0021734833717346,-0.002157986164093,-0.0029666423797607,-0.0034016370773315,-0.0038391947746276,-0.0040786266326904,-0.0043349266052246,-0.0039365291595458,-0.002076506614685,0.0008872747421264,0.0042697787284851,0.0079056620597839,0.0121841430664062,0.017273724079132,0.0230281949043273,0.0282362103462219,0.0328203439712524,0.0360477566719055,0.0387099385261535,0.0411144495010376,0.0424221754074096,0.0418192744255065,0.0400149822235107,0.038665771484375,0.0377030372619628,0.0368637442588806,0.0353854894638061,0.0339487791061401,0.0334676504135131,0.0324057340621948,0.0310409069061279,0.0289137959480285,0.0268335342407226
14,0.0,0.0,0.0,0.0,0.0,0.0,0.0,0.0,0.0,0.0,0.0,0.0,0.0,0.0,0.0,0.0,0.0,0.0,0.0,0.0,0.0,0.0,0.0,0.0,0.0,0.0,0.0,0.0,0.0,0.0,0.0,0.0,0.0,0.0,0.0,0.0,0.0,0.0,0.0,0.0,0.0,0.0,0.0,0.0,0.0,0.0,0.0,0.0,0.0,0.0,0.0,0.0,0.0,0.0,0.0,0.0,0.0,0.0,0.0,0.0,0.0,0.0,0.0,0.0,0.0,0.0,0.0,0.0,0.0,0.0,0.0,0.0,0.0,0.0,0.0,-0.0020544528961181,-0.0034743547439575,-0.0047399401664733,-0.0062007904052734,-0.0080893635749816,-0.0099539160728454,-0.0119196772575378,-0.0136184692382812,-0.0154492855072021,-0.017908751964569,-0.019797146320343,-0.0219227075576782,-0.0234825015068054,-0.0252432823181152,-0.0271015167236328,-0.0284727215766906,-0.0298596620559692,-0.0304761528968811,-0.0310572385787963,-0.0317445397377014,-0.0319844484329223,-0.0321703553199768,-0.0315924286842346,-0.0309640765190124,-0.0304027795791625,-0.0298086404800415,-0.0288725495338439,-0.0272530913352966,-0.0262738466262817,-0.0252909660339355,-0.0238983035087585,-0.0229110717773437,-0.0217092633247375,-0.020879328250885,-0.0203081965446472,-0.0198245644569396,-0.0195759534835815,-0.0190626382827758,-0.0191805958747863,-0.0194904804229736,-0.0200186967849731,-0.0208315253257751,-0.021320641040802,-0.0221590399742126,-0.0232341885566711,-0.0246342420578002,-0.0259419679641723,-0.0269164443016052,-0.0280866622924804,-0.0292516946792602,-0.0306553244590759,-0.031617522239685,-0.0321988463401794,-0.0329838991165161,-0.0335615277290344,-0.0340482592582702,-0.034206211566925,-0.0340974330902099,-0.0342929363250732,-0.0338267683982849,-0.0331329107284545,-0.032175064086914,-0.0311575531959533,-0.0302953124046325,-0.0288155674934387,-0.0276305079460144,-0.0260397791862487,-0.0245205163955688,-0.0232269763946533,-0.0215814709663391,-0.0202824473381042,-0.0185803174972534,-0.0171169638633728,-0.0159185528755188,-0.0143632888793945,0.0,0.0,0.0,0.0,0.0,0.0,0.0,0.0,0.0,0.0,0.0,0.0,0.0,0.0,0.0,0.0,0.0,0.0,0.0,0.0,0.0,0.0,0.0,0.0,0.0,0.0,0.0,0.0,0.0,0.0,0.0,0.0,0.0,0.0,0.0,0.0,0.0,0.0,0.0,0.0,0.0,0.0,0.0,0.0,0.0,0.0,0.0,0.0,0.0,0.0,0.0,0.0,0.0,0.0,0.0,0.0,0.0,0.0,0.0,0.0,0.0,0.0,0.0,0.0,0.0,0.0,0.0,0.0,0.0,0.0,0.0,0.0,0.0,0.0,0.0
15,-0.0032421946525573,-0.0084228515625,-0.0145515799522399,-0.0218992233276367,-0.0283913016319274,-0.0310375690460205,-0.0316351056098938,-0.0315462946891784,-0.0320565104484558,-0.0305154919624328,-0.0307174324989318,-0.0306342244148254,-0.0311015844345092,-0.0315595269203186,-0.0311065316200256,-0.0308200716972351,-0.0307272672653198,-0.031037151813507,-0.0317542552947998,-0.0318872928619384,-0.0320538282394409,-0.0322808623313903,-0.0319896340370178,-0.0312855243682861,-0.0318350195884704,-0.0338595509529113,-0.0341407060623168,-0.0315147042274475,-0.0300565361976623,-0.0305545926094055,-0.0315777659416198,-0.0333943963050842,-0.0331186652183532,-0.0310157537460327,-0.0300225019454956,-0.0299963951110839,-0.0269749164581298,-0.0216495394706726,-0.0115650296211242,0.0003256201744079,0.0133335590362548,0.0249578952789306,0.0298242568969726,0.0323236584663391,0.0323481559753418,0.0323968529701232,0.030003011226654,0.0299548506736755,0.0311400294303894,0.0333312153816223,0.0345321893692016,0.0340113639831543,0.0335175395011901,0.0339892506599426,0.0335314273834228,0.0335494875907897,0.0331065654754638,0.0328031182289123,0.0331500172615051,0.0327536463737487,0.031526505947113,0.0315764546394348,0.0330798625946044,0.0331696271896362,0.0311086177825927,0.0304380655288696,0.031024158000946,0.0311557054519653,0.0323553085327148,0.0326327085494995,0.0311525464057922,0.0299927592277526,0.030120849609375,0.0292751789093017,0.0277661085128784,0.0,0.0,0.0,0.0,0.0,0.0,0.0,0.0,0.0,0.0,0.0,0.0,0.0,0.0,0.0,0.0,0.0,0.0,0.0,0.0,0.0,0.0,0.0,0.0,0.0,0.0,0.0,0.0,0.0,0.0,0.0,0.0,0.0,0.0,0.0,0.0,0.0,0.0,0.0,0.0,0.0,0.0,0.0,0.0,0.0,0.0,0.0,0.0,0.0,0.0,0.0,0.0,0.0,0.0,0.0,0.0,0.0,0.0,0.0,0.0,0.0,0.0,0.0,0.0,0.0,0.0,0.0,0.0,0.0,0.0,0.0,0.0,0.0,0.0,0.0,0.0042250752449035,0.0093812942504882,0.0147715806961059,0.0219448804855346,0.02887624502182,0.0318552255630493,0.0322707295417785,0.0316575169563293,0.0321276187896728,0.030877947807312,0.0315321087837219,0.0312777161598205,0.0309669971466064,0.0316128730773925,0.0316382050514221,0.0316779613494873,0.0313049554824829,0.0310504436492919,0.0318630933761596,0.0325723886489868,0.0328102111816406,0.0327808260917663,0.0319862961769104,0.0313528776168823,0.0324928760528564,0.0350762009620666,0.0347612500190734,0.0316269397735595,0.0304722189903259,0.0314973592758178,0.0327534079551696,0.033969759941101,0.0332512855529785,0.0314130783081054,0.0309292674064636,0.0311365127563476,0.0276583433151245,0.0220345854759216,0.012134313583374,0.0006869435310363,-0.0121228694915771,-0.0243675708770751,-0.029433786869049,-0.0316705107688903,-0.0310885310173034,-0.0310590267181396,-0.0295137763023376,-0.029647409915924,-0.0302770137786865,-0.0319404006004333,-0.0331857800483703,-0.033478558063507,-0.0331088900566101,-0.0331732034683227,-0.032230257987976,-0.0323643088340759,-0.032649278640747,-0.032397449016571,-0.0323290824890136,-0.031379759311676,-0.0302530527114868,-0.0310041308403015,-0.0325718522071838,-0.0321578979492187,-0.0296840071678161,-0.0292428135871887,-0.0305569171905517,-0.030719518661499,-0.0313538312911987,-0.0311924219131469,-0.0298370718955993,-0.0294656753540039,-0.0295484662055969,-0.0281932353973388,-0.0264107584953308
16,0.0,0.0,0.0,0.0,0.0,0.0,0.0,0.0,0.0,0.0,0.0,0.0,0.0,0.0,0.0,0.0,0.0,0.0,0.0,0.0,0.0,0.0,0.0,0.0,0.0,0.0,0.0,0.0,0.0,0.0,0.0,0.0,0.0,0.0,0.0,0.0,0.0,0.0,0.0,0.0,0.0,0.0,0.0,0.0,0.0,0.0,0.0,0.0,0.0,0.0,0.0,0.0,0.0,0.0,0.0,0.0,0.0,0.0,0.0,0.0,0.0,0.0,0.0,0.0,0.0,0.0,0.0,0.0,0.0,0.0,0.0,0.0,0.0,0.0,0.0,0.0027869343757629,0.0035851001739501,0.0049707293510437,0.0059652924537658,0.0063949227333068,0.0077926516532897,0.0089631676673889,0.0107502341270446,0.0116196870803833,0.0127498507499694,0.0140483379364013,0.015604555606842,0.0179060101509094,0.0189496874809265,0.020151138305664,0.0223124623298645,0.0239723324775695,0.0260114073753356,0.0271328687667846,0.0282939076423645,0.0303258299827575,0.0314176678657531,0.033951997756958,0.0345737934112548,0.0359659194946289,0.0374748110771179,0.0388025045394897,0.0408551692962646,0.041155457496643,0.0419923067092895,0.043177306652069,0.0441520810127258,0.0455479025840759,0.045413851737976,0.0462044477462768,0.0467284321784973,0.0474141240119934,0.0484605431556701,0.0474972128868103,0.047809898853302,0.0475921630859375,0.0478705763816833,0.0477249026298522,0.0466940402984619,0.0462156534194946,0.0452993512153625,0.0450117588043212,0.0440164804458618,0.042459487915039,0.041293442249298,0.0402009487152099,0.0394621491432189,0.038289189338684,0.0359847545623779,0.0347674489021301,0.0330129265785217,0.0321872234344482,0.0298759341239929,0.0280225276947021,0.0269238948822021,0.0254979133605957,0.0242605805397033,0.0221920013427734,0.0203676223754882,0.0190635323524475,0.0175581574440002,0.0168094038963317,0.0145749449729919,0.0129852294921875,0.0118250250816345,0.0105689167976379,0.0098872184753417,0.0079478025436401,0.0067098140716552,0.0059205293655395,-0.0014621615409851,-0.0014190673828125,-0.0025237798690795,-0.0027302503585815,-0.0036436319351196,-0.0033828020095825,-0.0037877559661865,-0.0049613714218139,-0.0059536695480346,-0.0068413019180297,-0.0067431330680847,-0.0074685811996459,-0.0089517831802368,-0.0094815492630004,-0.0105175375938415,-0.0104383826255798,-0.0115227699279785,-0.012747049331665,-0.0134412050247192,-0.0148789286613464,-0.0144717693328857,-0.0161200761795043,-0.0170447826385498,-0.0178495645523071,-0.0186293721199035,-0.01833176612854,-0.0195623636245727,-0.0206512808799743,-0.0210623741149902,-0.0219502449035644,-0.0214825868606567,-0.0227411985397338,-0.0237502455711364,-0.0240578651428222,-0.0242610573768615,-0.0236692428588867,-0.0246782898902893,-0.025269329547882,-0.0253354907035827,-0.0252289175987243,-0.0244770646095275,-0.0250890254974365,-0.0249614715576171,-0.0251364111900329,-0.0244157910346984,-0.0234659314155578,-0.0239409804344177,-0.0235726833343505,-0.0232479572296142,-0.0221556425094604,-0.0211362242698669,-0.0212886929512023,-0.0204696655273437,-0.0197621583938598,-0.0183597207069396,-0.0171944499015808,-0.0176655054092407,-0.0166899561882019,-0.0158421993255615,-0.0145098567008972,-0.0130396485328674,-0.0131077766418457,-0.0125018954277038,-0.0118126273155212,-0.0098858475685119,-0.0093725323677062,-0.0095386505126953,-0.0085783004760742,-0.007859468460083,-0.0062410831451416,-0.0060967803001403,-0.0061212182044982,-0.0049904584884643,-0.0045292973518371,-0.0032299160957336
17,0.0317865014076232,0.0333487391471862,0.0314720869064331,0.0311877727508544,0.0326637029647827,0.0327050685882568,0.0333026647567749,0.0299762487411499,0.0262693762779235,0.0263075232505798,0.0305120944976806,0.0299534201622009,0.0309837460517883,0.0309480428695678,0.0319480299949646,0.0292467474937438,0.0286146402359008,0.0295274257659912,0.0277578234672546,0.0277333259582519,0.0287160277366638,0.0295134782791137,0.0288046002388,0.0292723178863525,0.0288406610488891,0.0279250741004943,0.0283387303352355,0.0279855728149414,0.0281788706779479,0.0304193496704101,0.0301985144615173,0.0287821292877197,0.0295339226722717,0.0349133610725402,0.0392719507217407,0.0241652727127075,-0.0072828531265258,-0.0309956669807434,-0.0363277196884155,-0.0314781665802001,-0.0333801507949829,-0.0333596467971801,-0.0327493548393249,-0.0356776714324951,-0.033594012260437,-0.027148425579071,-0.0258346199989318,-0.0317301154136657,-0.0317951440811157,-0.0329896807670593,-0.0333827137947082,-0.0336812138557434,-0.0317216515541076,-0.0307042002677917,-0.0296946167945861,-0.0263071656227111,-0.0256068706512451,-0.0284542441368103,-0.029327392578125,-0.0286773443222045,-0.0286666750907897,-0.028243064880371,-0.0265863537788391,-0.0269370079040527,-0.0272346138954162,-0.027772843837738,-0.0306322574615478,-0.0288338661193847,-0.0281506776809692,-0.028648018836975,-0.0317988991737365,-0.0336862802505493,-0.0288316011428833,-0.0102842450141906,0.0005044341087341,0.0161772966384887,0.0168407559394836,0.0158576369285583,0.0165827870368957,0.0166758298873901,0.0157470107078552,0.0160765051841735,0.0143921375274658,0.0123571157455444,0.0125815272331237,0.0153388977050781,0.0156170129776,0.0166196823120117,0.0160504579544067,0.0155569911003112,0.013167381286621,0.0132920145988464,0.0141521692276,0.0128272175788879,0.012593924999237,0.0134292840957641,0.0142876505851745,0.0143913030624389,0.0140395164489746,0.0128584504127502,0.0117899775505065,0.0129846334457397,0.0135849714279174,0.0132877826690673,0.0136681199073791,0.0131128430366516,0.0126697421073913,0.0130095481872558,0.0211172103881835,0.0238436460494995,0.0160653591156005,-0.0045815110206604,-0.0216087698936462,-0.0201212763786315,-0.017800748348236,-0.0193287730216979,-0.0182739496231079,-0.0171911120414733,-0.0191579461097717,-0.0170954465866088,-0.0116021037101745,-0.0124872922897338,-0.0173476338386535,-0.0173738598823547,-0.0184420943260192,-0.0183883309364318,-0.0174427032470703,-0.0157064795494079,-0.0148834586143493,-0.013619840145111,-0.0103538632392883,-0.0110726952552795,-0.0140763521194458,-0.014143168926239,-0.0136188864707946,-0.0127721428871154,-0.0119204521179199,-0.0106995105743408,-0.0120548009872436,-0.0127451419830322,-0.0126867294311523,-0.0137599110603332,-0.0129064321517944,-0.0130219459533691,-0.0144925117492675,-0.017194926738739,-0.0178881883621215,-0.0158814191818237,-0.0037149190902709,0.001868188381195,0.0467634797096252,0.0492872595787048,0.0474001765251159,0.0467310547828674,0.0461016297340393,0.0474979877471923,0.0502541661262512,0.0453813672065734,0.0393812656402587,0.040759265422821,0.0468333959579467,0.0453993678092956,0.0462065935134887,0.0450353026390075,0.0457563996315002,0.043094515800476,0.0444070100784301,0.0452834963798522,0.0416448712348938,0.0428179502487182,0.0445446968078613,0.045299232006073,0.0437270402908325,0.0433524250984191,0.0425683259963989,0.0426729321479797,0.0453400015830993,0.0434989333152771,0.0424414873123168,0.0452131628990173,0.046094536781311,0.0448681712150573,0.0485352277755737,0.0559634566307067,0.0529205799102783,0.0309577584266662,-0.0199182629585266,-0.0460695624351501,-0.0493288040161132,-0.0475675463676452,-0.0491569638252258,-0.0467357039451599,-0.0472735166549682,-0.05289888381958,-0.0466333627700805,-0.0384685397148132,-0.0425477027893066,-0.0487057566642761,-0.0473129153251647,-0.0481663346290588,-0.0481801629066467,-0.0478942990303039,-0.0464114546775817,-0.0459943413734436,-0.0439013242721557,-0.0394173860549926,-0.04257732629776,-0.0450172424316406,-0.0450249314308166,-0.0434085130691528,-0.0431914925575256,-0.0431150794029235,-0.0424902439117431,-0.0435403585433959,-0.042654812335968,-0.0426087975502014,-0.0468662977218627,-0.045180320739746,-0.0441200733184814,-0.0463613271713256,-0.0488600134849548,-0.0493651032447814,-0.041017472743988,-0.0131717324256896,-0.0028366446495056
18,-0.0090892910957336,-0.0109798908233642,-0.012928307056427,-0.0148929953575134,-0.0164433121681213,-0.0188769698143005,-0.0209996104240417,-0.0228611230850219,-0.0247968435287475,-0.0261270403861999,-0.0282989144325256,-0.0300092697143554,-0.0314860939979553,-0.0327181816101074,-0.0334542393684387,-0.0347583889961242,-0.0353716015815734,-0.0360944867134094,-0.0359107255935668,-0.0357125997543334,-0.0358714461326599,-0.0350998640060424,-0.0342755317687988,-0.0330089330673217,-0.031429648399353,-0.0301987528800964,-0.0281698703765869,-0.0261875391006469,-0.0235023498535156,-0.0209789872169494,-0.0186243057250976,-0.015562355518341,-0.0124781131744384,-0.0091287493705749,-0.0060335993766784,-0.0032641291618347,0.0002413988113403,0.0033105015754699,0.006974458694458,0.0100677609443664,0.0129979252815246,0.0161578059196472,0.0187908411026,0.0219088196754455,0.0241864323616027,0.026170790195465,0.0283287167549133,0.0300682187080383,0.0322490930557251,0.0330873131752014,0.0340153574943542,0.0348153710365295,0.035203993320465,0.0358631610870361,0.0356484055519104,0.0351600050926208,0.0347552895545959,0.0339617133140563,0.0332691669464111,0.0318381786346435,0.0302711725234985,0.0287172794342041,0.0272644758224487,0.0258988738059997,0.0236097574234008,0.0216189622879028,0.0197868943214416,0.0180857181549072,0.0165675282478332,0.0141747593879699,0.0123018026351928,0.0103960037231445,0.0090448856353759,0.0074908733367919,0.005567729473114,0.0,0.0,0.0,0.0,0.0,0.0,0.0,0.0,0.0,0.0,0.0,0.0,0.0,0.0,0.0,0.0,0.0,0.0,0.0,0.0,0.0,0.0,0.0,0.0,0.0,0.0,0.0,0.0,0.0,0.0,0.0,0.0,0.0,0.0,0.0,0.0,0.0,0.0,0.0,0.0,0.0,0.0,0.0,0.0,0.0,0.0,0.0,0.0,0.0,0.0,0.0,0.0,0.0,0.0,0.0,0.0,0.0,0.0,0.0,0.0,0.0,0.0,0.0,0.0,0.0,0.0,0.0,0.0,0.0,0.0,0.0,0.0,0.0,0.0,0.0,0.0,0.0,0.0,0.0,0.0,0.0,0.0,0.0,0.0,0.0,0.0,0.0,0.0,0.0,0.0,0.0,0.0,0.0,0.0,0.0,0.0,0.0,0.0,0.0,0.0,0.0,0.0,0.0,0.0,0.0,0.0,0.0,0.0,0.0,0.0,0.0,0.0,0.0,0.0,0.0,0.0,0.0,0.0,0.0,0.0,0.0,0.0,0.0,0.0,0.0,0.0,0.0,0.0,0.0,0.0,0.0,0.0,0.0,0.0,0.0,0.0,0.0,0.0,0.0,0.0,0.0,0.0,0.0,0.0,0.0,0.0,0.0,0.0,0.0,0.0
19,0.0,0.0,0.0,0.0,0.0,0.0,0.0,0.0,0.0,0.0,0.0,0.0,0.0,0.0,0.0,0.0,0.0,0.0,0.0,0.0,0.0,0.0,0.0,0.0,0.0,0.0,0.0,0.0,0.0,0.0,0.0,0.0,0.0,0.0,0.0,0.0,0.0,0.0,0.0,0.0,0.0,0.0,0.0,0.0,0.0,0.0,0.0,0.0,0.0,0.0,0.0,0.0,0.0,0.0,0.0,0.0,0.0,0.0,0.0,0.0,0.0,0.0,0.0,0.0,0.0,0.0,0.0,0.0,0.0,0.0,0.0,0.0,0.0,0.0,0.0,0.0,0.0,0.0,0.0,0.0,0.0,0.0,0.0,0.0,0.0,0.0,0.0,0.0,0.0,0.0,0.0,0.0,0.0,0.0,0.0,0.0,0.0,0.0,0.0,0.0,0.0,0.0,0.0,0.0,0.0,0.0,0.0,0.0,0.0,0.0,0.0,0.0,0.0,0.0,0.0,0.0,0.0,0.0,0.0,0.0,0.0,0.0,0.0,0.0,0.0,0.0,0.0,0.0,0.0,0.0,0.0,0.0,0.0,0.0,0.0,0.0,0.0,0.0,0.0,0.0,0.0,0.0,0.0,0.0,0.0,0.0,0.0,0.0,0.0,0.0,-0.0042930841445922,0.0004383921623229,0.0024764537811279,0.0077133178710937,0.0084902048110961,0.0011349916458129,0.0024794936180114,-0.009622037410736,-0.004926860332489,-0.0152505040168762,-0.0159127116203308,-0.0222041010856628,-0.0236415266990661,-0.0161341428756713,-0.0195586085319519,-0.0247073769569396,-0.0286305546760559,-0.0261234641075134,-0.0254740118980407,-0.0310627818107604,-0.0333659648895263,-0.0256567001342773,-0.0163949728012084,-0.0055926442146301,0.0002720355987548,0.0118675827980041,0.0184345245361328,0.029614508152008,0.0339173674583435,0.0327159762382507,0.0249900817871093,0.0198928117752075,0.0068433880805969,-0.010988712310791,-0.020219087600708,-0.0121499300003051,-0.0182608962059021,-0.014602243900299,-0.0171229243278503,-0.0149630904197692,-0.0117446780204772,-0.0029903054237365,-0.0041868686676025,-0.0017701387405395,-0.0082743763923645,-0.0076353549957275,-0.0171584486961364,-0.0028853416442871,-0.0014615058898925,0.006712257862091,0.0097934007644653,0.0236067175865173,0.0153838992118835,0.0078534483909606,0.0083271265029907,0.0142222642898559,-0.0073384046554565,-0.0019533634185791,0.0040450692176818,0.0262608528137207,0.0151825547218322,0.0286566615104675,0.0348895192146301,0.0284680128097534,0.0393288135528564,0.0353497266769409,0.0309975743293762,0.029848575592041,0.0147269368171691,0.007461667060852,-0.0049909949302673,-0.0009337067604064,-0.002164602279663,0.0099726915359497,0.0154352784156799
20,-0.0075036883354187,-0.0014302134513854,0.0069789886474609,0.0153130292892456,0.022639513015747,0.0256624221801757,0.0245801210403442,0.0196563601493835,0.0099288821220397,-0.0021860003471374,-0.0138036608695983,-0.0243510007858276,-0.0315954089164733,-0.0336612462997436,-0.0293968915939331,-0.0190620422363281,-0.0049571394920349,0.0103576779365539,0.0248997211456298,0.0367987751960754,0.0421627759933471,0.0407661199569702,0.0332534909248352,0.0197641253471374,0.0029875040054321,-0.013322114944458,-0.0277804732322692,-0.0375829935073852,-0.0408755540847778,-0.0371196269989013,-0.0272601842880249,-0.0132520794868469,0.0026763081550598,0.018299400806427,0.0313383340835571,0.038506805896759,0.0398999452590942,0.0356970429420471,0.0262658596038818,0.013776957988739,0.0003865957260131,-0.0122019052505493,-0.0225824117660522,-0.0288352966308593,-0.030245304107666,-0.0269888043403625,-0.0201894044876098,-0.0110787153244018,-0.0006002783775329,0.0101835131645202,0.01857191324234,0.0244483351707458,0.0266683101654052,0.0257753133773803,0.0219743847846984,0.0150351524353027,0.0068112015724182,-0.0019108057022094,-0.010124921798706,-0.0166734457015991,-0.0201367735862731,-0.0207750797271728,-0.0184876918792724,-0.0132113695144653,-0.0054938793182373,0.0019460320472717,0.0094699263572692,0.0154892802238464,0.0188713073730468,0.0196418762207031,0.017165184020996,0.0125304460525512,0.0060197114944458,-0.0006573796272277,-0.0066429376602172,0.0,0.0,0.0,0.0,0.0,0.0,0.0,0.0,0.0,0.0,0.0,0.0,0.0,0.0,0.0,0.0,0.0,0.0,0.0,0.0,0.0,0.0,0.0,0.0,0.0,0.0,0.0,0.0,0.0,0.0,0.0,0.0,0.0,0.0,0.0,0.0,0.0,0.0,0.0,0.0,0.0,0.0,0.0,0.0,0.0,0.0,0.0,0.0,0.0,0.0,0.0,0.0,0.0,0.0,0.0,0.0,0.0,0.0,0.0,0.0,0.0,0.0,0.0,0.0,0.0,0.0,0.0,0.0,0.0,0.0,0.0,0.0,0.0,0.0,0.0,0.0,0.0,0.0,0.0,0.0,0.0,0.0,0.0,0.0,0.0,0.0,0.0,0.0,0.0,0.0,0.0,0.0,0.0,0.0,0.0,0.0,0.0,0.0,0.0,0.0,0.0,0.0,0.0,0.0,0.0,0.0,0.0,0.0,0.0,0.0,0.0,0.0,0.0,0.0,0.0,0.0,0.0,0.0,0.0,0.0,0.0,0.0,0.0,0.0,0.0,0.0,0.0,0.0,0.0,0.0,0.0,0.0,0.0,0.0,0.0,0.0,0.0,0.0,0.0,0.0,0.0,0.0,0.0,0.0,0.0,0.0,0.0,0.0,0.0,0.0
6,0.0036608576774597,0.0052435994148254,0.0063433051109313,0.0072965025901794,0.0089913606643676,0.0107796192169189,0.0127676725387573,0.0145090222358703,0.0163249373435974,0.0185842514038085,0.0204054713249206,0.0225507616996765,0.0246143341064453,0.0265551209449768,0.0289228558540344,0.0304218530654907,0.0324596762657165,0.0340806245803833,0.0362125635147094,0.0380076766014099,0.0392946004867553,0.0407953262329101,0.0420143008232116,0.0436705946922302,0.0449703931808471,0.0457582473754882,0.0466809272766113,0.0469907522201538,0.0480309128761291,0.0486829280853271,0.048815369606018,0.0488127470016479,0.0483239889144897,0.0486835241317749,0.0485913157463073,0.0481036901473999,0.0474632382392883,0.0465764999389648,0.0461177825927734,0.0452533364295959,0.0442453026771545,0.043128490447998,0.0418308973312377,0.0406356453895568,0.0392392873764038,0.0373731255531311,0.0358665585517883,0.0341516733169555,0.0328284502029418,0.0309147834777832,0.0288873314857482,0.0269550085067749,0.0250388383865356,0.0235342979431152,0.0212053656578063,0.0191600322723388,0.0170438885688781,0.015194296836853,0.0138025879859924,0.0118282437324523,0.0102332234382629,0.0085495710372924,0.0069656372070312,0.0058925151824951,0.0045218467712402,0.0038756728172302,0.0028570294380187,0.0018134117126464,0.0011220574378967,0.0003449320793151,0.0002238750457763,-0.0002450346946716,-0.0005936026573181,-0.000747263431549,-0.0010990500450134,0.0,0.0,0.0,0.0,0.0,0.0,0.0,0.0,0.0,0.0,0.0,0.0,0.0,0.0,0.0,0.0,0.0,0.0,0.0,0.0,0.0,0.0,0.0,0.0,0.0,0.0,0.0,0.0,0.0,0.0,0.0,0.0,0.0,0.0,0.0,0.0,0.0,0.0,0.0,0.0,0.0,0.0,0.0,0.0,0.0,0.0,0.0,0.0,0.0,0.0,0.0,0.0,0.0,0.0,0.0,0.0,0.0,0.0,0.0,0.0,0.0,0.0,0.0,0.0,0.0,0.0,0.0,0.0,0.0,0.0,0.0,0.0,0.0,0.0,0.0,0.0,0.0,0.0,0.0,0.0,0.0,0.0,0.0,0.0,0.0,0.0,0.0,0.0,0.0,0.0,0.0,0.0,0.0,0.0,0.0,0.0,0.0,0.0,0.0,0.0,0.0,0.0,0.0,0.0,0.0,0.0,0.0,0.0,0.0,0.0,0.0,0.0,0.0,0.0,0.0,0.0,0.0,0.0,0.0,0.0,0.0,0.0,0.0,0.0,0.0,0.0,0.0,0.0,0.0,0.0,0.0,0.0,0.0,0.0,0.0,0.0,0.0,0.0,0.0,0.0,0.0,0.0,0.0,0.0,0.0,0.0,0.0,0.0,0.0,0.0
7,0.0,0.0,0.0,0.0,0.0,0.0,0.0,0.0,0.0,0.0,0.0,0.0,0.0,0.0,0.0,0.0,0.0,0.0,0.0,0.0,0.0,0.0,0.0,0.0,0.0,0.0,0.0,0.0,0.0,0.0,0.0,0.0,0.0,0.0,0.0,0.0,0.0,0.0,0.0,0.0,0.0,0.0,0.0,0.0,0.0,0.0,0.0,0.0,0.0,0.0,0.0,0.0,0.0,0.0,0.0,0.0,0.0,0.0,0.0,0.0,0.0,0.0,0.0,0.0,0.0,0.0,0.0,0.0,0.0,0.0,0.0,0.0,0.0,0.0,0.0,-0.0207839012145996,-0.0238052606582641,-0.0277608036994934,-0.0306991934776306,-0.0329768657684326,-0.0345631837844848,-0.0353797078132629,-0.0360002517700195,-0.0358893871307373,-0.0352720618247985,-0.0340228676795959,-0.0329553484916687,-0.0322989225387573,-0.031168520450592,-0.0297151803970336,-0.0278321504592895,-0.0262473225593566,-0.0251485705375671,-0.0240651965141296,-0.0230437517166137,-0.02176433801651,-0.0209566354751586,-0.0202698111534118,-0.0189490914344787,-0.0177130699157714,-0.0162721276283264,-0.0153001546859741,-0.014017641544342,-0.0126095414161682,-0.0112625360488891,-0.009867787361145,-0.0089139938354492,-0.0077854394912719,-0.0067358016967773,-0.0055249333381652,-0.00416100025177,-0.003217339515686,-0.0023783445358276,-0.0010766386985778,0.0001845359802246,0.0015994310379028,0.0027145147323608,0.0040427446365356,0.0054719448089599,0.0069969892501831,0.0086052417755126,0.0096701383590698,0.0110583901405334,0.0122643113136291,0.013655662536621,0.0147662758827209,0.0156276226043701,0.0166078209877014,0.0177524089813232,0.0191275477409362,0.0202906131744384,0.0212196111679077,0.0225133895874023,0.0242488980293273,0.0258828997611999,0.0274980664253234,0.0290516018867492,0.0306649804115295,0.032471477985382,0.0340285301208496,0.0353820919990539,0.0358040928840637,0.0363343358039855,0.036342442035675,0.0359348654747009,0.0350459814071655,0.0328726172447204,0.0303737521171569,0.0276578664779663,0.0248374342918396,0.0,0.0,0.0,0.0,0.0,0.0,0.0,0.0,0.0,0.0,0.0,0.0,0.0,0.0,0.0,0.0,0.0,0.0,0.0,0.0,0.0,0.0,0.0,0.0,0.0,0.0,0.0,0.0,0.0,0.0,0.0,0.0,0.0,0.0,0.0,0.0,0.0,0.0,0.0,0.0,0.0,0.0,0.0,0.0,0.0,0.0,0.0,0.0,0.0,0.0,0.0,0.0,0.0,0.0,0.0,0.0,0.0,0.0,0.0,0.0,0.0,0.0,0.0,0.0,0.0,0.0,0.0,0.0,0.0,0.0,0.0,0.0,0.0,0.0,0.0
8,0.0,0.0,0.0,0.0,0.0,0.0,0.0,0.0,0.0,0.0,0.0,0.0,0.0,0.0,0.0,0.0,0.0,0.0,0.0,0.0,0.0,0.0,0.0,0.0,0.0,0.0,0.0,0.0,0.0,0.0,0.0,0.0,0.0,0.0,0.0,0.0,0.0,0.0,0.0,0.0,0.0,0.0,0.0,0.0,0.0,0.0,0.0,0.0,0.0,0.0,0.0,0.0,0.0,0.0,0.0,0.0,0.0,0.0,0.0,0.0,0.0,0.0,0.0,0.0,0.0,0.0,0.0,0.0,0.0,0.0,0.0,0.0,0.0,0.0,0.0,0.0,0.0,0.0,0.0,0.0,0.0,0.0,0.0,0.0,0.0,0.0,0.0,0.0,0.0,0.0,0.0,0.0,0.0,0.0,0.0,0.0,0.0,0.0,0.0,0.0,0.0,0.0,0.0,0.0,0.0,0.0,0.0,0.0,0.0,0.0,0.0,0.0,0.0,0.0,0.0,0.0,0.0,0.0,0.0,0.0,0.0,0.0,0.0,0.0,0.0,0.0,0.0,0.0,0.0,0.0,0.0,0.0,0.0,0.0,0.0,0.0,0.0,0.0,0.0,0.0,0.0,0.0,0.0,0.0,0.0,0.0,0.0,0.0,0.0,0.0,-0.0089276432991027,-0.0168978571891784,-0.0262453556060791,-0.0332087278366088,-0.0366531014442443,-0.0368778109550476,-0.0351229310035705,-0.0327747464179992,-0.0308684706687927,-0.0281579494476318,-0.024828553199768,-0.0214468836784362,-0.0183246731758117,-0.0161561369895935,-0.0139266848564147,-0.0111882090568542,-0.0081520676612854,-0.0058166980743408,-0.0041822791099548,-0.0021466016769409,0.0005388855934143,0.0037034749984741,0.0066206455230712,0.0092912912368774,0.0116901993751525,0.0139129757881164,0.0164008736610412,0.0188090801239013,0.0212485790252685,0.0233617424964904,0.0255398154258728,0.0276943445205688,0.0301310420036315,0.0323662161827087,0.034588873386383,0.0364391207695007,0.0359073877334594,0.02979177236557,0.0184549093246459,0.0041307210922241,-0.0091530680656433,-0.0188798308372497,-0.0248283147811889,-0.0264852643013,-0.0262235403060913,-0.0254750251770019,-0.0242266654968261,-0.0217290520668029,-0.0182820558547973,-0.0152857303619384,-0.0134044289588928,-0.0121064782142639,-0.0107496380805969,-0.0089156627655029,-0.0070506930351257,-0.0054805874824523,-0.0038468241691589,-0.0015000700950622,0.0006591081619262,0.0030881762504577,0.0049244761466979,0.0064460635185241,0.0080929994583129,0.0100306272506713,0.0122353434562683,0.0146444439888,0.0164965987205505,0.0179793238639831,0.0194773077964782,0.0212507247924804,0.0235257744789123,0.0257651209831237,0.027846336364746,0.0291712880134582,0.0285092592239379
9,0.0,0.0,0.0,0.0,0.0,0.0,0.0,0.0,0.0,0.0,0.0,0.0,0.0,0.0,0.0,0.0,0.0,0.0,0.0,0.0,0.0,0.0,0.0,0.0,0.0,0.0,0.0,0.0,0.0,0.0,0.0,0.0,0.0,0.0,0.0,0.0,0.0,0.0,0.0,0.0,0.0,0.0,0.0,0.0,0.0,0.0,0.0,0.0,0.0,0.0,0.0,0.0,0.0,0.0,0.0,0.0,0.0,0.0,0.0,0.0,0.0,0.0,0.0,0.0,0.0,0.0,0.0,0.0,0.0,0.0,0.0,0.0,0.0,0.0,0.0,-0.0231916904449462,-0.0304558873176574,-0.0372849106788635,-0.0388458371162414,-0.0398659110069274,-0.0396233797073364,-0.0388359427452087,-0.0370681285858154,-0.0364283323287963,-0.0366352200508117,-0.0373529195785522,-0.0367324948310852,-0.0355043411254882,-0.0341904163360595,-0.0326054096221923,-0.0312203168869018,-0.0297645330429077,-0.02857506275177,-0.0277039408683776,-0.026516854763031,-0.0254949927330017,-0.0241009593009948,-0.0228422880172729,-0.0216701626777648,-0.0207350850105285,-0.0198445320129394,-0.0189002752304077,-0.0175660848617553,-0.0163100957870483,-0.0148284435272216,-0.0133326053619384,-0.0118951201438903,-0.0104403495788574,-0.0085989832878112,-0.0069485306739807,-0.0057764053344726,-0.0046871304512023,-0.0033944845199584,-0.0016781091690063,-0.0005072355270385,0.0004974603652954,0.0017244219779968,0.0031390786170959,0.0051453113555908,0.0068452954292297,0.0084735751152038,0.0098870396614074,0.0110039710998535,0.0123119354248046,0.0133033990859985,0.0144415497779846,0.0159958600997924,0.0176819562911987,0.0196099281311035,0.02146977186203,0.0232446193695068,0.0248236656188964,0.0262443423271179,0.0279546380043029,0.0290152430534362,0.0302320122718811,0.0318307876586914,0.0338451266288757,0.0356634855270385,0.036634087562561,0.0375927686691284,0.0381022691726684,0.038101851940155,0.0392471551895141,0.0401546955108642,0.0402051210403442,0.0399187803268432,0.0394808053970336,0.0346484780311584,0.0289347767829895,-0.0228366255760192,-0.0307563543319702,-0.0357338786125183,-0.0376372933387756,-0.0392743349075317,-0.0389248728752136,-0.0380525588989257,-0.0360375642776489,-0.0356321930885314,-0.0363543629646301,-0.0366588830947876,-0.0357715487480163,-0.0345056653022766,-0.0336964726448059,-0.0321133732795715,-0.030583918094635,-0.0292854309082031,-0.0280381441116333,-0.0273399353027343,-0.026120126247406,-0.0249708890914917,-0.0234982371330261,-0.0222790241241455,-0.0214912891387939,-0.0202816724777221,-0.019333004951477,-0.0181744694709777,-0.0169660449028015,-0.016226053237915,-0.0146687030792236,-0.0130995512008667,-0.0115354061126708,-0.0096786618232727,-0.0083897709846496,-0.0069217085838317,-0.0055405497550964,-0.0037936568260192,-0.0023158192634582,-0.0013037919998168,-0.0004147887229919,0.0008656978607177,0.0023249387741088,0.0038127303123474,0.0053456425666809,0.0073356628417968,0.0090062618255615,0.0105689167976379,0.0117726325988769,0.0127265453338623,0.013735294342041,0.0149755477905273,0.0168744921684265,0.0186148285865783,0.0200484991073608,0.0218783617019653,0.0240439176559448,0.0256212949752807,0.0270764231681823,0.0282040238380432,0.0294435620307922,0.0309234261512756,0.033154010772705,0.0347287058830261,0.0360867977142334,0.036971092224121,0.0381653308868408,0.0387013554573059,0.0389293432235717,0.0395112037658691,0.0408337116241455,0.0413215160369873,0.041821002960205,0.0399396419525146,0.0347808003425598,0.0289633274078369
10,0.0,0.0,0.0,0.0,0.0,0.0,0.0,0.0,0.0,0.0,0.0,0.0,0.0,0.0,0.0,0.0,0.0,0.0,0.0,0.0,0.0,0.0,0.0,0.0,0.0,0.0,0.0,0.0,0.0,0.0,0.0,0.0,0.0,0.0,0.0,0.0,0.0,0.0,0.0,0.0,0.0,0.0,0.0,0.0,0.0,0.0,0.0,0.0,0.0,0.0,0.0,0.0,0.0,0.0,0.0,0.0,0.0,0.0,0.0,0.0,0.0,0.0,0.0,0.0,0.0,0.0,0.0,0.0,0.0,0.0,0.0,0.0,0.0,0.0,0.0,-0.0224843025207519,-0.025688886642456,-0.0285545587539672,-0.0305902361869812,-0.0315542817115783,-0.0325804948806762,-0.0326716899871826,-0.0324634313583374,-0.0319552421569824,-0.0315883159637451,-0.0307219624519348,-0.029450237751007,-0.0284144282341003,-0.0280941128730773,-0.027514636516571,-0.0270004868507385,-0.0257512927055358,-0.0247384905815124,-0.0238279104232788,-0.0225298404693603,-0.0215104222297668,-0.0199391245841979,-0.0189113616943359,-0.0178323984146118,-0.0167751908302307,-0.0156883001327514,-0.014037013053894,-0.0128314495086669,-0.0120981931686401,-0.0112016201019287,-0.0102245211601257,-0.0090808272361755,-0.0081950426101684,-0.0073121786117553,-0.0064831972122192,-0.0058816075325012,-0.0044971108436584,-0.003235638141632,-0.00230473279953,-0.0014196038246154,-1.8894672393798828e-05,0.0020367503166198,0.0031175017356872,0.0041607618331909,0.0053372383117675,0.0069419145584106,0.0085477828979492,0.0094823837280273,0.0104445815086364,0.0115471482276916,0.0131659507751464,0.0150113701820373,0.0159847140312194,0.0173746943473815,0.0186778903007507,0.020401656627655,0.0221554636955261,0.0233420133590698,0.024580180644989,0.0251908898353576,0.026333212852478,0.0276908874511718,0.0289686322212219,0.0298947691917419,0.030548095703125,0.0316576361656188,0.0326621532440185,0.0328876376152038,0.032607078552246,0.0325747728347778,0.032092273235321,0.0310741066932678,0.0290628671646118,0.0257311463356018,0.0224242210388183,0.0066699981689453,0.0079983472824096,0.00967538356781,0.011890172958374,0.0147164463996887,0.0180019736289978,0.0207165479660034,0.0236849188804626,0.0265816450119018,0.029883325099945,0.0331328511238098,0.0352839231491088,0.0372796654701232,0.0387336015701293,0.0406044125556945,0.0421612858772277,0.0426607131958007,0.0429697632789611,0.0431500673294067,0.0435469150543212,0.0435789823532104,0.0424166917800903,0.041506290435791,0.0400758385658264,0.0389178991317749,0.0372703671455383,0.034953773021698,0.0326769948005676,0.0299493670463562,0.0277122259140014,0.0247999429702758,0.0213592052459716,0.0180079340934753,0.0144492983818054,0.0112456083297729,0.0078582763671875,0.0042554140090942,0.000529408454895,-0.0032774209976196,-0.0060926675796508,-0.0094250440597534,-0.0130692720413208,-0.01650071144104,-0.019645869731903,-0.0219025015830993,-0.024866759777069,-0.0279064774513244,-0.030525267124176,-0.0327910184860229,-0.0342748761177063,-0.0363349914550781,-0.0381896495819091,-0.0398184061050415,-0.0406396985054016,-0.0409528017044067,-0.0417860746383667,-0.0419825911521911,-0.0420785546302795,-0.0413704514503479,-0.0400333404541015,-0.0393581986427307,-0.0379459261894226,-0.0364248752593994,-0.0345688462257385,-0.0322582125663757,-0.0304352641105651,-0.0281582474708557,-0.0261597633361816,-0.0234383940696716,-0.0199261903762817,-0.0170421600341796,-0.0144024491310119,-0.0120645761489868,-0.0092365741729736,-0.0066761970520019
31,0.0,0.0,0.0,0.0,0.0,0.0,0.0,0.0,0.0,0.0,0.0,0.0,0.0,0.0,0.0,0.0,0.0,0.0,0.0,0.0,0.0,0.0,0.0,0.0,0.0,0.0,0.0,0.0,0.0,0.0,0.0,0.0,0.0,0.0,0.0,0.0,0.0,0.0,0.0,0.0,0.0,0.0,0.0,0.0,0.0,0.0,0.0,0.0,0.0,0.0,0.0,0.0,0.0,0.0,0.0,0.0,0.0,0.0,0.0,0.0,0.0,0.0,0.0,0.0,0.0,0.0,0.0,0.0,0.0,0.0,0.0,0.0,0.0,0.0,0.0,0.0,0.0,0.0,0.0,0.0,0.0,0.0,0.0,0.0,0.0,0.0,0.0,0.0,0.0,0.0,0.0,0.0,0.0,0.0,0.0,0.0,0.0,0.0,0.0,0.0,0.0,0.0,0.0,0.0,0.0,0.0,0.0,0.0,0.0,0.0,0.0,0.0,0.0,0.0,0.0,0.0,0.0,0.0,0.0,0.0,0.0,0.0,0.0,0.0,0.0,0.0,0.0,0.0,0.0,0.0,0.0,0.0,0.0,0.0,0.0,0.0,0.0,0.0,0.0,0.0,0.0,0.0,0.0,0.0,0.0,0.0,0.0,0.0,0.0,0.0,0.0,0.0,0.0,0.0,0.0,0.0,0.0,0.0,0.0,0.0,0.0,0.0,0.0,0.0,0.0,0.0,0.0,0.0,0.0,0.0,0.0,0.0,0.0,0.0,0.0,0.0,0.0,0.0,0.0,0.0,0.0,0.0,0.0,0.0,0.0,0.0,0.0,0.0,0.0,0.0,0.0,0.0,0.0,0.0,0.0,0.0,0.0,0.0,0.0,0.0,0.0,0.0,0.0,0.0,0.0,0.0,0.0,0.0,0.0,0.0,0.0,0.0,0.0,0.0,0.0,0.0,0.0,0.0,0.0,0.0,0.0,0.0,0.0,0.0,0.0
32,0.0,0.0,0.0,0.0,0.0,0.0,0.0,0.0,0.0,0.0,0.0,0.0,0.0,0.0,0.0,0.0,0.0,0.0,0.0,0.0,0.0,0.0,0.0,0.0,0.0,0.0,0.0,0.0,0.0,0.0,0.0,0.0,0.0,0.0,0.0,0.0,0.0,0.0,0.0,0.0,0.0,0.0,0.0,0.0,0.0,0.0,0.0,0.0,0.0,0.0,0.0,0.0,0.0,0.0,0.0,0.0,0.0,0.0,0.0,0.0,0.0,0.0,0.0,0.0,0.0,0.0,0.0,0.0,0.0,0.0,0.0,0.0,0.0,0.0,0.0,0.014613926410675,0.0219794511795043,0.0289546251296997,0.0326935052871704,0.0323390960693359,0.032256007194519,0.0339677929878234,0.0334903597831726,0.0322747230529785,0.0310308337211608,0.0309440493583679,0.0315661430358886,0.0319425463676452,0.0311168432235717,0.0311130881309509,0.0313561558723449,0.0320690274238586,0.0328474044799804,0.0335520505905151,0.0337686538696289,0.0332065224647522,0.0337297320365905,0.0338910222053527,0.0339575409889221,0.0327894687652587,0.0320332050323486,0.0325040221214294,0.0330455303192138,0.034453809261322,0.0355792045593261,0.0369194149971008,0.0345456004142761,0.0306358337402343,0.0319947600364685,0.032281219959259,0.0272145271301269,0.0166607499122619,0.0024416446685791,-0.0115898251533508,-0.0246236324310302,-0.0318624973297119,-0.031695544719696,-0.0305003523826599,-0.0338507890701293,-0.0340348482131958,-0.0324921011924743,-0.0304931998252868,-0.0300429463386535,-0.0303000211715698,-0.0304583311080932,-0.0299896001815795,-0.030353844165802,-0.0307450294494628,-0.031197190284729,-0.0318681001663208,-0.0327168107032775,-0.033206820487976,-0.0325443148612976,-0.033252477645874,-0.0334007143974304,-0.0325968265533447,-0.0308616757392883,-0.0298014879226684,-0.0303096175193786,-0.0321381092071533,-0.0347498059272766,-0.0370764732360839,-0.0373201966285705,-0.0334681868553161,-0.0301218628883361,-0.0305510759353637,-0.0300276279449462,-0.0274105668067932,-0.0231573581695556,-0.0164272189140319,-0.0141937732696533,-0.0213068127632141,-0.0282908678054809,-0.0319193601608276,-0.0312567949295043,-0.0305639505386352,-0.0323118567466735,-0.0322105884552001,-0.0312384963035583,-0.0301570296287536,-0.0295711159706115,-0.0288809537887573,-0.0290062427520751,-0.0285657048225402,-0.0284684896469116,-0.0288895964622497,-0.0292577743530273,-0.0295154452323913,-0.0295406579971313,-0.0294508934020996,-0.0289263129234313,-0.0286518931388854,-0.0281679630279541,-0.0272307395935058,-0.0255059003829956,-0.0244067311286926,-0.0241568088531494,-0.0246927142143249,-0.0248578786849975,-0.0242199301719665,-0.0214886665344238,-0.019384741783142,-0.0159339904785156,-0.0104560852050781,-0.007777452468872,-0.0063220262527465,-0.0049617290496826,-0.002114713191986,0.0024679899215698,0.0065667629241943,0.0096116065979003,0.0118986368179321,0.0145201683044433,0.0168471932411193,0.0192605257034301,0.021376609802246,0.0225735902786254,0.0241495966911315,0.0262578725814819,0.0277386307716369,0.0283964872360229,0.0288618206977844,0.029504656791687,0.0305222868919372,0.0312880873680114,0.0315881371498107,0.0320152044296264,0.032017171382904,0.0320202112197876,0.0324266552925109,0.0323721766471862,0.0317107439041137,0.0315236449241638,0.0317875742912292,0.0325082540512084,0.033162236213684,0.033543050289154,0.033706784248352,0.0336436033248901,0.0318332910537719,0.0287933349609375,0.0304409861564636,0.0311496257781982,0.0288170576095581,0.0228632688522338
33,-0.015984296798706,-0.0231536030769348,-0.0272020101547241,-0.0287851095199584,-0.0283766984939575,-0.0276111364364624,-0.0275044441223144,-0.0264875292778015,-0.0261979699134826,-0.0258904099464416,-0.0257642865180969,-0.0250068306922912,-0.0243324041366577,-0.0228602886199951,-0.0210782885551452,-0.0197101235389709,-0.0188038945198059,-0.0184234380722045,-0.0182144045829772,-0.0176291465759277,-0.0169019699096679,-0.0160563588142395,-0.0153112411499023,-0.0144254565238952,-0.0137392878532409,-0.0125332474708557,-0.0116499662399292,-0.0110319852828979,-0.0100147724151611,-0.0089640021324157,-0.0082008242607116,-0.0070931315422058,-0.005776822566986,-0.0047512054443359,-0.0044398307800292,-0.0039309859275817,-0.003673493862152,-0.003840148448944,-0.0016072392463684,0.0011717677116394,0.0025960206985473,0.0030221343040466,0.0032895803451538,0.0039305090904235,0.0050777196884155,0.0063104629516601,0.0067655444145202,0.0074160695075988,0.0082451105117797,0.0094169974327087,0.0107119679450988,0.0116976499557495,0.0121450424194335,0.0126633644104003,0.0136966705322265,0.0151319503784179,0.0160436034202575,0.0167812705039978,0.0176414847373962,0.0185497999191284,0.0192546248435974,0.0201296806335449,0.0210697650909423,0.022048532962799,0.0230060219764709,0.0240671038627624,0.0252342820167541,0.0260201096534729,0.0267964005470275,0.0271723270416259,0.0278407931327819,0.0296360254287719,0.0308590531349182,0.0303815603256225,0.0257111191749572,0.0138273835182189,0.0222925543785095,0.0283986926078796,0.0307068228721618,0.0314565300941467,0.0312819480895996,0.0318081974983215,0.0315424799919128,0.0318905711174011,0.0331671237945556,0.0335254073143005,0.0331519842147827,0.0332148075103759,0.033598780632019,0.0325639843940734,0.0311434268951416,0.0309547185897827,0.0316762328147888,0.0320700407028198,0.0317543745040893,0.0319507122039794,0.031959593296051,0.0317438840866088,0.0317836999893188,0.0317330360412597,0.0320607423782348,0.032222032546997,0.0325850248336792,0.0334197282791137,0.0326002240180969,0.0318334698677063,0.0315799713134765,0.0320916771888732,0.0337138772010803,0.0326378345489501,0.0277592539787292,0.016251266002655,-0.0020285248756408,-0.0171921253204345,-0.0270435214042663,-0.0312278866767883,-0.0321668982505798,-0.0312805771827697,-0.0317206978797912,-0.0319231152534484,-0.0335137248039245,-0.0349205732345581,-0.0353254675865173,-0.0351211428642272,-0.035430371761322,-0.0354892611503601,-0.0338563323020935,-0.0319123268127441,-0.0307697653770446,-0.0314241647720336,-0.032558262348175,-0.0332421660423278,-0.0336314439773559,-0.0332247614860534,-0.0328605771064758,-0.0328493118286132,-0.0331907272338867,-0.0331247448921203,-0.0332309603691101,-0.0335060954093933,-0.0337103605270385,-0.0331140160560607,-0.0328118205070495,-0.0328226089477539,-0.0329233407974243,-0.0330781936645507,-0.0323769450187683,-0.0307521820068359,-0.0257899165153503,-0.0170952677726745,-0.0159710049629211,-0.0229592323303222,-0.028021216392517,-0.030721366405487,-0.0313972234725952,-0.0312034487724304,-0.0317302346229553,-0.031724989414215,-0.0323403477668762,-0.0330077409744262,-0.0335842370986938,-0.0335944890975952,-0.0336998105049133,-0.0332652330398559,-0.0326316356658935,-0.031963050365448,-0.0313561558723449,-0.0315995812416076,-0.0324099659919738,-0.0325158834457397,-0.0320382714271545,-0.0315271615982055,-0.0311601161956787,-0.0309756398200988,-0.0303142666816711,-0.0289256572723388,-0.028248906135559,-0.0274093747138977,-0.0258967876434326,-0.0244814157485961,-0.022789180278778,-0.0205826759338378,-0.0183362364768981,-0.016144573688507,-0.0136704444885253,-0.0110068917274475,-0.0096162557601928,-0.0070915222167968,-0.0016922354698181,0.0031672120094299,0.0072356462478637,0.0094913244247436,0.0115736722946167,0.0138056278228759,0.0167575478553771,0.0197615027427673,0.0213832855224609,0.0227378606796264,0.0240778923034667,0.0257776975631713,0.0275447964668273,0.028638482093811,0.0289183855056762,0.0291774272918701,0.0301290154457092,0.0313758254051208,0.031595230102539,0.0316663980484008,0.0319548845291137,0.0323160886764526,0.0325289368629455,0.0327059030532836,0.0328273773193359,0.0329827666282653,0.0331111550331115,0.0337463021278381,0.0341833233833313,0.033649742603302,0.0333834290504455,0.0334271192550659,0.0335718989372253,0.0341240167617797,0.034045934677124,0.0326513648033142,0.026276409626007
34,0.0121437311172485,0.0211500525474548,0.0295130610466003,0.0330041646957397,0.0344877839088439,0.0340597629547119,0.0319554805755615,0.0285046100616455,0.0255963206291198,0.025094449520111,0.0251492857933044,0.0264621376991271,0.0263689160346984,0.0265945196151733,0.0278483629226684,0.0291115045547485,0.0306644439697265,0.0320146679878234,0.0333094596862793,0.0345317721366882,0.0363598465919494,0.0383026599884033,0.0392020940780639,0.0400906801223754,0.040981113910675,0.0415402054786682,0.0414725542068481,0.0401794910430908,0.0390958189964294,0.039827287197113,0.0416030287742614,0.0434083938598632,0.0435373187065124,0.0437356829643249,0.0445702075958251,0.0454989075660705,0.0460289716720581,0.045332908630371,0.0448107123374938,0.0447511076927185,0.0448832511901855,0.0458625555038452,0.04581880569458,0.0462300181388855,0.0471555590629577,0.0476146340370178,0.0481225848197937,0.0478221774101257,0.0478063225746154,0.0490434169769287,0.049189805984497,0.0492689609527587,0.0487836003303527,0.0488879680633544,0.0497851371765136,0.0517215132713317,0.0530674457550048,0.0529558062553405,0.0539880394935607,0.0548952221870422,0.0551775097846984,0.0558503866195678,0.056023359298706,0.0554340481758117,0.0551913976669311,0.0560088753700256,0.0570428967475891,0.0554854273796081,0.0542455911636352,0.0525722503662109,0.0528185963630676,0.0516030192375183,0.0452309846878051,0.0394840240478515,0.0331876873970031,0.0,0.0,0.0,0.0,0.0,0.0,0.0,0.0,0.0,0.0,0.0,0.0,0.0,0.0,0.0,0.0,0.0,0.0,0.0,0.0,0.0,0.0,0.0,0.0,0.0,0.0,0.0,0.0,0.0,0.0,0.0,0.0,0.0,0.0,0.0,0.0,0.0,0.0,0.0,0.0,0.0,0.0,0.0,0.0,0.0,0.0,0.0,0.0,0.0,0.0,0.0,0.0,0.0,0.0,0.0,0.0,0.0,0.0,0.0,0.0,0.0,0.0,0.0,0.0,0.0,0.0,0.0,0.0,0.0,0.0,0.0,0.0,0.0,0.0,0.0,0.0,0.0,0.0,0.0,0.0,0.0,0.0,0.0,0.0,0.0,0.0,0.0,0.0,0.0,0.0,0.0,0.0,0.0,0.0,0.0,0.0,0.0,0.0,0.0,0.0,0.0,0.0,0.0,0.0,0.0,0.0,0.0,0.0,0.0,0.0,0.0,0.0,0.0,0.0,0.0,0.0,0.0,0.0,0.0,0.0,0.0,0.0,0.0,0.0,0.0,0.0,0.0,0.0,0.0,0.0,0.0,0.0,0.0,0.0,0.0,0.0,0.0,0.0,0.0,0.0,0.0,0.0,0.0,0.0,0.0,0.0,0.0,0.0,0.0,0.0
35,0.0,0.0,0.0,0.0,0.0,0.0,0.0,0.0,0.0,0.0,0.0,0.0,0.0,0.0,0.0,0.0,0.0,0.0,0.0,0.0,0.0,0.0,0.0,0.0,0.0,0.0,0.0,0.0,0.0,0.0,0.0,0.0,0.0,0.0,0.0,0.0,0.0,0.0,0.0,0.0,0.0,0.0,0.0,0.0,0.0,0.0,0.0,0.0,0.0,0.0,0.0,0.0,0.0,0.0,0.0,0.0,0.0,0.0,0.0,0.0,0.0,0.0,0.0,0.0,0.0,0.0,0.0,0.0,0.0,0.0,0.0,0.0,0.0,0.0,0.0,0.0157570838928222,0.0196998119354248,0.0216094255447387,0.0227575898170471,0.0234181284904479,0.0235440135002136,0.0241327881813049,0.0238664150238037,0.0240645408630371,0.0243738293647766,0.0252023935317993,0.0260287523269653,0.0262884497642517,0.0263166427612304,0.0264940857887268,0.0266273021697998,0.0267524123191833,0.0268261432647705,0.0272959470748901,0.0276018381118774,0.0278568863868713,0.0281869769096374,0.0282087922096252,0.0285246968269348,0.0287172198295593,0.0289075374603271,0.0292289853096008,0.0292420983314514,0.0292422175407409,0.0293076634407043,0.0294777154922485,0.0297164320945739,0.029956579208374,0.0302191376686096,0.0303676724433898,0.0305531620979309,0.0306281447410583,0.0303646922111511,0.0303766131401062,0.03045254945755,0.0308948755264282,0.0311841964721679,0.0311288833618164,0.0314227938652038,0.0315696001052856,0.0320428013801574,0.031902015209198,0.0317046642303466,0.0319252014160156,0.0320571660995483,0.0320825576782226,0.0320308208465576,0.0319611430168151,0.0320320725440979,0.0318971872329711,0.0327460169792175,0.0336027741432189,0.0338053107261657,0.0336295366287231,0.0336624383926391,0.0338815450668334,0.0342435240745544,0.0347934365272522,0.034778892993927,0.0344126224517822,0.0338995456695556,0.0326928496360778,0.0314207077026367,0.0319399833679199,0.0341215729713439,0.0374231934547424,0.0411114692687988,0.0387842059135437,0.0316886305809021,0.021273136138916,-0.0175904035568237,-0.0214484333992004,-0.0233706831932067,-0.0245212316513061,-0.0248315334320068,-0.0250680446624755,-0.0256432294845581,-0.0253584384918212,-0.02549809217453,-0.0254367589950561,-0.0262032151222229,-0.0268996953964233,-0.0272092819213867,-0.0272108316421508,-0.0271271467208862,-0.0272824764251709,-0.0273446440696716,-0.0275768041610717,-0.027870774269104,-0.0278965830802917,-0.0282149910926818,-0.0284005999565124,-0.028446614742279,-0.0284985303878784,-0.0284342169761657,-0.0287284255027771,-0.028835654258728,-0.0289469361305236,-0.0288953185081481,-0.0287591218948364,-0.028860330581665,-0.0290626883506774,-0.0294989943504333,-0.0296496152877807,-0.0295235514640808,-0.029667317867279,-0.0297173857688903,-0.0296633243560791,-0.0294827818870544,-0.0294471979141235,-0.0299959778785705,-0.0302886962890625,-0.0303849577903747,-0.0306053757667541,-0.0306044816970825,-0.030956745147705,-0.030932068824768,-0.0310571193695068,-0.0309791564941406,-0.0311406850814819,-0.0313735604286193,-0.0314394235610961,-0.0315868854522705,-0.0313812494277954,-0.0312280654907226,-0.0321713089942932,-0.033148169517517,-0.0336443781852722,-0.0332533121109008,-0.0332018136978149,-0.0336622595787048,-0.0342573523521423,-0.0348792672157287,-0.0346962809562683,-0.0344720482826232,-0.0339842438697814,-0.0329712629318237,-0.0319693088531494,-0.0323416590690612,-0.0347247719764709,-0.0380843877792358,-0.0420965552330017,-0.0399652123451232,-0.0324076414108276,-0.0222461223602294
26,0.0,0.0,0.0,0.0,0.0,0.0,0.0,0.0,0.0,0.0,0.0,0.0,0.0,0.0,0.0,0.0,0.0,0.0,0.0,0.0,0.0,0.0,0.0,0.0,0.0,0.0,0.0,0.0,0.0,0.0,0.0,0.0,0.0,0.0,0.0,0.0,0.0,0.0,0.0,0.0,0.0,0.0,0.0,0.0,0.0,0.0,0.0,0.0,0.0,0.0,0.0,0.0,0.0,0.0,0.0,0.0,0.0,0.0,0.0,0.0,0.0,0.0,0.0,0.0,0.0,0.0,0.0,0.0,0.0,0.0,0.0,0.0,0.0,0.0,0.0,0.0064288973808288,0.0090636014938354,0.011676013469696,0.0138831138610839,0.01545912027359,0.0154288411140441,0.0150060057640075,0.0134063959121704,0.0107350349426269,0.0067338347434997,0.0016376376152038,-0.0040181875228881,-0.0101085901260375,-0.0158202052116394,-0.0214817523956298,-0.0260342955589294,-0.0292848348617553,-0.0311375260353088,-0.0305290222167968,-0.0282534956932067,-0.0240596532821655,-0.0178113579750061,-0.0101649761199951,-0.0008443593978881,0.0089737176895141,0.0185006856918334,0.0273932218551635,0.0350903868675231,0.0415011048316955,0.0451666116714477,0.0463641881942749,0.0445276498794555,0.0403239727020263,0.0337718725204467,0.024692416191101,0.0143790245056152,0.0031990408897399,-0.0077826976776123,-0.0184242129325866,-0.0279843807220459,-0.0356223583221435,-0.0413621664047241,-0.0440841913223266,-0.0441688895225524,-0.0421334505081176,-0.0375722646713256,-0.0311948060989379,-0.0230749249458313,-0.0138081312179565,-0.0041580200195312,0.0058392286300659,0.0149552822113037,0.0229377746582031,0.0298436880111694,0.0339176058769226,0.0364530086517334,0.0366966724395751,0.0349080562591552,0.031054139137268,0.0255175828933715,0.0187883973121643,0.0112820267677307,0.0037221312522888,-0.0038685798645019,-0.011115550994873,-0.0167332887649536,-0.0211144089698791,-0.0233994126319885,-0.0246275067329406,-0.024218738079071,-0.0222985744476318,-0.019473910331726,-0.0152134895324707,-0.0108908414840698,-0.0062490701675415,-0.0053235292434692,-0.007878303527832,-0.0100993514060974,-0.0125107765197753,-0.0135973095893859,-0.014552891254425,-0.0132653713226318,-0.0114036798477172,-0.0089216828346252,-0.004984438419342,-0.000348150730133,0.0057491660118103,0.0118839740753173,0.0175166130065917,0.0231299400329589,0.0275262594223022,0.0311806201934814,0.0326541662216186,0.0322961211204528,0.030091643333435,0.0254905223846435,0.019472599029541,0.0114283561706542,0.0025014877319335,-0.0073367357254028,-0.0172952413558959,-0.0261639952659606,-0.0338616967201232,-0.0400008559226989,-0.043990135192871,-0.0450977683067321,-0.0430483222007751,-0.0389558672904968,-0.0323801040649414,-0.023425281047821,-0.0130640864372253,-0.0017307996749877,0.0092614889144897,0.0197952985763549,0.0289929509162902,0.0367301702499389,0.0424762964248657,0.0455548763275146,0.0456091165542602,0.043054461479187,0.0384578108787536,0.0321861505508422,0.0238413214683532,0.0146394968032836,0.0048245191574096,-0.0048269033432006,-0.0140376091003417,-0.0222318768501281,-0.028791606426239,-0.0332319140434265,-0.0356335639953613,-0.0358198881149292,-0.0340274572372436,-0.0300119519233703,-0.0247887969017028,-0.0176953673362731,-0.0102204084396362,-0.0026828050613403,0.0047785639762878,0.0115063190460205,0.0175697803497314,0.0221981406211853,0.0248517990112304,0.0256673693656921,0.0250326991081237,0.0233271121978759,0.0202932357788085,0.0162194967269897,0.0115742683410644,0.007051408290863
27,-0.003604769706726,-0.0063020586967468,-0.0092528462409973,-0.0116193294525146,-0.0129148960113525,-0.0130153894424438,-0.0123810172080993,-0.0114579796791076,-0.0087271928787231,-0.004190444946289,0.0008641481399536,0.0067349672317504,0.0120986104011535,0.0176488161087036,0.0229919552803039,0.027136206626892,0.0297052264213562,0.0303396582603454,0.028552234172821,0.0248085856437683,0.0205948948860168,0.0141257643699646,0.0049372315406799,-0.0046720504760742,-0.0140603184700012,-0.0223452448844909,-0.030069887638092,-0.0365609526634216,-0.0400614738464355,-0.0406599640846252,-0.0391035079956054,-0.034949779510498,-0.0284481644630432,-0.0194711685180664,-0.0084908604621887,0.0027024745941162,0.0139973759651184,0.0243840217590332,0.0339102149009704,0.0413107275962829,0.046399176120758,0.0483062267303466,0.04621022939682,0.042859673500061,0.0375965237617492,0.0281105041503906,0.0172778964042663,0.0054413080215454,-0.0057103037834167,-0.0158259272575378,-0.0253635048866271,-0.0333713889122009,-0.0388875603675842,-0.0414158105850219,-0.0414294600486755,-0.0379501581192016,-0.0330901145935058,-0.0263968110084533,-0.0182527303695678,-0.0093272924423217,0.0002369284629821,0.0083377361297607,0.0149436593055725,0.0210239887237548,0.0255315899848938,0.0273768305778503,0.0272539258003234,0.0252825021743774,0.023011028766632,0.0195398330688476,0.0150564908981323,0.0095894336700439,0.004830777645111,0.0011270642280578,-0.0022279620170593,0.0,0.0,0.0,0.0,0.0,0.0,0.0,0.0,0.0,0.0,0.0,0.0,0.0,0.0,0.0,0.0,0.0,0.0,0.0,0.0,0.0,0.0,0.0,0.0,0.0,0.0,0.0,0.0,0.0,0.0,0.0,0.0,0.0,0.0,0.0,0.0,0.0,0.0,0.0,0.0,0.0,0.0,0.0,0.0,0.0,0.0,0.0,0.0,0.0,0.0,0.0,0.0,0.0,0.0,0.0,0.0,0.0,0.0,0.0,0.0,0.0,0.0,0.0,0.0,0.0,0.0,0.0,0.0,0.0,0.0,0.0,0.0,0.0,0.0,0.0,0.0,0.0,0.0,0.0,0.0,0.0,0.0,0.0,0.0,0.0,0.0,0.0,0.0,0.0,0.0,0.0,0.0,0.0,0.0,0.0,0.0,0.0,0.0,0.0,0.0,0.0,0.0,0.0,0.0,0.0,0.0,0.0,0.0,0.0,0.0,0.0,0.0,0.0,0.0,0.0,0.0,0.0,0.0,0.0,0.0,0.0,0.0,0.0,0.0,0.0,0.0,0.0,0.0,0.0,0.0,0.0,0.0,0.0,0.0,0.0,0.0,0.0,0.0,0.0,0.0,0.0,0.0,0.0,0.0,0.0,0.0,0.0,0.0,0.0,0.0
28,-0.0280311107635498,-0.0371997356414794,-0.0359724164009094,-0.0321232080459594,-0.026405394077301,-0.0223633646965026,-0.0214095711708068,-0.0199330449104309,-0.016459047794342,-0.0122097730636596,-0.0082751512527465,-0.0047398209571838,-0.0007061958312988,0.0024261474609375,0.0072082877159118,0.0102378726005554,0.0138501524925231,0.0180170536041259,0.0216336250305175,0.0257965922355651,0.0279246568679809,0.0295949578285217,0.0270485877990722,0.0268282890319824,0.0117420554161071,-0.0160023570060729,-0.0344021916389465,-0.0394340753555297,-0.0375973582267761,-0.0318651795387268,-0.0269348621368408,-0.0249651670455932,-0.0235490202903747,-0.0184300541877746,-0.0141462683677673,-0.0103447437286376,-0.0060571432113647,-0.0017617940902709,0.0016003251075744,0.0063321590423583,0.0094037055969238,0.013417363166809,0.0173850655555725,0.0215091109275817,0.0255775451660156,0.0288196206092834,0.0299013257026672,0.0282033681869506,0.0283181071281433,0.0143442749977111,-0.0107848048210144,-0.0283830761909484,-0.0362616777420043,-0.0380142331123352,-0.0331655144691467,-0.0274642705917358,-0.0244861245155334,-0.021482229232788,-0.0155845284461975,-0.0118007063865661,-0.0083547234535217,-0.0032742619514465,0.0010972023010253,0.0052138566970825,0.0098980069160461,0.0132920145988464,0.0166185498237609,0.0208280086517334,0.0250707268714904,0.0289779901504516,0.0330429077148437,0.0339707136154174,0.0346968173980712,0.0373110771179199,0.0296549797058105,0.0,0.0,0.0,0.0,0.0,0.0,0.0,0.0,0.0,0.0,0.0,0.0,0.0,0.0,0.0,0.0,0.0,0.0,0.0,0.0,0.0,0.0,0.0,0.0,0.0,0.0,0.0,0.0,0.0,0.0,0.0,0.0,0.0,0.0,0.0,0.0,0.0,0.0,0.0,0.0,0.0,0.0,0.0,0.0,0.0,0.0,0.0,0.0,0.0,0.0,0.0,0.0,0.0,0.0,0.0,0.0,0.0,0.0,0.0,0.0,0.0,0.0,0.0,0.0,0.0,0.0,0.0,0.0,0.0,0.0,0.0,0.0,0.0,0.0,0.0,0.0,0.0,0.0,0.0,0.0,0.0,0.0,0.0,0.0,0.0,0.0,0.0,0.0,0.0,0.0,0.0,0.0,0.0,0.0,0.0,0.0,0.0,0.0,0.0,0.0,0.0,0.0,0.0,0.0,0.0,0.0,0.0,0.0,0.0,0.0,0.0,0.0,0.0,0.0,0.0,0.0,0.0,0.0,0.0,0.0,0.0,0.0,0.0,0.0,0.0,0.0,0.0,0.0,0.0,0.0,0.0,0.0,0.0,0.0,0.0,0.0,0.0,0.0,0.0,0.0,0.0,0.0,0.0,0.0,0.0,0.0,0.0,0.0,0.0,0.0
29,0.0,0.0,0.0,0.0,0.0,0.0,0.0,0.0,0.0,0.0,0.0,0.0,0.0,0.0,0.0,0.0,0.0,0.0,0.0,0.0,0.0,0.0,0.0,0.0,0.0,0.0,0.0,0.0,0.0,0.0,0.0,0.0,0.0,0.0,0.0,0.0,0.0,0.0,0.0,0.0,0.0,0.0,0.0,0.0,0.0,0.0,0.0,0.0,0.0,0.0,0.0,0.0,0.0,0.0,0.0,0.0,0.0,0.0,0.0,0.0,0.0,0.0,0.0,0.0,0.0,0.0,0.0,0.0,0.0,0.0,0.0,0.0,0.0,0.0,0.0,0.002402126789093,0.0033784508705139,0.0033981800079345,0.0035290718078613,0.0040446519851684,0.0052064061164855,0.0057945847511291,0.0058895349502563,0.006437599658966,0.0072351694107055,0.008319616317749,0.0092305541038513,0.0099932551383972,0.0107971429824829,0.0111659169197082,0.0116383433341979,0.0123966932296752,0.013360857963562,0.0143162608146667,0.0150197148323059,0.016565978527069,0.0182268619537353,0.0194098949432373,0.0200687646865844,0.0208508968353271,0.0223780274391174,0.0236206650733947,0.0243112444877624,0.0249378681182861,0.0259960889816284,0.0275098085403442,0.0281012058258056,0.0281453132629394,0.0280095934867858,0.0281215906143188,0.0286455154418945,0.0287206768989563,0.0289589762687683,0.0294164419174194,0.0300768613815307,0.0308337807655334,0.0319137573242187,0.0323216915130615,0.0316914916038513,0.0310831069946289,0.030939757823944,0.0308632254600524,0.0306422710418701,0.0302653312683105,0.0304957032203674,0.031416893005371,0.0317063331604003,0.0318428874015808,0.0315998792648315,0.0324941873550415,0.0326537489891052,0.0318107604980468,0.0299686789512634,0.028639793395996,0.0272102952003479,0.0242643356323242,0.0210389494895935,0.0183154940605163,0.0154017806053161,0.0131235122680664,0.0119267106056213,0.0120659470558166,0.0133801698684692,0.0146928429603576,0.0156503319740295,0.0166946053504943,0.0174744129180908,0.0173119902610778,0.0155313611030578,0.0135411024093627,-0.0035963058471679,-0.00480318069458,-0.005769670009613,-0.0056259036064147,-0.0057939887046813,-0.006800889968872,-0.0076604485511779,-0.0082684159278869,-0.0083497166633605,-0.009072721004486,-0.0100873708724975,-0.0108945369720458,-0.0119133591651916,-0.0125026106834411,-0.0130621790885925,-0.0134305953979492,-0.0137844085693359,-0.0151743292808532,-0.0160713791847229,-0.01669442653656,-0.0176824927330017,-0.0193626880645751,-0.0209881663322448,-0.0215376615524292,-0.0217606425285339,-0.0231215357780456,-0.024555504322052,-0.0256277918815612,-0.0258871912956237,-0.026455283164978,-0.0277592539787292,-0.0285260081291198,-0.0286504030227661,-0.0281946659088134,-0.0281352400779724,-0.0285488367080688,-0.0286693572998046,-0.0288200974464416,-0.0292621850967407,-0.0299981832504272,-0.0303536653518676,-0.0312159061431884,-0.0314651727676391,-0.0312588810920715,-0.0305410623550415,-0.0297572016716003,-0.0298014879226684,-0.0296645760536193,-0.0295595526695251,-0.0293623805046081,-0.0298956632614135,-0.0306148529052734,-0.030824065208435,-0.0303467512130737,-0.0308558940887451,-0.0309504270553588,-0.0307114124298095,-0.0287048816680908,-0.0271474123001098,-0.0257020592689514,-0.022782027721405,-0.0196576714515686,-0.0164610743522644,-0.0138584971427917,-0.0118492841720581,-0.0102755427360534,-0.0102748870849609,-0.0115584135055542,-0.0134848356246948,-0.0145896673202514,-0.015103280544281,-0.0160421729087829,-0.0161471962928771,-0.0145873427391052,-0.0123038291931152
30,-0.0073329210281372,-0.0088101029396057,-0.0098830461502075,-0.0115290880203247,-0.0137645006179809,-0.0155844688415527,-0.0168785452842712,-0.0174202919006347,-0.0185828804969787,-0.0203965902328491,-0.0218753218650817,-0.023404061794281,-0.0247775912284851,-0.0262274742126464,-0.0277363657951354,-0.0292239189147949,-0.031325340270996,-0.0334402918815612,-0.0351030826568603,-0.0359785556793212,-0.0373360514640808,-0.0388792753219604,-0.0407551527023315,-0.0422009825706481,-0.0436208844184875,-0.0451780557632446,-0.0474495291709899,-0.0496407747268676,-0.0520851016044616,-0.0539896488189697,-0.0557268261909484,-0.056618332862854,-0.0571317076683044,-0.0575808882713317,-0.0578004717826843,-0.0576103925704956,-0.0567983388900756,-0.0550081133842468,-0.0528798699378967,-0.0499399304389953,-0.0470461249351501,-0.0441411733627319,-0.0423082709312438,-0.0409976840019226,-0.0403631925582885,-0.0411089062690734,-0.0412870049476623,-0.0405223369598388,-0.0393338799476623,-0.0375621318817138,-0.0371939539909362,-0.0365989208221435,-0.0358549952507019,-0.0338456630706787,-0.031731903553009,-0.0303556323051452,-0.0287777781486511,-0.0265177488327026,-0.0247898697853088,-0.0225117206573486,-0.0201099514961242,-0.0169187784194946,-0.0142315626144409,-0.0109542608261108,-0.0072883963584899,-0.0035303235054016,0.0001746416091918,0.0024745464324951,0.0035347938537597,0.0037925243377685,0.0038897991180419,0.0035939216613769,0.0031740069389343,0.0028814673423767,0.0025992393493652,0.0,0.0,0.0,0.0,0.0,0.0,0.0,0.0,0.0,0.0,0.0,0.0,0.0,0.0,0.0,0.0,0.0,0.0,0.0,0.0,0.0,0.0,0.0,0.0,0.0,0.0,0.0,0.0,0.0,0.0,0.0,0.0,0.0,0.0,0.0,0.0,0.0,0.0,0.0,0.0,0.0,0.0,0.0,0.0,0.0,0.0,0.0,0.0,0.0,0.0,0.0,0.0,0.0,0.0,0.0,0.0,0.0,0.0,0.0,0.0,0.0,0.0,0.0,0.0,0.0,0.0,0.0,0.0,0.0,0.0,0.0,0.0,0.0,0.0,0.0,0.0,0.0,0.0,0.0,0.0,0.0,0.0,0.0,0.0,0.0,0.0,0.0,0.0,0.0,0.0,0.0,0.0,0.0,0.0,0.0,0.0,0.0,0.0,0.0,0.0,0.0,0.0,0.0,0.0,0.0,0.0,0.0,0.0,0.0,0.0,0.0,0.0,0.0,0.0,0.0,0.0,0.0,0.0,0.0,0.0,0.0,0.0,0.0,0.0,0.0,0.0,0.0,0.0,0.0,0.0,0.0,0.0,0.0,0.0,0.0,0.0,0.0,0.0,0.0,0.0,0.0,0.0,0.0,0.0,0.0,0.0,0.0,0.0,0.0,0.0
