model_id,channel_44_1,channel_44_2,channel_44_3,channel_44_4,channel_44_5,channel_44_6,channel_44_7,channel_44_8,channel_44_9,channel_44_10,channel_44_11,channel_44_12,channel_44_13,channel_44_14,channel_44_15,channel_44_16,channel_44_17,channel_44_18,channel_44_19,channel_44_20,channel_44_21,channel_44_22,channel_44_23,channel_44_24,channel_44_25,channel_44_26,channel_44_27,channel_44_28,channel_44_29,channel_44_30,channel_44_31,channel_44_32,channel_44_33,channel_44_34,channel_44_35,channel_44_36,channel_44_37,channel_44_38,channel_44_39,channel_44_40,channel_44_41,channel_44_42,channel_44_43,channel_44_44,channel_44_45,channel_44_46,channel_44_47,channel_44_48,channel_44_49,channel_44_50,channel_44_51,channel_44_52,channel_44_53,channel_44_54,channel_44_55,channel_44_56,channel_44_57,channel_44_58,channel_44_59,channel_44_60,channel_44_61,channel_44_62,channel_44_63,channel_44_64,channel_44_65,channel_44_66,channel_44_67,channel_44_68,channel_44_69,channel_44_70,channel_44_71,channel_44_72,channel_44_73,channel_44_74,channel_44_75,channel_45_1,channel_45_2,channel_45_3,channel_45_4,channel_45_5,channel_45_6,channel_45_7,channel_45_8,channel_45_9,channel_45_10,channel_45_11,channel_45_12,channel_45_13,channel_45_14,channel_45_15,channel_45_16,channel_45_17,channel_45_18,channel_45_19,channel_45_20,channel_45_21,channel_45_22,channel_45_23,channel_45_24,channel_45_25,channel_45_26,channel_45_27,channel_45_28,channel_45_29,channel_45_30,channel_45_31,channel_45_32,channel_45_33,channel_45_34,channel_45_35,channel_45_36,channel_45_37,channel_45_38,channel_45_39,channel_45_40,channel_45_41,channel_45_42,channel_45_43,channel_45_44,channel_45_45,channel_45_46,channel_45_47,channel_45_48,channel_45_49,channel_45_50,channel_45_51,channel_45_52,channel_45_53,channel_45_54,channel_45_55,channel_45_56,channel_45_57,channel_45_58,channel_45_59,channel_45_60,channel_45_61,channel_45_62,channel_45_63,channel_45_64,channel_45_65,channel_45_66,channel_45_67,channel_45_68,channel_45_69,channel_45_70,channel_45_71,channel_45_72,channel_45_73,channel_45_74,channel_45_75,channel_46_1,channel_46_2,channel_46_3,channel_46_4,channel_46_5,channel_46_6,channel_46_7,channel_46_8,channel_46_9,channel_46_10,channel_46_11,channel_46_12,channel_46_13,channel_46_14,channel_46_15,channel_46_16,channel_46_17,channel_46_18,channel_46_19,channel_46_20,channel_46_21,channel_46_22,channel_46_23,channel_46_24,channel_46_25,channel_46_26,channel_46_27,channel_46_28,channel_46_29,channel_46_30,channel_46_31,channel_46_32,channel_46_33,channel_46_34,channel_46_35,channel_46_36,channel_46_37,channel_46_38,channel_46_39,channel_46_40,channel_46_41,channel_46_42,channel_46_43,channel_46_44,channel_46_45,channel_46_46,channel_46_47,channel_46_48,channel_46_49,channel_46_50,channel_46_51,channel_46_52,channel_46_53,channel_46_54,channel_46_55,channel_46_56,channel_46_57,channel_46_58,channel_46_59,channel_46_60,channel_46_61,channel_46_62,channel_46_63,channel_46_64,channel_46_65,channel_46_66,channel_46_67,channel_46_68,channel_46_69,channel_46_70,channel_46_71,channel_46_72,channel_46_73,channel_46_74,channel_46_75
1,0.0,0.0,0.0,0.0,0.0,0.0,0.0,0.0,0.0,0.0,0.0,0.0,0.0,0.0,0.0,0.0,0.0,0.0,0.0,0.0,0.0,0.0,0.0,0.0,0.0,0.0,0.0,0.0,0.0,0.0,0.0,0.0,0.0,0.0,0.0,0.0,0.0,0.0,0.0,0.0,0.0,0.0,0.0,0.0,0.0,0.0,0.0,0.0,0.0,0.0,0.0,0.0,0.0,0.0,0.0,0.0,0.0,0.0,0.0,0.0,0.0,0.0,0.0,0.0,0.0,0.0,0.0,0.0,0.0,0.0,0.0,0.0,0.0,0.0,0.0,0.0,0.0,0.0,0.0,0.0,0.0,0.0,0.0,0.0,0.0,0.0,0.0,0.0,0.0,0.0,0.0,0.0,0.0,0.0,0.0,0.0,0.0,0.0,0.0,0.0,0.0,0.0,0.0,0.0,0.0,0.0,0.0,0.0,0.0,0.0,0.0,0.0,0.0,0.0,0.0,0.0,0.0,0.0,0.0,0.0,0.0,0.0,0.0,0.0,0.0,0.0,0.0,0.0,0.0,0.0,0.0,0.0,0.0,0.0,0.0,0.0,0.0,0.0,0.0,0.0,0.0,0.0,0.0,0.0,0.0,0.0,0.0,0.0,0.0,0.0,-0.0020491480827331,-0.0034334659576416,-0.0045810937881469,-0.0058620572090148,-0.0075767636299133,-0.0095811486244201,-0.0111935138702392,-0.0125865340232849,-0.0140359997749328,-0.0159569978713989,-0.0173816680908203,-0.0189286470413208,-0.0194748044013977,-0.0198777318000793,-0.0207462906837463,-0.0206230878829956,-0.0205448865890502,-0.0193437933921813,-0.0177281498908996,-0.0162791013717651,-0.0138580799102783,-0.0113497376441955,-0.0076740980148315,-0.0041190385818481,-0.0005009174346923,0.0037199258804321,0.0079672932624816,0.0127491950988769,0.0172866582870483,0.0212987661361694,0.0251792073249816,0.0288455486297607,0.0323486328125,0.0352281928062438,0.0371789932250976,0.0383539199829101,0.0390440821647644,0.0398566722869873,0.039165198802948,0.0377922654151916,0.0358055830001831,0.0332928895950317,0.031048834323883,0.0275696516036987,0.0237669348716735,0.0194913148880004,0.0155590176582336,0.0117812752723693,0.0076900720596313,0.0036447644233703,-0.0002439618110656,-0.0035213232040405,-0.0062135457992553,-0.0091299414634704,-0.0113389492034912,-0.0133304595947265,-0.0146325826644897,-0.0154611468315124,-0.016446053981781,-0.016571044921875,-0.017027199268341,-0.0165731906890869,-0.015541672706604,-0.015302836894989,-0.014466643333435,-0.0137505531311035,-0.0120462775230407,-0.0108156204223632,-0.0100181102752685,-0.008799135684967,-0.007745623588562,-0.0064649581909179,-0.0052663087844848,-0.0045950412750244,-0.0036688446998596
2,0.0,0.0,0.0,0.0,0.0,0.0,0.0,0.0,0.0,0.0,0.0,0.0,0.0,0.0,0.0,0.0,0.0,0.0,0.0,0.0,0.0,0.0,0.0,0.0,0.0,0.0,0.0,0.0,0.0,0.0,0.0,0.0,0.0,0.0,0.0,0.0,0.0,0.0,0.0,0.0,0.0,0.0,0.0,0.0,0.0,0.0,0.0,0.0,0.0,0.0,0.0,0.0,0.0,0.0,0.0,0.0,0.0,0.0,0.0,0.0,0.0,0.0,0.0,0.0,0.0,0.0,0.0,0.0,0.0,0.0,0.0,0.0,0.0,0.0,0.0,0.0,0.0,0.0,0.0,0.0,0.0,0.0,0.0,0.0,0.0,0.0,0.0,0.0,0.0,0.0,0.0,0.0,0.0,0.0,0.0,0.0,0.0,0.0,0.0,0.0,0.0,0.0,0.0,0.0,0.0,0.0,0.0,0.0,0.0,0.0,0.0,0.0,0.0,0.0,0.0,0.0,0.0,0.0,0.0,0.0,0.0,0.0,0.0,0.0,0.0,0.0,0.0,0.0,0.0,0.0,0.0,0.0,0.0,0.0,0.0,0.0,0.0,0.0,0.0,0.0,0.0,0.0,0.0,0.0,0.0,0.0,0.0,0.0,0.0,0.0,0.0214968919754028,0.029563546180725,0.0340668559074401,0.034817099571228,0.0322753190994262,0.0305414199829101,0.0302269458770751,0.0300061106681823,0.0305200219154357,0.0312639474868774,0.0318453907966613,0.0325003266334533,0.0323909521102905,0.0318652391433715,0.031428575515747,0.0316013693809509,0.0321974158287048,0.0322576165199279,0.0321756601333618,0.0319622755050659,0.0318267345428466,0.0322094559669494,0.0328867435455322,0.0332740545272827,0.0327574610710144,0.031476080417633,0.0302604436874389,0.0298669338226318,0.0305817127227783,0.0312516093254089,0.0312715768814086,0.0310041904449462,0.0319042205810546,0.0316414237022399,0.0286575555801391,0.0215416550636291,0.0081558227539062,-0.0083897709846496,-0.0219764709472656,-0.0308731198310852,-0.0343368053436279,-0.0326153635978698,-0.0302337408065795,-0.0293670892715454,-0.0295794606208801,-0.03067147731781,-0.0318568348884582,-0.0328384637832641,-0.0333092212677001,-0.0331768989562988,-0.0326825380325317,-0.0326416492462158,-0.0327783226966857,-0.0332082509994506,-0.0332674384117126,-0.033135175704956,-0.0327506065368652,-0.0319652557373046,-0.0315741300582885,-0.0318074822425842,-0.0320839881896972,-0.0318654179573059,-0.0311352014541625,-0.030278742313385,-0.0302416682243347,-0.0309963226318359,-0.0317299365997314,-0.0319483876228332,-0.0320892333984375,-0.0331150293350219,-0.0331189632415771,-0.0317561030387878,-0.0285528302192688,-0.0218714475631713,-0.0132866501808166
3,0.0,0.0,-0.0,-0.0,0.0,0.0,0.0,-0.0,-0.0,0.0,0.0,0.0,-0.0,-0.0,0.0,0.0,0.0,0.0,0.0,0.0,0.0,0.0,0.0,-0.0,0.0,0.0,0.0,0.0,0.0,0.0,0.0,0.0,0.0,0.0,0.0,0.0,0.0,0.0,0.0,0.0,0.0,0.0,0.0,0.0,0.0,0.0,0.0,0.0,0.0,0.0,0.0,-0.0,0.0,0.0,0.0,0.0,0.0,0.0,0.0,0.0,0.0,0.0,0.0,0.0,0.0,0.0,0.0,0.0,0.0,0.0,0.0,0.0,0.0,0.0,0.0,-0.0,-0.0,-0.0,-0.0,0.0,-0.0,-0.0,-0.0,0.0,0.0,-0.0,-0.0,-0.0,-0.0,-0.0,-0.0,-0.0,-0.0,0.0,-0.0,-0.0,-0.0,-0.0,0.0,-0.0,-0.0,-0.0,0.0,0.0,0.0,0.0,-0.0,0.0,0.0,0.0,0.0,-0.0,0.0,0.0,0.0,-0.0,-0.0,0.0,0.0,-0.0,-0.0,-0.0,0.0,-0.0,-0.0,-0.0,-0.0,-0.0,-0.0,-0.0,-0.0,-0.0,-0.0,0.0,-0.0,-0.0,-0.0,0.0,0.0,-0.0,-0.0,-0.0,0.0,-0.0,-0.0,-0.0,-0.0,0.0,0.0,-0.0,-0.00014087558,5.1110983e-05,0.00052416325,0.0007314384,0.00097355247,0.0021822453,0.0039106905,0.0054810345,0.007327676,0.009624064,0.01225242,0.015837342,0.018770516,0.021611065,0.024558663,0.027828842,0.03073132,0.03306985,0.03447503,0.035716802,0.036590993,0.037133515,0.036827117,0.035543144,0.033754528,0.031475753,0.030219853,0.027482212,0.024502307,0.021084696,0.017696679,0.015721291,0.012864828,0.009959221,0.008013278,0.006066382,0.0047826767,0.0034546256,0.001958251,0.00082197785,0.00027310848,-0.0004632175,-0.0021679401,-0.0036349297,-0.00518772,-0.0066492558,-0.008269876,-0.011342019,-0.0140354335,-0.017059475,-0.01943022,-0.02225399,-0.025601923,-0.028491199,-0.030493826,-0.03283125,-0.034291327,-0.036091387,-0.036682397,-0.036637068,-0.035893172,-0.034483016,-0.03306049,-0.031028718,-0.028418154,-0.025020272,-0.021933675,-0.019150734,-0.016483545,-0.013423622,-0.009883642,-0.007091135,-0.005381018,-0.0037408173,-0.0018847883
4,0.0,0.0,0.0,0.0,0.0,0.0,0.0,0.0,0.0,0.0,0.0,0.0,0.0,0.0,0.0,0.0,0.0,0.0,0.0,0.0,0.0,0.0,0.0,0.0,0.0,0.0,0.0,0.0,0.0,0.0,0.0,0.0,0.0,0.0,0.0,0.0,0.0,0.0,0.0,0.0,0.0,0.0,0.0,0.0,0.0,0.0,0.0,0.0,0.0,0.0,0.0,0.0,0.0,0.0,0.0,0.0,0.0,0.0,0.0,0.0,0.0,0.0,0.0,0.0,0.0,0.0,0.0,0.0,0.0,0.0,0.0,0.0,0.0,0.0,0.0,0.0057471990585327,0.0057435035705566,0.0059447884559631,0.0062867999076843,0.006036102771759,0.0058576464653015,0.0056560039520263,0.0059965252876281,0.0061257481575012,0.0059093832969665,0.0057635903358459,0.0057927966117858,0.0062803030014038,0.00644451379776,0.0064387321472167,0.0065977573394775,0.0069500803947448,0.0077176690101623,0.0081657767295837,0.0085543394088745,0.0089479684829711,0.0099441409111022,0.0114897489547729,0.0124267935752868,0.0132620334625244,0.0141491293907165,0.0154313445091247,0.0170851349830627,0.0185413360595703,0.0196214318275451,0.020940363407135,0.0222868919372558,0.0238463878631591,0.0256657004356384,0.0270810723304748,0.0283073782920837,0.0296253561973571,0.0311444401741027,0.032486081123352,0.033162236213684,0.033510684967041,0.0340884327888488,0.0348255038261413,0.0351315736770629,0.0347352623939514,0.0341810584068298,0.0337905883789062,0.033451497554779,0.0326279401779174,0.0312753915786743,0.029971420764923,0.0288450717926025,0.0278367400169372,0.0265901088714599,0.02503103017807,0.0233380794525146,0.0222281813621521,0.0211700201034545,0.0195696949958801,0.0179321765899658,0.0165931582450866,0.0157224535942077,0.0149351358413696,0.0134516954421997,0.0121318697929382,0.0110697746276855,0.0104287266731262,0.0097571015357971,0.0086414217948913,0.0075713992118835,0.0069993138313293,0.006673514842987,0.0062410235404968,0.0052831172943115,0.0044907331466674,0.0,0.0,0.0,0.0,0.0,0.0,0.0,0.0,0.0,0.0,0.0,0.0,0.0,0.0,0.0,0.0,0.0,0.0,0.0,0.0,0.0,0.0,0.0,0.0,0.0,0.0,0.0,0.0,0.0,0.0,0.0,0.0,0.0,0.0,0.0,0.0,0.0,0.0,0.0,0.0,0.0,0.0,0.0,0.0,0.0,0.0,0.0,0.0,0.0,0.0,0.0,0.0,0.0,0.0,0.0,0.0,0.0,0.0,0.0,0.0,0.0,0.0,0.0,0.0,0.0,0.0,0.0,0.0,0.0,0.0,0.0,0.0,0.0,0.0,0.0
5,0.0006015003,0.0005337,0.00028839707,1.8537045e-05,-0.00025174022,-0.00036078691,-0.00077590346,-0.00079616904,-0.0007927716,-0.0013269782,-0.0012069046,-0.0021174252,-0.0022891462,-0.0023042262,-0.0025182366,-0.0024031103,-0.0028196871,-0.0029821992,-0.0030153096,-0.002634108,-0.0022359788,-0.002705723,-0.0030169785,-0.0032503307,-0.0031481385,-0.0032581985,-0.004003644,-0.0046532154,-0.0054180324,-0.006286502,-0.0071397424,-0.008921415,-0.010601968,-0.012101203,-0.013662368,-0.015353054,-0.017352194,-0.018842667,-0.020211607,-0.021954268,-0.023449391,-0.025138527,-0.026301682,-0.027166605,-0.027575284,-0.028184325,-0.028571159,-0.028600365,-0.028083175,-0.027171433,-0.026186168,-0.025717348,-0.024143904,-0.022438258,-0.020593017,-0.019193232,-0.017673105,-0.016169429,-0.014583081,-0.012683749,-0.011535436,-0.010497898,-0.008653313,-0.007617563,-0.006360799,-0.0058152378,-0.0053912103,-0.004336208,-0.0037803054,-0.0029167235,-0.0026406348,-0.0022972822,-0.001987934,-0.0014221966,-0.00092116,0.0,0.0,0.0,0.0,0.0,0.0,0.0,0.0,0.0,0.0,0.0,0.0,0.0,0.0,0.0,0.0,0.0,0.0,0.0,0.0,0.0,0.0,0.0,0.0,0.0,0.0,0.0,0.0,0.0,0.0,0.0,0.0,0.0,0.0,0.0,0.0,0.0,0.0,0.0,0.0,0.0,0.0,0.0,0.0,0.0,0.0,0.0,0.0,0.0,-0.0,-0.0,-0.0,0.0,0.0,-0.0,-0.0,-0.0,-0.0,0.0,-0.0,-0.0,-0.0,0.0,0.0,-0.0,-0.0,0.0,0.0,0.0,-0.0,0.0,0.0,0.0,0.0,0.0,0.0,0.0,0.0,0.0,0.0,0.0,0.0,0.0,0.0,0.0,0.0,0.0,0.0,0.0,0.0,0.0,0.0,0.0,0.0,0.0,0.0,0.0,0.0,0.0,0.0,0.0,0.0,0.0,0.0,0.0,0.0,0.0,0.0,0.0,0.0,0.0,0.0,0.0,0.0,0.0,0.0,0.0,0.0,0.0,0.0,0.0,0.0,0.0,-0.0,-0.0,0.0,0.0,0.0,-0.0,0.0,0.0,0.0,0.0,0.0,0.0,0.0,0.0,-0.0,0.0,0.0,0.0,0.0,0.0,0.0,0.0,0.0,0.0,0.0,0.0,0.0
6,0.0046293139457702,0.0060313940048217,0.007536768913269,0.009117305278778,0.0108557343482971,0.0123770236968994,0.0145455002784729,0.0166847109794616,0.0184072256088256,0.0199975371360778,0.0216131806373596,0.0233234763145446,0.0247036814689636,0.0262770056724548,0.0272124409675598,0.027775764465332,0.0286427736282348,0.0293766260147094,0.0299993753433227,0.0297829508781433,0.0294788479804992,0.0295848846435546,0.0298956632614135,0.0300142765045166,0.029545783996582,0.0293219685554504,0.0291187763214111,0.028940200805664,0.0286579132080078,0.0283988118171691,0.0282593369483947,0.0281348228454589,0.0279910564422607,0.0278028845787048,0.0273846983909606,0.0275821685791015,0.0276017785072326,0.027719497680664,0.0274124145507812,0.0265849828720092,0.0263744592666625,0.0263175964355468,0.0263091921806335,0.0259208083152771,0.0254369378089904,0.0246591567993164,0.0244295597076416,0.0242750644683837,0.0240120887756347,0.023486852645874,0.0229775309562683,0.0226771235466003,0.0225015878677368,0.0221228599548339,0.0216381549835205,0.0213668942451477,0.0208736658096313,0.020796000957489,0.0201914310455322,0.0196403264999389,0.0192444324493408,0.0186944603919982,0.0182113051414489,0.0174397826194763,0.0163928270339965,0.0157643556594848,0.0147752165794372,0.0140970945358276,0.0127111673355102,0.0114474296569824,0.0107208490371704,0.0100725889205932,0.0090147256851196,0.0077924132347106,0.0065326690673828,0.0,0.0,0.0,0.0,0.0,0.0,0.0,0.0,0.0,0.0,0.0,0.0,0.0,0.0,0.0,0.0,0.0,0.0,0.0,0.0,0.0,0.0,0.0,0.0,0.0,0.0,0.0,0.0,0.0,0.0,0.0,0.0,0.0,0.0,0.0,0.0,0.0,0.0,0.0,0.0,0.0,0.0,0.0,0.0,0.0,0.0,0.0,0.0,0.0,0.0,0.0,0.0,0.0,0.0,0.0,0.0,0.0,0.0,0.0,0.0,0.0,0.0,0.0,0.0,0.0,0.0,0.0,0.0,0.0,0.0,0.0,0.0,0.0,0.0,0.0,0.0,0.0,0.0,0.0,0.0,0.0,0.0,0.0,0.0,0.0,0.0,0.0,0.0,0.0,0.0,0.0,0.0,0.0,0.0,0.0,0.0,0.0,0.0,0.0,0.0,0.0,0.0,0.0,0.0,0.0,0.0,0.0,0.0,0.0,0.0,0.0,0.0,0.0,0.0,0.0,0.0,0.0,0.0,0.0,0.0,0.0,0.0,0.0,0.0,0.0,0.0,0.0,0.0,0.0,0.0,0.0,0.0,0.0,0.0,0.0,0.0,0.0,0.0,0.0,0.0,0.0,0.0,0.0,0.0,0.0,0.0,0.0,0.0,0.0,0.0
7,0.0,0.0,0.0,0.0,0.0,0.0,0.0,0.0,0.0,0.0,0.0,0.0,0.0,0.0,0.0,0.0,0.0,0.0,0.0,0.0,0.0,0.0,0.0,0.0,0.0,0.0,0.0,0.0,0.0,0.0,0.0,0.0,0.0,0.0,0.0,0.0,0.0,0.0,0.0,0.0,0.0,0.0,0.0,0.0,0.0,0.0,0.0,0.0,0.0,0.0,0.0,0.0,0.0,0.0,0.0,0.0,0.0,0.0,0.0,0.0,0.0,0.0,0.0,0.0,0.0,0.0,0.0,0.0,0.0,0.0,0.0,0.0,0.0,0.0,0.0,-0.0295448899269104,-0.0324750542640686,-0.0351126790046691,-0.0370333790779113,-0.0379309654235839,-0.0377728343009948,-0.0372898578643798,-0.0361149311065673,-0.03480726480484,-0.0330759286880493,-0.0310794711112976,-0.0294082164764404,-0.0279115438461303,-0.0264340639114379,-0.0249208211898803,-0.0233428478240966,-0.022154152393341,-0.0214642286300659,-0.0204067230224609,-0.0194440484046936,-0.0182592272758483,-0.0172120928764343,-0.0162234902381896,-0.0153132677078247,-0.0136528611183166,-0.011846899986267,-0.0104894042015075,-0.0094677805900573,-0.0082480311393737,-0.0066619515419006,-0.0050953030586242,-0.0039030909538269,-0.0030595660209655,-0.0018529295921325,-0.0004651546478271,0.0008369088172912,0.0020002722740173,0.0030749440193176,0.0041964054107666,0.0052986145019531,0.006701648235321,0.0080925822257995,0.0094692707061767,0.0109760165214538,0.0126575231552124,0.0145167112350463,0.0162893533706665,0.017769455909729,0.0190572142601013,0.02023446559906,0.0214440822601318,0.0222994089126586,0.0230658650398254,0.0237298607826232,0.0245974659919738,0.0253637433052063,0.0259689092636108,0.0267007946968078,0.0281382203102111,0.0298627018928527,0.0313600301742553,0.0326895117759704,0.0337066054344177,0.0351665616035461,0.036691129207611,0.0364978313446044,0.0359180569648742,0.0357236266136169,0.0349759459495544,0.0331076383590698,0.0307618379592895,0.0275328159332275,0.0244327187538146,0.0212742090225219,0.0176345705986022,0.0,0.0,0.0,0.0,0.0,0.0,0.0,0.0,0.0,0.0,0.0,0.0,0.0,0.0,0.0,0.0,0.0,0.0,0.0,0.0,0.0,0.0,0.0,0.0,0.0,0.0,0.0,0.0,0.0,0.0,0.0,0.0,0.0,0.0,0.0,0.0,0.0,0.0,0.0,0.0,0.0,0.0,0.0,0.0,0.0,0.0,0.0,0.0,0.0,0.0,0.0,0.0,0.0,0.0,0.0,0.0,0.0,0.0,0.0,0.0,0.0,0.0,0.0,0.0,0.0,0.0,0.0,0.0,0.0,0.0,0.0,0.0,0.0,0.0,0.0
8,-0.0,-0.0,-0.0,-0.0,-0.0,-0.0,-0.0,-0.0,-0.0,-0.0,-0.0,-0.0,-0.0,-0.0,-0.0,-0.0,-0.0,-0.0,-0.0,-0.0,-0.0,-0.0,-0.0,-0.0,0.0,0.0,0.0,-0.0,0.0,0.0,0.0,0.0,0.0,0.0,0.0,0.0,0.0,0.0,0.0,0.0,0.0,0.0,0.0,0.0,0.0,0.0,0.0,0.0,0.0,0.0,0.0,0.0,-0.0,-0.0,0.0,0.0,-0.0,-0.0,-0.0,0.0,-0.0,-0.0,-0.0,-0.0,-0.0,-0.0,-0.0,-0.0,-0.0,-0.0,-0.0,-0.0,-0.0,-0.0,-0.0,-0.0,-0.0,-0.0,-0.0,-0.0,-0.0,-0.0,-0.0,-0.0,-0.0,-0.0,-0.0,-0.0,-0.0,-0.0,-0.0,-0.0,-0.0,-0.0,-0.0,-0.0,-0.0,-0.0,-0.0,-0.0,-0.0,-0.0,-0.0,0.0,-0.0,-0.0,-0.0,0.0,0.0,0.0,-0.0,-0.0,0.0,0.0,0.0,-0.0,-0.0,0.0,0.0,0.0,0.0,-0.0,0.0,0.0,0.0,-0.0,-0.0,-0.0,-0.0,-0.0,-0.0,-0.0,-0.0,-0.0,-0.0,-0.0,-0.0,-0.0,-0.0,-0.0,-0.0,-0.0,-0.0,-0.0,-0.0,-0.0,-0.0,-0.0,-0.0,-0.0,-0.045073092,-0.047610104,-0.04610592,-0.041913033,-0.039332926,-0.039901435,-0.038835347,-0.03548926,-0.032887876,-0.03019911,-0.027415514,-0.023823142,-0.020110905,-0.016587496,-0.013455868,-0.010750771,-0.006951511,-0.0029081106,0.00043553114,0.0029687285,0.005822599,0.008546889,0.012285709,0.015817225,0.019537508,0.024080515,0.028584063,0.03082794,0.032350183,0.03540939,0.038365185,0.039593577,0.040412247,0.042559266,0.04171717,0.03047967,0.0077798367,-0.018936932,-0.03737241,-0.042503238,-0.03888327,-0.034838438,-0.034596384,-0.035283506,-0.033661187,-0.028887272,-0.02438867,-0.021576285,-0.021231592,-0.020292997,-0.017147124,-0.014104784,-0.012727141,-0.010211885,-0.006052494,-0.0008534193,0.0015926361,0.0032621622,0.0054469705,0.009150147,0.013857663,0.017392457,0.020304143,0.023797035,0.026730895,0.030862153,0.034023166,0.037593544,0.039340734,0.038912237,0.041194797,0.04364884,0.044237673,0.036456108,0.019376278
9,-0.0,-0.0,-0.0,-0.0,0.0,0.0,0.0,0.0,0.0,0.0,0.0,0.0,0.0,0.0,0.0,0.0,0.0,0.0,0.0,0.0,0.0,0.0,0.0,0.0,0.0,0.0,0.0,0.0,0.0,0.0,0.0,0.0,0.0,0.0,0.0,0.0,0.0,0.0,0.0,0.0,0.0,0.0,0.0,0.0,0.0,0.0,0.0,0.0,0.0,0.0,0.0,0.0,0.0,0.0,0.0,0.0,0.0,0.0,0.0,0.0,0.0,0.0,0.0,0.0,0.0,0.0,0.0,0.0,0.0,0.0,0.0,0.0,-0.0,-0.0,-0.0,-0.042108595,-0.046865165,-0.050073147,-0.049709797,-0.04938823,-0.047545075,-0.04724592,-0.046825826,-0.046257675,-0.046278656,-0.04428935,-0.042787373,-0.040159702,-0.037675142,-0.03619945,-0.03510797,-0.032962084,-0.03189361,-0.030421913,-0.028761983,-0.026801944,-0.025316298,-0.023839474,-0.021673203,-0.020546257,-0.018268764,-0.015969634,-0.014545977,-0.012957275,-0.010908544,-0.008589745,-0.006791711,-0.004998386,-0.0037986636,-0.0023075342,-0.0007471442,0.0010473728,0.003303051,0.004308462,0.0057303905,0.0074349046,0.009295583,0.011296511,0.012217104,0.013358653,0.015223086,0.017233074,0.018785179,0.020149767,0.021414816,0.02241987,0.02290219,0.024751544,0.025749028,0.027749062,0.029865563,0.032179058,0.03384173,0.03457147,0.036553323,0.037983894,0.03951907,0.040748537,0.04147768,0.0421741,0.043043554,0.044076383,0.046869993,0.04816276,0.04996437,0.048384488,0.043120265,0.035249412,0.02869308,0.021265388,-0.042049825,-0.045543075,-0.048719406,-0.04838115,-0.048318803,-0.046415627,-0.047094643,-0.04662144,-0.04583603,-0.045653284,-0.04429573,-0.04218054,-0.03955102,-0.0368371,-0.035522223,-0.035129905,-0.032640874,-0.031524777,-0.02953732,-0.028396785,-0.026934445,-0.025292754,-0.02357763,-0.021161675,-0.019831657,-0.018090665,-0.015820324,-0.01422441,-0.012607574,-0.010816097,-0.008553088,-0.0063601136,-0.0047893524,-0.0029602647,-0.001798749,-0.00065499544,0.0014952421,0.0035129786,0.004937768,0.0063565373,0.007754326,0.009498119,0.011557877,0.012698948,0.013623774,0.0154131055,0.01789552,0.019301176,0.020981371,0.021653056,0.022611022,0.02352804,0.024887204,0.026685834,0.02900958,0.030503392,0.03217417,0.034086883,0.035632133,0.03743601,0.038653135,0.040020823,0.041233957,0.041895807,0.04260266,0.04328698,0.044892132,0.047964215,0.04905814,0.05006671,0.048716486,0.042927027,0.035866857,0.029087722,0.021120965
10,0.0,0.0,0.0,0.0,0.0,0.0,0.0,0.0,0.0,0.0,0.0,0.0,0.0,0.0,0.0,0.0,0.0,0.0,0.0,0.0,0.0,0.0,0.0,0.0,0.0,0.0,0.0,0.0,0.0,0.0,0.0,0.0,0.0,0.0,0.0,0.0,0.0,0.0,0.0,0.0,0.0,0.0,0.0,0.0,0.0,0.0,0.0,0.0,0.0,0.0,0.0,0.0,0.0,0.0,0.0,0.0,0.0,0.0,0.0,0.0,0.0,0.0,0.0,0.0,0.0,0.0,0.0,0.0,0.0,0.0,0.0,0.0,0.0,0.0,0.0,-0.0198637843132019,-0.0231702923774719,-0.0262635946273803,-0.0284619331359863,-0.0299426913261413,-0.0306227207183837,-0.0305303335189819,-0.0301615595817565,-0.0285648703575134,-0.0272355675697326,-0.0260514616966247,-0.0248973965644836,-0.0234559178352355,-0.0221269130706787,-0.0210713148117065,-0.0204535722732543,-0.0198023319244384,-0.0188194513320922,-0.0180652141571044,-0.0175859332084655,-0.0168105363845825,-0.0161237716674804,-0.0154565572738647,-0.0148158073425292,-0.014285385608673,-0.0135172009468078,-0.0124127268791198,-0.0112450122833251,-0.0100510716438293,-0.0086504220962524,-0.0070314407348632,-0.0060176849365234,-0.0051651000976562,-0.0039624571800231,-0.00286066532135,-0.0019806027412414,-0.0012741684913635,-0.0004560351371765,0.0003817081451416,0.0012860298156738,0.0020555853843688,0.0031588077545166,0.004416286945343,0.005336046218872,0.0064285993576049,0.0075911879539489,0.008716881275177,0.0099490880966186,0.0113164186477661,0.0125303864479064,0.0136364102363586,0.0147587060928344,0.0159640312194824,0.01687753200531,0.0179115533828735,0.0190798640251159,0.020487904548645,0.0217525362968444,0.0230883359909057,0.0245641469955444,0.0258784890174865,0.0269777774810791,0.0274865627288818,0.0274485349655151,0.0273256301879882,0.026853322982788,0.0264620780944824,0.0261415839195251,0.0257317423820495,0.0245611667633056,0.0236333012580871,0.0227264165878295,0.0212682485580444,0.0191560387611389,0.0169326663017272,0.0106430649757385,0.0120026469230651,0.0136318206787109,0.0153348445892333,0.0172407031059265,0.0192697644233703,0.0214319825172424,0.0235078930854797,0.0259709954261779,0.0279464125633239,0.0297678709030151,0.0316606163978576,0.0333610773086547,0.0349056124687194,0.0358471870422363,0.0366134643554687,0.0374054312705993,0.0378767848014831,0.03794926404953,0.0376831293106079,0.0373170375823974,0.0365416407585144,0.0353551506996154,0.0338579416275024,0.0322600007057189,0.0306293964385986,0.0285985469818115,0.026488184928894,0.0242265462875366,0.0219131112098693,0.0195290446281433,0.0164892077445983,0.013636291027069,0.0108492374420166,0.0077905654907226,0.0047172307968139,0.0016763806343078,-0.0013856291770935,-0.0045439600944519,-0.0076292753219604,-0.0106014609336853,-0.0130918622016906,-0.0157926678657531,-0.0186531543731689,-0.0212203860282897,-0.0235812664031982,-0.0257353782653808,-0.0278026461601257,-0.0295208692550659,-0.0311154127120971,-0.0326007604598999,-0.0338932871818542,-0.0349166989326477,-0.035756766796112,-0.036442220211029,-0.0367417931556701,-0.0368279218673706,-0.0366349816322326,-0.0358518958091735,-0.034928023815155,-0.0336797833442688,-0.0326458215713501,-0.0311579704284667,-0.0295325517654418,-0.0276479125022888,-0.0256751775741577,-0.0236545801162719,-0.0214999318122863,-0.0189989209175109,-0.0165173411369323,-0.0141456127166748,-0.011298656463623,-0.0088239908218383,-0.0069100260734558,-0.0050600171089172
11,0.0,-0.0,-0.0,-0.0,-0.0,0.0,-0.0,-0.0,-0.0,0.0,-0.0,-0.0,-0.0,-0.0,-0.0,-0.0,-0.0,-0.0,-0.0,0.0,0.0,0.0,0.0,0.0,0.0,0.0,0.0,0.0,0.0,0.0,0.0,0.0,0.0,0.0,0.0,0.0,0.0,0.0,0.0,0.0,0.0,0.0,0.0,0.0,0.0,0.0,0.0,0.0,0.0,0.0,0.0,0.0,0.0,0.0,0.0,0.0,0.0,0.0,0.0,0.0,0.0,0.0,0.0,0.0,0.0,0.0,0.0,0.0,0.0,0.0,0.0,0.0,0.0,0.0,0.0,-0.0,-0.0,-0.0,-0.0,-0.0,-0.0,-0.0,-0.0,0.0,0.0,-0.0,-0.0,-0.0,-0.0,-0.0,-0.0,-0.0,-0.0,0.0,0.0,0.0,0.0,0.0,0.0,0.0,0.0,0.0,0.0,0.0,0.0,0.0,0.0,0.0,0.0,0.0,-0.0,-0.0,0.0,0.0,0.0,0.0,0.0,0.0,0.0,0.0,0.0,0.0,0.0,0.0,0.0,0.0,0.0,0.0,0.0,0.0,0.0,0.0,0.0,0.0,0.0,0.0,0.0,0.0,0.0,0.0,0.0,0.0,0.0,0.0,0.0,0.0,0.0,0.0,0.0,0.0,0.0019309521,0.008101106,0.0075041056,0.011078477,0.012319028,0.030481517,0.07359594,0.08378875,0.08310437,0.07955742,0.07875663,0.086009026,0.08383328,0.079699814,0.07864845,0.070993185,0.065259635,0.050105095,0.0013363361,-0.04634583,-0.070625365,-0.07935727,-0.08306724,-0.07992309,-0.08336258,-0.07708454,-0.07458341,-0.07850993,-0.07924014,-0.075057864,-0.029889107,0.052714407,0.08345455,0.09509766,0.09752834,0.09674621,0.1003077,0.09311384,0.094309926,0.09289926,0.0878768,0.08993667,0.07914317,0.020698547,-0.043905318,-0.07907033,-0.09511614,-0.10136551,-0.0947811,-0.089022994,-0.07696438,-0.07734245,-0.075169206,-0.07226002,-0.07205224,-0.030960023,0.045479298,0.077877164,0.0871281,0.09277719,0.097121656,0.09428471,0.08279252,0.08173108,0.0767045,0.06205964,0.056201935,0.05224967,0.011320829,-0.040213108,-0.064269245,-0.073375404,-0.082270205,-0.078950465,-0.07431227
12,-0.009932697,-0.02036959,-0.030739188,-0.038913608,-0.04092723,-0.043403506,-0.0441373,-0.04400462,-0.043296874,-0.04239142,-0.041453063,-0.04254949,-0.043135166,-0.044260085,-0.044005692,-0.044147193,-0.044869125,-0.045162976,-0.04573214,-0.04511577,-0.045007885,-0.04422635,-0.04327452,-0.04342401,-0.044240594,-0.045205355,-0.04475242,-0.04431188,-0.04400468,-0.04421246,-0.044022083,-0.044092536,-0.043650687,-0.043239236,-0.043666244,-0.04350567,-0.043487728,-0.04322779,-0.043565035,-0.043994486,-0.04429227,-0.0444386,-0.043948352,-0.043483317,-0.043899536,-0.044109523,-0.04499376,-0.044537246,-0.044659317,-0.044502616,-0.044574916,-0.0444746,-0.044499278,-0.044942975,-0.045211434,-0.044895172,-0.04492426,-0.044793487,-0.044389486,-0.043619514,-0.044479847,-0.044700563,-0.043667674,-0.04289788,-0.04353887,-0.044204712,-0.044345975,-0.04378164,-0.04312128,-0.04294473,-0.04296136,-0.043284595,-0.043837845,-0.042152047,-0.038895845,-0.010596216,-0.021312535,-0.031214535,-0.03912109,-0.041255176,-0.044083297,-0.04464549,-0.043899894,-0.043504894,-0.04285097,-0.04236543,-0.04304999,-0.04313004,-0.044686556,-0.04494548,-0.04485643,-0.045159042,-0.045307875,-0.046159208,-0.045822203,-0.04551643,-0.044391096,-0.043669105,-0.04400444,-0.04515934,-0.045910478,-0.045191467,-0.04481232,-0.04454732,-0.0449543,-0.044784725,-0.04445374,-0.044042587,-0.04374647,-0.044189394,-0.04407245,-0.04403317,-0.04344225,-0.043886483,-0.044580102,-0.044677973,-0.044695616,-0.044528604,-0.044264555,-0.044606984,-0.04461211,-0.044803143,-0.044509053,-0.045563042,-0.045389235,-0.04519397,-0.044771433,-0.044881582,-0.046051025,-0.046105564,-0.04556203,-0.04506159,-0.045099318,-0.04535967,-0.04498273,-0.045104563,-0.04441881,-0.043974936,-0.043744445,-0.044494927,-0.044308186,-0.044106007,-0.044279218,-0.04423839,-0.043937862,-0.043477535,-0.04381883,-0.044864655,-0.043792546,-0.039822698,-0.010067999,-0.020661235,-0.030803204,-0.03924346,-0.041232347,-0.04336214,-0.043632925,-0.04378164,-0.04370725,-0.042734027,-0.041360736,-0.042129517,-0.04320228,-0.044644833,-0.044280708,-0.044120193,-0.044316888,-0.045101106,-0.04580462,-0.04530257,-0.045074224,-0.04429394,-0.043403983,-0.043296337,-0.04461664,-0.04549694,-0.045043766,-0.045036435,-0.04486847,-0.044915557,-0.044406295,-0.04430914,-0.043491304,-0.043343306,-0.043539822,-0.04343939,-0.043480635,-0.04325819,-0.043790758,-0.044037163,-0.044089615,-0.04464966,-0.044960737,-0.044304967,-0.043902576,-0.043825388,-0.044618905,-0.044664025,-0.04533869,-0.044855535,-0.0447284,-0.044463873,-0.045005143,-0.045754194,-0.0453583,-0.04498136,-0.044861138,-0.045485973,-0.0451681,-0.044516385,-0.044686377,-0.044703424,-0.04447627,-0.043239176,-0.04330176,-0.043910146,-0.044421315,-0.04457277,-0.043778062,-0.04301673,-0.043358445,-0.044683456,-0.045609295,-0.043982863,-0.0387339
13,0.0284017920494079,0.036543846130371,0.0450246930122375,0.0490652918815612,0.0482098460197448,0.0448706746101379,0.0439364314079284,0.0429843068122863,0.0394667387008667,0.0341926217079162,0.0290405750274658,0.0282365083694458,0.0284175276756286,0.0263139009475708,0.022277295589447,0.017647385597229,0.0162537097930908,0.0145341753959655,0.0095115303993225,0.002681016921997,-0.00203138589859,-0.0021838545799255,-0.0016556978225708,-0.0019478797912597,-0.0033017992973327,-0.0020508170127868,0.0026973485946655,0.0071587562561035,0.0076896548271179,0.0059343576431274,0.004093050956726,0.0051806569099426,0.0054675340652465,0.0038099288940429,0.0008634328842163,0.0004189014434814,0.0030122399330139,0.0048880577087402,0.0042048692703247,0.0019863843917846,0.0028631091117858,0.0062924623489379,0.007489264011383,0.0054792761802673,0.0018568634986877,0.000363290309906,0.0012806057929992,0.0009897947311401,-0.0009677410125732,-0.0032703876495361,-0.0012624263763427,0.0028011798858642,0.0059021711349487,0.005881130695343,0.0048379898071289,0.0050443410873413,0.0066109895706176,0.0060996413230896,0.0032803416252136,0.0004904270172119,0.0018175840377807,0.0041340589523315,0.0047024488449096,0.0026160478591918,0.0006337165832519,0.00199556350708,0.0040089488029479,0.0040597319602966,0.0015456080436706,-0.0005407333374023,0.000348687171936,0.0015487670898437,0.0008777379989624,-0.0017160773277282,-0.0031673312187194,0.0014376044273376,0.0043098926544189,0.0047082304954528,0.0018292069435119,0.0007159113883972,0.0018010139465332,0.0024674534797668,0.0017091035842895,0.0005655884742736,0.0015678405761718,0.0045897960662841,0.0057858824729919,0.0038753747940063,7.873773574829102e-05,-0.0009003281593322,6.318092346191406e-05,-0.0001632571220397,-0.0016159415245056,-0.0047955513000488,-0.0028948783874511,0.0012335777282714,0.005359411239624,0.0081382989883422,0.0121987462043762,0.0212358832359313,0.0321950912475585,0.0407978892326355,0.0460690259933471,0.0475738048553466,0.0500019788742065,0.0509450435638427,0.048719048500061,0.0423243641853332,0.0368225574493408,0.0342551469802856,0.0335075259208679,0.0314121842384338,0.0273665785789489,0.0234115719795227,0.0228244066238403,0.0223896503448486,0.018855333328247,0.0122891068458557,0.0065101385116577,0.0046602487564086,0.0024701952934265,-0.0003774762153625,-0.0041909217834472,-0.0051088333129882,-0.0024719834327697,0.0007113814353942,0.002280056476593,0.0021441578865051,0.0026515126228332,0.0056308507919311,0.0062649250030517,0.0048986673355102,0.0015822649002075,0.0007047653198242,0.0025709271430969,0.003516137599945,0.002750813961029,0.0006444454193115,0.0004488229751586,0.0029495954513549,0.004174530506134,0.0031918287277221,0.0009215474128723,0.0007759928703308,0.0026796460151672,0.0027635097503662,0.0005682110786437,-0.0026761293411254,-0.0024529695510864,-0.0002484321594238,0.0037590265274047,0.0028976798057556,0.0029003620147705,0.0055190324783325,0.0066255331039428,0.0044712424278259,0.0009865164756774,-0.0004568696022033,0.0024518966674804,0.0037332773208618,0.002575397491455,0.0002526640892028,0.0002026557922363,0.0038486123085021,0.0059146881103515,0.0050283670425415,0.0022960305213928,0.0015015006065368,0.0026828050613403,0.0022428631782531,-0.0005509257316589,-0.0042649507522583,-0.0040063261985778,-0.0002576112747192,0.0023109912872314,0.0028156042098999,0.0026347041130065,0.005023717880249,0.0081406235694885,0.0077530145645141,0.0046063661575317,0.0010439157485961,0.0018950700759887,0.0051109194755554,0.006738007068634,0.0053688287734985,0.0032681226730346,0.0038800835609436,0.0048595070838928,0.0040099620819091,0.0005173087120056,-0.0032402276992797,-0.0020287632942199,0.0008785128593444,0.002229630947113,0.0008916854858398,0.0023121833801269,0.0090680718421936,0.0170732140541076,0.0243856906890869,0.029569387435913,0.0357360243797302,0.0443242192268371,0.050829529762268,0.0517029762268066,0.0481966137886047,0.0445327162742614,0.0436069369316101,0.041747510433197,0.03694349527359,0.0310599207878112,0.0276721715927124,0.0283028483390808,0.0275235772132873,0.0238429903984069,0.0172020196914672,0.0127308368682861,0.0115496516227722,0.009444236755371,0.0050379633903503,-0.0009328722953796,-0.0030238032341003,-0.0007147789001464,0.00026535987854,-0.0011977553367614
14,0.0,0.0,-0.0,0.0,0.0,-0.0,-0.0,-0.0,-0.0,-0.0,-0.0,-0.0,-0.0,-0.0,-0.0,-0.0,-0.0,-0.0,-0.0,-0.0,-0.0,-0.0,-0.0,-0.0,-0.0,-0.0,-0.0,-0.0,0.0,0.0,0.0,0.0,0.0,0.0,0.0,0.0,0.0,0.0,0.0,0.0,0.0,0.0,0.0,0.0,0.0,0.0,0.0,-0.0,0.0,0.0,-0.0,-0.0,-0.0,-0.0,-0.0,-0.0,-0.0,-0.0,-0.0,-0.0,0.0,-0.0,0.0,0.0,0.0,0.0,0.0,0.0,0.0,0.0,0.0,0.0,0.0,0.0,0.0,-0.003755182,-0.004869908,-0.0057938397,-0.007147312,-0.008988082,-0.010937542,-0.013170451,-0.015401721,-0.01769957,-0.020052105,-0.022519052,-0.024565518,-0.026366442,-0.028248101,-0.030225515,-0.03224951,-0.033029675,-0.033767402,-0.034299225,-0.035008907,-0.03566453,-0.03509,-0.034254104,-0.033262312,-0.032062948,-0.03033641,-0.028305322,-0.026118517,-0.02398163,-0.022167653,-0.020546138,-0.018365145,-0.016197234,-0.014010757,-0.012489796,-0.011616856,-0.009632945,-0.00833711,-0.007941127,-0.008069754,-0.008813918,-0.008755863,-0.009289414,-0.010478556,-0.012381077,-0.014315605,-0.015282154,-0.01713702,-0.019189686,-0.021834344,-0.024033576,-0.025573194,-0.02711913,-0.029138952,-0.03100434,-0.03182608,-0.031894624,-0.03253752,-0.03265807,-0.032675207,-0.03184277,-0.03019914,-0.029043198,-0.02766043,-0.02663377,-0.024921358,-0.022260606,-0.019605309,-0.017556667,-0.01555866,-0.012671888,-0.009710252,-0.007433653,-0.0057959855,-0.0043456554,-0.0,0.0,0.0,-0.0,-0.0,-0.0,-0.0,-0.0,-0.0,-0.0,-0.0,-0.0,-0.0,-0.0,-0.0,-0.0,-0.0,-0.0,-0.0,-0.0,-0.0,-0.0,-0.0,-0.0,-0.0,-0.0,-0.0,-0.0,-0.0,-0.0,0.0,0.0,0.0,-0.0,0.0,0.0,0.0,0.0,0.0,0.0,0.0,0.0,0.0,0.0,0.0,0.0,0.0,-0.0,-0.0,-0.0,-0.0,-0.0,-0.0,-0.0,-0.0,-0.0,-0.0,-0.0,-0.0,0.0,0.0,0.0,0.0,0.0,0.0,0.0,0.0,0.0,0.0,0.0,0.0,0.0,0.0,0.0,0.0
15,-0.011396706,-0.027704835,-0.040608108,-0.046097577,-0.045107424,-0.044094265,-0.045019627,-0.046795845,-0.045380414,-0.046794355,-0.04741019,-0.04737109,-0.04597652,-0.04523903,-0.046031892,-0.046677887,-0.046296895,-0.046055257,-0.045592904,-0.045868754,-0.046109498,-0.04766774,-0.049226105,-0.048849642,-0.04846531,-0.04825765,-0.047623813,-0.046543777,-0.04637903,-0.047064126,-0.047723472,-0.047566295,-0.04723686,-0.04635811,-0.048778117,-0.047171056,-0.037914515,-0.015632033,0.01195842,0.035583436,0.04738152,0.046654165,0.044929385,0.04519856,0.048057795,0.047459602,0.049070716,0.049281478,0.048889637,0.04879588,0.047917604,0.04780197,0.048090935,0.047269344,0.047007382,0.047284782,0.047738194,0.047577024,0.04896599,0.05089301,0.050449133,0.05017364,0.04959458,0.04896599,0.047947705,0.047531247,0.048110247,0.048868775,0.04932016,0.048257172,0.047177255,0.049332917,0.047584534,0.04425025,0.033255696,0.0,0.0,0.0,0.0,0.0,0.0,0.0,0.0,0.0,0.0,0.0,0.0,0.0,0.0,0.0,0.0,0.0,0.0,0.0,0.0,0.0,0.0,0.0,0.0,0.0,0.0,0.0,0.0,0.0,0.0,0.0,0.0,0.0,0.0,0.0,0.0,0.0,0.0,0.0,-0.0,-0.0,0.0,0.0,0.0,-0.0,-0.0,-0.0,0.0,0.0,-0.0,-0.0,-0.0,-0.0,-0.0,-0.0,-0.0,-0.0,-0.0,-0.0,-0.0,-0.0,-0.0,0.0,-0.0,-0.0,-0.0,-0.0,0.0,-0.0,-0.0,-0.0,-0.0,-0.0,-0.0,-0.0,0.015115738,0.03146726,0.043416023,0.04805708,0.047864318,0.04813671,0.048603654,0.049176037,0.04711497,0.049727917,0.051253974,0.0505957,0.04856217,0.047349215,0.04927492,0.0504418,0.049663305,0.048425198,0.04733771,0.04842961,0.049215376,0.050064683,0.05072099,0.050102234,0.051156342,0.051683247,0.050977767,0.04886788,0.04833263,0.050406396,0.051273823,0.05008769,0.04903859,0.047822773,0.05144924,0.050219774,0.040192425,0.017076433,-0.01129663,-0.03405863,-0.04488194,-0.045268416,-0.04465252,-0.044942677,-0.046979845,-0.046058357,-0.048290014,-0.049589872,-0.04929763,-0.048521936,-0.047832966,-0.04889375,-0.050203502,-0.049168885,-0.048009276,-0.047593415,-0.048887312,-0.04960704,-0.050058663,-0.0511266,-0.050587535,-0.051151812,-0.051261485,-0.049666226,-0.048146725,-0.04771954,-0.04865706,-0.049806237,-0.050242364,-0.049173415,-0.04728067,-0.050263524,-0.049243927,-0.044739187,-0.032705426
16,0.0,0.0,0.0,0.0,0.0,0.0,0.0,0.0,0.0,0.0,0.0,0.0,0.0,0.0,0.0,0.0,0.0,0.0,0.0,0.0,0.0,0.0,0.0,0.0,0.0,0.0,0.0,0.0,0.0,0.0,0.0,0.0,0.0,0.0,0.0,0.0,0.0,0.0,0.0,0.0,0.0,0.0,0.0,0.0,0.0,0.0,0.0,0.0,0.0,0.0,0.0,0.0,0.0,0.0,0.0,0.0,0.0,0.0,0.0,0.0,0.0,0.0,0.0,0.0,0.0,0.0,0.0,0.0,0.0,0.0,0.0,0.0,0.0,0.0,0.0,0.0098430514335632,0.0103591680526733,0.0116574168205261,0.0124273300170898,0.0136307477951049,0.0148655176162719,0.0157011151313781,0.0170844793319702,0.017998993396759,0.0193712711334228,0.0204913616180419,0.0213218927383422,0.0230479836463928,0.0240723490715026,0.0256746411323547,0.0267608165740966,0.0278527736663818,0.0293574333190917,0.0303653478622436,0.0319486260414123,0.0328207612037658,0.033903419971466,0.0350419282913208,0.0359352827072143,0.0371983051300048,0.0378966927528381,0.0386943221092224,0.0396510362625122,0.0403616428375244,0.0414074659347534,0.0416337251663208,0.0419842600822448,0.0424250960350036,0.0428160429000854,0.0432206392288208,0.0431408882141113,0.0432137846946716,0.0431593060493469,0.0431353449821472,0.0430896282196044,0.0422870516777038,0.0419793128967285,0.0412828922271728,0.0406848788261413,0.040143072605133,0.0391402244567871,0.0384974479675293,0.0373561382293701,0.0366163253784179,0.0358571410179138,0.034238576889038,0.0332694053649902,0.031874656677246,0.0309402346611022,0.0299200415611267,0.0282628536224365,0.0272490978240966,0.0257317423820495,0.0248576402664184,0.0237630605697631,0.0221058130264282,0.0210051536560058,0.0195784568786621,0.0189032554626464,0.0177631974220275,0.0161696076393127,0.01509290933609,0.0137099027633667,0.0132349133491516,0.0122030377388,0.0108830332756042,0.0101433992385864,0.0090687870979309,0.0086578726768493,0.0077780485153198,0.0,0.0,0.0,0.0,0.0,0.0,0.0,0.0,0.0,0.0,0.0,0.0,0.0,0.0,0.0,0.0,0.0,0.0,0.0,0.0,0.0,0.0,0.0,0.0,0.0,0.0,0.0,0.0,0.0,0.0,0.0,0.0,0.0,0.0,0.0,0.0,0.0,0.0,0.0,0.0,0.0,0.0,0.0,0.0,0.0,0.0,0.0,0.0,0.0,0.0,0.0,0.0,0.0,0.0,0.0,0.0,0.0,0.0,0.0,0.0,0.0,0.0,0.0,0.0,0.0,0.0,0.0,0.0,0.0,0.0,0.0,0.0,0.0,0.0,0.0
17,0.0102858543395996,0.0210944414138793,0.0292077660560607,0.0304033756256103,0.0283401012420654,0.0249291062355041,0.023184597492218,0.0232473015785217,0.0227487087249755,0.0248991847038269,0.022614300251007,0.0218096375465393,0.0230548977851867,0.0244541764259338,0.0232961177825927,0.0226684212684631,0.0237519145011901,0.0234202742576599,0.0234919190406799,0.0228322744369506,0.0223495364189147,0.0236999988555908,0.0214086174964904,0.0224416255950927,0.0222808718681335,0.0245561599731445,0.026265263557434,0.0237369537353515,0.023685336112976,0.017903983592987,0.0189586281776428,0.0212198495864868,0.0204273462295532,0.0189598798751831,0.0183549523353576,0.0209152698516845,0.0200638175010681,0.0035073161125183,-0.0186877846717834,-0.0353252291679382,-0.0346558690071105,-0.0317270159721374,-0.0255548954010009,-0.0226755142211914,-0.0221031904220581,-0.0231531858444213,-0.0254461765289306,-0.0218961238861084,-0.0209696888923645,-0.0239632725715637,-0.0249369144439697,-0.0224679708480834,-0.0221564769744873,-0.0234441757202148,-0.0223941802978515,-0.0218848586082458,-0.0212776660919189,-0.0202949047088623,-0.0215533971786499,-0.0197877287864685,-0.0203564763069152,-0.02113538980484,-0.0233329534530639,-0.0243997573852539,-0.0227839946746826,-0.0222895741462707,-0.0193402171134948,-0.0189706087112426,-0.0201646089553833,-0.0210952758789062,-0.0198736786842346,-0.02137291431427,-0.0219131708145141,-0.0202890038490295,-0.0140557885169982,0.0051802396774291,0.0125250816345214,0.0188277959823608,0.0167083740234375,0.0146329402923583,0.012239933013916,0.011653184890747,0.0122442245483398,0.0125308632850646,0.0129487514495849,0.0108605027198791,0.010564386844635,0.0114599466323852,0.0120592713356018,0.0111469030380249,0.0107097625732421,0.0116373896598815,0.0118700265884399,0.0118739008903503,0.011473000049591,0.0112602114677429,0.0116079449653625,0.010123074054718,0.0116841793060302,0.01238214969635,0.0143957734107971,0.0140524506568908,0.0116185545921325,0.010374367237091,0.0076387524604797,0.0092982053756713,0.0110858678817749,0.0116891860961914,0.0102285742759704,0.0114864110946655,0.0152675509452819,0.0120842456817626,0.0009549856185913,-0.0154538750648498,-0.0240755081176757,-0.0217803716659545,-0.0179740190505981,-0.0125871896743774,-0.0125818848609924,-0.0132217407226562,-0.0149483680725097,-0.0148931145668029,-0.0121409893035888,-0.0119780898094177,-0.0129082798957824,-0.0125868320465087,-0.0114626884460449,-0.0115643739700317,-0.0125091671943664,-0.0118194818496704,-0.0112923383712768,-0.0110324025154113,-0.0107950568199157,-0.0110864043235778,-0.0103587508201599,-0.0110860466957092,-0.0122535228729248,-0.0142639279365539,-0.0139297246932983,-0.01215660572052,-0.0105772614479064,-0.0092248916625976,-0.0093730092048645,-0.0112445950508117,-0.0116447210311889,-0.0103228688240051,-0.0116477608680725,-0.0126014947891235,-0.0109275579452514,-0.0063219666481018,0.0164668560028076,0.0336470007896423,0.0414679646492004,0.0409621000289917,0.0403011441230773,0.0360963940620422,0.0351068973541259,0.0351722240447998,0.0338189601898193,0.0344376564025878,0.0322256684303283,0.0331045389175415,0.0349480509757995,0.0367160439491272,0.0345680713653564,0.0342023968696594,0.0365151166915893,0.0354974865913391,0.0350087881088256,0.0339261889457702,0.0333672761917114,0.0347671508789062,0.0327203869819641,0.0343608856201171,0.0335635542869567,0.0363242030143737,0.0359429121017456,0.0335168242454528,0.0342726707458496,0.0298313498497009,0.030535876750946,0.0324382185935974,0.030091643333435,0.0269689559936523,0.0296190381050109,0.0312697291374206,0.022110104560852,-0.000945508480072,-0.0316207408905029,-0.0430706143379211,-0.0436777472496032,-0.0410403609275817,-0.0359330177307128,-0.0340965390205383,-0.0337195992469787,-0.0338525772094726,-0.0339366793632507,-0.0303013920783996,-0.0301746726036071,-0.0338970422744751,-0.0356655120849609,-0.0338032245635986,-0.0331273078918457,-0.0351645946502685,-0.0328620076179504,-0.0321203470230102,-0.0320977568626403,-0.0301898121833801,-0.0319571495056152,-0.0305612087249755,-0.030763030052185,-0.0317558050155639,-0.0332380533218383,-0.0342962145805358,-0.0311216711997985,-0.0314971208572387,-0.0300298333168029,-0.02972012758255,-0.0313442349433898,-0.0294216275215148,-0.0281656384468078,-0.0324285626411438,-0.031966745853424,-0.028944969177246,-0.0179390907287597
18,-0.019495338,-0.02156204,-0.023935527,-0.025891662,-0.028003246,-0.029661715,-0.031564325,-0.033907622,-0.035351306,-0.03710097,-0.037897587,-0.039248735,-0.040258765,-0.04122311,-0.041565,-0.04096365,-0.04090786,-0.040555686,-0.039738625,-0.03861761,-0.0367921,-0.035232127,-0.03339544,-0.031291604,-0.028402656,-0.024760753,-0.02151081,-0.018775195,-0.015559763,-0.011853933,-0.0072908998,-0.0038465858,-0.00046759844,0.0033073723,0.007595837,0.011766791,0.0149383545,0.018606603,0.022057742,0.025552124,0.028912872,0.031484604,0.033898532,0.03608015,0.038380623,0.040502697,0.04158041,0.042369455,0.04335761,0.043732375,0.04389265,0.043055534,0.04282105,0.042391688,0.04131013,0.039978236,0.03840041,0.036756158,0.035095125,0.03342113,0.031229526,0.028693527,0.026197672,0.02352053,0.02127996,0.01894617,0.01647672,0.013945073,0.011387289,0.009588689,0.0076287687,0.0055317283,0.003732264,0.0020611584,0.0014519095,-0.0,-0.0,-0.0,-0.0,-0.0,-0.0,-0.0,-0.0,-0.0,-0.0,-0.0,-0.0,-0.0,-0.0,-0.0,-0.0,-0.0,-0.0,0.0,0.0,0.0,0.0,-0.0,0.0,0.0,0.0,0.0,0.0,0.0,0.0,0.0,0.0,0.0,0.0,0.0,0.0,0.0,0.0,0.0,0.0,0.0,0.0,0.0,0.0,0.0,0.0,0.0,0.0,0.0,0.0,-0.0,-0.0,-0.0,-0.0,-0.0,-0.0,-0.0,-0.0,-0.0,-0.0,-0.0,-0.0,-0.0,-0.0,-0.0,-0.0,-0.0,-0.0,-0.0,-0.0,-0.0,-0.0,-0.0,-0.0,-0.0,-0.0,-0.0,-0.0,-0.0,-0.0,-0.0,-0.0,-0.0,-0.0,-0.0,-0.0,-0.0,-0.0,-0.0,-0.0,-0.0,0.0,0.0,0.0,0.0,0.0,0.0,0.0,0.0,0.0,0.0,0.0,0.0,0.0,0.0,0.0,0.0,0.0,0.0,0.0,0.0,0.0,0.0,0.0,0.0,0.0,0.0,0.0,0.0,0.0,0.0,0.0,0.0,0.0,-0.0,0.0,-0.0,-0.0,-0.0,-0.0,-0.0,-0.0,-0.0,-0.0,-0.0,-0.0,-0.0,-0.0,-0.0,-0.0,-0.0,-0.0,-0.0,-0.0,-0.0,-0.0,-0.0,-0.0,-0.0,-0.0
19,-0.0,-0.0,-0.0,-0.0,-0.0,-0.0,-0.0,-0.0,-0.0,-0.0,-0.0,-0.0,-0.0,-0.0,-0.0,-0.0,0.0,-0.0,-0.0,-0.0,-0.0,-0.0,-0.0,-0.0,-0.0,-0.0,0.0,-0.0,-0.0,0.0,0.0,0.0,-0.0,0.0,0.0,0.0,0.0,0.0,0.0,0.0,0.0,0.0,0.0,0.0,0.0,0.0,-0.0,-0.0,-0.0,-0.0,0.0,0.0,0.0,-0.0,-0.0,0.0,0.0,0.0,0.0,0.0,-0.0,-0.0,-0.0,-0.0,-0.0,-0.0,0.0,-0.0,-0.0,-0.0,-0.0,-0.0,-0.0,-0.0,-0.0,-0.0,-0.0,-0.0,-0.0,-0.0,-0.0,-0.0,-0.0,-0.0,-0.0,-0.0,-0.0,-0.0,-0.0,-0.0,-0.0,-0.0,-0.0,-0.0,-0.0,-0.0,-0.0,-0.0,-0.0,-0.0,-0.0,-0.0,-0.0,-0.0,0.0,0.0,-0.0,-0.0,0.0,0.0,0.0,0.0,-0.0,0.0,0.0,0.0,0.0,-0.0,0.0,0.0,-0.0,-0.0,-0.0,-0.0,0.0,-0.0,-0.0,-0.0,-0.0,-0.0,0.0,-0.0,0.0,-0.0,-0.0,-0.0,-0.0,-0.0,-0.0,-0.0,-0.0,-0.0,-0.0,-0.0,-0.0,-0.0,-0.0,-0.0,-0.0,-0.0,-0.0010350347,-0.006611705,-0.0066350102,-0.001583159,1.1742115e-05,0.023985505,-0.029473007,0.028339624,-0.032841206,-0.033786118,0.025049984,-0.03099227,-0.03059709,-0.037148118,0.02695638,-0.034099102,-0.03636074,-0.031824887,-0.02490884,-0.03132075,-0.029927075,-0.0361737,0.01572758,-0.028903365,0.025063574,-0.03601426,0.030237019,0.028166354,0.030254662,0.026115179,0.027146101,0.024560452,0.018082678,-0.03229177,-0.028108,-0.031246483,0.031968653,-0.029799461,-0.025709987,-0.027661443,0.029450119,-0.03065294,0.031153858,0.028190434,-0.026954532,-0.037833452,0.035719037,-0.0036067963,-0.027263105,-0.035455346,0.03583789,0.025408268,0.025142968,-0.028259873,0.035070837,-0.03491187,0.031600058,-0.0358274,0.029312909,-0.030434966,0.035446465,0.0314824,0.032798886,0.031274974,0.033685267,0.034472525,0.03204173,0.02749902,0.032574713,-0.033524096,0.029981673,-0.02710241,-0.022895992,0.020036459,0.023463905
20,-0.0041093826,-0.007758081,-0.010242999,-0.010560095,-0.009256184,-0.0052927136,0.0005543232,0.008164346,0.015455246,0.02050072,0.023394108,0.021075785,0.015830457,0.006770253,-0.0044216514,-0.015654922,-0.025542974,-0.031168282,-0.0319466,-0.026462972,-0.01509285,-0.00044637918,0.016910672,0.031870663,0.04266441,0.047160983,0.04257971,0.031698346,0.013830125,-0.006854832,-0.026049018,-0.042399824,-0.050576925,-0.05068636,-0.04149872,-0.024413943,-0.0031462908,0.020188153,0.039361656,0.05268395,0.05781156,0.052804887,0.03978151,0.019700885,-0.0021358132,-0.023065627,-0.03977287,-0.048826575,-0.04976982,-0.042307317,-0.027671099,-0.009789646,0.009456754,0.025472343,0.03722197,0.042139947,0.04014939,0.03263408,0.019979477,0.0061500072,-0.007983565,-0.019301832,-0.025563657,-0.02819115,-0.0251503,-0.019331217,-0.010534167,-0.0010899901,0.006930232,0.013664246,0.017107308,0.01814115,0.016207874,0.0121755,0.007849395,0.0,0.0,0.0,0.0,0.0,0.0,0.0,0.0,-0.0,-0.0,-0.0,-0.0,-0.0,-0.0,-0.0,0.0,0.0,0.0,0.0,0.0,0.0,0.0,0.0,0.0,0.0,0.0,0.0,0.0,0.0,0.0,0.0,0.0,0.0,0.0,-0.0,0.0,0.0,0.0,0.0,0.0,0.0,0.0,0.0,0.0,0.0,0.0,0.0,-0.0,-0.0,-0.0,-0.0,-0.0,-0.0,-0.0,-0.0,0.0,0.0,0.0,0.0,0.0,0.0,0.0,0.0,-0.0,-0.0,-0.0,-0.0,-0.0,-0.0,-0.0,0.0,-0.0,0.0,0.0,0.0,0.0,0.0,0.0,0.0,0.0,0.0,0.0,0.0,-0.0,0.0,-0.0,0.0,0.0,-0.0,0.0,0.0,0.0,0.0,0.0,0.0,0.0,0.0,0.0,0.0,0.0,0.0,0.0,0.0,0.0,0.0,0.0,0.0,0.0,0.0,0.0,0.0,0.0,0.0,0.0,0.0,0.0,0.0,0.0,0.0,0.0,0.0,0.0,0.0,-0.0,-0.0,-0.0,-0.0,-0.0,0.0,0.0,0.0,0.0,0.0,0.0,0.0,0.0,0.0,0.0,0.0,-0.0,-0.0,0.0,-0.0,0.0,0.0,0.0,0.0,0.0,0.0,0.0
21,0.0,0.0,-0.0,0.0,0.0,0.0,-0.0,-0.0,-0.0,-0.0,-0.0,-0.0,-0.0,-0.0,-0.0,-0.0,0.0,0.0,0.0,0.0,0.0,-0.0,0.0,0.0,0.0,0.0,0.0,0.0,0.0,0.0,0.0,0.0,0.0,0.0,0.0,0.0,0.0,0.0,0.0,0.0,0.0,0.0,0.0,0.0,0.0,0.0,0.0,0.0,0.0,0.0,0.0,0.0,0.0,0.0,0.0,0.0,0.0,0.0,0.0,0.0,0.0,-0.0,0.0,0.0,0.0,0.0,0.0,0.0,0.0,0.0,0.0,-0.0,0.0,0.0,0.0,0.0024470985,0.0028629005,0.0021882951,-0.00030383468,-0.005294442,-0.012143195,-0.019438982,-0.026588053,-0.032556742,-0.036942065,-0.038585126,-0.03650689,-0.031802237,-0.025082707,-0.017735034,-0.010684997,-0.0045407712,-0.00017136335,0.0014379323,0.001323998,0.0001707375,-0.00028127432,-0.0005541146,-0.00074860454,-0.00027012825,0.0010040104,0.0025694668,0.0027731955,0.00045225024,-0.0045635104,-0.011187941,-0.01888597,-0.026604027,-0.033153266,-0.038109213,-0.040002733,-0.03731951,-0.03128174,-0.02439472,-0.017030418,-0.009581804,-0.0029160082,0.001508385,0.0032056868,0.0028250515,0.0016728938,0.00095903873,0.0005863011,0.00057700276,0.0009919703,0.0021644533,0.0027837157,0.001904577,-0.0016271472,-0.006947875,-0.013131142,-0.020099372,-0.027176648,-0.03330326,-0.036791265,-0.036886215,-0.03399971,-0.028640598,-0.022244513,-0.015617639,-0.008885711,-0.0028773844,0.0008787513,0.002179861,0.0022555292,0.0016427338,0.0012393892,1.6510487e-05,-0.0008301735,-0.0009160936,-0.0,0.0,0.0,-0.0,-0.0,0.0,-0.0,-0.0,-0.0,-0.0,-0.0,-0.0,-0.0,-0.0,-0.0,-0.0,0.0,0.0,-0.0,0.0,0.0,0.0,-0.0,-0.0,0.0,0.0,0.0,0.0,0.0,0.0,0.0,0.0,0.0,0.0,0.0,0.0,0.0,0.0,0.0,0.0,0.0,0.0,0.0,0.0,0.0,0.0,0.0,0.0,0.0,0.0,0.0,0.0,0.0,0.0,0.0,0.0,0.0,-0.0,-0.0,-0.0,0.0,0.0,-0.0,-0.0,0.0,0.0,0.0,0.0,0.0,0.0,0.0,-0.0,-0.0,-0.0,0.0
22,0.0,0.0,0.0,0.0,0.0,0.0,0.0,0.0,0.0,0.0,0.0,0.0,0.0,0.0,0.0,0.0,0.0,0.0,0.0,0.0,0.0,0.0,0.0,0.0,0.0,0.0,0.0,0.0,0.0,0.0,0.0,0.0,0.0,0.0,0.0,0.0,0.0,0.0,0.0,0.0,0.0,0.0,0.0,0.0,0.0,0.0,0.0,0.0,0.0,0.0,0.0,0.0,0.0,0.0,0.0,0.0,0.0,0.0,0.0,0.0,0.0,0.0,0.0,0.0,0.0,0.0,0.0,0.0,0.0,0.0,0.0,0.0,0.0,0.0,0.0,0.0,0.0,0.0,0.0,0.0,0.0,0.0,0.0,0.0,0.0,0.0,0.0,0.0,0.0,0.0,0.0,0.0,0.0,0.0,0.0,0.0,0.0,0.0,0.0,0.0,0.0,0.0,0.0,0.0,0.0,0.0,0.0,0.0,0.0,0.0,0.0,0.0,0.0,0.0,0.0,0.0,0.0,0.0,0.0,0.0,0.0,0.0,0.0,0.0,0.0,0.0,0.0,0.0,0.0,0.0,0.0,0.0,0.0,0.0,0.0,0.0,0.0,0.0,0.0,0.0,0.0,0.0,0.0,0.0,0.0,0.0,0.0,0.0,0.0,0.0,0.0101854801177978,0.0108804702758789,0.011602759361267,0.0124334096908569,0.0131770372390747,0.0137132406234741,0.0146504640579223,0.0153976082801818,0.0158966779708862,0.0160946249961853,0.0163202285766601,0.0164506435394287,0.0167566537857055,0.0174766778945922,0.0181933641433715,0.0190558433532714,0.0193904638290405,0.0194156765937805,0.019715666770935,0.0203461647033691,0.0211637020111084,0.0215983390808105,0.022275686264038,0.0230817198753356,0.0235430598258972,0.0238823890686035,0.0238588452339172,0.0239973664283752,0.0245336890220642,0.0248404741287231,0.0250816345214843,0.0257678627967834,0.0271927118301391,0.0288159847259521,0.0304208993911743,0.0319219827651977,0.0327494144439697,0.0324844121932983,0.0323215126991272,0.0321034789085388,0.0314105749130249,0.0302255153656005,0.0294366478919982,0.0294151306152343,0.0296047925949096,0.0298854112625122,0.0292505025863647,0.028124451637268,0.0282924771308898,0.0286226868629455,0.0293097496032714,0.0292932391166687,0.0296166539192199,0.0299282670021057,0.0306708216667175,0.0311456322669982,0.0310081243515014,0.0310290455818176,0.0308248400688171,0.0304648280143737,0.0298956632614135,0.0292887091636657,0.0290511846542358,0.0293883085250854,0.0297957062721252,0.0298807621002197,0.0288634896278381,0.0279242992401123,0.0264844894409179,0.0238547325134277,0.0203863382339477,0.0148812532424926,0.0098936557769775,0.006524920463562,0.0038892030715942
23,-0.0,-0.0,-0.0,0.0,0.0,-0.0,-0.0,0.0,0.0,0.0,-0.0,-0.0,0.0,0.0,-0.0,-0.0,0.0,0.0,0.0,0.0,0.0,0.0,0.0,0.0,0.0,0.0,0.0,0.0,0.0,0.0,0.0,0.0,0.0,0.0,0.0,0.0,0.0,0.0,0.0,0.0,0.0,0.0,0.0,0.0,0.0,0.0,0.0,0.0,0.0,0.0,0.0,0.0,0.0,0.0,0.0,0.0,0.0,0.0,0.0,0.0,0.0,0.0,0.0,0.0,0.0,0.0,0.0,0.0,0.0,-0.0,-0.0,0.0,0.0,-0.0,-0.0,-0.0,-0.0,-0.0,-0.0,-0.0,-0.0,-0.0,-0.0,-0.0,-0.0,-0.0,-0.0,-0.0,-0.0,-0.0,-0.0,0.0,0.0,-0.0,-0.0,0.0,0.0,0.0,-0.0,-0.0,0.0,0.0,0.0,0.0,0.0,0.0,0.0,0.0,0.0,0.0,0.0,0.0,0.0,0.0,0.0,0.0,0.0,0.0,0.0,0.0,0.0,0.0,0.0,0.0,0.0,0.0,0.0,0.0,0.0,0.0,0.0,0.0,0.0,0.0,0.0,0.0,0.0,0.0,-0.0,0.0,0.0,0.0,-0.0,-0.0,-0.0,0.0,-0.0,-0.0,-0.0,-0.0,-0.01568994,-0.019895434,-0.02276051,-0.024244517,-0.026016474,-0.027186573,-0.029957414,-0.03153491,-0.031678766,-0.031421363,-0.03137371,-0.032375038,-0.032393515,-0.03149396,-0.031121433,-0.030224115,-0.031189859,-0.030491859,-0.029716164,-0.028903544,-0.028512746,-0.02844122,-0.026803464,-0.025437683,-0.024671942,-0.023628265,-0.0226883,-0.021041244,-0.018814355,-0.016943634,-0.015594453,-0.014304303,-0.010943681,-0.00922206,-0.0064402223,-0.004590571,-0.003198266,-0.00033441186,0.0031749904,0.006906867,0.008975714,0.011303574,0.014248729,0.0167768,0.019810408,0.021113336,0.022032768,0.023659497,0.02508524,0.026628792,0.026334643,0.026994765,0.028280258,0.029794782,0.030588537,0.029718906,0.029773623,0.030430168,0.030951798,0.031158686,0.030166984,0.030037582,0.030326605,0.030605525,0.030309677,0.029639214,0.029374242,0.028678387,0.028572798,0.0274266,0.024433017,0.023342818,0.02120322,0.019133985,0.017113805
24,-0.0018214583,-0.0029958487,-0.0038399696,-0.004432678,-0.0062946677,-0.00810349,-0.008945286,-0.010017991,-0.0112294555,-0.013040423,-0.014706612,-0.015864432,-0.016503572,-0.017037392,-0.018065691,-0.019061387,-0.018975675,-0.019196272,-0.018864453,-0.019647062,-0.02022028,-0.019090414,-0.018148959,-0.017716885,-0.017992795,-0.017188549,-0.014761925,-0.013450325,-0.0120844245,-0.011668861,-0.010408819,-0.008532226,-0.0075049996,-0.0055218935,-0.0046191216,-0.0033957362,-0.0013036132,0.00036609173,0.0023306608,0.0026925206,0.0042670965,0.006395936,0.008002043,0.00925231,0.0098180175,0.011294901,0.013116419,0.0140122175,0.015522182,0.01617527,0.01668793,0.018071353,0.019026458,0.019857109,0.019378543,0.019828975,0.020518959,0.020853102,0.020332634,0.019009769,0.019233286,0.018884897,0.018292189,0.017142475,0.015512645,0.014299154,0.013389707,0.0121129155,0.009610832,0.0073034763,0.0064545274,0.005691707,0.004707992,0.0027621388,0.0016470551,-0.010934174,-0.014200151,-0.018308938,-0.022860706,-0.027884722,-0.031128287,-0.03448838,-0.037771106,-0.041038513,-0.04310137,-0.042897224,-0.042449534,-0.041166604,-0.03961569,-0.036168456,-0.030348063,-0.024416506,-0.018826306,-0.012983918,-0.0062633157,0.0018919706,0.0094717145,0.015761733,0.02118814,0.027908564,0.03376347,0.03859234,0.041349947,0.042858362,0.044151545,0.044429064,0.04300213,0.039560437,0.0354563,0.031324744,0.025597036,0.019649923,0.012337148,0.0048166513,-0.0014953613,-0.008318722,-0.015290916,-0.02198267,-0.02818036,-0.032523513,-0.03613907,-0.03834462,-0.04100418,-0.04186666,-0.04098755,-0.038342893,-0.035458744,-0.03173268,-0.028372288,-0.021928608,-0.015516818,-0.00837183,-0.0024475455,0.003870368,0.011596143,0.01781571,0.023373961,0.027906835,0.031636894,0.035191357,0.037212312,0.038265288,0.037594438,0.035796106,0.03461945,0.0323143,0.029138744,0.024240196,0.020456254,0.01759249,-0.013038635,-0.01664871,-0.018990993,-0.020744205,-0.0232113,-0.024174452,-0.024997354,-0.025964677,-0.024508834,-0.02408725,-0.022686958,-0.022503853,-0.021242797,-0.018402278,-0.016192675,-0.012764692,-0.011475682,-0.009770811,-0.0056421757,-0.0024904013,0.0006534457,0.0018864274,0.0044614673,0.008016288,0.011291742,0.01369369,0.015021861,0.018222332,0.021133482,0.023108363,0.024847388,0.025999844,0.027534485,0.029194951,0.0300861,0.030604899,0.030547857,0.031596422,0.03212744,0.031855345,0.031204939,0.030504584,0.03026396,0.029387653,0.02878058,0.027010977,0.025287628,0.023864329,0.022163808,0.020984411,0.01878339,0.015505135,0.013648927,0.011465013,0.009754539,0.0068742633,0.0035907626,0.0017896891,-0.0007414222,-0.0034358501,-0.006796539,-0.010195613,-0.012068808,-0.014440894,-0.0166561,-0.019324124,-0.021765172,-0.022453725,-0.023681283,-0.02379191,-0.024935842,-0.024667919,-0.023076057,-0.020237327,-0.019026518
25,0.0079680681228637,0.0156030654907226,0.0219179987907409,0.026407778263092,0.027948260307312,0.0287848114967346,0.0311281681060791,0.0307509303092956,0.026950180530548,0.0184751152992248,0.0099875330924987,0.0031032562255859,-0.0055471062660217,-0.0160664916038513,-0.0280315279960632,-0.0369883179664611,-0.0408632159233093,-0.0437448024749755,-0.044998824596405,-0.045559287071228,-0.0394785404205322,-0.0280632972717285,-0.016085922718048,-0.0042437314987182,0.0073534846305847,0.021665334701538,0.0369478464126586,0.0482512116432189,0.0553225874900817,0.0576842427253723,0.0587432384490966,0.0575370192527771,0.0515497326850891,0.0399364233016967,0.024640142917633,0.0106545686721801,-0.0024832487106323,-0.0170714259147644,-0.0322484970092773,-0.0462198257446289,-0.0522090792655944,-0.0544852614402771,-0.0546437501907348,-0.0523720383644104,-0.0467192530632019,-0.0352113842964172,-0.0209019780158996,-0.0067808032035827,0.00566828250885,0.0169981122016906,0.029560387134552,0.0401445031166076,0.0464255809783935,0.0470032691955566,0.0446072220802307,0.0425170063972473,0.0376150012016296,0.0291510820388793,0.0169634222984313,0.0045273900032043,-0.0038254261016845,-0.0114604234695434,-0.0195556879043579,-0.0276784896850585,-0.0316782593727111,-0.0303671360015869,-0.0276259779930114,-0.0249530673027038,-0.0221530199050903,-0.0167004466056823,-0.0075499415397644,0.0001956224441528,0.0056263804435729,0.0084162950515747,0.0124074220657348,0.0,0.0,0.0,0.0,0.0,0.0,0.0,0.0,0.0,0.0,0.0,0.0,0.0,0.0,0.0,0.0,0.0,0.0,0.0,0.0,0.0,0.0,0.0,0.0,0.0,0.0,0.0,0.0,0.0,0.0,0.0,0.0,0.0,0.0,0.0,0.0,0.0,0.0,0.0,0.0,0.0,0.0,0.0,0.0,0.0,0.0,0.0,0.0,0.0,0.0,0.0,0.0,0.0,0.0,0.0,0.0,0.0,0.0,0.0,0.0,0.0,0.0,0.0,0.0,0.0,0.0,0.0,0.0,0.0,0.0,0.0,0.0,0.0,0.0,0.0,0.0,0.0,0.0,0.0,0.0,0.0,0.0,0.0,0.0,0.0,0.0,0.0,0.0,0.0,0.0,0.0,0.0,0.0,0.0,0.0,0.0,0.0,0.0,0.0,0.0,0.0,0.0,0.0,0.0,0.0,0.0,0.0,0.0,0.0,0.0,0.0,0.0,0.0,0.0,0.0,0.0,0.0,0.0,0.0,0.0,0.0,0.0,0.0,0.0,0.0,0.0,0.0,0.0,0.0,0.0,0.0,0.0,0.0,0.0,0.0,0.0,0.0,0.0,0.0,0.0,0.0,0.0,0.0,0.0,0.0,0.0,0.0,0.0,0.0,0.0
26,0.0,0.0,-0.0,0.0,0.0,0.0,0.0,0.0,0.0,0.0,0.0,0.0,0.0,0.0,0.0,0.0,0.0,0.0,0.0,-0.0,0.0,0.0,0.0,0.0,0.0,0.0,0.0,0.0,0.0,0.0,0.0,0.0,0.0,0.0,0.0,0.0,0.0,0.0,0.0,0.0,0.0,0.0,0.0,0.0,0.0,0.0,0.0,0.0,0.0,-0.0,-0.0,-0.0,0.0,-0.0,-0.0,-0.0,-0.0,-0.0,-0.0,-0.0,0.0,-0.0,0.0,0.0,0.0,-0.0,-0.0,-0.0,-0.0,0.0,-0.0,-0.0,-0.0,-0.0,0.0,0.0040831566,0.007692039,0.010979652,0.014469087,0.017575145,0.018069327,0.0184322,0.016499043,0.013501525,0.009094834,0.0020759702,-0.0050528646,-0.013390005,-0.021647513,-0.02908945,-0.036036313,-0.039978325,-0.042517126,-0.04186368,-0.0378803,-0.031651616,-0.021952987,-0.010810018,0.002350986,0.015776217,0.028364122,0.040452123,0.049931765,0.056631744,0.059316397,0.058100462,0.05417025,0.046640873,0.036773503,0.023982644,0.009728074,-0.004031062,-0.017395496,-0.029406488,-0.040778637,-0.048933685,-0.053751945,-0.055961967,-0.054394484,-0.05108881,-0.044234037,-0.03508395,-0.025305271,-0.0137684345,-0.0026333928,0.009510696,0.019830525,0.02863431,0.036084294,0.040661454,0.043901443,0.043964326,0.041326404,0.037068903,0.029974401,0.022803903,0.014078319,0.0050843954,-0.0032715201,-0.011905313,-0.018195271,-0.023452759,-0.026887596,-0.029074073,-0.0300681,-0.028241098,-0.025492907,-0.021778882,-0.017279088,-0.013003826,-0.004753232,-0.008433223,-0.0108706355,-0.014718056,-0.017180026,-0.018490732,-0.018854856,-0.016559124,-0.01383096,-0.00883162,-0.003041923,0.004663527,0.013732314,0.02116847,0.029532075,0.036005557,0.04039085,0.04274094,0.04140091,0.038129568,0.03135389,0.021807313,0.010760069,-0.002829194,-0.015717447,-0.028740168,-0.039580584,-0.048277557,-0.055473864,-0.058228076,-0.05778998,-0.0529871,-0.04533851,-0.036008894,-0.023027062,-0.00965488,0.005329013,0.019068182,0.03041166,0.0414322,0.049212694,0.054743648,0.056195498,0.054970086,0.051386893,0.044150233,0.035414398,0.024563551,0.012936115,0.0016840696,-0.010476291,-0.020837665,-0.030956864,-0.038158238,-0.042724192,-0.04575205,-0.04538411,-0.04355073,-0.038709402,-0.032250464,-0.024610221,-0.015148759,-0.007029772,0.0019692779,0.010011375,0.016810477,0.022673786,0.025264561,0.027391851,0.027448714,0.0265221,0.024084508,0.019453645,0.015943706,0.0110343695
27,-0.0038745999336242,0.0044723153114318,0.0126002430915832,0.0191831588745117,0.0220990777015686,0.0233577489852905,0.0259360074996948,0.0259782075881958,0.0220845341682434,0.0143728256225585,0.0056037306785583,-0.0005557537078857,-0.0075117349624633,-0.0160858035087585,-0.025613784790039,-0.0316355228424072,-0.0320873856544494,-0.0302070379257202,-0.0276862382888793,-0.0243107676506042,-0.0152819156646728,-0.0024303793907165,0.0100248456001281,0.0211361646652221,0.0296742916107177,0.0382770895957946,0.0463792085647583,0.0491752624511718,0.0465235710144043,0.0386402606964111,0.0296471714973449,0.0196303725242614,0.006360650062561,-0.0096049904823303,-0.0267300605773925,-0.0386180877685546,-0.0465281009674072,-0.0528956651687622,-0.0563759207725524,-0.0559943318367004,-0.0486286878585815,-0.0358210206031799,-0.020850121974945,-0.0057823657989501,0.0098692178726196,0.0282539129257202,0.0455772876739501,0.0581347346305847,0.064761996269226,0.0661553144454956,0.0659496188163757,0.0611568689346313,0.0504893660545349,0.0335350036621093,0.01409912109375,-0.0016794800758361,-0.0172644257545471,-0.032963752746582,-0.0477994680404663,-0.0588773488998413,-0.0615774393081665,-0.0600867867469787,-0.0557185411453247,-0.04911869764328,-0.0383460521697998,-0.022011399269104,-0.005246102809906,0.0098035931587219,0.0215623974800109,0.0327258706092834,0.0430532693862915,0.0490365624427795,0.0500828027725219,0.045304000377655,0.0389407873153686,0.0,0.0,0.0,0.0,0.0,0.0,0.0,0.0,0.0,0.0,0.0,0.0,0.0,0.0,0.0,0.0,0.0,0.0,0.0,0.0,0.0,0.0,0.0,0.0,0.0,0.0,0.0,0.0,0.0,0.0,0.0,0.0,0.0,0.0,0.0,0.0,0.0,0.0,0.0,0.0,0.0,0.0,0.0,0.0,0.0,0.0,0.0,0.0,0.0,0.0,0.0,0.0,0.0,0.0,0.0,0.0,0.0,0.0,0.0,0.0,0.0,0.0,0.0,0.0,0.0,0.0,0.0,0.0,0.0,0.0,0.0,0.0,0.0,0.0,0.0,0.0,0.0,0.0,0.0,0.0,0.0,0.0,0.0,0.0,0.0,0.0,0.0,0.0,0.0,0.0,0.0,0.0,0.0,0.0,0.0,0.0,0.0,0.0,0.0,0.0,0.0,0.0,0.0,0.0,0.0,0.0,0.0,0.0,0.0,0.0,0.0,0.0,0.0,0.0,0.0,0.0,0.0,0.0,0.0,0.0,0.0,0.0,0.0,0.0,0.0,0.0,0.0,0.0,0.0,0.0,0.0,0.0,0.0,0.0,0.0,0.0,0.0,0.0,0.0,0.0,0.0,0.0,0.0,0.0,0.0,0.0,0.0,0.0,0.0,0.0
28,-0.05759746,-0.08766347,-0.08225429,-0.06262243,-0.052517414,-0.046373904,-0.044398665,-0.03709662,-0.029897273,-0.021621108,-0.011931181,-0.005741179,0.0018756986,0.009559751,0.020187974,0.02772957,0.030425072,0.0333212,0.0433172,0.047867537,0.04962969,0.04613787,0.050433874,0.052261174,0.026764035,-0.03616774,-0.08773047,-0.09308666,-0.075048566,-0.06256443,-0.057055593,-0.052587688,-0.039656878,-0.0308398,-0.023572266,-0.015825987,-0.007676244,0.00047570467,0.0074934363,0.018170595,0.02520305,0.028942466,0.03504145,0.04785657,0.052987456,0.053990364,0.05006951,0.058361232,0.06251323,0.035763085,-0.024205446,-0.0740881,-0.083391964,-0.07201445,-0.062511444,-0.059104085,-0.05390519,-0.03998649,-0.03207165,-0.026484013,-0.018364131,-0.0062105656,0.003496468,0.010125756,0.018113315,0.025376976,0.031022727,0.03905183,0.052651346,0.056827188,0.060311258,0.059063733,0.06856191,0.07717544,0.062197626,-0.0,-0.0,-0.0,-0.0,-0.0,-0.0,-0.0,-0.0,-0.0,-0.0,-0.0,-0.0,-0.0,-0.0,-0.0,-0.0,-0.0,-0.0,-0.0,-0.0,-0.0,0.0,0.0,0.0,-0.0,-0.0,-0.0,-0.0,0.0,-0.0,-0.0,0.0,0.0,0.0,-0.0,-0.0,-0.0,0.0,-0.0,-0.0,-0.0,-0.0,-0.0,-0.0,-0.0,-0.0,0.0,0.0,-0.0,-0.0,-0.0,-0.0,-0.0,-0.0,-0.0,-0.0,0.0,0.0,0.0,-0.0,-0.0,0.0,0.0,-0.0,-0.0,-0.0,-0.0,0.0,-0.0,-0.0,-0.0,0.0,0.0,-0.0,-0.0,0.0,-0.0,-0.0,-0.0,-0.0,-0.0,-0.0,-0.0,-0.0,-0.0,-0.0,0.0,-0.0,-0.0,-0.0,-0.0,-0.0,-0.0,-0.0,-0.0,0.0,0.0,0.0,-0.0,0.0,0.0,0.0,-0.0,-0.0,0.0,0.0,0.0,-0.0,-0.0,0.0,0.0,0.0,-0.0,-0.0,-0.0,0.0,0.0,-0.0,-0.0,-0.0,0.0,0.0,0.0,-0.0,-0.0,0.0,-0.0,-0.0,0.0,0.0,0.0,0.0,-0.0,0.0,0.0,0.0,0.0,0.0,-0.0,-0.0,0.0,0.0,-0.0,-0.0,0.0,0.0,0.0,-0.0,-0.0,-0.0
29,0.0,0.0,0.0,0.0,0.0,0.0,0.0,0.0,0.0,0.0,0.0,0.0,0.0,0.0,0.0,0.0,0.0,0.0,0.0,0.0,0.0,0.0,0.0,0.0,0.0,0.0,0.0,0.0,0.0,0.0,0.0,0.0,0.0,0.0,0.0,0.0,0.0,0.0,0.0,0.0,0.0,0.0,0.0,0.0,0.0,0.0,0.0,0.0,0.0,0.0,0.0,0.0,0.0,0.0,0.0,0.0,0.0,0.0,0.0,0.0,0.0,0.0,0.0,0.0,0.0,0.0,0.0,0.0,0.0,0.0,0.0,0.0,0.0,0.0,0.0,-4.881620407104492e-05,-0.0002509355545043,-0.0002446174621582,-9.238719940185549e-06,5.501508712768555e-05,4.00543212890625e-05,-0.000173270702362,0.0001872181892395,0.0004858970642089,0.0003279447555541,0.0002477765083312,0.0002447962760925,0.0005873441696166,0.0007646083831787,0.0006340742111206,0.0008381009101867,0.0009980201721191,0.0012451410293579,0.0014507174491882,0.0015689730644226,0.0018514394760131,0.0021619796752929,0.0026097893714904,0.003075361251831,0.0037152767181396,0.0042929649353027,0.0048961639404296,0.0059911012649536,0.0071740746498107,0.0082409381866455,0.0092355608940124,0.0104425549507141,0.0121940970420837,0.0137785673141479,0.0150866508483886,0.0164485573768615,0.0181039571762084,0.0200341343879699,0.0215741395950317,0.0227090120315551,0.0237895846366882,0.0250477194786071,0.0264972448348999,0.0275278091430664,0.0284395217895507,0.0293762683868408,0.030331015586853,0.0311967730522155,0.031507134437561,0.0316362977027893,0.0316306352615356,0.0316859483718872,0.0321277379989624,0.032335877418518,0.0323691368103027,0.0321270227432251,0.0321320295333862,0.0322595238685607,0.0322898626327514,0.032588243484497,0.0332028865814209,0.0338956117630004,0.0340064167976379,0.0334128141403198,0.0323647856712341,0.032029390335083,0.0318593382835388,0.0309051871299743,0.0281314849853515,0.0245333909988403,0.0219427943229675,0.0198558568954467,0.0188900232315063,0.0181977748870849,0.0154833197593688,5.4717063903808594e-05,0.0003559589385986,0.0004752874374389,0.0004612207412719,0.0002359151840209,0.0001860260963439,0.0006688833236694,0.0005878806114196,0.0002924799919128,0.0001882314682006,0.0004847645759582,0.0008173584938049,0.0005632042884826,0.0003641247749328,0.0003287196159362,0.0004770159721374,0.0004550814628601,0.0001175999641418,-1.7464160919189453e-05,-0.0002182722091674,-0.0004270672798156,-0.0007990002632141,-0.0011218786239624,-0.0014741420745849,-0.0022082924842834,-0.0027577877044677,-0.0033199191093444,-0.0040503740310668,-0.0051478743553161,-0.006667673587799,-0.0075781345367431,-0.0085999369621276,-0.0102538466453552,-0.0120089054107666,-0.0137261748313903,-0.0148622989654541,-0.0161799788475036,-0.018104612827301,-0.0198705792427063,-0.021239697933197,-0.0220955610275268,-0.0233256220817565,-0.0248110890388488,-0.0261464118957519,-0.0271742343902587,-0.0279752016067504,-0.0290621519088745,-0.0299237966537475,-0.0303213596343994,-0.0305989384651184,-0.0305469036102294,-0.0307308435440063,-0.031051218509674,-0.0315372347831726,-0.0318567156791687,-0.0315335392951965,-0.0315611362457275,-0.0316454172134399,-0.0319312214851379,-0.0323132276535034,-0.0328812003135681,-0.0335401892662048,-0.0336971282958984,-0.0335250496864318,-0.0325569510459899,-0.0321390032768249,-0.0319326519966125,-0.0310682654380798,-0.0284896492958068,-0.0248419046401977,-0.0223276019096374,-0.020320177078247,-0.0192918181419372,-0.0188627839088439,-0.0162023305892944
30,-0.00027266145,-0.0004824102,-0.00078368187,-0.0009811819,-0.0015273988,-0.0021258295,-0.0036585927,-0.0050952733,-0.006445259,-0.008326024,-0.009837419,-0.01138562,-0.012752712,-0.014156282,-0.016145676,-0.017737776,-0.019745588,-0.021941543,-0.02392456,-0.026285022,-0.027379006,-0.028227419,-0.029064566,-0.0294379,-0.029936284,-0.030207425,-0.030314386,-0.03036496,-0.030828357,-0.032081008,-0.03314787,-0.033468455,-0.033522666,-0.033462524,-0.033887118,-0.03437078,-0.034365803,-0.034867942,-0.035796553,-0.036464006,-0.036541045,-0.036560565,-0.03595981,-0.035716802,-0.03470233,-0.033569038,-0.031357706,-0.028949827,-0.026508361,-0.022410423,-0.017651021,-0.01298669,-0.0090774,-0.006358534,-0.0043881536,-0.0028846562,-0.0018897951,-0.0014400482,-0.0018612444,-0.0027513206,-0.003561318,-0.0038329363,-0.0038775802,-0.0044960976,-0.003901273,-0.0031435788,-0.0018183291,-0.00025370717,-0.00019147992,0.00026014447,0.0007534623,0.0016179681,0.0016585886,0.001749903,0.0020979643,-0.0,-0.0,-0.0,-0.0,-0.0,-0.0,0.0,-0.0,-0.0,-0.0,-0.0,-0.0,-0.0,-0.0,-0.0,-0.0,-0.0,-0.0,-0.0,-0.0,-0.0,-0.0,-0.0,-0.0,-0.0,-0.0,-0.0,0.0,0.0,-0.0,0.0,0.0,0.0,0.0,0.0,-0.0,0.0,0.0,0.0,-0.0,0.0,0.0,0.0,0.0,-0.0,-0.0,0.0,0.0,0.0,-0.0,-0.0,-0.0,-0.0,-0.0,-0.0,-0.0,-0.0,-0.0,-0.0,-0.0,-0.0,-0.0,-0.0,-0.0,-0.0,-0.0,-0.0,-0.0,-0.0,-0.0,-0.0,-0.0,-0.0,-0.0,-0.0,-0.0,-0.0,-0.0,-0.0,0.0,-0.0,-0.0,-0.0,-0.0,-0.0,-0.0,-0.0,-0.0,-0.0,-0.0,-0.0,-0.0,-0.0,-0.0,-0.0,-0.0,-0.0,-0.0,-0.0,-0.0,-0.0,0.0,0.0,-0.0,0.0,0.0,0.0,-0.0,-0.0,0.0,0.0,0.0,0.0,-0.0,0.0,0.0,0.0,0.0,-0.0,0.0,0.0,0.0,0.0,-0.0,-0.0,0.0,0.0,-0.0,-0.0,-0.0,-0.0,0.0,-0.0,0.0,-0.0,0.0,-0.0,-0.0,-0.0,-0.0,-0.0,0.0,-0.0,-0.0,-0.0,-0.0,-0.0,-0.0,-0.0,-0.0
31,0.10698372,0.11143288,0.1124877,0.11334452,0.1174607,0.115403205,0.120392114,0.114616215,0.11387339,0.117115736,0.119938344,0.110479206,0.08539474,-0.09327155,-0.10730985,-0.11307612,-0.1156466,-0.12051284,-0.11577493,-0.115142435,-0.11549628,-0.11635572,-0.118569285,-0.1112555,-0.100370675,0.089485526,0.10905057,0.107173175,0.11200297,0.118208826,0.11269927,0.11433187,0.10990673,0.11238992,0.11402169,0.11394045,0.11095971,0.099229336,-0.102749795,-0.11112955,-0.10704744,-0.11566877,-0.11905676,-0.114059746,-0.114840925,-0.11569154,-0.113767,-0.119277865,-0.11030266,-0.09597924,0.091226846,0.113912344,0.11004618,0.1159665,0.12066445,0.11737463,0.11932585,0.11787981,0.11663395,0.11513424,0.11963701,0.1143322,0.07953721,-0.09193137,-0.113375366,-0.10825166,-0.12427229,-0.12219337,-0.12050149,-0.12258616,-0.12182751,-0.1212149,-0.124643594,-0.11823121,-0.108469844,-0.0,-0.0,-0.0,0.0,0.0,0.0,0.0,0.0,0.0,0.0,0.0,0.0,0.0,-0.0,-0.0,-0.0,-0.0,-0.0,-0.0,-0.0,-0.0,-0.0,-0.0,-0.0,-0.0,-0.0,-0.0,-0.0,0.0,0.0,0.0,-0.0,-0.0,0.0,0.0,-0.0,-0.0,-0.0,-0.0,0.0,-0.0,-0.0,-0.0,-0.0,-0.0,-0.0,-0.0,-0.0,-0.0,-0.0,-0.0,-0.0,-0.0,-0.0,-0.0,-0.0,-0.0,-0.0,-0.0,-0.0,-0.0,-0.0,0.0,-0.0,-0.0,-0.0,-0.0,-0.0,0.0,-0.0,-0.0,-0.0,-0.0,0.0,-0.0,0.104473054,0.11170074,0.11549282,0.11470562,0.11651224,0.11337635,0.12094176,0.11695376,0.11481649,0.1174508,0.11791596,0.11198461,0.086740345,-0.0928587,-0.10820979,-0.11603847,-0.11553109,-0.116851985,-0.113975674,-0.11766851,-0.11845741,-0.1162191,-0.116414726,-0.109127015,-0.10127255,0.08762768,0.109740704,0.10961497,0.11134592,0.11566454,0.10890406,0.11451846,0.111848146,0.11207801,0.11063841,0.111020684,0.11182773,0.10161325,-0.10230023,-0.114908695,-0.11018273,-0.115977556,-0.11783022,-0.114145726,-0.116381526,-0.11671549,-0.114284396,-0.11789328,-0.10948536,-0.097525895,0.090712845,0.115956485,0.11116323,0.11661255,0.11873138,0.117137104,0.12122971,0.11861172,0.115967184,0.11394712,0.11997345,0.11650443,0.08161405,-0.09393597,-0.11504823,-0.10874024,-0.12214136,-0.120113075,-0.12065077,-0.12406805,-0.12267122,-0.119615555,-0.123104185,-0.1189501,-0.11274004
32,0.0,0.0,0.0,0.0,0.0,0.0,0.0,0.0,0.0,0.0,0.0,0.0,0.0,0.0,0.0,0.0,0.0,0.0,0.0,0.0,0.0,0.0,0.0,0.0,0.0,0.0,0.0,0.0,0.0,0.0,0.0,0.0,0.0,0.0,0.0,0.0,0.0,0.0,0.0,0.0,0.0,0.0,0.0,0.0,0.0,0.0,0.0,0.0,0.0,0.0,0.0,0.0,0.0,0.0,0.0,0.0,0.0,0.0,0.0,0.0,0.0,0.0,0.0,0.0,0.0,0.0,0.0,0.0,0.0,0.0,0.0,0.0,0.0,0.0,0.0,0.0160908699035644,0.0229309201240539,0.0265306234359741,0.0276447534561157,0.026414930820465,0.0257220268249511,0.026336669921875,0.0279958844184875,0.0296611785888671,0.0299720764160156,0.0293052792549133,0.0283592939376831,0.0286068320274353,0.0287758111953735,0.0282667279243469,0.0280836224555969,0.0281658768653869,0.0276913046836853,0.0269215106964111,0.0262438654899597,0.0264605283737182,0.0266992449760437,0.0283688306808471,0.0295970439910888,0.0307937860488891,0.031420886516571,0.0313005447387695,0.0307742953300476,0.030221402645111,0.0304803848266601,0.0315122604370117,0.0314958095550537,0.0317969918251037,0.0306413769721984,0.0287140607833862,0.0247831940650939,0.0113770961761474,-0.0070396661758422,-0.0176144242286682,-0.0238174200057983,-0.0257756114006042,-0.0252444744110107,-0.0257928371429443,-0.0258291363716125,-0.0272525548934936,-0.0294248461723327,-0.0297440290451049,-0.0287308096885681,-0.0280870199203491,-0.0277462005615234,-0.0274637341499328,-0.0272128582000732,-0.0271077156066894,-0.0268411636352539,-0.0264666676521301,-0.0257202982902526,-0.0251808166503906,-0.026123046875,-0.0270318388938903,-0.0278107523918151,-0.0277195572853088,-0.0272658467292785,-0.0267322659492492,-0.0267814397811889,-0.0273318290710449,-0.027906060218811,-0.028604507446289,-0.0290083289146423,-0.0283222198486328,-0.0281679630279541,-0.027403712272644,-0.0279262065887451,-0.0272989273071289,-0.0188543200492858,-0.0099019408226013,-0.0154932141304016,-0.0209701061248779,-0.0246247053146362,-0.0255122780799865,-0.0252556204795837,-0.025539219379425,-0.025809109210968,-0.0268788337707519,-0.0282070040702819,-0.0289583206176757,-0.0287838578224182,-0.0277848839759826,-0.0273534059524536,-0.0270947217941284,-0.0267970561981201,-0.0262094140052795,-0.0265207290649414,-0.0268304944038391,-0.0263698101043701,-0.0257691144943237,-0.0251275897026062,-0.0245983600616455,-0.0242254734039306,-0.0239173769950866,-0.0233145356178283,-0.0228312015533447,-0.0221245288848876,-0.0216338634490966,-0.0208382010459899,-0.019374668598175,-0.016996145248413,-0.0159223079681396,-0.0148702263832092,-0.0136834979057312,-0.0111425518989562,-0.0073726773262023,-0.0073605179786682,-0.0040535330772399,0.0033719539642333,0.0086154341697692,0.0119462013244628,0.0125387907028198,0.0132386088371276,0.0149770975112915,0.017007291316986,0.0191096067428588,0.0211389064788818,0.0225201845169067,0.0232955813407897,0.0239694714546203,0.0251466035842895,0.0252633690834045,0.0252156853675842,0.0257143974304199,0.026300311088562,0.0266023874282836,0.0261062979698181,0.0258961915969848,0.0258273482322692,0.0260701179504394,0.0268104672431945,0.0276083946228027,0.0281522870063781,0.0284706950187683,0.0287041068077087,0.0284253358840942,0.0277081131935119,0.0274834036827087,0.0279517173767089,0.0283837914466857,0.0290059447288513,0.0260992050170898,0.0240448117256164,0.0232676863670349,0.0177229046821594
33,-0.0236167311668396,-0.0348666310310363,-0.041657269001007,-0.0441095829010009,-0.0430938005447387,-0.0419477820396423,-0.0408132672309875,-0.0393952131271362,-0.0378248691558837,-0.0366042852401733,-0.035207986831665,-0.0332865715026855,-0.0322354435920715,-0.0313279032707214,-0.0303861498832702,-0.028920292854309,-0.0273035168647766,-0.0261425971984863,-0.0254979729652404,-0.0249569416046142,-0.0235088467597961,-0.0216599106788635,-0.0204560160636901,-0.0195363759994506,-0.018778383731842,-0.0173818469047546,-0.0153319835662841,-0.0135618448257446,-0.012164294719696,-0.0112543106079101,-0.0101813077926635,-0.0088453888893127,-0.0081033706665039,-0.006378948688507,-0.0041425228118896,-0.0001798272132873,0.001859426498413,-0.000734806060791,0.0003501772880554,0.0020537376403808,0.0047086477279663,0.0057541131973266,0.0071433186531066,0.0089620947837829,0.0104856491088867,0.0118672847747802,0.0125802159309387,0.0132807493209838,0.0146435499191284,0.0166598558425903,0.0185567736625671,0.0197833776473999,0.0206424593925476,0.0215314030647277,0.0222384333610534,0.0237634778022766,0.0250974297523498,0.0262473821640014,0.0273756980895996,0.0289415717124938,0.0302232503890991,0.0313217043876647,0.0314882397651672,0.0325358510017395,0.0339560508728027,0.0364120602607727,0.038191020488739,0.0395113825798034,0.0402696728706359,0.0405268669128418,0.0425593256950378,0.0425353646278381,0.0423747301101684,0.0424230694770813,0.0389420986175537,0.0241275429725646,0.0344314575195312,0.0437259078025817,0.0479716062545776,0.0484367609024047,0.0483207106590271,0.0486376881599426,0.0484269857406616,0.0474601984024047,0.046326994895935,0.0455792546272277,0.0459388494491577,0.0470696687698364,0.0471870899200439,0.0470509529113769,0.0462682843208313,0.0452986359596252,0.0458562970161438,0.0468243956565856,0.04734867811203,0.0476714372634887,0.0479235053062438,0.04752779006958,0.0466262102127075,0.045617401599884,0.0467404723167419,0.0474318861961364,0.0481535792350769,0.0477935075759887,0.0475939512252807,0.0474356412887573,0.0460565090179443,0.0463349223136901,0.0458077788352966,0.0442831516265869,0.0401363372802734,0.0218618512153625,-0.0029853582382202,-0.0270742774009704,-0.0452359914779663,-0.0509511828422546,-0.0488310456275939,-0.0462598800659179,-0.0479453206062316,-0.0489388704299926,-0.0482233762741088,-0.0469499826431274,-0.0466251969337463,-0.0466480255126953,-0.0475413799285888,-0.0475087761878967,-0.0472213625907897,-0.0464906692504882,-0.0459883213043212,-0.046460211277008,-0.0471998453140258,-0.0471340417861938,-0.0469890832901001,-0.0471989512443542,-0.0465654730796813,-0.0460779666900634,-0.045708417892456,-0.0463483333587646,-0.0460023283958435,-0.0456984043121337,-0.0455768108367919,-0.045972466468811,-0.0463442802429199,-0.0461020469665527,-0.0465196967124938,-0.0454222559928894,-0.0442385077476501,-0.0409718751907348,-0.0298394560813903,-0.0191108584403991,-0.0261553525924682,-0.0364076495170593,-0.0441169142723083,-0.0472158193588256,-0.0475286841392517,-0.0475977063179016,-0.0483821034431457,-0.0479986071586608,-0.0476466417312622,-0.0475509166717529,-0.0472864508628845,-0.0466323494911193,-0.0465521812438964,-0.046818196773529,-0.0467062592506408,-0.0464026927947998,-0.0460128784179687,-0.045580506324768,-0.0457801222801208,-0.0457291007041931,-0.0450616478919982,-0.0446839332580566,-0.0436985492706298,-0.0430031418800354,-0.0418653488159179,-0.0406106114387512,-0.0394666790962219,-0.0369471907615661,-0.0348992347717285,-0.0330533981323242,-0.030849277973175,-0.0287349820137023,-0.0248398780822753,-0.0198860764503479,-0.0140696167945861,-0.0074796080589294,-0.0073267221450805,-0.0054495930671691,-8.362531661987305e-05,0.0072152018547058,0.0128834247589111,0.016983687877655,0.0207456350326538,0.0241294503211975,0.0285605192184448,0.0315691828727722,0.0334784388542175,0.03565114736557,0.0383685827255249,0.0412486791610717,0.0432669520378112,0.0437187552452087,0.0447515249252319,0.0454642176628112,0.0463454127311706,0.0467943549156188,0.0472643971443176,0.0479063391685485,0.0484846830368042,0.0488600730895996,0.0486048460006713,0.0486418604850769,0.0485413670539855,0.0486085414886474,0.0487529635429382,0.0494709014892578,0.0502112507820129,0.0505145192146301,0.0497617721557617,0.0487471222877502,0.0487173199653625,0.0479238033294677,0.047974944114685,0.0480271577835083,0.0378294587135314
34,0.031757355,0.040006876,0.04496318,0.049633026,0.05300814,0.053907454,0.05578661,0.056465805,0.05756408,0.05883491,0.06093067,0.061473846,0.06265193,0.06395209,0.06603032,0.06629664,0.06658918,0.06674862,0.06718892,0.0678457,0.067756295,0.06774372,0.06740618,0.06848997,0.06959778,0.071178734,0.07297653,0.07362729,0.074256,0.0757916,0.0770089,0.077916026,0.07787442,0.07783556,0.078765035,0.07831812,0.077346504,0.07582909,0.075757205,0.07641333,0.076989114,0.077641785,0.07941103,0.08028406,0.08255082,0.08380526,0.08505601,0.08447325,0.08483374,0.08579242,0.08641511,0.08639538,0.08705115,0.08690894,0.08732951,0.08710444,0.08622277,0.08721489,0.08857018,0.08935714,0.08865279,0.087999344,0.08798909,0.08875209,0.08976781,0.09054738,0.09230435,0.09387016,0.0945254,0.09263408,0.08990884,0.082751215,0.07517165,0.062532425,0.049066484,-0.0,-0.0,-0.0,-0.0,-0.0,-0.0,-0.0,-0.0,-0.0,-0.0,-0.0,-0.0,-0.0,-0.0,-0.0,-0.0,-0.0,-0.0,-0.0,-0.0,-0.0,-0.0,-0.0,-0.0,-0.0,-0.0,-0.0,-0.0,-0.0,-0.0,-0.0,-0.0,-0.0,0.0,0.0,0.0,0.0,0.0,0.0,0.0,0.0,0.0,0.0,-0.0,-0.0,-0.0,-0.0,-0.0,-0.0,-0.0,-0.0,-0.0,-0.0,-0.0,-0.0,-0.0,-0.0,-0.0,-0.0,-0.0,-0.0,-0.0,-0.0,-0.0,-0.0,-0.0,-0.0,-0.0,-0.0,-0.0,-0.0,-0.0,0.0,0.0,-0.0,-0.0,-0.0,-0.0,-0.0,-0.0,-0.0,-0.0,-0.0,-0.0,-0.0,-0.0,-0.0,-0.0,-0.0,-0.0,-0.0,-0.0,-0.0,-0.0,-0.0,-0.0,-0.0,-0.0,-0.0,-0.0,-0.0,0.0,-0.0,-0.0,-0.0,-0.0,-0.0,0.0,-0.0,0.0,0.0,0.0,0.0,0.0,0.0,0.0,0.0,0.0,-0.0,-0.0,-0.0,0.0,0.0,0.0,-0.0,0.0,0.0,-0.0,-0.0,-0.0,-0.0,-0.0,-0.0,-0.0,-0.0,-0.0,-0.0,-0.0,-0.0,-0.0,-0.0,-0.0,-0.0,-0.0,-0.0,0.0,0.0,0.0,-0.0,-0.0
35,0.0,0.0,0.0,0.0,0.0,0.0,0.0,0.0,0.0,0.0,0.0,0.0,0.0,0.0,0.0,0.0,0.0,0.0,0.0,0.0,0.0,0.0,0.0,0.0,0.0,0.0,0.0,0.0,0.0,0.0,0.0,0.0,0.0,0.0,0.0,0.0,0.0,0.0,0.0,0.0,0.0,0.0,0.0,0.0,0.0,0.0,0.0,0.0,0.0,0.0,0.0,0.0,0.0,0.0,0.0,0.0,0.0,0.0,0.0,0.0,0.0,0.0,0.0,0.0,0.0,0.0,0.0,0.0,0.0,0.0,0.0,0.0,0.0,0.0,0.0,0.0311306715011596,0.0360898375511169,0.0378288030624389,0.0377599596977233,0.0373342633247375,0.0377594232559204,0.0381802916526794,0.0376233458518981,0.0376476645469665,0.0370482206344604,0.0366832613945007,0.0355668067932128,0.0353474020957946,0.0361891388893127,0.0371648073196411,0.0386524200439453,0.0391168594360351,0.0385906100273132,0.0380346775054931,0.0379121899604797,0.0380330681800842,0.0385210514068603,0.0389502048492431,0.0393494367599487,0.039657711982727,0.0397908091545105,0.039880633354187,0.0398411750793457,0.039877712726593,0.0400982499122619,0.0407065749168396,0.0408069491386413,0.0409667491912841,0.0412099361419677,0.0412231087684631,0.0417554378509521,0.0417365431785583,0.0421165227890014,0.0425183176994323,0.0428035855293273,0.0432347655296325,0.0433655381202697,0.0441963076591491,0.0446801781654357,0.0449789762496948,0.0451053977012634,0.0441592335700988,0.0437256693840026,0.04358571767807,0.0443524718284606,0.0455789566040039,0.0461978912353515,0.0473507642745971,0.0478516221046447,0.0489288568496704,0.0496598482131958,0.0500077605247497,0.0506126284599304,0.0528373718261718,0.0553218722343444,0.0555964112281799,0.0542693734169006,0.0513414740562438,0.0478783845901489,0.046015441417694,0.0459226965904235,0.0448726415634155,0.0438306331634521,0.0418879389762878,0.0395217537879943,0.0368634462356567,0.0321675539016723,0.027730643749237,0.0221891403198242,0.0133674144744873,-0.031761348247528,-0.036715030670166,-0.0388453602790832,-0.0384479761123657,-0.0379822850227355,-0.0385366678237915,-0.0385624766349792,-0.0384321212768554,-0.0379254817962646,-0.0375476479530334,-0.037075400352478,-0.0360913872718811,-0.0358466506004333,-0.0363789796829223,-0.0374367237091064,-0.0388804078102111,-0.0394456982612609,-0.0391863584518432,-0.0384087562561035,-0.0382017493247985,-0.0382384061813354,-0.0387402772903442,-0.0394722819328308,-0.0396344065666198,-0.0396426916122436,-0.0398534536361694,-0.0400420427322387,-0.0401376485824584,-0.0399152636528015,-0.0403844118118286,-0.0408225059509277,-0.0411300063133239,-0.0411579012870788,-0.0414233207702636,-0.0418494343757629,-0.0421611070632934,-0.0421724915504455,-0.0427067875862121,-0.0429744124412536,-0.043661892414093,-0.0436102747917175,-0.0440053939819335,-0.0446189641952514,-0.0452361106872558,-0.0457470417022705,-0.0454779267311096,-0.045108139514923,-0.0445680618286132,-0.0442028641700744,-0.0450990200042724,-0.046203076839447,-0.0472095012664794,-0.0481982827186584,-0.0485669374465942,-0.0497078895568847,-0.0504333972930908,-0.0511921048164367,-0.0515787005424499,-0.053782045841217,-0.0559096336364746,-0.0564246177673339,-0.0556692481040954,-0.0521681904792785,-0.0489627718925476,-0.0472888350486755,-0.0471583604812622,-0.0464387536048889,-0.0449917912483215,-0.0430307388305664,-0.0408663153648376,-0.0381447076797485,-0.033765971660614,-0.0288990139961242,-0.0233559012413024,-0.0144889950752258
36,-0.0173315405845642,-0.0201663374900817,-0.0223786234855651,-0.0234630703926086,-0.0242005586624145,-0.0245282649993896,-0.0249220728874206,-0.0254622101783752,-0.0264199972152709,-0.0267949104309082,-0.0262876152992248,-0.0256661176681518,-0.0248119831085205,-0.02430921792984,-0.0240101814270019,-0.0242997407913208,-0.0249276757240295,-0.0260100960731506,-0.0270568132400512,-0.0277321338653564,-0.0279410481452941,-0.0276253223419189,-0.027272880077362,-0.0269860625267028,-0.0272385478019714,-0.0280074477195739,-0.0286359190940856,-0.0288321375846862,-0.0286962985992431,-0.0282194018363952,-0.0277835726737976,-0.0274731516838073,-0.0272310376167297,-0.0278129577636718,-0.0283517241477966,-0.0291725993156433,-0.0297361612319946,-0.0298653841018676,-0.0296450853347778,-0.0292116403579711,-0.0287477970123291,-0.0284536480903625,-0.02860027551651,-0.0290715098381042,-0.0294449925422668,-0.0296762585639953,-0.0298976898193359,-0.0305333137512207,-0.0313140153884887,-0.0316719412803649,-0.0314863920211792,-0.0314191579818725,-0.0311034321784973,-0.0307816863059997,-0.0307496190071105,-0.0311090350151062,-0.0316209197044372,-0.0322361588478088,-0.0326476693153381,-0.0328261852264404,-0.0328036546707153,-0.0322966575622558,-0.0317322611808776,-0.0315077304840087,-0.0312845110893249,-0.0306636691093444,-0.0302681922912597,-0.0308383703231811,-0.0315929651260376,-0.0310889482498168,-0.0296897888183593,-0.0272340178489685,-0.0231841206550598,-0.0180411338806152,-0.012538731098175,0.0,0.0,0.0,0.0,0.0,0.0,0.0,0.0,0.0,0.0,0.0,0.0,0.0,0.0,0.0,0.0,0.0,0.0,0.0,0.0,0.0,0.0,0.0,0.0,0.0,0.0,0.0,0.0,0.0,0.0,0.0,0.0,0.0,0.0,0.0,0.0,0.0,0.0,0.0,0.0,0.0,0.0,0.0,0.0,0.0,0.0,0.0,0.0,0.0,0.0,0.0,0.0,0.0,0.0,0.0,0.0,0.0,0.0,0.0,0.0,0.0,0.0,0.0,0.0,0.0,0.0,0.0,0.0,0.0,0.0,0.0,0.0,0.0,0.0,0.0,0.0,0.0,0.0,0.0,0.0,0.0,0.0,0.0,0.0,0.0,0.0,0.0,0.0,0.0,0.0,0.0,0.0,0.0,0.0,0.0,0.0,0.0,0.0,0.0,0.0,0.0,0.0,0.0,0.0,0.0,0.0,0.0,0.0,0.0,0.0,0.0,0.0,0.0,0.0,0.0,0.0,0.0,0.0,0.0,0.0,0.0,0.0,0.0,0.0,0.0,0.0,0.0,0.0,0.0,0.0,0.0,0.0,0.0,0.0,0.0,0.0,0.0,0.0,0.0,0.0,0.0,0.0,0.0,0.0,0.0,0.0,0.0,0.0,0.0,0.0
37,0.0,0.0,0.0,0.0,0.0,0.0,0.0,0.0,0.0,0.0,0.0,0.0,0.0,0.0,0.0,0.0,0.0,0.0,0.0,0.0,0.0,0.0,0.0,0.0,0.0,0.0,0.0,0.0,0.0,0.0,0.0,0.0,0.0,0.0,0.0,0.0,0.0,0.0,0.0,0.0,0.0,0.0,0.0,0.0,0.0,0.0,0.0,0.0,0.0,0.0,0.0,0.0,0.0,0.0,0.0,0.0,0.0,0.0,0.0,0.0,0.0,0.0,0.0,0.0,0.0,0.0,0.0,0.0,0.0,0.0,0.0,0.0,0.0,0.0,0.0,0.0,0.0,0.0,0.0,0.0,0.0,0.0,0.0,0.0,0.0,0.0,0.0,0.0,0.0,0.0,0.0,0.0,0.0,0.0,0.0,0.0,0.0,0.0,0.0,0.0,0.0,0.0,0.0,0.0,0.0,0.0,0.0,0.0,0.0,0.0,0.0,0.0,0.0,0.0,0.0,0.0,0.0,0.0,0.0,0.0,0.0,0.0,0.0,0.0,0.0,0.0,0.0,0.0,0.0,0.0,0.0,0.0,0.0,0.0,0.0,0.0,0.0,0.0,0.0,0.0,0.0,0.0,0.0,0.0,0.0,0.0,0.0,0.0,0.0,0.0,0.0,0.0,0.0,0.0,0.0,0.0,0.0,0.0,0.0,0.0,0.0,0.0,0.0,0.0,0.0,0.0,0.0,0.0,0.0,0.0,0.0,0.0,0.0,0.0,0.0,0.0,0.0,0.0,0.0,0.0,0.0,0.0,0.0,0.0,0.0,0.0,0.0,0.0,0.0,0.0,0.0,0.0,0.0,0.0,0.0,0.0,0.0,0.0,0.0,0.0,0.0,0.0,0.0,0.0,0.0,0.0,0.0,0.0,0.0,0.0,0.0,0.0,0.0,0.0,0.0,0.0,0.0,0.0,0.0,0.0,0.0,0.0,0.0,0.0,0.0
38,0.0,0.0,0.0,-0.0,0.0,0.0,-0.0,-0.0,-0.0,0.0,0.0,0.0,0.0,0.0,0.0,0.0,0.0,0.0,0.0,0.0,0.0,0.0,0.0,0.0,0.0,0.0,0.0,0.0,-0.0,-0.0,-0.0,-0.0,-0.0,-0.0,0.0,0.0,0.0,0.0,0.0,0.0,0.0,0.0,0.0,0.0,0.0,0.0,0.0,0.0,0.0,0.0,0.0,-0.0,-0.0,-0.0,-0.0,-0.0,-0.0,-0.0,-0.0,-0.0,-0.0,-0.0,-0.0,-0.0,0.0,0.0,0.0,0.0,0.0,0.0,0.0,0.0,0.0,0.0,0.0,-0.004696816,-0.0066503286,-0.008358002,-0.009607196,-0.009985894,-0.010463029,-0.0101540685,-0.008369386,-0.0061437488,-0.0039230883,-0.001154542,0.0014098883,0.004741311,0.007469535,0.0094923675,0.011181146,0.012162089,0.012712777,0.011821836,0.010560691,0.009002507,0.0064852536,0.0031887293,-0.0008786917,-0.0048651993,-0.008759707,-0.012494177,-0.015666157,-0.017687261,-0.018966526,-0.018889308,-0.018128514,-0.01573509,-0.011905134,-0.007367909,-0.0029271543,0.0019542873,0.0072998106,0.011824608,0.015445918,0.018179536,0.020149678,0.020798445,0.019723833,0.017105669,0.014248967,0.011412859,0.007309705,0.002509147,-0.002157867,-0.005751133,-0.009183645,-0.011664867,-0.013662845,-0.014969468,-0.014590472,-0.013670981,-0.012281567,-0.00995025,-0.007118672,-0.0037981868,-0.00033140182,0.0030925572,0.006398648,0.009198308,0.011384517,0.0123643875,0.0128599405,0.012217283,0.010929227,0.009305716,0.007035494,0.00487566,0.0026820898,0.00045320392,-0.0,-0.0,-0.0,-0.0,-0.0,-0.0,-0.0,0.0,-0.0,-0.0,0.0,0.0,0.0,0.0,0.0,0.0,0.0,0.0,0.0,0.0,0.0,0.0,0.0,0.0,0.0,-0.0,-0.0,-0.0,-0.0,-0.0,-0.0,-0.0,-0.0,-0.0,0.0,-0.0,0.0,0.0,0.0,0.0,0.0,0.0,0.0,0.0,0.0,0.0,0.0,0.0,0.0,0.0,-0.0,-0.0,-0.0,-0.0,-0.0,-0.0,-0.0,-0.0,-0.0,-0.0,-0.0,-0.0,-0.0,-0.0,-0.0,0.0,0.0,0.0,0.0,0.0,0.0,0.0,-0.0,0.0,-0.0
39,0.0,0.0,0.0,0.0,0.0,0.0,0.0,0.0,0.0,0.0,0.0,0.0,0.0,0.0,0.0,0.0,0.0,0.0,0.0,0.0,0.0,0.0,0.0,0.0,0.0,0.0,0.0,0.0,0.0,0.0,0.0,0.0,0.0,0.0,0.0,0.0,0.0,0.0,0.0,0.0,0.0,0.0,0.0,0.0,0.0,0.0,0.0,0.0,0.0,0.0,0.0,0.0,0.0,0.0,0.0,0.0,0.0,0.0,0.0,0.0,0.0,0.0,0.0,0.0,0.0,0.0,0.0,0.0,0.0,0.0,0.0,0.0,0.0,0.0,0.0,0.00021570921,-0.0002028048,-0.0007599592,-0.0012934804,-0.0019132495,-0.0027389824,-0.0038668513,-0.0053732395,-0.006539196,-0.008051544,-0.0099723935,-0.011957973,-0.014176011,-0.01605913,-0.018462777,-0.020991445,-0.023478717,-0.025989026,-0.028555721,-0.031058908,-0.03292501,-0.034911573,-0.03716123,-0.038709223,-0.039842278,-0.04080218,-0.041305125,-0.041704476,-0.04151705,-0.040755987,-0.039859504,-0.039211184,-0.038268536,-0.035964966,-0.033958256,-0.03194201,-0.029728085,-0.027350783,-0.024811476,-0.02224636,-0.019435406,-0.017212957,-0.0149534345,-0.012794316,-0.010620087,-0.008726805,-0.0068606436,-0.0051599443,-0.003970474,-0.003165841,-0.0017639697,-0.0009851158,-0.00038531423,-0.00030323863,0.00033304095,0.00073319674,0.0009866953,0.0008932352,0.001027137,0.0011147559,0.00094279647,0.00058969855,0.0008338392,0.0008864105,0.0009797513,0.0007914305,0.0005405843,0.00084108114,0.0006880462,0.000836581,0.00082710385,0.00078111887,0.000903666,0.0011190474,0.0013863444,0.0,0.0,0.0,0.0,0.0,0.0,0.0,0.0,0.0,0.0,0.0,0.0,0.0,0.0,0.0,0.0,0.0,0.0,0.0,0.0,0.0,0.0,0.0,0.0,0.0,0.0,0.0,0.0,0.0,0.0,0.0,0.0,0.0,0.0,0.0,0.0,0.0,0.0,0.0,0.0,0.0,0.0,0.0,0.0,0.0,0.0,0.0,0.0,0.0,0.0,0.0,0.0,0.0,0.0,0.0,0.0,0.0,0.0,0.0,0.0,0.0,0.0,0.0,0.0,0.0,0.0,0.0,0.0,0.0,0.0,0.0,0.0,0.0,0.0,0.0
40,-0.0043549537658691,-0.0054138898849487,-0.006851851940155,-0.0069300532341003,-0.0078990459442138,-0.0085595250129699,-0.0099335312843322,-0.0112215876579284,-0.0119953155517578,-0.0128117203712463,-0.0138648748397827,-0.0154641270637512,-0.0166646838188171,-0.0173011422157287,-0.0186021924018859,-0.0195305347442626,-0.021046757698059,-0.0223159193992614,-0.0229431390762329,-0.0238868594169616,-0.0249218344688415,-0.0265969634056091,-0.027421236038208,-0.0279652476310729,-0.0289505720138549,-0.0298237800598144,-0.0313459634780883,-0.0320443511009216,-0.0324094891548156,-0.0333169102668762,-0.0336220264434814,-0.0348648428916931,-0.0350760817527771,-0.0354057550430297,-0.0356670618057251,-0.036158263683319,-0.0371050834655761,-0.0368241071701049,-0.0370304584503173,-0.0369082689285278,-0.0371214747428894,-0.0374419689178466,-0.0368361473083496,-0.0365726351737976,-0.0361573100090026,-0.0358545780181884,-0.0360620617866516,-0.0352821350097656,-0.0346280932426452,-0.0336538553237915,-0.033227264881134,-0.0328856706619262,-0.0317946672439575,-0.0309367775917053,-0.0296615958213806,-0.0289843082427978,-0.0283887982368469,-0.0270982384681701,-0.026056170463562,-0.0247343182563781,-0.0240688920021057,-0.0231278538703918,-0.0217862129211425,-0.0208032727241516,-0.0192415714263916,-0.0184671282768249,-0.0177294611930847,-0.0161578655242919,-0.0151110887527465,-0.0137327909469604,-0.0133345127105712,-0.0122521519660949,-0.0108779072761535,-0.009783387184143,-0.0086222887039184,0.0,0.0,0.0,0.0,0.0,0.0,0.0,0.0,0.0,0.0,0.0,0.0,0.0,0.0,0.0,0.0,0.0,0.0,0.0,0.0,0.0,0.0,0.0,0.0,0.0,0.0,0.0,0.0,0.0,0.0,0.0,0.0,0.0,0.0,0.0,0.0,0.0,0.0,0.0,0.0,0.0,0.0,0.0,0.0,0.0,0.0,0.0,0.0,0.0,0.0,0.0,0.0,0.0,0.0,0.0,0.0,0.0,0.0,0.0,0.0,0.0,0.0,0.0,0.0,0.0,0.0,0.0,0.0,0.0,0.0,0.0,0.0,0.0,0.0,0.0,0.0,0.0,0.0,0.0,0.0,0.0,0.0,0.0,0.0,0.0,0.0,0.0,0.0,0.0,0.0,0.0,0.0,0.0,0.0,0.0,0.0,0.0,0.0,0.0,0.0,0.0,0.0,0.0,0.0,0.0,0.0,0.0,0.0,0.0,0.0,0.0,0.0,0.0,0.0,0.0,0.0,0.0,0.0,0.0,0.0,0.0,0.0,0.0,0.0,0.0,0.0,0.0,0.0,0.0,0.0,0.0,0.0,0.0,0.0,0.0,0.0,0.0,0.0,0.0,0.0,0.0,0.0,0.0,0.0,0.0,0.0,0.0,0.0,0.0,0.0
41,0.0079184770584106,0.0092828273773193,0.0101089477539062,0.0108648538589477,0.0114882588386535,0.0122820734977722,0.0136255621910095,0.0148908495903015,0.0156736969947814,0.0166919827461242,0.0177314281463623,0.0193907022476196,0.0204008817672729,0.0212487578392028,0.0220797657966613,0.0231236219406127,0.0247359275817871,0.0258508324623107,0.0268045663833618,0.0272499918937683,0.0283730626106262,0.02982759475708,0.0310213565826416,0.0317009687423706,0.0321056842803955,0.0333068370819091,0.0346335172653198,0.0352588295936584,0.0357635617256164,0.0362859964370727,0.0369041562080383,0.0377633571624755,0.0378308296203613,0.0381266474723815,0.0384318232536315,0.0386924147605896,0.0391920208930969,0.0392733216285705,0.0390356183052063,0.0385295748710632,0.0386157035827636,0.0387971401214599,0.0384193062782287,0.0376732349395751,0.0371088981628418,0.0370182394981384,0.0368889570236206,0.0360317826271057,0.0351737141609191,0.0342025756835937,0.0336290597915649,0.0329551696777343,0.0319722890853881,0.0309788584709167,0.0297293663024902,0.029076337814331,0.0281206965446472,0.0266869664192199,0.0256187319755554,0.0244516730308532,0.0237054228782653,0.0227848291397094,0.0214517712593078,0.0200579762458801,0.0188106298446655,0.0181844234466552,0.0172093510627746,0.0155797004699707,0.0142302513122558,0.012973129749298,0.0127671360969543,0.0119614005088806,0.0106656551361083,0.0094707608222961,0.0084027647972106,0.0,0.0,0.0,0.0,0.0,0.0,0.0,0.0,0.0,0.0,0.0,0.0,0.0,0.0,0.0,0.0,0.0,0.0,0.0,0.0,0.0,0.0,0.0,0.0,0.0,0.0,0.0,0.0,0.0,0.0,0.0,0.0,0.0,0.0,0.0,0.0,0.0,0.0,0.0,0.0,0.0,0.0,0.0,0.0,0.0,0.0,0.0,0.0,0.0,0.0,0.0,0.0,0.0,0.0,0.0,0.0,0.0,0.0,0.0,0.0,0.0,0.0,0.0,0.0,0.0,0.0,0.0,0.0,0.0,0.0,0.0,0.0,0.0,0.0,0.0,0.0,0.0,0.0,0.0,0.0,0.0,0.0,0.0,0.0,0.0,0.0,0.0,0.0,0.0,0.0,0.0,0.0,0.0,0.0,0.0,0.0,0.0,0.0,0.0,0.0,0.0,0.0,0.0,0.0,0.0,0.0,0.0,0.0,0.0,0.0,0.0,0.0,0.0,0.0,0.0,0.0,0.0,0.0,0.0,0.0,0.0,0.0,0.0,0.0,0.0,0.0,0.0,0.0,0.0,0.0,0.0,0.0,0.0,0.0,0.0,0.0,0.0,0.0,0.0,0.0,0.0,0.0,0.0,0.0,0.0,0.0,0.0,0.0,0.0,0.0
42,0.008772969,0.009822726,0.0098442435,0.009980679,0.011451066,0.013127089,0.014671445,0.014608026,0.016323626,0.019502044,0.02232182,0.022385001,0.024015605,0.026132166,0.02882868,0.03107661,0.03309208,0.034644485,0.035755396,0.038803577,0.041098297,0.04213059,0.04303938,0.044895053,0.047659934,0.050661802,0.052200377,0.053875923,0.056509912,0.060082197,0.06202948,0.063189805,0.064513326,0.066631794,0.06945562,0.07098931,0.07215762,0.073497176,0.07556659,0.07816911,0.07948756,0.08033705,0.08173567,0.08420521,0.08839458,0.09090555,0.09278977,0.092498004,0.09310597,0.093741596,0.09369987,0.09147334,0.088938534,0.087421656,0.08745843,0.087970614,0.08898693,0.09134704,0.09634894,0.10168052,0.1056031,0.107763946,0.10716903,0.107647836,0.10690367,0.10359907,0.098294675,0.091888964,0.083960354,0.076171815,0.066607416,0.057647407,0.049850404,0.044622302,0.038980782,-0.0,-0.0,-0.0,-0.0,-0.0,-0.0,-0.0,-0.0,-0.0,-0.0,-0.0,-0.0,-0.0,-0.0,-0.0,-0.0,-0.0,-0.0,0.0,0.0,0.0,-0.0,-0.0,0.0,0.0,0.0,0.0,0.0,0.0,0.0,0.0,0.0,0.0,0.0,0.0,0.0,0.0,0.0,0.0,0.0,0.0,0.0,0.0,0.0,0.0,0.0,0.0,0.0,0.0,0.0,0.0,-0.0,0.0,0.0,0.0,-0.0,-0.0,0.0,0.0,0.0,-0.0,-0.0,-0.0,-0.0,-0.0,-0.0,-0.0,-0.0,-0.0,-0.0,-0.0,-0.0,-0.0,-0.0,-0.0,-0.0,-0.0,-0.0,-0.0,-0.0,-0.0,-0.0,0.0,0.0,-0.0,-0.0,0.0,0.0,-0.0,-0.0,0.0,0.0,0.0,0.0,0.0,0.0,0.0,0.0,0.0,0.0,0.0,0.0,0.0,0.0,0.0,0.0,0.0,0.0,0.0,0.0,0.0,0.0,0.0,0.0,0.0,0.0,0.0,0.0,0.0,0.0,0.0,0.0,0.0,0.0,0.0,0.0,0.0,0.0,0.0,0.0,0.0,0.0,0.0,0.0,-0.0,-0.0,0.0,-0.0,-0.0,-0.0,-0.0,-0.0,-0.0,-0.0,-0.0,-0.0,-0.0,-0.0,-0.0,-0.0
43,-0.0,0.0,0.0,-0.0,-0.0,-0.0,0.0,-0.0,-0.0,-0.0,-0.0,-0.0,-0.0,-0.0,-0.0,-0.0,-0.0,-0.0,-0.0,-0.0,-0.0,-0.0,-0.0,-0.0,-0.0,-0.0,-0.0,-0.0,-0.0,-0.0,-0.0,-0.0,-0.0,-0.0,-0.0,-0.0,-0.0,-0.0,-0.0,-0.0,-0.0,-0.0,-0.0,-0.0,-0.0,-0.0,-0.0,-0.0,-0.0,-0.0,-0.0,-0.0,-0.0,-0.0,-0.0,-0.0,-0.0,-0.0,-0.0,-0.0,-0.0,-0.0,-0.0,-0.0,-0.0,-0.0,-0.0,-0.0,-0.0,-0.0,-0.0,-0.0,-0.0,-0.0,-0.0,0.007502854,0.008235693,0.008954465,0.009903491,0.0115535855,0.011760235,0.012942672,0.013578773,0.014463186,0.016140819,0.016641736,0.017514348,0.01845032,0.019276023,0.021042824,0.021876872,0.022610903,0.023070037,0.023913026,0.024863541,0.026147664,0.026893973,0.027223349,0.028316617,0.028968751,0.030576825,0.03273517,0.033575594,0.03420472,0.034972668,0.03529358,0.036018014,0.036837578,0.03755331,0.0379923,0.037648737,0.037587702,0.03867197,0.0413478,0.043370426,0.04574585,0.047329664,0.0477314,0.04840499,0.048410892,0.048786044,0.049287915,0.049138248,0.048675478,0.047150612,0.04504043,0.045737743,0.048270702,0.052743375,0.054860055,0.05518496,0.053125322,0.050243914,0.04753524,0.046098113,0.047272086,0.04816544,0.047696173,0.047169447,0.047712147,0.047563314,0.045904934,0.046123624,0.043859303,0.041044652,0.038220108,0.03368008,0.028549552,0.022751331,0.015283823,-0.008366108,-0.00946933,-0.00996244,-0.010900319,-0.012066662,-0.012828529,-0.014139593,-0.014663279,-0.015944064,-0.01727724,-0.018185854,-0.019200921,-0.019723773,-0.020907104,-0.022369742,-0.023145199,-0.024095476,-0.024360538,-0.025826693,-0.026432037,-0.028097391,-0.029357135,-0.02978313,-0.030714333,-0.030854106,-0.032805502,-0.034389555,-0.034649014,-0.035621464,-0.036499977,-0.03713703,-0.037999332,-0.03845638,-0.039312482,-0.039714515,-0.039924204,-0.04001254,-0.04092455,-0.043456256,-0.045952857,-0.04900813,-0.050492346,-0.05078435,-0.051507413,-0.051927447,-0.052913725,-0.053409636,-0.053292334,-0.05319214,-0.05189717,-0.04986471,-0.05082053,-0.053898036,-0.058288038,-0.06077844,-0.060914457,-0.058784544,-0.056375206,-0.053056657,-0.05158657,-0.052720845,-0.053141475,-0.052731097,-0.05235201,-0.053280234,-0.05238664,-0.05060357,-0.050954938,-0.04848522,-0.046189487,-0.043377757,-0.038284242,-0.03335768,-0.026911855,-0.019936264
44,-0.00909397,-0.010205567,-0.011622846,-0.011752099,-0.012360692,-0.01301235,-0.013729453,-0.015130669,-0.015938371,-0.016676277,-0.017217457,-0.01832068,-0.019771338,-0.020133078,-0.020714223,-0.021229714,-0.021708757,-0.023412377,-0.024468422,-0.025475025,-0.026504785,-0.02668947,-0.027988344,-0.028428376,-0.029109716,-0.030007988,-0.030867368,-0.03212139,-0.03316459,-0.033465326,-0.034468055,-0.034930587,-0.036174178,-0.036599845,-0.03727913,-0.038302064,-0.039337754,-0.040724367,-0.04204479,-0.042277694,-0.043154538,-0.04397458,-0.044503182,-0.044764906,-0.044870526,-0.045630068,-0.04663375,-0.048431218,-0.04932061,-0.05064833,-0.05228418,-0.054397047,-0.055472493,-0.056177378,-0.05758646,-0.058962137,-0.05944702,-0.05960861,-0.05809611,-0.055172056,-0.049851567,-0.04272014,-0.03295368,-0.02368179,-0.014549464,-0.0068641603,-0.0014629364,0.0031975508,0.005428225,0.006391436,0.0052073,0.0034821033,0.0013278127,-1.9609928e-05,-0.00010877848,0.0,0.0,0.0,0.0,0.0,-0.0,0.0,-0.0,0.0,-0.0,0.0,-0.0,-0.0,-0.0,0.0,-0.0,-0.0,-0.0,-0.0,-0.0,-0.0,-0.0,-0.0,-0.0,-0.0,-0.0,-0.0,-0.0,-0.0,0.0,0.0,-0.0,-0.0,-0.0,0.0,-0.0,-0.0,-0.0,0.0,0.0,-0.0,-0.0,-0.0,-0.0,-0.0,-0.0,-0.0,-0.0,-0.0,-0.0,-0.0,-0.0,-0.0,-0.0,-0.0,-0.0,-0.0,-0.0,-0.0,-0.0,-0.0,-0.0,-0.0,-0.0,-0.0,-0.0,0.0,0.0,0.0,-0.0,-0.0,0.0,0.0,0.0,0.0,0.0,0.0,0.0,0.0,0.0,0.0,-0.0,0.0,0.0,-0.0,0.0,-0.0,-0.0,0.0,-0.0,0.0,-0.0,-0.0,-0.0,-0.0,-0.0,-0.0,-0.0,-0.0,-0.0,-0.0,-0.0,0.0,0.0,-0.0,0.0,0.0,0.0,-0.0,0.0,0.0,0.0,0.0,-0.0,0.0,0.0,0.0,-0.0,-0.0,-0.0,-0.0,0.0,0.0,-0.0,-0.0,-0.0,0.0,-0.0,-0.0,-0.0,-0.0,0.0,-0.0,-0.0,-0.0,0.0,0.0,0.0,-0.0,-0.0,0.0,0.0,0.0,0.0,0.0,0.0,0.0,0.0,0.0,0.0
45,0.030555844,0.037887514,0.039435327,0.039479733,0.03959292,0.041595757,0.04208547,0.042033494,0.041769624,0.04206854,0.043652833,0.044601142,0.045253813,0.045475185,0.045205772,0.046489894,0.046951532,0.04715991,0.047106802,0.047737956,0.04765266,0.04690504,0.046675146,0.04746747,0.048792303,0.05081284,0.050603032,0.050513387,0.050454855,0.051405787,0.05211425,0.051259637,0.050669968,0.05030048,0.05193323,0.053289473,0.0531134,0.05343336,0.053088903,0.05332595,0.05432284,0.05486965,0.054233313,0.053020477,0.052612662,0.052586854,0.05272746,0.052521467,0.052477658,0.053578854,0.053780794,0.05200839,0.05213684,0.05293554,0.05358535,0.05244434,0.052585185,0.0535205,0.053594887,0.054517567,0.054103553,0.05335051,0.05451733,0.05488354,0.054934084,0.054545164,0.054380596,0.05331123,0.052307308,0.051390648,0.05127698,0.050564528,0.049471796,0.043493986,0.03127581,0.0010582209,0.0019423366,0.0024528503,0.00372231,0.0049678087,0.0054691434,0.0065250397,0.0077872872,0.008669436,0.00873214,0.0089889765,0.010663748,0.012473106,0.014218926,0.0141791105,0.013942897,0.014679968,0.01576519,0.017877638,0.01908201,0.019224823,0.01998204,0.020659447,0.021659017,0.02222085,0.023295462,0.024976015,0.026331484,0.027027547,0.027192533,0.027994335,0.028545976,0.028987646,0.029955387,0.031009018,0.032149673,0.03296578,0.034372687,0.035400093,0.034918964,0.035559475,0.03755343,0.0383085,0.03804642,0.036453485,0.036582112,0.03786719,0.03915268,0.040365934,0.03986156,0.039941013,0.039963543,0.041609943,0.042818487,0.041919768,0.04158616,0.042742014,0.044924974,0.045698166,0.045594335,0.04594332,0.04650259,0.048647106,0.049197376,0.04847282,0.04911536,0.04927659,0.049875617,0.04934156,0.04703778,0.04742062,0.04785788,0.048508883,0.04212421,0.028127909,-0.003596127,-0.0038720965,-0.0037440658,-0.005312979,-0.006105125,-0.006805718,-0.007405281,-0.008629024,-0.009766817,-0.009701729,-0.010501683,-0.011687934,-0.01324743,-0.015205622,-0.014562547,-0.014694393,-0.014942944,-0.015885472,-0.018732786,-0.020034969,-0.020207822,-0.020191431,-0.020450711,-0.022402406,-0.02335447,-0.024021804,-0.024262905,-0.02544856,-0.027159154,-0.027573049,-0.028079271,-0.028196454,-0.029057086,-0.030356884,-0.03149891,-0.03292638,-0.03283465,-0.034119785,-0.03594351,-0.036877632,-0.0372445,-0.038475633,-0.038885534,-0.039520085,-0.039035976,-0.038640916,-0.039162993,-0.040735602,-0.041797042,-0.04272288,-0.043170214,-0.042977214,-0.044802487,-0.045957267,-0.04593575,-0.045039117,-0.045880616,-0.048547566,-0.048998952,-0.04970336,-0.049245536,-0.048732996,-0.051319063,-0.05294746,-0.053828895,-0.053365946,-0.052827597,-0.053576827,-0.053064704,-0.052158296,-0.05188155,-0.051819384,-0.052492917,-0.0463624,-0.032684743
