model_id,channel_44_1,channel_44_2,channel_44_3,channel_44_4,channel_44_5,channel_44_6,channel_44_7,channel_44_8,channel_44_9,channel_44_10,channel_44_11,channel_44_12,channel_44_13,channel_44_14,channel_44_15,channel_44_16,channel_44_17,channel_44_18,channel_44_19,channel_44_20,channel_44_21,channel_44_22,channel_44_23,channel_44_24,channel_44_25,channel_44_26,channel_44_27,channel_44_28,channel_44_29,channel_44_30,channel_44_31,channel_44_32,channel_44_33,channel_44_34,channel_44_35,channel_44_36,channel_44_37,channel_44_38,channel_44_39,channel_44_40,channel_44_41,channel_44_42,channel_44_43,channel_44_44,channel_44_45,channel_44_46,channel_44_47,channel_44_48,channel_44_49,channel_44_50,channel_44_51,channel_44_52,channel_44_53,channel_44_54,channel_44_55,channel_44_56,channel_44_57,channel_44_58,channel_44_59,channel_44_60,channel_44_61,channel_44_62,channel_44_63,channel_44_64,channel_44_65,channel_44_66,channel_44_67,channel_44_68,channel_44_69,channel_44_70,channel_44_71,channel_44_72,channel_44_73,channel_44_74,channel_44_75,channel_45_1,channel_45_2,channel_45_3,channel_45_4,channel_45_5,channel_45_6,channel_45_7,channel_45_8,channel_45_9,channel_45_10,channel_45_11,channel_45_12,channel_45_13,channel_45_14,channel_45_15,channel_45_16,channel_45_17,channel_45_18,channel_45_19,channel_45_20,channel_45_21,channel_45_22,channel_45_23,channel_45_24,channel_45_25,channel_45_26,channel_45_27,channel_45_28,channel_45_29,channel_45_30,channel_45_31,channel_45_32,channel_45_33,channel_45_34,channel_45_35,channel_45_36,channel_45_37,channel_45_38,channel_45_39,channel_45_40,channel_45_41,channel_45_42,channel_45_43,channel_45_44,channel_45_45,channel_45_46,channel_45_47,channel_45_48,channel_45_49,channel_45_50,channel_45_51,channel_45_52,channel_45_53,channel_45_54,channel_45_55,channel_45_56,channel_45_57,channel_45_58,channel_45_59,channel_45_60,channel_45_61,channel_45_62,channel_45_63,channel_45_64,channel_45_65,channel_45_66,channel_45_67,channel_45_68,channel_45_69,channel_45_70,channel_45_71,channel_45_72,channel_45_73,channel_45_74,channel_45_75,channel_46_1,channel_46_2,channel_46_3,channel_46_4,channel_46_5,channel_46_6,channel_46_7,channel_46_8,channel_46_9,channel_46_10,channel_46_11,channel_46_12,channel_46_13,channel_46_14,channel_46_15,channel_46_16,channel_46_17,channel_46_18,channel_46_19,channel_46_20,channel_46_21,channel_46_22,channel_46_23,channel_46_24,channel_46_25,channel_46_26,channel_46_27,channel_46_28,channel_46_29,channel_46_30,channel_46_31,channel_46_32,channel_46_33,channel_46_34,channel_46_35,channel_46_36,channel_46_37,channel_46_38,channel_46_39,channel_46_40,channel_46_41,channel_46_42,channel_46_43,channel_46_44,channel_46_45,channel_46_46,channel_46_47,channel_46_48,channel_46_49,channel_46_50,channel_46_51,channel_46_52,channel_46_53,channel_46_54,channel_46_55,channel_46_56,channel_46_57,channel_46_58,channel_46_59,channel_46_60,channel_46_61,channel_46_62,channel_46_63,channel_46_64,channel_46_65,channel_46_66,channel_46_67,channel_46_68,channel_46_69,channel_46_70,channel_46_71,channel_46_72,channel_46_73,channel_46_74,channel_46_75
1,0.0,0.0,0.0,0.0,0.0,0.0,0.0,0.0,0.0,0.0,0.0,0.0,0.0,0.0,0.0,0.0,0.0,0.0,0.0,0.0,0.0,0.0,0.0,0.0,0.0,0.0,0.0,0.0,0.0,0.0,0.0,0.0,0.0,0.0,0.0,0.0,0.0,0.0,0.0,0.0,0.0,0.0,0.0,0.0,0.0,0.0,0.0,0.0,0.0,0.0,0.0,0.0,0.0,0.0,0.0,0.0,0.0,0.0,0.0,0.0,0.0,0.0,0.0,0.0,0.0,0.0,0.0,0.0,0.0,0.0,0.0,0.0,0.0,0.0,0.0,0.0,0.0,0.0,0.0,0.0,0.0,0.0,0.0,0.0,0.0,0.0,0.0,0.0,0.0,0.0,0.0,0.0,0.0,0.0,0.0,0.0,0.0,0.0,0.0,0.0,0.0,0.0,0.0,0.0,0.0,0.0,0.0,0.0,0.0,0.0,0.0,0.0,0.0,0.0,0.0,0.0,0.0,0.0,0.0,0.0,0.0,0.0,0.0,0.0,0.0,0.0,0.0,0.0,0.0,0.0,0.0,0.0,0.0,0.0,0.0,0.0,0.0,0.0,0.0,0.0,0.0,0.0,0.0,0.0,0.0,0.0,0.0,0.0,0.0,0.0,-0.002204411430284381,-0.0033067697659134865,-0.004707315471023321,-0.006406048778444529,-0.008402969688177109,-0.010954455472528934,-0.013350900262594223,-0.015312482602894306,-0.016538459807634354,-0.019628437235951424,-0.0206478051841259,-0.021977825090289116,-0.022664500400424004,-0.02450578659772873,-0.025340240448713303,-0.02646547183394432,-0.027065375819802284,-0.029040155932307243,-0.02825634926557541,-0.027160469442605972,-0.023739688098430634,-0.019959570840001106,-0.016199516132473946,-0.012702451087534428,-0.007777384947985411,-0.004437544383108616,0.0014699766179546714,0.0060850088484585285,0.01121901348233223,0.018699420616030693,0.02502521499991417,0.0316656269133091,0.038635239005088806,0.04393191263079643,0.04865315556526184,0.05264368653297424,0.05347639322280884,0.05627844110131264,0.055665522813797,0.05629865452647209,0.05717655271291733,0.056096773594617844,0.054039329290390015,0.05124444141983986,0.04479606822133064,0.039533428847789764,0.032862912863492966,0.026524951681494713,0.02014070749282837,0.013927974738180637,0.008251016028225422,0.0012491617817431688,-0.006075060460716486,-0.011672617867588997,-0.015986155718564987,-0.01986590027809143,-0.02337687648832798,-0.026167988777160645,-0.027977261692285538,-0.029409078881144524,-0.02998540736734867,-0.030297216027975082,-0.030052516609430313,-0.029582666233181953,-0.02731325477361679,-0.025366023182868958,-0.022172553464770317,-0.019381459802389145,-0.017345501109957695,-0.014932842925190926,-0.012187532149255276,-0.010073697194457054,-0.008067628368735313,-0.006169326603412628,-0.004378792364150286
2,0.0,0.0,0.0,0.0,0.0,0.0,0.0,0.0,0.0,0.0,0.0,0.0,0.0,0.0,0.0,0.0,0.0,0.0,0.0,0.0,0.0,0.0,0.0,0.0,0.0,0.0,0.0,0.0,0.0,0.0,0.0,0.0,0.0,0.0,0.0,0.0,0.0,0.0,0.0,0.0,0.0,0.0,0.0,0.0,0.0,0.0,0.0,0.0,0.0,0.0,0.0,0.0,0.0,0.0,0.0,0.0,0.0,0.0,0.0,0.0,0.0,0.0,0.0,0.0,0.0,0.0,0.0,0.0,0.0,0.0,0.0,0.0,0.0,0.0,0.0,0.0,0.0,0.0,0.0,0.0,0.0,0.0,0.0,0.0,0.0,0.0,0.0,0.0,0.0,0.0,0.0,0.0,0.0,0.0,0.0,0.0,0.0,0.0,0.0,0.0,0.0,0.0,0.0,0.0,0.0,0.0,0.0,0.0,0.0,0.0,0.0,0.0,0.0,0.0,0.0,0.0,0.0,0.0,0.0,0.0,0.0,0.0,0.0,0.0,0.0,0.0,0.0,0.0,0.0,0.0,0.0,0.0,0.0,0.0,0.0,0.0,0.0,0.0,0.0,0.0,0.0,0.0,0.0,0.0,0.0,0.0,0.0,0.0,0.0,0.0,0.021767063066363335,0.031416263431310654,0.03928934037685394,0.04538629576563835,0.04970712587237358,0.05103818699717522,0.052496593445539474,0.05230491980910301,0.05122395604848862,0.050805527716875076,0.0504232794046402,0.05220324546098709,0.051775433123111725,0.05133839696645737,0.052148859947919846,0.05160089209675789,0.050190262496471405,0.048035599291324615,0.048656001687049866,0.05149591341614723,0.052279263734817505,0.05334699898958206,0.05586234852671623,0.05682530254125595,0.05533970147371292,0.05341348052024841,0.052105069160461426,0.05215521901845932,0.05187225714325905,0.05177273228764534,0.05359026789665222,0.052938155829906464,0.052175555378198624,0.05048965662717819,0.044280968606472015,0.03278972581028938,0.01884961687028408,-0.00012964039342477918,-0.019586071372032166,-0.03606248274445534,-0.045481983572244644,-0.05079544335603714,-0.05271289125084877,-0.052196502685546875,-0.04975057765841484,-0.0499822273850441,-0.05142988637089729,-0.05292144790291786,-0.05312434211373329,-0.054873209446668625,-0.0549139603972435,-0.05423099920153618,-0.054269131273031235,-0.05577775835990906,-0.05640413239598274,-0.05579616501927376,-0.05376437306404114,-0.05386004596948624,-0.05315905809402466,-0.051946964114904404,-0.05176613852381706,-0.05236685648560524,-0.05325619876384735,-0.05231509357690811,-0.051295530050992966,-0.05137277767062187,-0.05076562985777855,-0.05095728114247322,-0.050983089953660965,-0.052800435572862625,-0.052962109446525574,-0.04959656298160553,-0.04406913369894028,-0.03637981787323952,-0.026528621092438698
3,0.0,0.0,0.0,0.0,0.0,0.0,0.0,0.0,0.0,0.0,0.0,0.0,0.0,0.0,0.0,0.0,0.0,0.0,0.0,0.0,0.0,0.0,0.0,0.0,0.0,0.0,0.0,0.0,0.0,0.0,0.0,0.0,0.0,0.0,0.0,0.0,0.0,0.0,0.0,0.0,0.0,0.0,0.0,0.0,0.0,0.0,0.0,0.0,0.0,0.0,0.0,0.0,0.0,0.0,0.0,0.0,0.0,0.0,0.0,0.0,0.0,0.0,0.0,0.0,0.0,0.0,0.0,0.0,0.0,0.0,0.0,0.0,0.0,0.0,0.0,0.0,0.0,0.0,0.0,0.0,0.0,0.0,0.0,0.0,0.0,0.0,0.0,0.0,0.0,0.0,0.0,0.0,0.0,0.0,0.0,0.0,0.0,0.0,0.0,0.0,0.0,0.0,0.0,0.0,0.0,0.0,0.0,0.0,0.0,0.0,0.0,0.0,0.0,0.0,0.0,0.0,0.0,0.0,0.0,0.0,0.0,0.0,0.0,0.0,0.0,0.0,0.0,0.0,0.0,0.0,0.0,0.0,0.0,0.0,0.0,0.0,0.0,0.0,0.0,0.0,0.0,0.0,0.0,0.0,0.0,0.0,0.0,0.0,0.0,0.0,-0.0013276326935738325,-0.002068017376586795,-0.002474208129569888,-0.0025462047196924686,-0.002284006914123893,-0.0018004293087869883,-0.0005890715983696282,0.00013565040717367083,0.0003947689838241786,0.002524112816900015,0.005161060020327568,0.008730518631637096,0.011692561209201813,0.01503015123307705,0.018368210643529892,0.02148154005408287,0.025545485317707062,0.02998945862054825,0.0340341255068779,0.038638994097709656,0.04254959896206856,0.04558001831173897,0.04873606190085411,0.05094033479690552,0.052705273032188416,0.05267263576388359,0.0510176420211792,0.049575481563806534,0.046223752200603485,0.0430317297577858,0.040102872997522354,0.036213986575603485,0.03138628602027893,0.02568543516099453,0.02121175453066826,0.017881011590361595,0.014403617940843105,0.01174909994006157,0.008599449880421162,0.008044901303946972,0.005703528877347708,0.0021806841250509024,2.3225578843266703e-05,-0.0015187921235337853,-0.0024967424105852842,-0.003480448154732585,-0.005066785961389542,-0.005259305704385042,-0.007216066587716341,-0.010476142168045044,-0.012987174093723297,-0.01675551012158394,-0.02115579880774021,-0.02548229694366455,-0.029516343027353287,-0.033122945576906204,-0.0358259379863739,-0.039081353694200516,-0.04115448519587517,-0.04483681172132492,-0.04765021428465843,-0.049265407025814056,-0.04956706985831261,-0.04947715252637863,-0.047125764191150665,-0.04440665245056152,-0.040718138217926025,-0.037666093558073044,-0.03422507643699646,-0.02931356057524681,-0.024730686098337173,-0.021088475361466408,-0.01775413751602173,-0.014727674424648285,-0.012009085156023502
4,0.0,0.0,0.0,0.0,0.0,0.0,0.0,0.0,0.0,0.0,0.0,0.0,0.0,0.0,0.0,0.0,0.0,0.0,0.0,0.0,0.0,0.0,0.0,0.0,0.0,0.0,0.0,0.0,0.0,0.0,0.0,0.0,0.0,0.0,0.0,0.0,0.0,0.0,0.0,0.0,0.0,0.0,0.0,0.0,0.0,0.0,0.0,0.0,0.0,0.0,0.0,0.0,0.0,0.0,0.0,0.0,0.0,0.0,0.0,0.0,0.0,0.0,0.0,0.0,0.0,0.0,0.0,0.0,0.0,0.0,0.0,0.0,0.0,0.0,0.0,0.0003368118195794523,0.0004268241464160383,0.0005465034046210349,0.000695849652402103,0.0008748628315515816,0.0006721623940393329,0.0007495101308450103,0.00044151092879474163,0.00107292749453336,0.0015664785169064999,0.0011643568286672235,0.001251370762474835,0.0010471171699464321,0.000700666569173336,0.000763479620218277,0.0006781317060813308,0.0011747535318136215,0.0013643446145579219,0.0020793441217392683,0.0032322127372026443,0.0054771676659584045,0.006947195157408714,0.008056608028709888,0.009507852606475353,0.011580079793930054,0.012575018219649792,0.013248113915324211,0.014687295071780682,0.017713114619255066,0.02072131633758545,0.022685153409838676,0.024393372237682343,0.027185562998056412,0.02959100529551506,0.03208256885409355,0.03411212936043739,0.036605529487133026,0.03972489759325981,0.04183824732899666,0.04377457872033119,0.045166291296482086,0.04596559703350067,0.04527181759476662,0.04380566254258156,0.04393056035041809,0.043991897255182266,0.042832400649785995,0.04313942417502403,0.04244517162442207,0.04126308858394623,0.04028265178203583,0.03854664787650108,0.037618935108184814,0.035596270114183426,0.03318528085947037,0.030572155490517616,0.026744456961750984,0.023666521534323692,0.022167982533574104,0.01972227916121483,0.017687663435935974,0.01564948819577694,0.013302738778293133,0.010763132013380527,0.00835502240806818,0.006635262165218592,0.005321869160979986,0.005228735972195864,0.004950614180415869,0.004797019064426422,0.0028812396340072155,0.0019560232758522034,0.0012737897923216224,0.0008345395908690989,0.0006382723804563284,0.0,0.0,0.0,0.0,0.0,0.0,0.0,0.0,0.0,0.0,0.0,0.0,0.0,0.0,0.0,0.0,0.0,0.0,0.0,0.0,0.0,0.0,0.0,0.0,0.0,0.0,0.0,0.0,0.0,0.0,0.0,0.0,0.0,0.0,0.0,0.0,0.0,0.0,0.0,0.0,0.0,0.0,0.0,0.0,0.0,0.0,0.0,0.0,0.0,0.0,0.0,0.0,0.0,0.0,0.0,0.0,0.0,0.0,0.0,0.0,0.0,0.0,0.0,0.0,0.0,0.0,0.0,0.0,0.0,0.0,0.0,0.0,0.0,0.0,0.0
5,-0.007143732625991106,-0.009088668040931225,-0.010883355513215065,-0.012527796439826488,-0.014021990820765495,-0.01543574407696724,-0.01696302369236946,-0.018128082156181335,-0.021053101867437363,-0.022602612152695656,-0.025953898206353188,-0.029499489814043045,-0.033684104681015015,-0.03576769307255745,-0.04033321887254715,-0.04288020730018616,-0.04522637650370598,-0.04662249609827995,-0.05045358091592789,-0.05314081534743309,-0.05557960644364357,-0.05643119290471077,-0.05702432245016098,-0.0565621592104435,-0.05516806244850159,-0.05497903749346733,-0.05503831058740616,-0.053746141493320465,-0.05339590087532997,-0.0515165701508522,-0.04658762365579605,-0.04345506802201271,-0.038880884647369385,-0.03455563634634018,-0.03115636669099331,-0.027721667662262917,-0.024260468780994415,-0.020955659449100494,-0.01592228002846241,-0.014010891318321228,-0.01071592140942812,-0.008826764300465584,-0.007559680845588446,-0.006468547508120537,-0.006163131445646286,-0.005291215609759092,-0.0036643119528889656,-0.004157076124101877,-0.004252261016517878,-0.004891130141913891,-0.004318824037909508,-0.004213670734316111,-0.0036273528821766376,-0.0025300481356680393,-0.0010855240980163217,-0.0015760386595502496,-0.0015894696116447449,-0.00272174971178174,-0.0027401584666222334,-0.0026508746668696404,-0.0009494579862803221,-0.0004366807988844812,-0.00013395972200669348,-0.0005097098182886839,-0.00034556881291791797,-0.00038793866406194866,0.00035346075310371816,0.0005060798139311373,0.0010550852166488767,0.0016641088295727968,0.0014563491567969322,0.0011611409718170762,0.000593474309425801,-0.00024665091768838465,-0.0013592346804216504,0.0,0.0,0.0,0.0,0.0,0.0,0.0,0.0,0.0,0.0,0.0,0.0,0.0,0.0,0.0,0.0,0.0,0.0,0.0,0.0,0.0,0.0,0.0,0.0,0.0,0.0,0.0,0.0,0.0,0.0,0.0,0.0,0.0,0.0,0.0,0.0,0.0,0.0,0.0,0.0,0.0,0.0,0.0,0.0,0.0,0.0,0.0,0.0,0.0,0.0,0.0,0.0,0.0,0.0,0.0,0.0,0.0,0.0,0.0,0.0,0.0,0.0,0.0,0.0,0.0,0.0,0.0,0.0,0.0,0.0,0.0,0.0,0.0,0.0,0.0,0.0,0.0,0.0,0.0,0.0,0.0,0.0,0.0,0.0,0.0,0.0,0.0,0.0,0.0,0.0,0.0,0.0,0.0,0.0,0.0,0.0,0.0,0.0,0.0,0.0,0.0,0.0,0.0,0.0,0.0,0.0,0.0,0.0,0.0,0.0,0.0,0.0,0.0,0.0,0.0,0.0,0.0,0.0,0.0,0.0,0.0,0.0,0.0,0.0,0.0,0.0,0.0,0.0,0.0,0.0,0.0,0.0,0.0,0.0,0.0,0.0,0.0,0.0,0.0,0.0,0.0,0.0,0.0,0.0,0.0,0.0,0.0,0.0,0.0,0.0
6,-0.0012622826034203172,-0.00045059568947181106,0.00016627566947136074,0.0005883313715457916,0.0008155714604072273,0.0007683025905862451,0.0010489885462448,0.0005648089572787285,0.0002856787177734077,-0.0002378319768467918,-1.9744320525205694e-05,0.0005076677189208567,0.0003418067062739283,0.0004430167900864035,0.00021617335733026266,-4.838087625103071e-05,0.0003692067111842334,0.00012219852942507714,4.7058721975190565e-05,-5.0154787459177896e-05,0.00026228433125652373,0.0002688748063519597,-0.0002913220087066293,-0.0007702577859163284,-7.04987469362095e-05,0.0009297509677708149,0.002358608180657029,0.004924744833260775,0.007703837938606739,0.008669856004416943,0.009828053414821625,0.011696876958012581,0.013637774623930454,0.015619616955518723,0.018144240602850914,0.02048543468117714,0.02294194884598255,0.026652710512280464,0.0303792841732502,0.035845860838890076,0.040898412466049194,0.046468690037727356,0.050528328865766525,0.051674067974090576,0.05417964607477188,0.05820447951555252,0.058860648423433304,0.06135787069797516,0.062316663563251495,0.06378363072872162,0.06414373219013214,0.06383899599313736,0.0629495158791542,0.06140665337443352,0.057018179446458817,0.054305218160152435,0.050876956433057785,0.04762367904186249,0.04390193894505501,0.04139743745326996,0.0381385013461113,0.03516891226172447,0.03075653873383999,0.02670155093073845,0.023880628868937492,0.020666394382715225,0.016805296763777733,0.013797036372125149,0.010690443217754364,0.009002173319458961,0.00751480320468545,0.006025878246873617,0.004767860751599073,0.0037407511845231056,0.002944549545645714,0.0,0.0,0.0,0.0,0.0,0.0,0.0,0.0,0.0,0.0,0.0,0.0,0.0,0.0,0.0,0.0,0.0,0.0,0.0,0.0,0.0,0.0,0.0,0.0,0.0,0.0,0.0,0.0,0.0,0.0,0.0,0.0,0.0,0.0,0.0,0.0,0.0,0.0,0.0,0.0,0.0,0.0,0.0,0.0,0.0,0.0,0.0,0.0,0.0,0.0,0.0,0.0,0.0,0.0,0.0,0.0,0.0,0.0,0.0,0.0,0.0,0.0,0.0,0.0,0.0,0.0,0.0,0.0,0.0,0.0,0.0,0.0,0.0,0.0,0.0,0.0,0.0,0.0,0.0,0.0,0.0,0.0,0.0,0.0,0.0,0.0,0.0,0.0,0.0,0.0,0.0,0.0,0.0,0.0,0.0,0.0,0.0,0.0,0.0,0.0,0.0,0.0,0.0,0.0,0.0,0.0,0.0,0.0,0.0,0.0,0.0,0.0,0.0,0.0,0.0,0.0,0.0,0.0,0.0,0.0,0.0,0.0,0.0,0.0,0.0,0.0,0.0,0.0,0.0,0.0,0.0,0.0,0.0,0.0,0.0,0.0,0.0,0.0,0.0,0.0,0.0,0.0,0.0,0.0,0.0,0.0,0.0,0.0,0.0,0.0
7,0.0,0.0,0.0,0.0,0.0,0.0,0.0,0.0,0.0,0.0,0.0,0.0,0.0,0.0,0.0,0.0,0.0,0.0,0.0,0.0,0.0,0.0,0.0,0.0,0.0,0.0,0.0,0.0,0.0,0.0,0.0,0.0,0.0,0.0,0.0,0.0,0.0,0.0,0.0,0.0,0.0,0.0,0.0,0.0,0.0,0.0,0.0,0.0,0.0,0.0,0.0,0.0,0.0,0.0,0.0,0.0,0.0,0.0,0.0,0.0,0.0,0.0,0.0,0.0,0.0,0.0,0.0,0.0,0.0,0.0,0.0,0.0,0.0,0.0,0.0,-0.03448420763015747,-0.03773724287748337,-0.04026196524500847,-0.04205838590860367,-0.04312649741768837,-0.04358804598450661,-0.04332055523991585,-0.04277327284216881,-0.04027901589870453,-0.039817925542593,-0.038812000304460526,-0.038081903010606766,-0.03670785203576088,-0.03511754050850868,-0.03333752602338791,-0.033197417855262756,-0.03101007267832756,-0.029339978471398354,-0.026934999972581863,-0.02397269941866398,-0.02239786833524704,-0.021307142451405525,-0.02147151157259941,-0.022324638441205025,-0.0217061135917902,-0.02072358876466751,-0.017475955188274384,-0.016185510903596878,-0.013565474189817905,-0.011426775716245174,-0.009361817501485348,-0.0069152601063251495,-0.005620421841740608,-0.004789302591234446,-0.002509938320145011,-0.001667334814555943,0.0013248658506199718,0.0018188990652561188,0.0029972107149660587,0.004798029083758593,0.006416545249521732,0.007816354744136333,0.008175038732588291,0.00900059100240469,0.01195191778242588,0.012272939085960388,0.013475288636982441,0.015964718535542488,0.017529629170894623,0.018782254308462143,0.020157814025878906,0.02146237902343273,0.0226996298879385,0.021573269739747047,0.02281523309648037,0.02451353333890438,0.02366631291806698,0.025286760181188583,0.028400251641869545,0.03129257261753082,0.0344364307820797,0.0370170883834362,0.041482411324977875,0.04296966642141342,0.043423496186733246,0.045495856553316116,0.04613129049539566,0.045373059809207916,0.0432354174554348,0.041551146656274796,0.040017690509557724,0.03762929141521454,0.03475704789161682,0.03140096366405487,0.027561040595173836,0.0,0.0,0.0,0.0,0.0,0.0,0.0,0.0,0.0,0.0,0.0,0.0,0.0,0.0,0.0,0.0,0.0,0.0,0.0,0.0,0.0,0.0,0.0,0.0,0.0,0.0,0.0,0.0,0.0,0.0,0.0,0.0,0.0,0.0,0.0,0.0,0.0,0.0,0.0,0.0,0.0,0.0,0.0,0.0,0.0,0.0,0.0,0.0,0.0,0.0,0.0,0.0,0.0,0.0,0.0,0.0,0.0,0.0,0.0,0.0,0.0,0.0,0.0,0.0,0.0,0.0,0.0,0.0,0.0,0.0,0.0,0.0,0.0,0.0,0.0
8,0.0,0.0,0.0,0.0,0.0,0.0,0.0,0.0,0.0,0.0,0.0,0.0,0.0,0.0,0.0,0.0,0.0,0.0,0.0,0.0,0.0,0.0,0.0,0.0,0.0,0.0,0.0,0.0,0.0,0.0,0.0,0.0,0.0,0.0,0.0,0.0,0.0,0.0,0.0,0.0,0.0,0.0,0.0,0.0,0.0,0.0,0.0,0.0,0.0,0.0,0.0,0.0,0.0,0.0,0.0,0.0,0.0,0.0,0.0,0.0,0.0,0.0,0.0,0.0,0.0,0.0,0.0,0.0,0.0,0.0,0.0,0.0,0.0,0.0,0.0,0.0,0.0,0.0,0.0,0.0,0.0,0.0,0.0,0.0,0.0,0.0,0.0,0.0,0.0,0.0,0.0,0.0,0.0,0.0,0.0,0.0,0.0,0.0,0.0,0.0,0.0,0.0,0.0,0.0,0.0,0.0,0.0,0.0,0.0,0.0,0.0,0.0,0.0,0.0,0.0,0.0,0.0,0.0,0.0,0.0,0.0,0.0,0.0,0.0,0.0,0.0,0.0,0.0,0.0,0.0,0.0,0.0,0.0,0.0,0.0,0.0,0.0,0.0,0.0,0.0,0.0,0.0,0.0,0.0,0.0,0.0,0.0,0.0,0.0,0.0,-0.041857145726680756,-0.04843604937195778,-0.0529278889298439,-0.055332671850919724,-0.05565039440989494,-0.050129711627960205,-0.0459386482834816,-0.043006531894207,-0.03965996578335762,-0.036081794649362564,-0.031975068151950836,-0.02544396184384823,-0.02028670720756054,-0.016553591936826706,-0.012737629935145378,-0.009294804185628891,-0.006144847255200148,-0.0029747525695711374,3.4390286600682884e-05,0.0028609265573322773,0.005595939699560404,0.009178563952445984,0.012429211288690567,0.01696890965104103,0.02136801742017269,0.023749129846692085,0.026621898636221886,0.030594484880566597,0.03466303274035454,0.03862323611974716,0.039963770657777786,0.04358081519603729,0.0462072379887104,0.048964954912662506,0.04898817092180252,0.04435107484459877,0.029477713629603386,0.007501654792577028,-0.017688952386379242,-0.036685362458229065,-0.048815540969371796,-0.052231427282094955,-0.04917747527360916,-0.04333259165287018,-0.039486680179834366,-0.0377269871532917,-0.03505389764904976,-0.03176780790090561,-0.028236616402864456,-0.023917125537991524,-0.018894338980317116,-0.014042658731341362,-0.010358426719903946,-0.008012736216187477,-0.004735059104859829,-0.0033109381329268217,-0.000918957288376987,0.0018684281967580318,0.004140595439821482,0.007027157116681337,0.011136472225189209,0.015060638077557087,0.018958797678351402,0.021615752950310707,0.02519862726330757,0.029200227931141853,0.03343801200389862,0.0372871458530426,0.04168345406651497,0.04596389830112457,0.04942075163125992,0.04969131946563721,0.048170022666454315,0.044856857508420944,0.03975182771682739
9,0.0,0.0,0.0,0.0,0.0,0.0,0.0,0.0,0.0,0.0,0.0,0.0,0.0,0.0,0.0,0.0,0.0,0.0,0.0,0.0,0.0,0.0,0.0,0.0,0.0,0.0,0.0,0.0,0.0,0.0,0.0,0.0,0.0,0.0,0.0,0.0,0.0,0.0,0.0,0.0,0.0,0.0,0.0,0.0,0.0,0.0,0.0,0.0,0.0,0.0,0.0,0.0,0.0,0.0,0.0,0.0,0.0,0.0,0.0,0.0,0.0,0.0,0.0,0.0,0.0,0.0,0.0,0.0,0.0,0.0,0.0,0.0,0.0,0.0,0.0,-0.03139601647853851,-0.036443211138248444,-0.040134575217962265,-0.04247010871767998,-0.04344981536269188,-0.04166576638817787,-0.040126360952854156,-0.03849758952856064,-0.03769923001527786,-0.03608359768986702,-0.03515764698386192,-0.034201063215732574,-0.032703790813684464,-0.031773753464221954,-0.02970159985125065,-0.02863408625125885,-0.028040895238518715,-0.0255050677806139,-0.02378597855567932,-0.02151631750166416,-0.020442524924874306,-0.0200230460613966,-0.01782497763633728,-0.017344500869512558,-0.01630338653922081,-0.013774625957012177,-0.013351689092814922,-0.012562987394630909,-0.012728479690849781,-0.011084301397204399,-0.010255520232021809,-0.010036570951342583,-0.007746447343379259,-0.004277809523046017,-0.0017496496438980103,0.0007547838613390923,0.0028110898565500975,0.004498135764151812,0.004168330226093531,0.005018373019993305,0.006002705078572035,0.008029035292565823,0.008821445517241955,0.010457792319357395,0.012039386667311192,0.013207308016717434,0.0139008779078722,0.014051723293960094,0.014178658835589886,0.015428010374307632,0.016400625929236412,0.017573876306414604,0.019068244844675064,0.02184400148689747,0.023634936660528183,0.024744993075728416,0.026489628478884697,0.028948495164513588,0.03070165403187275,0.031979095190763474,0.032040663063526154,0.032874394208192825,0.03384536877274513,0.035261135548353195,0.036795005202293396,0.03896229341626167,0.04082886502146721,0.04401491582393646,0.04566749930381775,0.047928355634212494,0.04930770769715309,0.04751784726977348,0.043957632035017014,0.03862705081701279,0.0315261110663414,-0.02982635423541069,-0.03521345928311348,-0.03926040977239609,-0.04196721315383911,-0.043333861976861954,-0.04215899109840393,-0.04043764993548393,-0.03883542865514755,-0.03773504123091698,-0.03636934608221054,-0.035692889243364334,-0.03446624428033829,-0.03308072313666344,-0.0317293219268322,-0.029883718118071556,-0.02882721833884716,-0.027923494577407837,-0.02588478848338127,-0.02375987358391285,-0.02278011478483677,-0.022425075992941856,-0.021974356845021248,-0.020373567938804626,-0.01909954845905304,-0.01762351393699646,-0.01541991252452135,-0.01380732748657465,-0.012387788854539394,-0.010964973829686642,-0.009564442560076714,-0.008046322502195835,-0.007366263773292303,-0.006036803591996431,-0.004431079141795635,-0.004355906508862972,-0.003413498867303133,-0.0022271396592259407,-0.0016635691281408072,-0.0006225103279575706,-0.000380489305825904,0.0009610829292796552,0.0032796186860650778,0.003818267025053501,0.0056077768094837666,0.006996259558945894,0.007285048253834248,0.009507217444479465,0.01194843277335167,0.013842401094734669,0.015125803649425507,0.015157283283770084,0.0168830007314682,0.018180575221776962,0.01973189227283001,0.021571649238467216,0.023399509489536285,0.02482491172850132,0.02614053711295128,0.027720613405108452,0.02953043393790722,0.031331341713666916,0.032522816210985184,0.03302931413054466,0.03366280719637871,0.03454362228512764,0.035868089646101,0.038046080619096756,0.039786309003829956,0.04126515984535217,0.04208905249834061,0.042513441294431686,0.04014834389090538,0.036223653703927994,0.030739372596144676,0.02369549870491028
10,0.0,0.0,0.0,0.0,0.0,0.0,0.0,0.0,0.0,0.0,0.0,0.0,0.0,0.0,0.0,0.0,0.0,0.0,0.0,0.0,0.0,0.0,0.0,0.0,0.0,0.0,0.0,0.0,0.0,0.0,0.0,0.0,0.0,0.0,0.0,0.0,0.0,0.0,0.0,0.0,0.0,0.0,0.0,0.0,0.0,0.0,0.0,0.0,0.0,0.0,0.0,0.0,0.0,0.0,0.0,0.0,0.0,0.0,0.0,0.0,0.0,0.0,0.0,0.0,0.0,0.0,0.0,0.0,0.0,0.0,0.0,0.0,0.0,0.0,0.0,-0.03354836255311966,-0.036594148725271225,-0.038823388516902924,-0.040236081928014755,-0.04083222523331642,-0.04059075191617012,-0.039593446999788284,-0.03854641318321228,-0.03664505109190941,-0.035354334861040115,-0.034182775765657425,-0.03320771083235741,-0.03243252635002136,-0.03262782469391823,-0.03146975114941597,-0.03031264804303646,-0.028976935893297195,-0.027455434203147888,-0.0261798407882452,-0.024958692491054535,-0.02291479893028736,-0.022330887615680695,-0.021257635205984116,-0.01885002851486206,-0.016562005504965782,-0.015015832148492336,-0.014492717571556568,-0.014097874984145164,-0.01242359634488821,-0.010821588337421417,-0.009826832450926304,-0.008417574688792229,-0.007262712344527245,-0.006045401096343994,-0.004672900773584843,-0.0032141513656824827,-0.0013545984402298927,0.00013178632070776075,0.001520589110441506,0.0034016992431133986,0.004129622597247362,0.005049368366599083,0.005394777283072472,0.006863220129162073,0.008027535863220692,0.010031066834926605,0.01230527926236391,0.01403803750872612,0.015484899282455444,0.016754353418946266,0.018377430737018585,0.019734054803848267,0.020313236862421036,0.022321460768580437,0.024181608110666275,0.0246721263974905,0.0249911081045866,0.02616732381284237,0.02889496088027954,0.03133244067430496,0.03207472711801529,0.03382764756679535,0.036403167992830276,0.03833002224564552,0.040231358259916306,0.04184265434741974,0.04228944331407547,0.042710885405540466,0.04159674793481827,0.04043617472052574,0.04014047980308533,0.037467170506715775,0.03399524465203285,0.029724696651101112,0.024655530229210854,0.005997659172862768,0.00856200885027647,0.011294400319457054,0.014194834046065807,0.01726331003010273,0.021181337535381317,0.024488693103194237,0.02802196890115738,0.032154593616724014,0.03496484085917473,0.03816854581236839,0.04053657501935959,0.043031901121139526,0.04565306752920151,0.04678455367684364,0.04817516729235649,0.04896899312734604,0.04959052801132202,0.0505799874663353,0.04978954792022705,0.04916120320558548,0.0490637868642807,0.04866202548146248,0.04799853265285492,0.045752838253974915,0.04317091032862663,0.0411662831902504,0.03867014870047569,0.03477507829666138,0.030710415914654732,0.02636636607348919,0.022976595908403397,0.01977168396115303,0.01554039865732193,0.011698144488036633,0.008521819487214088,0.0035107021685689688,-0.000863938475959003,-0.005896381568163633,-0.00998647976666689,-0.014047295786440372,-0.017814554274082184,-0.02083560824394226,-0.022631457075476646,-0.02594134397804737,-0.02921546995639801,-0.03257974609732628,-0.03505370393395424,-0.03865126147866249,-0.04169542342424393,-0.04486827552318573,-0.04620197415351868,-0.0469791516661644,-0.048415470868349075,-0.04910510405898094,-0.04983905330300331,-0.05015464499592781,-0.049340371042490005,-0.049201734364032745,-0.04802929610013962,-0.04664997383952141,-0.04488879069685936,-0.04224727675318718,-0.04035479575395584,-0.03733597695827484,-0.03437129035592079,-0.0311222355812788,-0.02711755968630314,-0.02420467883348465,-0.02029355801641941,-0.016852669417858124,-0.013714793138206005,-0.010974939912557602,-0.008633107878267765,-0.006689299363642931
11,0.0,0.0,0.0,0.0,0.0,0.0,0.0,0.0,0.0,0.0,0.0,0.0,0.0,0.0,0.0,0.0,0.0,0.0,0.0,0.0,0.0,0.0,0.0,0.0,0.0,0.0,0.0,0.0,0.0,0.0,0.0,0.0,0.0,0.0,0.0,0.0,0.0,0.0,0.0,0.0,0.0,0.0,0.0,0.0,0.0,0.0,0.0,0.0,0.0,0.0,0.0,0.0,0.0,0.0,0.0,0.0,0.0,0.0,0.0,0.0,0.0,0.0,0.0,0.0,0.0,0.0,0.0,0.0,0.0,0.0,0.0,0.0,0.0,0.0,0.0,0.0,0.0,0.0,0.0,0.0,0.0,0.0,0.0,0.0,0.0,0.0,0.0,0.0,0.0,0.0,0.0,0.0,0.0,0.0,0.0,0.0,0.0,0.0,0.0,0.0,0.0,0.0,0.0,0.0,0.0,0.0,0.0,0.0,0.0,0.0,0.0,0.0,0.0,0.0,0.0,0.0,0.0,0.0,0.0,0.0,0.0,0.0,0.0,0.0,0.0,0.0,0.0,0.0,0.0,0.0,0.0,0.0,0.0,0.0,0.0,0.0,0.0,0.0,0.0,0.0,0.0,0.0,0.0,0.0,0.0,0.0,0.0,0.0,0.0,0.0,0.044850509613752365,0.045294634997844696,0.04587601125240326,0.04659462720155716,0.04745049029588699,0.04712187871336937,0.048411834985017776,0.051508110016584396,0.05319448933005333,0.053517237305641174,0.047068022191524506,0.0306134931743145,0.011623197235167027,-0.009818263351917267,-0.029522350057959557,-0.04368288069963455,-0.052496109157800674,-0.05319579690694809,-0.052072346210479736,-0.0519157350063324,-0.05040999501943588,-0.05132230371236801,-0.04401687532663345,-0.030415616929531097,-0.010608728043735027,0.01181904785335064,0.03335684537887573,0.04813386872410774,0.05576279014348984,0.0536886528134346,0.053169138729572296,0.051756538450717926,0.05202123522758484,0.05481608584523201,0.056333623826503754,0.04724131524562836,0.03126684948801994,0.008374038152396679,-0.015903331339359283,-0.036432258784770966,-0.04994093254208565,-0.05235674977302551,-0.0517856627702713,-0.05151238664984703,-0.05177376791834831,-0.053977757692337036,-0.055921364575624466,-0.04886895418167114,-0.032097939401865005,-0.010400903411209583,0.011618172749876976,0.03252764791250229,0.04699556902050972,0.052029941231012344,0.05030536651611328,0.048277001827955246,0.049211595207452774,0.050875354558229446,0.05180817469954491,0.050139401108026505,0.04281989485025406,0.028662320226430893,0.008419062942266464,-0.01374468207359314,-0.03272268921136856,-0.04570574313402176,-0.050852205604314804,-0.051644545048475266,-0.051346760243177414,-0.05229984223842621,-0.05327780917286873,-0.05083851143717766,-0.046741001307964325,-0.04098527878522873,-0.03357134759426117
12,-0.02449014224112034,-0.028018439188599586,-0.030895009636878967,-0.03311984986066818,-0.03469296544790268,-0.0331784226000309,-0.033127352595329285,-0.03419336676597595,-0.03609749674797058,-0.03827647119760513,-0.038877420127391815,-0.03860420733690262,-0.037691567093133926,-0.0355052724480629,-0.03387952595949173,-0.03313592076301575,-0.03272029384970665,-0.03397877886891365,-0.03449330851435661,-0.03569692000746727,-0.035880621522665024,-0.03557761013507843,-0.034520141780376434,-0.03421216830611229,-0.03408615291118622,-0.035558778792619705,-0.03468617424368858,-0.034111812710762024,-0.03295841068029404,-0.032583002001047134,-0.031594276428222656,-0.03172074630856514,-0.032067276537418365,-0.032416511327028275,-0.032537661492824554,-0.032649967819452286,-0.032773736864328384,-0.03298267349600792,-0.034063372761011124,-0.03469666838645935,-0.035063907504081726,-0.03529815375804901,-0.034818701446056366,-0.03485680744051933,-0.03519174084067345,-0.0347781777381897,-0.03532693162560463,-0.03455214202404022,-0.03470967337489128,-0.03530500456690788,-0.03509059175848961,-0.03492455556988716,-0.033892154693603516,-0.03379987180233002,-0.03408974036574364,-0.033150460571050644,-0.034613970667123795,-0.03531976044178009,-0.03675662353634834,-0.03709062188863754,-0.03666357323527336,-0.03595087677240372,-0.03426853567361832,-0.03326835855841637,-0.03392880782485008,-0.03289885073900223,-0.03364189341664314,-0.03534393385052681,-0.037392254918813705,-0.038457632064819336,-0.039372555911540985,-0.03740749508142471,-0.034133899956941605,-0.02955176681280136,-0.02366109937429428,-0.02439778670668602,-0.0280512273311615,-0.030925309285521507,-0.033020030707120895,-0.03433539718389511,-0.03314351662993431,-0.033281147480010986,-0.03353685513138771,-0.03389492258429527,-0.034237638115882874,-0.03331157937645912,-0.033042553812265396,-0.032877977937459946,-0.03255671635270119,-0.03352312743663788,-0.033129382878541946,-0.033899594098329544,-0.034050408750772476,-0.03395482897758484,-0.03406567871570587,-0.03318396210670471,-0.03237265348434448,-0.034055378288030624,-0.03294879570603371,-0.0332038551568985,-0.03268072009086609,-0.03225149214267731,-0.03313848748803139,-0.03362756222486496,-0.034339193254709244,-0.03580625727772713,-0.03514769673347473,-0.03493901342153549,-0.03417891263961792,-0.032732147723436356,-0.03203972801566124,-0.03150928393006325,-0.032284367829561234,-0.03293841332197189,-0.03421775624155998,-0.033772192895412445,-0.03461562842130661,-0.035963814705610275,-0.03605678305029869,-0.03487810119986534,-0.03398202732205391,-0.03243407607078552,-0.032311610877513885,-0.031598638743162155,-0.03294285014271736,-0.03484706953167915,-0.0356408953666687,-0.0346543975174427,-0.03403836488723755,-0.03262177109718323,-0.03212543576955795,-0.03207122161984444,-0.0317884162068367,-0.032481446862220764,-0.03183579072356224,-0.03216598182916641,-0.03302467614412308,-0.03415469452738762,-0.03546324372291565,-0.03577088937163353,-0.03491756692528725,-0.034712258726358414,-0.033515240997076035,-0.03266015276312828,-0.031209615990519524,-0.03271586820483208,-0.03164707124233246,-0.030166082084178925,-0.028272897005081177,-0.025967517867684364,-0.032177746295928955,-0.03379717096686363,-0.03484665974974632,-0.03532620891928673,-0.03523581847548485,-0.03273918479681015,-0.031695056706666946,-0.03339381515979767,-0.033038705587387085,-0.03322136029601097,-0.033305052667856216,-0.0330854095518589,-0.03336401283740997,-0.03261130675673485,-0.032653145492076874,-0.032728634774684906,-0.032454635947942734,-0.032810188829898834,-0.032217737287282944,-0.0323575884103775,-0.03250858187675476,-0.032366227358579636,-0.032757461071014404,-0.03205452486872673,-0.03216494619846344,-0.03222174569964409,-0.03198741376399994,-0.03207287937402725,-0.03162256255745888,-0.03137022629380226,-0.03268163278698921,-0.03349962458014488,-0.03444996103644371,-0.03411942347884178,-0.03343180939555168,-0.03376367688179016,-0.03364894539117813,-0.03341251239180565,-0.03358365222811699,-0.03336397930979729,-0.034075457602739334,-0.03401438519358635,-0.033776503056287766,-0.03392669931054115,-0.033455975353717804,-0.03402208536863327,-0.03446878492832184,-0.03345339372754097,-0.032797493040561676,-0.03191504627466202,-0.032346248626708984,-0.03241472318768501,-0.03270949423313141,-0.03356396034359932,-0.03426925092935562,-0.034387677907943726,-0.03446682170033455,-0.03462258726358414,-0.03498513251543045,-0.03465898707509041,-0.03503267094492912,-0.03506733849644661,-0.033762987703084946,-0.03294047713279724,-0.032082974910736084,-0.03252832219004631,-0.03262919932603836,-0.033053718507289886,-0.03482786938548088,-0.03822238743305206,-0.03990272805094719,-0.038298942148685455,-0.03488865867257118,-0.02967188134789467,-0.022648608312010765
13,0.002390793524682522,0.0007893458241596818,-0.00022109645942691714,-0.0006405333988368511,-0.00046896503772586584,-6.952013791305944e-05,0.0016458225436508656,0.004305185750126839,0.008613992482423782,0.013535730540752411,0.019090017303824425,0.025387106463313103,0.031573064625263214,0.037170231342315674,0.04104266315698624,0.04303371161222458,0.04422929137945175,0.04343390092253685,0.04161838814616203,0.03917311131954193,0.03610015660524368,0.03353070467710495,0.03030998632311821,0.02823309600353241,0.02622191049158573,0.023280523717403412,0.021494390442967415,0.019233031198382378,0.01800231635570526,0.01602117158472538,0.01278839260339737,0.010389524511992931,0.00717572309076786,0.004552069585770369,0.0017668246291577816,0.0004112164897378534,0.0017872871831059456,0.0012832501670345664,0.001615442568436265,0.0019233989296481013,0.0012371958000585437,0.0021335273049771786,0.001061237882822752,0.00030416244408115745,-2.268848220410291e-05,-0.001828680164180696,-0.0007258086116053164,-0.000537103449460119,-0.0009608170366846025,-0.0001315296394750476,-0.00014843059761915356,0.00014664354966953397,0.0010747145861387253,0.0010755121475085616,0.0018453620141372085,0.0010959506034851074,0.0003545293875504285,-0.0001033622320392169,-0.0012245383113622665,-0.0016514355083927512,-0.00193028396461159,-0.0018392278579995036,-0.0007778945146128535,-0.0004447459359653294,0.00036884332075715065,0.0010172816691920161,0.0016274829395115376,0.0016567265847697854,0.0006859457353129983,0.00029569267644546926,0.0001673560036579147,-0.0002836948842741549,-0.000939272518735379,-0.0017993769142776728,-0.0028640080709010363,-0.00046353714424185455,-8.901382534531876e-05,6.58867575111799e-05,1.1645896620393614e-06,-0.00028318032855167985,-0.0012271731393411756,-0.0019441528711467981,-0.0025797737762331963,-0.003211589762941003,-0.002713404828682542,-0.0020721484906971455,-0.0008226050995290279,-0.00014751269191037863,0.0005222719046287239,0.0007583547849208117,0.0005908223101869226,0.0003489160444587469,0.0001352516410406679,-0.00039234821451827884,-1.4341823771246709e-05,0.00021759934315923601,0.0007901673670858145,0.0006341001717373729,0.00024864808074198663,0.00041930985753424466,0.0001514745526947081,0.00021743746765423566,0.00029654212994500995,-0.0003753471246454865,-5.876246723346412e-05,0.0005655843997374177,0.0025007985532283783,0.0053885821253061295,0.008944224566221237,0.012608781456947327,0.01750224642455578,0.02329327166080475,0.02943739853799343,0.03374910727143288,0.03878027945756912,0.042178522795438766,0.04433293640613556,0.04309452325105667,0.04117041826248169,0.03938260301947594,0.036350008100271225,0.032800689339637756,0.029728081077337265,0.02739865705370903,0.026381246745586395,0.02507474087178707,0.02260786108672619,0.019605468958616257,0.0170445516705513,0.015059808269143105,0.012750444933772087,0.010097982361912727,0.006685290019959211,0.0041981968097388744,0.0017863056855276227,0.0004141222161706537,-2.6135356165468693e-05,-0.0006128963432274759,0.0004918758058920503,0.0010922978399321437,0.0014561800053343177,0.0010301659349352121,0.0018940592417493463,0.0022837461438030005,0.0017433285247534513,0.0009833482326939702,0.00043484100024215877,-8.47224218887277e-05,-0.0005753419827669859,-0.0010370176751166582,0.000545596529264003,0.0002864879497792572,8.719161269254982e-05,-5.229247472016141e-05,-0.00013196431973483413,-0.000481027876958251,-0.0007659966358914971,-0.0012851625215262175,-0.0016630045138299465,-0.0013925429666414857,-0.0015270488802343607,-0.0011135239619761705,-0.0007822854095138609,0.0003106719523202628,0.0012133349664509296,0.0011160667054355145,0.0007514812750741839,0.0009223741362802684,0.0009897478157654405,0.0014162629377096891,0.0011753550497815013,0.0011105190496891737,0.0009704016847535968,0.0005868494044989347,0.0006210582796484232,0.0008035933133214712,0.0003775991208385676,0.0007943371310830116,0.0015916419215500355,0.0014832705492153764,0.000350027228705585,-0.001469089649617672,-0.0023018873762339354,-0.002440100070089102,-0.002925614593550563,-0.002327358117327094,-0.000995393143966794,-0.0013809527736157179,-0.0008064088178798556,-0.001046157325617969,-0.000809733581263572,-0.00014334695879369974,-0.0009224088862538338,-0.0011397994821891189,-0.0007798534934408963,-0.0012068680953234434,-0.00013296645192895085,0.00013944478996563703,0.0008400683873333037,0.0009428306948393583,2.3159054762800224e-05,-0.0005692178383469582,-0.00014590081991627812,0.000300627201795578,0.001524555147625506,0.002526596188545227,0.004138160031288862,0.006587498355656862,0.009968860074877739,0.014655087143182755,0.020207364112138748,0.02546040713787079,0.03149346634745598,0.036939945071935654,0.04018879681825638,0.04200266674160957,0.041680604219436646,0.041072096675634384,0.03998967260122299,0.03722291812300682,0.034747201949357986,0.03194914385676384,0.028909016400575638,0.02562682144343853,0.022102558985352516
14,0.0,0.0,0.0,0.0,0.0,0.0,0.0,0.0,0.0,0.0,0.0,0.0,0.0,0.0,0.0,0.0,0.0,0.0,0.0,0.0,0.0,0.0,0.0,0.0,0.0,0.0,0.0,0.0,0.0,0.0,0.0,0.0,0.0,0.0,0.0,0.0,0.0,0.0,0.0,0.0,0.0,0.0,0.0,0.0,0.0,0.0,0.0,0.0,0.0,0.0,0.0,0.0,0.0,0.0,0.0,0.0,0.0,0.0,0.0,0.0,0.0,0.0,0.0,0.0,0.0,0.0,0.0,0.0,0.0,0.0,0.0,0.0,0.0,0.0,0.0,-0.0064012110233306885,-0.008080105297267437,-0.009923361241817474,-0.011930977925658226,-0.014102956280112267,-0.01649494655430317,-0.02054254710674286,-0.023894693702459335,-0.027404343709349632,-0.02829778753221035,-0.030969122424721718,-0.03248467668890953,-0.03417534753680229,-0.03504760190844536,-0.035334598273038864,-0.03669824078679085,-0.037163976579904556,-0.036268092691898346,-0.03709233179688454,-0.03540891781449318,-0.034003619104623795,-0.03198941797018051,-0.029084762558341026,-0.028409885242581367,-0.02592400461435318,-0.02327531762421131,-0.022192655131220818,-0.02049192786216736,-0.019306102767586708,-0.016766410320997238,-0.014287106692790985,-0.013287149369716644,-0.012475600466132164,-0.01024851854890585,-0.009107775054872036,-0.007678308989852667,-0.008201117627322674,-0.00866270437836647,-0.00978961680084467,-0.011755767278373241,-0.013723568059504032,-0.01537187397480011,-0.01775421015918255,-0.018517741933465004,-0.019309865310788155,-0.021749421954154968,-0.025206902995705605,-0.028481576591730118,-0.029998378828167915,-0.03121960535645485,-0.033811599016189575,-0.033851686865091324,-0.0338725708425045,-0.03425629064440727,-0.03372647613286972,-0.034833554178476334,-0.03485996276140213,-0.03427766636013985,-0.035162054002285004,-0.033901479095220566,-0.03226872533559799,-0.029445242136716843,-0.026600347831845284,-0.024009855464100838,-0.020751923322677612,-0.01887260004878044,-0.017633091658353806,-0.015529388561844826,-0.013417820446193218,-0.011938479728996754,-0.010236363857984543,-0.008283703587949276,-0.005941286683082581,-0.0032091140747070312,-8.718502795090899e-05,0.0,0.0,0.0,0.0,0.0,0.0,0.0,0.0,0.0,0.0,0.0,0.0,0.0,0.0,0.0,0.0,0.0,0.0,0.0,0.0,0.0,0.0,0.0,0.0,0.0,0.0,0.0,0.0,0.0,0.0,0.0,0.0,0.0,0.0,0.0,0.0,0.0,0.0,0.0,0.0,0.0,0.0,0.0,0.0,0.0,0.0,0.0,0.0,0.0,0.0,0.0,0.0,0.0,0.0,0.0,0.0,0.0,0.0,0.0,0.0,0.0,0.0,0.0,0.0,0.0,0.0,0.0,0.0,0.0,0.0,0.0,0.0,0.0,0.0,0.0
15,-0.026548592373728752,-0.035693973302841187,-0.0429752878844738,-0.048392537981271744,-0.051945723593235016,-0.051062338054180145,-0.05012284219264984,-0.05073995888233185,-0.0506378710269928,-0.05077813193202019,-0.050815604627132416,-0.050239622592926025,-0.050747100263834,-0.05028674378991127,-0.05019305646419525,-0.05017383396625519,-0.050062395632267,-0.049728188663721085,-0.048998359590768814,-0.0488319918513298,-0.04905383661389351,-0.048548996448516846,-0.04941001161932945,-0.04983958974480629,-0.050869811326265335,-0.050368379801511765,-0.049544282257556915,-0.05010151118040085,-0.05030468851327896,-0.05093471705913544,-0.05129024758934975,-0.05113513395190239,-0.05307841673493385,-0.054676834493875504,-0.052256178110837936,-0.042537178844213486,-0.024310797452926636,-0.002995311515405774,0.019143523648381233,0.03832363709807396,0.049563247710466385,0.053655628114938736,0.05273711681365967,0.05200040712952614,0.05143655836582184,0.0507744625210762,0.0508275106549263,0.05066539719700813,0.049985621124506,0.05057477205991745,0.0508861169219017,0.05189229175448418,0.0513157919049263,0.05086351931095123,0.05186602100729942,0.051830098032951355,0.052343517541885376,0.052677541971206665,0.052177127450704575,0.05247512459754944,0.05259223282337189,0.051342371851205826,0.05066104605793953,0.04925623536109924,0.04977472499012947,0.050742462277412415,0.050990063697099686,0.051262665539979935,0.051016125828027725,0.051389630883932114,0.053022660315036774,0.05025319382548332,0.0458168126642704,0.03971351683139801,0.03194330632686615,0.0,0.0,0.0,0.0,0.0,0.0,0.0,0.0,0.0,0.0,0.0,0.0,0.0,0.0,0.0,0.0,0.0,0.0,0.0,0.0,0.0,0.0,0.0,0.0,0.0,0.0,0.0,0.0,0.0,0.0,0.0,0.0,0.0,0.0,0.0,0.0,0.0,0.0,0.0,0.0,0.0,0.0,0.0,0.0,0.0,0.0,0.0,0.0,0.0,0.0,0.0,0.0,0.0,0.0,0.0,0.0,0.0,0.0,0.0,0.0,0.0,0.0,0.0,0.0,0.0,0.0,0.0,0.0,0.0,0.0,0.0,0.0,0.0,0.0,0.0,0.03020041063427925,0.038147564977407455,0.04443541169166565,0.049063943326473236,0.05203316733241081,0.05190157890319824,0.05150303617119789,0.05180085450410843,0.05178491398692131,0.051164135336875916,0.05147601664066315,0.05177491903305054,0.0511053092777729,0.050470445305109024,0.049313873052597046,0.04956600069999695,0.04959266260266304,0.050496604293584824,0.05132024735212326,0.05147292837500572,0.05174686387181282,0.05226265639066696,0.051356758922338486,0.050580888986587524,0.04937436804175377,0.04992656037211418,0.0504603236913681,0.05024302750825882,0.0507662333548069,0.05093962326645851,0.05107341706752777,0.05195445567369461,0.05279446020722389,0.05426632612943649,0.05190714821219444,0.04212015122175217,0.02539910189807415,0.0032052169553935528,-0.019499585032463074,-0.03716002032160759,-0.04730319604277611,-0.04954449087381363,-0.0492207296192646,-0.048784442245960236,-0.049679238349199295,-0.0508551262319088,-0.05145621299743652,-0.051333535462617874,-0.05082531273365021,-0.05053367093205452,-0.050187788903713226,-0.04933102801442146,-0.049830760806798935,-0.05050797015428543,-0.05041573569178581,-0.05019455775618553,-0.049389537423849106,-0.04989638924598694,-0.04990052059292793,-0.0503745898604393,-0.050697412341833115,-0.05051182210445404,-0.05049033835530281,-0.05088464915752411,-0.050187427550554276,-0.04982731491327286,-0.0491134412586689,-0.0497966893017292,-0.05025743320584297,-0.05016069859266281,-0.05130435526371002,-0.04782414063811302,-0.04267566278576851,-0.035858917981386185,-0.02737390622496605
16,0.0,0.0,0.0,0.0,0.0,0.0,0.0,0.0,0.0,0.0,0.0,0.0,0.0,0.0,0.0,0.0,0.0,0.0,0.0,0.0,0.0,0.0,0.0,0.0,0.0,0.0,0.0,0.0,0.0,0.0,0.0,0.0,0.0,0.0,0.0,0.0,0.0,0.0,0.0,0.0,0.0,0.0,0.0,0.0,0.0,0.0,0.0,0.0,0.0,0.0,0.0,0.0,0.0,0.0,0.0,0.0,0.0,0.0,0.0,0.0,0.0,0.0,0.0,0.0,0.0,0.0,0.0,0.0,0.0,0.0,0.0,0.0,0.0,0.0,0.0,0.002503074938431382,0.0024582394398748875,0.0027811448089778423,0.003471790812909603,0.00453017745167017,0.005914316046983004,0.007987397722899914,0.008959950879216194,0.010878526605665684,0.013567902147769928,0.014356234110891819,0.015229780226945877,0.015600135549902916,0.01853076182305813,0.021101737394928932,0.021822765469551086,0.022440960630774498,0.022592460736632347,0.023268528282642365,0.025221843272447586,0.028101595118641853,0.032801054418087006,0.034508101642131805,0.03664211183786392,0.036123745143413544,0.03649372234940529,0.03847256675362587,0.038493186235427856,0.03983943909406662,0.04269259795546532,0.04214831069111824,0.04341691732406616,0.044139306992292404,0.04451901093125343,0.04656782001256943,0.04506519436836243,0.04535868391394615,0.04643997550010681,0.04696473106741905,0.047821853309869766,0.047597967088222504,0.047069478780031204,0.04696632921695709,0.04450131207704544,0.042519357055425644,0.041915226727724075,0.043378476053476334,0.04258082062005997,0.04252149537205696,0.042462028563022614,0.04245869815349579,0.040517933666706085,0.03793437033891678,0.035293951630592346,0.0342584103345871,0.032336968928575516,0.03324280306696892,0.03262822702527046,0.032087795436382294,0.030831599608063698,0.028426239266991615,0.024690527468919754,0.023865245282649994,0.0221997257322073,0.022056778892874718,0.02083585411310196,0.01924450881779194,0.019531497731804848,0.01872539147734642,0.017014797776937485,0.016636572778224945,0.014723117463290691,0.012174930423498154,0.008992012590169907,0.005174363497644663,-0.0010141386883333325,-0.0020717435982078314,-0.0028568750713020563,-0.003369533456861973,-0.0036097182892262936,-0.0030486315954476595,-0.003135035512968898,-0.003275244263932109,-0.0034905236680060625,-0.004662229213863611,-0.00684271939098835,-0.00843188725411892,-0.01012637373059988,-0.01030728779733181,-0.010672830045223236,-0.010372466407716274,-0.010030870325863361,-0.009653618559241295,-0.008889528922736645,-0.010536468587815762,-0.011983267962932587,-0.013082209043204784,-0.014220355078577995,-0.016182154417037964,-0.018514353781938553,-0.01826840452849865,-0.017654236406087875,-0.019420063123106956,-0.018177038058638573,-0.01876359060406685,-0.019929207861423492,-0.021892789751291275,-0.02319726161658764,-0.022179100662469864,-0.022685503587126732,-0.02365744858980179,-0.02301173098385334,-0.024120032787322998,-0.02425944246351719,-0.023914286866784096,-0.023412637412548065,-0.02049408294260502,-0.018676307052373886,-0.017083987593650818,-0.01727278158068657,-0.01730939745903015,-0.017503412440419197,-0.018869761377573013,-0.019782643765211105,-0.01907011866569519,-0.018646828830242157,-0.018686503171920776,-0.018075942993164062,-0.017389722168445587,-0.017361393198370934,-0.016427841037511826,-0.015513497404754162,-0.012945971451699734,-0.012586253695189953,-0.012609690427780151,-0.010513884015381336,-0.010813530534505844,-0.01027218159288168,-0.008437098935246468,-0.008257793262600899,-0.00727763632312417,-0.0077455006539821625,-0.008317315950989723,-0.007135392166674137,-0.007488827686756849,-0.007470109965652227,-0.006684097461402416,-0.005561478435993195,-0.0041022528894245625,-0.002306421287357807
17,0.03282177075743675,0.039027899503707886,0.044018011540174484,0.047792110592126846,0.05035019665956497,0.05016070604324341,0.04953787103295326,0.04897569119930267,0.04752158746123314,0.04743402078747749,0.046967294067144394,0.0474371574819088,0.04703643172979355,0.04824845865368843,0.04908687621355057,0.049644604325294495,0.04949500784277916,0.04898269474506378,0.049310266971588135,0.04966273158788681,0.04818833991885185,0.047759074717760086,0.04750800505280495,0.04797438159584999,0.04911395534873009,0.048283256590366364,0.04841100051999092,0.048574578016996384,0.048591844737529755,0.048989392817020416,0.04878198727965355,0.04761010408401489,0.04979686811566353,0.052097540348768234,0.048791687935590744,0.03467801958322525,0.01442690659314394,-0.008504117839038372,-0.029117973521351814,-0.04468853771686554,-0.05087884142994881,-0.0490194708108902,-0.04669436812400818,-0.04686718434095383,-0.04709133133292198,-0.04812537506222725,-0.04810066521167755,-0.048345066606998444,-0.04887707158923149,-0.04839276522397995,-0.04885687679052353,-0.048938728868961334,-0.048692233860492706,-0.04886602237820625,-0.0484560988843441,-0.04903982952237129,-0.049739304929971695,-0.04865191876888275,-0.047945909202098846,-0.04714716225862503,-0.04747737571597099,-0.04809177666902542,-0.04736730828881264,-0.047549810260534286,-0.04814200848340988,-0.04838079959154129,-0.04872769117355347,-0.048067376017570496,-0.04769934341311455,-0.047951873391866684,-0.04858875274658203,-0.04554568603634834,-0.040904972702264786,-0.03466661274433136,-0.026830606162548065,0.021726060658693314,0.022748179733753204,0.023434394970536232,0.023784708231687546,0.023799117654561996,0.022644558921456337,0.021995820105075836,0.022495901212096214,0.022800512611865997,0.0228254534304142,0.02349143847823143,0.02333049848675728,0.024034610018134117,0.024257397279143333,0.023901967331767082,0.023752223700284958,0.023342669010162354,0.023627210408449173,0.02350272610783577,0.02345873787999153,0.023448066785931587,0.023335890844464302,0.02398710325360298,0.02404307760298252,0.023127445951104164,0.022625308483839035,0.022043786942958832,0.022707121446728706,0.023230377584695816,0.022368943318724632,0.022136516869068146,0.021174302324652672,0.022959012538194656,0.024050885811448097,0.023631928488612175,0.018585318699479103,0.008953036740422249,-0.0024125685449689627,-0.013074438087642193,-0.02214646525681019,-0.02486833930015564,-0.025163589045405388,-0.02283865585923195,-0.022122900933027267,-0.023325666785240173,-0.023580560460686684,-0.024144668132066727,-0.02423851378262043,-0.024068353697657585,-0.025331979617476463,-0.02448524907231331,-0.022521615028381348,-0.021190902218222618,-0.02179834432899952,-0.023070361465215683,-0.02371518313884735,-0.02414088137447834,-0.025175200775265694,-0.02398703806102276,-0.023421576246619225,-0.02308066561818123,-0.023168718442320824,-0.022925982251763344,-0.023570355027914047,-0.02472732402384281,-0.02555435337126255,-0.024926304817199707,-0.024213461205363274,-0.024198634549975395,-0.024418756365776062,-0.02526010200381279,-0.0239957757294178,-0.022305365651845932,-0.020188869908452034,-0.017646292224526405,0.05442672222852707,0.06102347746491432,0.06618233770132065,0.06990329921245575,0.07218635827302933,0.07030404359102249,0.0706767588853836,0.07171259820461273,0.07157198339700699,0.07177705317735672,0.07228753715753555,0.07250779867172241,0.07305540889501572,0.07240042835474014,0.0717916190624237,0.07297126203775406,0.07360881567001343,0.07454889267683029,0.07423527538776398,0.07378020882606506,0.07452546805143356,0.07393814623355865,0.07405062019824982,0.0745180994272232,0.07418660074472427,0.07522499561309814,0.07597573101520538,0.07507434487342834,0.07427748292684555,0.07229449599981308,0.07284008711576462,0.07270804047584534,0.07573847472667694,0.08041577786207199,0.07610554248094559,0.05666280910372734,0.026281040161848068,-0.0076987589709460735,-0.03852175176143646,-0.06250705569982529,-0.07210209220647812,-0.07142889499664307,-0.06918691098690033,-0.07014641165733337,-0.0720207616686821,-0.07140441983938217,-0.07091734558343887,-0.07215949147939682,-0.07305920869112015,-0.07404755800962448,-0.07340524345636368,-0.07288474589586258,-0.07353971898555756,-0.07347170263528824,-0.07321720570325851,-0.07339335232973099,-0.07342939078807831,-0.07324682176113129,-0.07246135920286179,-0.07179845124483109,-0.07171901315450668,-0.0715392455458641,-0.07244439423084259,-0.07315094023942947,-0.07395302504301071,-0.0738212913274765,-0.0734301432967186,-0.07414117455482483,-0.07466234266757965,-0.07467155158519745,-0.0753466933965683,-0.06935064494609833,-0.06039237976074219,-0.04847190901637077,-0.03358922526240349
18,-0.013039054349064827,-0.015723666176199913,-0.0182837825268507,-0.02071939781308174,-0.023030515760183334,-0.02560114860534668,-0.02820719964802265,-0.031030410900712013,-0.03303303197026253,-0.035377174615859985,-0.037432726472616196,-0.03945416584610939,-0.041101302951574326,-0.04304284602403641,-0.04428112879395485,-0.046558573842048645,-0.04797441512346268,-0.048436228185892105,-0.04849544167518616,-0.0471704863011837,-0.04640236869454384,-0.04595920443534851,-0.04439065232872963,-0.042538080364465714,-0.03911802917718887,-0.03669507056474686,-0.034708425402641296,-0.031513623893260956,-0.028685487806797028,-0.02574646659195423,-0.02213791385293007,-0.017464762553572655,-0.012911546044051647,-0.009019783698022366,-0.005065634846687317,-0.0008171321824193001,0.0034024592023342848,0.006942821200937033,0.011234236881136894,0.015554139390587807,0.018189942464232445,0.020392337813973427,0.024033863097429276,0.02858678437769413,0.032962020486593246,0.03554874658584595,0.038066089153289795,0.03976626321673393,0.040555741637945175,0.04145315662026405,0.04289891570806503,0.04413684830069542,0.045050572603940964,0.045326560735702515,0.046164873987436295,0.04512042552232742,0.044878121465444565,0.04399878904223442,0.042570821940898895,0.04185246303677559,0.03971679136157036,0.038211751729249954,0.036453425884246826,0.034126222133636475,0.03297607600688934,0.02996830828487873,0.027236884459853172,0.025507617741823196,0.02355930581688881,0.020879676565527916,0.017406940460205078,0.015176993794739246,0.013456764630973339,0.012246251106262207,0.011545454151928425,0.0,0.0,0.0,0.0,0.0,0.0,0.0,0.0,0.0,0.0,0.0,0.0,0.0,0.0,0.0,0.0,0.0,0.0,0.0,0.0,0.0,0.0,0.0,0.0,0.0,0.0,0.0,0.0,0.0,0.0,0.0,0.0,0.0,0.0,0.0,0.0,0.0,0.0,0.0,0.0,0.0,0.0,0.0,0.0,0.0,0.0,0.0,0.0,0.0,0.0,0.0,0.0,0.0,0.0,0.0,0.0,0.0,0.0,0.0,0.0,0.0,0.0,0.0,0.0,0.0,0.0,0.0,0.0,0.0,0.0,0.0,0.0,0.0,0.0,0.0,0.0,0.0,0.0,0.0,0.0,0.0,0.0,0.0,0.0,0.0,0.0,0.0,0.0,0.0,0.0,0.0,0.0,0.0,0.0,0.0,0.0,0.0,0.0,0.0,0.0,0.0,0.0,0.0,0.0,0.0,0.0,0.0,0.0,0.0,0.0,0.0,0.0,0.0,0.0,0.0,0.0,0.0,0.0,0.0,0.0,0.0,0.0,0.0,0.0,0.0,0.0,0.0,0.0,0.0,0.0,0.0,0.0,0.0,0.0,0.0,0.0,0.0,0.0,0.0,0.0,0.0,0.0,0.0,0.0,0.0,0.0,0.0,0.0,0.0,0.0
19,0.0,0.0,0.0,0.0,0.0,0.0,0.0,0.0,0.0,0.0,0.0,0.0,0.0,0.0,0.0,0.0,0.0,0.0,0.0,0.0,0.0,0.0,0.0,0.0,0.0,0.0,0.0,0.0,0.0,0.0,0.0,0.0,0.0,0.0,0.0,0.0,0.0,0.0,0.0,0.0,0.0,0.0,0.0,0.0,0.0,0.0,0.0,0.0,0.0,0.0,0.0,0.0,0.0,0.0,0.0,0.0,0.0,0.0,0.0,0.0,0.0,0.0,0.0,0.0,0.0,0.0,0.0,0.0,0.0,0.0,0.0,0.0,0.0,0.0,0.0,0.0,0.0,0.0,0.0,0.0,0.0,0.0,0.0,0.0,0.0,0.0,0.0,0.0,0.0,0.0,0.0,0.0,0.0,0.0,0.0,0.0,0.0,0.0,0.0,0.0,0.0,0.0,0.0,0.0,0.0,0.0,0.0,0.0,0.0,0.0,0.0,0.0,0.0,0.0,0.0,0.0,0.0,0.0,0.0,0.0,0.0,0.0,0.0,0.0,0.0,0.0,0.0,0.0,0.0,0.0,0.0,0.0,0.0,0.0,0.0,0.0,0.0,0.0,0.0,0.0,0.0,0.0,0.0,0.0,0.0,0.0,0.0,0.0,0.0,0.0,0.02030392549932003,0.010203013196587563,0.0005320141208358109,-0.008709071204066277,-0.0175202414393425,-0.027486925944685936,-0.030165620148181915,-0.018153229728341103,-0.021646512672305107,-0.03276005759835243,-0.025958208367228508,-0.03180822357535362,-0.03945450857281685,-0.05920032039284706,-0.04262283071875572,-0.04384210705757141,-0.027586793527007103,-0.024460244923830032,-0.0138011509552598,-0.0028514075092971325,0.011776601895689964,0.02106400392949581,0.04042821750044823,0.044944822788238525,0.060851454734802246,0.04368220642209053,0.02484016865491867,-0.007029096595942974,-0.014799578115344048,-0.023333847522735596,-0.027808016166090965,-0.03553659841418266,-0.018162934109568596,-0.02215646393597126,-0.02036394365131855,-0.009252067655324936,0.011909483931958675,0.0029673681128770113,0.00223413179628551,-0.003410358913242817,0.002147675259038806,-0.023359986022114754,-0.02217082493007183,-0.005188684910535812,0.012230923399329185,0.0020790996495634317,0.02321447990834713,0.021351700648665428,0.02245471440255642,-0.0045243240892887115,-0.0030561427120119333,-0.01046672835946083,-1.4527890016324818e-05,-3.659833237179555e-05,0.018145954236388206,0.01942606084048748,0.0378667376935482,0.04007558524608612,0.05511713773012161,0.04726974666118622,0.05598948895931244,0.04303347319364548,0.040625058114528656,0.027263415977358818,0.0023785121738910675,-0.012694415636360645,-0.01471775583922863,0.0013924177037552,0.01403292827308178,0.002439327770844102,0.011573776602745056,0.0064614578150212765,-0.005871592089533806,-0.025425372645258904,-0.05219988524913788
20,0.0022141910158097744,-0.0033885848242789507,-0.0074038091115653515,-0.00983148068189621,-0.010671600699424744,-0.011290468275547028,-0.008960823528468609,-0.004646055866032839,0.0017007575370371342,0.010208198800683022,0.016802456229925156,0.0205877386033535,0.022063100710511208,0.020017515867948532,0.012083318084478378,0.0017299975734204054,-0.010516331531107426,-0.021131623536348343,-0.028984779492020607,-0.033270370215177536,-0.03247396647930145,-0.0242502111941576,-0.010167797096073627,0.007117392960935831,0.024341359734535217,0.038365453481674194,0.0476524792611599,0.04898065701127052,0.04044812172651291,0.02495637536048889,0.004573148675262928,-0.0177947748452425,-0.03726140782237053,-0.052605509757995605,-0.05672681704163551,-0.05153556540608406,-0.03713461011648178,-0.017420748248696327,0.0063104163855314255,0.028629641979932785,0.045770660042762756,0.055748261511325836,0.05643996223807335,0.04601433128118515,0.03032122552394867,0.007693267427384853,-0.013186436146497726,-0.03342728316783905,-0.045573070645332336,-0.04915788024663925,-0.046101365238428116,-0.0350986048579216,-0.016697773709893227,0.0019346203189343214,0.020115923136472702,0.031760428100824356,0.037108711898326874,0.036256346851587296,0.028810100629925728,0.017910195514559746,0.005517220124602318,-0.007505209185183048,-0.01836494728922844,-0.025556376203894615,-0.028145121410489082,-0.024274351075291634,-0.01740283891558647,-0.009310126304626465,-0.001641392707824707,0.0050597949884831905,0.010112634859979153,0.011931262910366058,0.011670107953250408,0.009329170919954777,0.004908451810479164,0.0,0.0,0.0,0.0,0.0,0.0,0.0,0.0,0.0,0.0,0.0,0.0,0.0,0.0,0.0,0.0,0.0,0.0,0.0,0.0,0.0,0.0,0.0,0.0,0.0,0.0,0.0,0.0,0.0,0.0,0.0,0.0,0.0,0.0,0.0,0.0,0.0,0.0,0.0,0.0,0.0,0.0,0.0,0.0,0.0,0.0,0.0,0.0,0.0,0.0,0.0,0.0,0.0,0.0,0.0,0.0,0.0,0.0,0.0,0.0,0.0,0.0,0.0,0.0,0.0,0.0,0.0,0.0,0.0,0.0,0.0,0.0,0.0,0.0,0.0,0.0,0.0,0.0,0.0,0.0,0.0,0.0,0.0,0.0,0.0,0.0,0.0,0.0,0.0,0.0,0.0,0.0,0.0,0.0,0.0,0.0,0.0,0.0,0.0,0.0,0.0,0.0,0.0,0.0,0.0,0.0,0.0,0.0,0.0,0.0,0.0,0.0,0.0,0.0,0.0,0.0,0.0,0.0,0.0,0.0,0.0,0.0,0.0,0.0,0.0,0.0,0.0,0.0,0.0,0.0,0.0,0.0,0.0,0.0,0.0,0.0,0.0,0.0,0.0,0.0,0.0,0.0,0.0,0.0,0.0,0.0,0.0,0.0,0.0,0.0
21,0.0,0.0,0.0,0.0,0.0,0.0,0.0,0.0,0.0,0.0,0.0,0.0,0.0,0.0,0.0,0.0,0.0,0.0,0.0,0.0,0.0,0.0,0.0,0.0,0.0,0.0,0.0,0.0,0.0,0.0,0.0,0.0,0.0,0.0,0.0,0.0,0.0,0.0,0.0,0.0,0.0,0.0,0.0,0.0,0.0,0.0,0.0,0.0,0.0,0.0,0.0,0.0,0.0,0.0,0.0,0.0,0.0,0.0,0.0,0.0,0.0,0.0,0.0,0.0,0.0,0.0,0.0,0.0,0.0,0.0,0.0,0.0,0.0,0.0,0.0,-0.009822663851082325,-0.024774126708507538,-0.03680519014596939,-0.04591584950685501,-0.0521061085164547,-0.058376576751470566,-0.05789004638791084,-0.052999578416347504,-0.04651372507214546,-0.03643809258937836,-0.026147903874516487,-0.0170650165528059,-0.010495039634406567,-0.0047884490340948105,-0.0006938331644050777,-0.0006984841893427074,-0.0014047392178326845,-0.00020460484665818512,0.00033018484828062356,0.0005424470873549581,0.0017427095444872975,0.0023038166109472513,0.0001290096843149513,-0.0032905053813010454,-0.008775856345891953,-0.014913438819348812,-0.024978039786219597,-0.03535734862089157,-0.04518831521272659,-0.05383601784706116,-0.06007981300354004,-0.061647575348615646,-0.05865154787898064,-0.050740789622068405,-0.041142746806144714,-0.029736123979091644,-0.019275540485978127,-0.009659764356911182,-0.0034617444034665823,-0.000537194253411144,0.0015433962689712644,0.0002514463267289102,-0.0009004527237266302,-0.000968976819422096,-0.00011397275375202298,0.0016101482324302197,0.001262177131138742,0.0007157347863540053,-0.0025287324097007513,-0.00903119146823883,-0.01667528599500656,-0.0262099988758564,-0.036532480269670486,-0.045041538774967194,-0.05126200616359711,-0.052108027040958405,-0.051762450486421585,-0.048311613500118256,-0.04326096549630165,-0.03577699512243271,-0.026670387014746666,-0.018682781606912613,-0.010986054316163063,-0.0036708072293549776,0.00016813330876175314,0.0023575446102768183,0.0025664810091257095,0.003476829035207629,0.003855100367218256,0.0026714042760431767,0.002118785632774234,0.0020116751547902822,0.002109921770170331,0.0024135252460837364,0.002922485815361142,0.0,0.0,0.0,0.0,0.0,0.0,0.0,0.0,0.0,0.0,0.0,0.0,0.0,0.0,0.0,0.0,0.0,0.0,0.0,0.0,0.0,0.0,0.0,0.0,0.0,0.0,0.0,0.0,0.0,0.0,0.0,0.0,0.0,0.0,0.0,0.0,0.0,0.0,0.0,0.0,0.0,0.0,0.0,0.0,0.0,0.0,0.0,0.0,0.0,0.0,0.0,0.0,0.0,0.0,0.0,0.0,0.0,0.0,0.0,0.0,0.0,0.0,0.0,0.0,0.0,0.0,0.0,0.0,0.0,0.0,0.0,0.0,0.0,0.0,0.0
22,0.0,0.0,0.0,0.0,0.0,0.0,0.0,0.0,0.0,0.0,0.0,0.0,0.0,0.0,0.0,0.0,0.0,0.0,0.0,0.0,0.0,0.0,0.0,0.0,0.0,0.0,0.0,0.0,0.0,0.0,0.0,0.0,0.0,0.0,0.0,0.0,0.0,0.0,0.0,0.0,0.0,0.0,0.0,0.0,0.0,0.0,0.0,0.0,0.0,0.0,0.0,0.0,0.0,0.0,0.0,0.0,0.0,0.0,0.0,0.0,0.0,0.0,0.0,0.0,0.0,0.0,0.0,0.0,0.0,0.0,0.0,0.0,0.0,0.0,0.0,0.0,0.0,0.0,0.0,0.0,0.0,0.0,0.0,0.0,0.0,0.0,0.0,0.0,0.0,0.0,0.0,0.0,0.0,0.0,0.0,0.0,0.0,0.0,0.0,0.0,0.0,0.0,0.0,0.0,0.0,0.0,0.0,0.0,0.0,0.0,0.0,0.0,0.0,0.0,0.0,0.0,0.0,0.0,0.0,0.0,0.0,0.0,0.0,0.0,0.0,0.0,0.0,0.0,0.0,0.0,0.0,0.0,0.0,0.0,0.0,0.0,0.0,0.0,0.0,0.0,0.0,0.0,0.0,0.0,0.0,0.0,0.0,0.0,0.0,0.0,0.0009201089851558208,0.0008536528912372887,0.0009543948108330369,0.0012223348021507263,0.0016574729233980179,0.0009805116569623351,0.0021877207327634096,0.004471431486308575,0.006900133565068245,0.009801692329347134,0.013028401881456375,0.01553516648709774,0.017608636990189552,0.01948070339858532,0.021613121032714844,0.022967379540205002,0.023804670199751854,0.023966338485479355,0.025543052703142166,0.02887248806655407,0.03216128796339035,0.035679250955581665,0.0381900817155838,0.03927053138613701,0.041220515966415405,0.04212372004985809,0.04311838746070862,0.04597693681716919,0.04819604381918907,0.0504605807363987,0.05332322046160698,0.053676098585128784,0.055214811116456985,0.05593763664364815,0.05415801331400871,0.05465659126639366,0.05350295454263687,0.053443748503923416,0.05442890152335167,0.054919347167015076,0.05451256036758423,0.05442240089178085,0.05368708819150925,0.05556343123316765,0.05411543697118759,0.054826609790325165,0.054184358566999435,0.054413892328739166,0.05328940227627754,0.05344890430569649,0.052447620779275894,0.04957675188779831,0.04420572519302368,0.03984920307993889,0.03236720710992813,0.024681249633431435,0.017513222992420197,0.011076567694544792,0.005190359428524971,0.0008911221520975232,-0.001390474964864552,-0.0018854974769055843,-0.0026175177190452814,-0.002164896111935377,-0.00173725257627666,-0.0021429932676255703,-0.002060121390968561,-0.001947114011272788,-0.002222982933744788,-0.00256271380931139,-0.0032744542695581913,-0.0033815838396549225,-0.003152123186737299,-0.0025860725436359644,-0.0016834316775202751
23,0.0,0.0,0.0,0.0,0.0,0.0,0.0,0.0,0.0,0.0,0.0,0.0,0.0,0.0,0.0,0.0,0.0,0.0,0.0,0.0,0.0,0.0,0.0,0.0,0.0,0.0,0.0,0.0,0.0,0.0,0.0,0.0,0.0,0.0,0.0,0.0,0.0,0.0,0.0,0.0,0.0,0.0,0.0,0.0,0.0,0.0,0.0,0.0,0.0,0.0,0.0,0.0,0.0,0.0,0.0,0.0,0.0,0.0,0.0,0.0,0.0,0.0,0.0,0.0,0.0,0.0,0.0,0.0,0.0,0.0,0.0,0.0,0.0,0.0,0.0,0.0,0.0,0.0,0.0,0.0,0.0,0.0,0.0,0.0,0.0,0.0,0.0,0.0,0.0,0.0,0.0,0.0,0.0,0.0,0.0,0.0,0.0,0.0,0.0,0.0,0.0,0.0,0.0,0.0,0.0,0.0,0.0,0.0,0.0,0.0,0.0,0.0,0.0,0.0,0.0,0.0,0.0,0.0,0.0,0.0,0.0,0.0,0.0,0.0,0.0,0.0,0.0,0.0,0.0,0.0,0.0,0.0,0.0,0.0,0.0,0.0,0.0,0.0,0.0,0.0,0.0,0.0,0.0,0.0,0.0,0.0,0.0,0.0,0.0,0.0,-0.024149376899003983,-0.03093387559056282,-0.03670048341155052,-0.041449204087257385,-0.04518003389239311,-0.04774678871035576,-0.049283966422080994,-0.05112035572528839,-0.051619600504636765,-0.051467251032590866,-0.0512167364358902,-0.05002380535006523,-0.04982472583651543,-0.049333564937114716,-0.04737444967031479,-0.04621085524559021,-0.04489346593618393,-0.045050837099552155,-0.0453362911939621,-0.044502176344394684,-0.04434222728013992,-0.04394184798002243,-0.043162550777196884,-0.042917702347040176,-0.04118555784225464,-0.03996732458472252,-0.038377489894628525,-0.03628140315413475,-0.034232620149850845,-0.030780600383877754,-0.027956025674939156,-0.024831807240843773,-0.02120240032672882,-0.017461109906435013,-0.014075183309614658,-0.010346034541726112,-0.0075103966519236565,-0.003776273690164089,-0.00018926156917586923,0.005292846355587244,0.01048467680811882,0.016223710030317307,0.02069109119474888,0.025276267901062965,0.02904224954545498,0.03284484148025513,0.03469222038984299,0.03693104907870293,0.03818570077419281,0.04051893576979637,0.042439624667167664,0.04248816519975662,0.044192347675561905,0.04694299027323723,0.04876505210995674,0.04954870417714119,0.04946250468492508,0.05064496025443077,0.05182458832859993,0.052168749272823334,0.051910050213336945,0.05045604705810547,0.05032544955611229,0.049665067344903946,0.049704305827617645,0.05134321376681328,0.051520057022571564,0.052799783647060394,0.05207403004169464,0.05070939287543297,0.048278383910655975,0.0440642312169075,0.03848687559366226,0.03154631331562996,0.023242546245455742
24,-0.001661513582803309,-0.002767750760540366,-0.003926579840481281,-0.005138000939041376,-0.006402014289051294,-0.007778615225106478,-0.009613782167434692,-0.010343903675675392,-0.012436178512871265,-0.01347093004733324,-0.013603020459413528,-0.014291799627244473,-0.014013268984854221,-0.015213058330118656,-0.0157366544008255,-0.015789669007062912,-0.016398444771766663,-0.016661789268255234,-0.015460695140063763,-0.01414523832499981,-0.013976859860122204,-0.014621058478951454,-0.014312096871435642,-0.014329365454614162,-0.01380710769444704,-0.014338741078972816,-0.013498557731509209,-0.012269850820302963,-0.010760318487882614,-0.009680049493908882,-0.009163476526737213,-0.008981049060821533,-0.007355119101703167,-0.007053711451590061,-0.005388819146901369,-0.004117955919355154,-0.0018662187503650784,-0.0004604910791385919,0.00010252095671603456,0.0016865053912624717,0.0028304646257311106,0.003099825931712985,0.005796476267278194,0.007336549926549196,0.009383764117956161,0.01045430637896061,0.010584731586277485,0.011045677587389946,0.0110574746504426,0.011394419707357883,0.013727040961384773,0.014770405367016792,0.015961047261953354,0.016913263127207756,0.01735212281346321,0.017922908067703247,0.018324963748455048,0.018333222717046738,0.01927008107304573,0.01732010766863823,0.01593659445643425,0.014738108962774277,0.014305141754448414,0.01456635631620884,0.014709163457155228,0.013806059956550598,0.013231923803687096,0.010294622741639614,0.008985312655568123,0.007629405241459608,0.005625792779028416,0.004892467055469751,0.004693064372986555,0.005027585197240114,0.005896028596907854,-0.0087824035435915,-0.013725079596042633,-0.01818772964179516,-0.022170355543494225,-0.025672953575849533,-0.028108352795243263,-0.03052138350903988,-0.032328661531209946,-0.03331939876079559,-0.03493466600775719,-0.03563657030463219,-0.034408822655677795,-0.0311138853430748,-0.027689218521118164,-0.0233155507594347,-0.017945758998394012,-0.012329001910984516,-0.007047420367598534,-0.002238520421087742,0.004115472547709942,0.00978341419249773,0.016287101432681084,0.022835364565253258,0.02795201539993286,0.032556042075157166,0.03593667224049568,0.03848918899893761,0.04059669375419617,0.04005973041057587,0.03996576368808746,0.038069065660238266,0.034226153045892715,0.030271347612142563,0.025247449055314064,0.019498825073242188,0.012735981494188309,0.006549360230565071,0.002024392131716013,-0.004768384154886007,-0.011276142671704292,-0.01726885512471199,-0.021616751328110695,-0.02589426562190056,-0.029291503131389618,-0.03208049759268761,-0.033000171184539795,-0.03399943560361862,-0.03258370980620384,-0.03262648731470108,-0.0321548730134964,-0.029078638181090355,-0.02486283704638481,-0.02082236111164093,-0.014881902374327183,-0.008407051675021648,-0.002118641510605812,0.0031871318351477385,0.008472865447402,0.013949936255812645,0.01838528923690319,0.022404180839657784,0.026368603110313416,0.029740478843450546,0.03184822201728821,0.0353546179831028,0.03733950853347778,0.03753798454999924,0.03685298189520836,0.033310528844594955,0.030048921704292297,0.026840006932616234,0.02397221513092518,0.021089252084493637,0.01819111593067646,0.015277806669473648,-0.017520910128951073,-0.01699051260948181,-0.016811490058898926,-0.016983838751912117,-0.017507562413811684,-0.019091101363301277,-0.020266517996788025,-0.020862318575382233,-0.020239941775798798,-0.018940942361950874,-0.017527909949421883,-0.015599709935486317,-0.014351017773151398,-0.01344024296849966,-0.01172751747071743,-0.00910665187984705,-0.005961442831903696,-0.0033415164798498154,-0.0013583976542577147,0.001009061117656529,0.003091835882514715,0.00591678312048316,0.007528357207775116,0.009418710134923458,0.011359713971614838,0.012924283742904663,0.014614991843700409,0.016521023586392403,0.01879889890551567,0.020497743040323257,0.022253867238759995,0.022870607674121857,0.02237214334309101,0.02133858948945999,0.022050712257623672,0.02422003448009491,0.024748479947447777,0.024305537343025208,0.02432139962911606,0.024072449654340744,0.02453702688217163,0.022992415353655815,0.022283371537923813,0.021369848400354385,0.020320193842053413,0.018884433433413506,0.01782543957233429,0.017305180430412292,0.016742611303925514,0.01488067489117384,0.013562332838773727,0.010811741463840008,0.008533164858818054,0.005729613825678825,0.004469737876206636,0.0025120493955910206,0.0007834166171960533,-0.0006170765263959765,-0.0021833032369613647,-0.0044395094737410545,-0.00631453562527895,-0.00919819250702858,-0.011478740721940994,-0.01421444397419691,-0.015407077968120575,-0.016077077016234398,-0.01769825629889965,-0.018402578309178352,-0.018805913627147675,-0.01882658526301384,-0.01776076853275299,-0.01723031885921955,-0.016413824632763863,-0.015311281196773052,-0.01392269041389227
25,-0.009716120548546314,-0.011312942951917648,-0.012040163390338421,-0.011897782795131207,-0.010885801166296005,-0.009291364811360836,-0.006418890319764614,-0.0019116252660751343,0.003158947918564081,0.009767213836312294,0.015986165031790733,0.022402562201023102,0.02725326642394066,0.030438771471381187,0.031218621879816055,0.03132563456892967,0.028676509857177734,0.024348903447389603,0.017440160736441612,0.010050210170447826,0.0011622438905760646,-0.008286308497190475,-0.019344698637723923,-0.030172256752848625,-0.03903938829898834,-0.04595835506916046,-0.04988914728164673,-0.05017917975783348,-0.04759383946657181,-0.040794581174850464,-0.031456783413887024,-0.019101636484265327,-0.0058706640265882015,0.009942968375980854,0.026249142363667488,0.04089270532131195,0.05332894250750542,0.06393961608409882,0.06879962980747223,0.07006057351827621,0.06507560610771179,0.0582062266767025,0.04668364301323891,0.03170773386955261,0.016444966197013855,0.0015989498933777213,-0.014215784147381783,-0.026037203148007393,-0.03691163286566734,-0.04376921057701111,-0.04752732813358307,-0.04950612410902977,-0.04799916222691536,-0.043975647538900375,-0.0359504371881485,-0.026522468775510788,-0.016959642991423607,-0.004382373299449682,0.0069382525980472565,0.0165665652602911,0.02421761304140091,0.030228352174162865,0.03386499360203743,0.0323992557823658,0.03019692562520504,0.02763335034251213,0.021686963737010956,0.015619763173162937,0.008700624108314514,0.0033776138443499804,-0.001075591193512082,-0.00500967912375927,-0.008321193046867847,-0.011010132730007172,-0.013076499104499817,0.0,0.0,0.0,0.0,0.0,0.0,0.0,0.0,0.0,0.0,0.0,0.0,0.0,0.0,0.0,0.0,0.0,0.0,0.0,0.0,0.0,0.0,0.0,0.0,0.0,0.0,0.0,0.0,0.0,0.0,0.0,0.0,0.0,0.0,0.0,0.0,0.0,0.0,0.0,0.0,0.0,0.0,0.0,0.0,0.0,0.0,0.0,0.0,0.0,0.0,0.0,0.0,0.0,0.0,0.0,0.0,0.0,0.0,0.0,0.0,0.0,0.0,0.0,0.0,0.0,0.0,0.0,0.0,0.0,0.0,0.0,0.0,0.0,0.0,0.0,0.0,0.0,0.0,0.0,0.0,0.0,0.0,0.0,0.0,0.0,0.0,0.0,0.0,0.0,0.0,0.0,0.0,0.0,0.0,0.0,0.0,0.0,0.0,0.0,0.0,0.0,0.0,0.0,0.0,0.0,0.0,0.0,0.0,0.0,0.0,0.0,0.0,0.0,0.0,0.0,0.0,0.0,0.0,0.0,0.0,0.0,0.0,0.0,0.0,0.0,0.0,0.0,0.0,0.0,0.0,0.0,0.0,0.0,0.0,0.0,0.0,0.0,0.0,0.0,0.0,0.0,0.0,0.0,0.0,0.0,0.0,0.0,0.0,0.0,0.0
26,0.0,0.0,0.0,0.0,0.0,0.0,0.0,0.0,0.0,0.0,0.0,0.0,0.0,0.0,0.0,0.0,0.0,0.0,0.0,0.0,0.0,0.0,0.0,0.0,0.0,0.0,0.0,0.0,0.0,0.0,0.0,0.0,0.0,0.0,0.0,0.0,0.0,0.0,0.0,0.0,0.0,0.0,0.0,0.0,0.0,0.0,0.0,0.0,0.0,0.0,0.0,0.0,0.0,0.0,0.0,0.0,0.0,0.0,0.0,0.0,0.0,0.0,0.0,0.0,0.0,0.0,0.0,0.0,0.0,0.0,0.0,0.0,0.0,0.0,0.0,-0.0036301405634731054,-0.0042575993575155735,-0.004316276405006647,-0.0038061714731156826,-0.00272728456184268,-0.0008250603568740189,0.00227187923155725,0.005786905065178871,0.009906505234539509,0.014358612708747387,0.01775292307138443,0.021345799788832664,0.02403433620929718,0.02349187061190605,0.02183924987912178,0.017646098509430885,0.012345741502940655,0.004998015705496073,-0.005286876577883959,-0.016089942306280136,-0.027124470099806786,-0.037769414484500885,-0.046084750443696976,-0.05343864858150482,-0.05702158436179161,-0.05674276128411293,-0.052853185683488846,-0.04528246447443962,-0.033396702259778976,-0.017912911251187325,-0.0007940531941130757,0.016950344666838646,0.03476825729012489,0.049819789826869965,0.06155743822455406,0.07076246291399002,0.0763600617647171,0.07666905969381332,0.07047588378190994,0.06026659160852432,0.04724379628896713,0.030626637861132622,0.012327815406024456,-0.0056701661087572575,-0.02319663017988205,-0.0370628722012043,-0.04834380000829697,-0.05538909137248993,-0.05831550061702728,-0.057593367993831635,-0.052374448627233505,-0.044739410281181335,-0.0348534993827343,-0.022936897352337837,-0.010938853025436401,0.0009424430900253356,0.010899180546402931,0.018940581008791924,0.023967847228050232,0.02793518826365471,0.03006470389664173,0.02928348258137703,0.026865199208259583,0.022440727800130844,0.01728137955069542,0.011888183653354645,0.0055215670727193356,0.00154487497638911,-0.0022844409104436636,-0.004806941840797663,-0.005530481226742268,-0.005782775115221739,-0.0052756816148757935,-0.004009201191365719,-0.001983333146199584,0.0028740817215293646,0.004264607094228268,0.004870803561061621,0.004692671820521355,0.0037302114069461823,0.0020536764059215784,-0.0018455397803336382,-0.005910513922572136,-0.01080548856407404,-0.014678371138870716,-0.017836222425103188,-0.021511318162083626,-0.02342735044658184,-0.023809954524040222,-0.022531216964125633,-0.01854667253792286,-0.013415590859949589,-0.005487953312695026,0.003960567992180586,0.014415358193218708,0.026036133989691734,0.036050550639629364,0.04535125568509102,0.05225688964128494,0.05603116750717163,0.05673510581254959,0.052057020366191864,0.04441419616341591,0.032988183200359344,0.018222754821181297,0.0020037745125591755,-0.016592763364315033,-0.034180376678705215,-0.050077613443136215,-0.06321793049573898,-0.07134923338890076,-0.07618926465511322,-0.0757681205868721,-0.06899008899927139,-0.058568235486745834,-0.04431045427918434,-0.029304776340723038,-0.010195495560765266,0.008600074797868729,0.025156386196613312,0.03968236595392227,0.05029277130961418,0.0584755539894104,0.061682961881160736,0.0597844198346138,0.056084394454956055,0.04728884622454643,0.03681989014148712,0.024739844724535942,0.011516187340021133,0.0011387636186555028,-0.009505899623036385,-0.01817522756755352,-0.023250970989465714,-0.025810424238443375,-0.02627739869058132,-0.025862952694296837,-0.023382972925901413,-0.018556827679276466,-0.01381328608840704,-0.00896783173084259,-0.00365606346167624,0.0009636454051360488,0.004766857251524925,0.0076136356219649315,0.00821598805487156,0.008277635090053082,0.007460008375346661,0.005763108376413584,0.0031869346275925636
27,-0.012347538024187088,-0.016179369762539864,-0.018562011420726776,-0.019495464861392975,-0.01897973008453846,-0.016645636409521103,-0.013464612886309624,-0.008623973466455936,-0.001954468199983239,0.0050856065936386585,0.013673522509634495,0.021989939734339714,0.029982464388012886,0.036434054374694824,0.04172080010175705,0.04536861181259155,0.0456806980073452,0.0410616509616375,0.03321593999862671,0.02461095154285431,0.012890717014670372,-0.0007262840517796576,-0.01392737403512001,-0.02551460824906826,-0.03652277961373329,-0.046064700931310654,-0.05302393436431885,-0.054742131382226944,-0.054987601935863495,-0.05168714001774788,-0.04392670467495918,-0.03249049559235573,-0.018947940319776535,-0.004629435017704964,0.011150850914418697,0.026947105303406715,0.04020826891064644,0.050862330943346024,0.057735711336135864,0.060127198696136475,0.059259939938783646,0.054072316735982895,0.04586317017674446,0.034377072006464005,0.022630808874964714,0.011047342792153358,-0.0012399054830893874,-0.013625982217490673,-0.024136073887348175,-0.032800205051898956,-0.038529250770807266,-0.04254981502890587,-0.042890746146440506,-0.04040182754397392,-0.03402472659945488,-0.026279103010892868,-0.016795659437775612,-0.008047561161220074,0.0007991068414412439,0.009149125777184963,0.01498921774327755,0.01812034286558628,0.019502392038702965,0.02103062905371189,0.020854109898209572,0.01891130581498146,0.016048936173319817,0.013918125070631504,0.009722128510475159,0.005479875020682812,0.0020662574097514153,-0.0008569767815060914,-0.003218524158000946,-0.005018384195864201,-0.006256557535380125,0.0,0.0,0.0,0.0,0.0,0.0,0.0,0.0,0.0,0.0,0.0,0.0,0.0,0.0,0.0,0.0,0.0,0.0,0.0,0.0,0.0,0.0,0.0,0.0,0.0,0.0,0.0,0.0,0.0,0.0,0.0,0.0,0.0,0.0,0.0,0.0,0.0,0.0,0.0,0.0,0.0,0.0,0.0,0.0,0.0,0.0,0.0,0.0,0.0,0.0,0.0,0.0,0.0,0.0,0.0,0.0,0.0,0.0,0.0,0.0,0.0,0.0,0.0,0.0,0.0,0.0,0.0,0.0,0.0,0.0,0.0,0.0,0.0,0.0,0.0,0.0,0.0,0.0,0.0,0.0,0.0,0.0,0.0,0.0,0.0,0.0,0.0,0.0,0.0,0.0,0.0,0.0,0.0,0.0,0.0,0.0,0.0,0.0,0.0,0.0,0.0,0.0,0.0,0.0,0.0,0.0,0.0,0.0,0.0,0.0,0.0,0.0,0.0,0.0,0.0,0.0,0.0,0.0,0.0,0.0,0.0,0.0,0.0,0.0,0.0,0.0,0.0,0.0,0.0,0.0,0.0,0.0,0.0,0.0,0.0,0.0,0.0,0.0,0.0,0.0,0.0,0.0,0.0,0.0,0.0,0.0,0.0,0.0,0.0,0.0
28,-0.04261750727891922,-0.04684225097298622,-0.04920288920402527,-0.04969942942261696,-0.048331864178180695,-0.04094700887799263,-0.03692089766263962,-0.03185869753360748,-0.026643231511116028,-0.02208893373608589,-0.017035935074090958,-0.011316156946122646,-0.005867336876690388,-0.0004255322855897248,0.005222668405622244,0.011127045378088951,0.01623517833650112,0.0212933998554945,0.02600489743053913,0.029220696538686752,0.0346931591629982,0.04348720237612724,0.049431558698415756,0.04024631530046463,0.020310653373599052,-0.005131830461323261,-0.030869541689753532,-0.05266311392188072,-0.06139974668622017,-0.0558004155755043,-0.044141124933958054,-0.03548094630241394,-0.02885344997048378,-0.023063378408551216,-0.01850523240864277,-0.015286595560610294,-0.011798660270869732,-0.00695694237947464,-0.0004950506845489144,0.00569530576467514,0.010639960877597332,0.01790347322821617,0.02338208258152008,0.027391687035560608,0.029386162757873535,0.03556321933865547,0.045195963233709335,0.05032031610608101,0.04483870789408684,0.02820364199578762,0.004161248914897442,-0.020928747951984406,-0.0410921573638916,-0.04920041188597679,-0.04636464640498161,-0.03747916221618652,-0.031471382826566696,-0.026841117069125175,-0.023214781656861305,-0.01810423657298088,-0.011621051467955112,-0.007415950298309326,-0.0032286825589835644,0.0030610510148108006,0.007170205470174551,0.012568493373692036,0.01685013435781002,0.022339116781949997,0.027845997363328934,0.03171101585030556,0.037654001265764236,0.042604684829711914,0.04750329256057739,0.052349820733070374,0.057144273072481155,0.0,0.0,0.0,0.0,0.0,0.0,0.0,0.0,0.0,0.0,0.0,0.0,0.0,0.0,0.0,0.0,0.0,0.0,0.0,0.0,0.0,0.0,0.0,0.0,0.0,0.0,0.0,0.0,0.0,0.0,0.0,0.0,0.0,0.0,0.0,0.0,0.0,0.0,0.0,0.0,0.0,0.0,0.0,0.0,0.0,0.0,0.0,0.0,0.0,0.0,0.0,0.0,0.0,0.0,0.0,0.0,0.0,0.0,0.0,0.0,0.0,0.0,0.0,0.0,0.0,0.0,0.0,0.0,0.0,0.0,0.0,0.0,0.0,0.0,0.0,0.0,0.0,0.0,0.0,0.0,0.0,0.0,0.0,0.0,0.0,0.0,0.0,0.0,0.0,0.0,0.0,0.0,0.0,0.0,0.0,0.0,0.0,0.0,0.0,0.0,0.0,0.0,0.0,0.0,0.0,0.0,0.0,0.0,0.0,0.0,0.0,0.0,0.0,0.0,0.0,0.0,0.0,0.0,0.0,0.0,0.0,0.0,0.0,0.0,0.0,0.0,0.0,0.0,0.0,0.0,0.0,0.0,0.0,0.0,0.0,0.0,0.0,0.0,0.0,0.0,0.0,0.0,0.0,0.0,0.0,0.0,0.0,0.0,0.0,0.0
29,0.0,0.0,0.0,0.0,0.0,0.0,0.0,0.0,0.0,0.0,0.0,0.0,0.0,0.0,0.0,0.0,0.0,0.0,0.0,0.0,0.0,0.0,0.0,0.0,0.0,0.0,0.0,0.0,0.0,0.0,0.0,0.0,0.0,0.0,0.0,0.0,0.0,0.0,0.0,0.0,0.0,0.0,0.0,0.0,0.0,0.0,0.0,0.0,0.0,0.0,0.0,0.0,0.0,0.0,0.0,0.0,0.0,0.0,0.0,0.0,0.0,0.0,0.0,0.0,0.0,0.0,0.0,0.0,0.0,0.0,0.0,0.0,0.0,0.0,0.0,0.0027612107805907726,0.0027804034762084484,0.002754847751930356,0.002684544073417783,0.002569492207840085,0.00263522332534194,0.0017632042290642858,0.0014810856664553285,0.0019652382470667362,0.002736285561695695,0.0039011628832668066,0.004242220427840948,0.003964179661124945,0.003572376910597086,0.003193536540493369,0.0029461036901921034,0.003612888278439641,0.003887653350830078,0.004259232431650162,0.005237174220383167,0.005493600852787495,0.00695912865921855,0.007558582816272974,0.008856725879013538,0.01094131451100111,0.011430090293288231,0.01258778851479292,0.013191470876336098,0.014867548830807209,0.018123678863048553,0.021169105544686317,0.0243054311722517,0.0263446606695652,0.029047012329101562,0.030517417937517166,0.0317971408367157,0.03359377384185791,0.035002171993255615,0.03764091804623604,0.04020785167813301,0.04086872935295105,0.043923359364271164,0.044577863067388535,0.046377163380384445,0.04550781473517418,0.04525338113307953,0.0458565428853035,0.04631849005818367,0.04653728008270264,0.04857810586690903,0.05076677352190018,0.051998768001794815,0.05107079818844795,0.05209313705563545,0.05291465297341347,0.051923904567956924,0.05063831806182861,0.05146196112036705,0.051114462316036224,0.05096994340419769,0.049959950149059296,0.049546003341674805,0.05113298445940018,0.05206972360610962,0.05236124247312546,0.05330537259578705,0.04958806186914444,0.04621504992246628,0.03776310756802559,0.027315055951476097,0.018364228308200836,0.011538132093846798,0.005676151253283024,0.0007782875327393413,-0.003155459649860859,0.002742964308708906,0.0021249742712825537,0.0015808799071237445,0.0011106813326478004,0.0007143783732317388,0.0004766091878991574,0.0005658533191308379,0.0012461357982829213,0.0009391821222379804,0.0007966377888806164,0.0005181572050787508,0.0003328649327158928,-4.561555397231132e-05,-0.0009080054587684572,-0.0011531501077115536,-0.001440131338313222,-0.0020610953215509653,-0.0018291001906618476,-0.0014747055247426033,-0.0021700109355151653,-0.003690752200782299,-0.005231159273535013,-0.005780937150120735,-0.007240778766572475,-0.008460132405161858,-0.009700070135295391,-0.011033802293241024,-0.012882607989013195,-0.014715244062244892,-0.016975469887256622,-0.019120803102850914,-0.022211791947484016,-0.02442651242017746,-0.026624077931046486,-0.02991000935435295,-0.03273381292819977,-0.03569662570953369,-0.0375402458012104,-0.03888433054089546,-0.04132089391350746,-0.04283897951245308,-0.04407808929681778,-0.0453980527818203,-0.04601961001753807,-0.04762786626815796,-0.04829815775156021,-0.048884473741054535,-0.04956638067960739,-0.049600087106227875,-0.05066217482089996,-0.051578909158706665,-0.05078006908297539,-0.05035197362303734,-0.0495745949447155,-0.05015813931822777,-0.05019048601388931,-0.05054519325494766,-0.05128002539277077,-0.05179709196090698,-0.05169722065329552,-0.05157262459397316,-0.05180276185274124,-0.05242859199643135,-0.05254179239273071,-0.0530928373336792,-0.05212938413023949,-0.04790979623794556,-0.042274169623851776,-0.03455733135342598,-0.02665104903280735,-0.018083568662405014,-0.011425672098994255,-0.005455832462757826,-0.00017405024846084416,0.004419674631208181
30,-0.011354773305356503,-0.014548876322805882,-0.01771693490445614,-0.020858950912952423,-0.02397492155432701,-0.02627910114824772,-0.030692171305418015,-0.03303543105721474,-0.03582610934972763,-0.0382813885807991,-0.041709594428539276,-0.04528884217143059,-0.0473446287214756,-0.04982804134488106,-0.051787666976451874,-0.05335512012243271,-0.05506749451160431,-0.056281063705682755,-0.05865108221769333,-0.06193814426660538,-0.06410536170005798,-0.06632640957832336,-0.06617254763841629,-0.06594552844762802,-0.06499400734901428,-0.06453871726989746,-0.06469564139842987,-0.06584453582763672,-0.0668480396270752,-0.06751272082328796,-0.06737884134054184,-0.06668327748775482,-0.06617346405982971,-0.06601985543966293,-0.06586288660764694,-0.0673256367444992,-0.06747335940599442,-0.06602443009614944,-0.0643346980214119,-0.06237751618027687,-0.05987800657749176,-0.05515645071864128,-0.0475909598171711,-0.03885989263653755,-0.029278770089149475,-0.019967256113886833,-0.011212809942662716,-0.004222839139401913,-7.232750249386299e-06,0.0016154606128111482,0.0022024025674909353,0.002895957324653864,0.003377743763849139,0.0029919773805886507,0.0029194189701229334,0.002635117620229721,0.0025782433804124594,0.00242931698448956,0.002586819464340806,0.002971030306071043,0.0033358526416122913,0.0034456527791917324,0.003695980878546834,0.002880135551095009,0.002359876176342368,0.0015032998053357005,0.0017943582497537136,0.002005710732191801,0.0015337166842073202,0.0014653111575171351,0.0015573131386190653,0.0011566791217774153,0.00042626893264241517,-0.0006339175160974264,-0.002023880137130618,0.0,0.0,0.0,0.0,0.0,0.0,0.0,0.0,0.0,0.0,0.0,0.0,0.0,0.0,0.0,0.0,0.0,0.0,0.0,0.0,0.0,0.0,0.0,0.0,0.0,0.0,0.0,0.0,0.0,0.0,0.0,0.0,0.0,0.0,0.0,0.0,0.0,0.0,0.0,0.0,0.0,0.0,0.0,0.0,0.0,0.0,0.0,0.0,0.0,0.0,0.0,0.0,0.0,0.0,0.0,0.0,0.0,0.0,0.0,0.0,0.0,0.0,0.0,0.0,0.0,0.0,0.0,0.0,0.0,0.0,0.0,0.0,0.0,0.0,0.0,0.0,0.0,0.0,0.0,0.0,0.0,0.0,0.0,0.0,0.0,0.0,0.0,0.0,0.0,0.0,0.0,0.0,0.0,0.0,0.0,0.0,0.0,0.0,0.0,0.0,0.0,0.0,0.0,0.0,0.0,0.0,0.0,0.0,0.0,0.0,0.0,0.0,0.0,0.0,0.0,0.0,0.0,0.0,0.0,0.0,0.0,0.0,0.0,0.0,0.0,0.0,0.0,0.0,0.0,0.0,0.0,0.0,0.0,0.0,0.0,0.0,0.0,0.0,0.0,0.0,0.0,0.0,0.0,0.0,0.0,0.0,0.0,0.0,0.0,0.0
31,0.06206892803311348,0.06538204848766327,0.06802064925432205,0.06998473405838013,0.0712742954492569,0.07070732861757278,0.07254362106323242,0.0722506195306778,0.07386612892150879,0.0823717713356018,0.07587860524654388,0.0550239160656929,0.025682389736175537,-0.00827084295451641,-0.04053236171603203,-0.06521254032850266,-0.07560884952545166,-0.07119780033826828,-0.07265821844339371,-0.07469698786735535,-0.07350783795118332,-0.08159852027893066,-0.07409176975488663,-0.05183977633714676,-0.021925529465079308,0.011501963250339031,0.044063664972782135,0.06788472086191177,0.08006545901298523,0.0737852156162262,0.0755208358168602,0.07784853875637054,0.07691872119903564,0.07649751007556915,0.08573932200670242,0.0764097198843956,0.054442454129457474,0.023397181183099747,-0.011181026697158813,-0.0431426577270031,-0.06769201159477234,-0.07813997566699982,-0.07169295102357864,-0.07404239475727081,-0.07576046139001846,-0.07553999125957489,-0.08517441898584366,-0.07625198364257812,-0.05396777391433716,-0.02293434925377369,0.011644650250673294,0.04448486492037773,0.0689513236284256,0.08143550157546997,0.07558771222829819,0.07825396209955215,0.07928705960512161,0.07899590581655502,0.07881907373666763,0.08617247641086578,0.07790116965770721,0.056549862027168274,0.0260506272315979,-0.009327239356935024,-0.04187101125717163,-0.06622792035341263,-0.07637613266706467,-0.07009471207857132,-0.07138127833604813,-0.07084441184997559,-0.06954116374254227,-0.06824382394552231,-0.066546730697155,-0.06444989144802094,-0.06195329874753952,0.0,0.0,0.0,0.0,0.0,0.0,0.0,0.0,0.0,0.0,0.0,0.0,0.0,0.0,0.0,0.0,0.0,0.0,0.0,0.0,0.0,0.0,0.0,0.0,0.0,0.0,0.0,0.0,0.0,0.0,0.0,0.0,0.0,0.0,0.0,0.0,0.0,0.0,0.0,0.0,0.0,0.0,0.0,0.0,0.0,0.0,0.0,0.0,0.0,0.0,0.0,0.0,0.0,0.0,0.0,0.0,0.0,0.0,0.0,0.0,0.0,0.0,0.0,0.0,0.0,0.0,0.0,0.0,0.0,0.0,0.0,0.0,0.0,0.0,0.0,0.05429909750819206,0.058680929243564606,0.062366656959056854,0.06535627692937851,0.06764979660511017,0.06914830952882767,0.06942398101091385,0.06983163207769394,0.07013959437608719,0.07850760221481323,0.07014608383178711,0.04918675124645233,0.019930502399802208,-0.012993589974939823,-0.04292585700750351,-0.06636084616184235,-0.07670131325721741,-0.07191602885723114,-0.07326150685548782,-0.07372939586639404,-0.0740506649017334,-0.08257133513689041,-0.07443303614854813,-0.05261309817433357,-0.022023700177669525,0.010886493138968945,0.042275577783584595,0.06735489517450333,0.07979445904493332,0.07512316107749939,0.07685229927301407,0.07732182741165161,0.07791288197040558,0.07574687153100967,0.08431674540042877,0.07504932582378387,0.05209248885512352,0.022939404472708702,-0.010154209099709988,-0.042751941829919815,-0.06728167831897736,-0.08077757805585861,-0.07339462637901306,-0.07579118013381958,-0.07633480429649353,-0.07465745508670807,-0.08352269232273102,-0.07552848011255264,-0.05335146561264992,-0.024142617359757423,0.009211106225848198,0.040368348360061646,0.06534889340400696,0.07775597274303436,0.07079091668128967,0.07208511978387833,0.07286754250526428,0.07231316715478897,0.07295578718185425,0.08043920993804932,0.07202287018299103,0.051521699875593185,0.02272823639214039,-0.009729704819619656,-0.041008275002241135,-0.06552579253911972,-0.07562524825334549,-0.06947918981313705,-0.069874107837677,-0.06967160105705261,-0.0689319595694542,-0.06856223195791245,-0.06797975301742554,-0.06718451529741287,-0.06617652624845505
32,0.0,0.0,0.0,0.0,0.0,0.0,0.0,0.0,0.0,0.0,0.0,0.0,0.0,0.0,0.0,0.0,0.0,0.0,0.0,0.0,0.0,0.0,0.0,0.0,0.0,0.0,0.0,0.0,0.0,0.0,0.0,0.0,0.0,0.0,0.0,0.0,0.0,0.0,0.0,0.0,0.0,0.0,0.0,0.0,0.0,0.0,0.0,0.0,0.0,0.0,0.0,0.0,0.0,0.0,0.0,0.0,0.0,0.0,0.0,0.0,0.0,0.0,0.0,0.0,0.0,0.0,0.0,0.0,0.0,0.0,0.0,0.0,0.0,0.0,0.0,0.027756191790103912,0.034540411084890366,0.040099047124385834,0.044432103633880615,0.04753958433866501,0.04843728244304657,0.047980211675167084,0.047702476382255554,0.04905738681554794,0.04836144670844078,0.05027993768453598,0.05046172812581062,0.04950360208749771,0.05032868683338165,0.04888640344142914,0.04684244096279144,0.04744766280055046,0.04789676144719124,0.048969816416502,0.048463307321071625,0.0480508878827095,0.04783494025468826,0.04709802567958832,0.04636023938655853,0.048557039350271225,0.05059780552983284,0.050124652683734894,0.04977405443787575,0.049645837396383286,0.04876492917537689,0.04818106070160866,0.04802269861102104,0.04960189014673233,0.05018937587738037,0.0438666008412838,0.03335059434175491,0.01582147553563118,-0.006838440895080566,-0.02773243747651577,-0.044307298958301544,-0.051374610513448715,-0.05185401067137718,-0.05230873450636864,-0.050014179199934006,-0.048842910677194595,-0.05014509707689285,-0.049512144178152084,-0.04905668646097183,-0.04669363796710968,-0.04661239683628082,-0.0482451356947422,-0.048670317977666855,-0.04994162172079086,-0.05081921070814133,-0.051163449883461,-0.05085322633385658,-0.05010879784822464,-0.05031334236264229,-0.0515831783413887,-0.05202898383140564,-0.05247369408607483,-0.049784645438194275,-0.048391442745923996,-0.04836910218000412,-0.048237502574920654,-0.0474097914993763,-0.04794623330235481,-0.04868575185537338,-0.04836717247962952,-0.049275342375040054,-0.049287743866443634,-0.04572666808962822,-0.04040556028485298,-0.03332442045211792,-0.024483252316713333,-0.03323601186275482,-0.04008762538433075,-0.04537808150053024,-0.049107376486063004,-0.05127551779150963,-0.05040392279624939,-0.05009286105632782,-0.04950432479381561,-0.049539245665073395,-0.04970671609044075,-0.04896359145641327,-0.04961449280381203,-0.05018537491559982,-0.04922212287783623,-0.048358675092458725,-0.046652618795633316,-0.04673478379845619,-0.047056227922439575,-0.04627963528037071,-0.04605906084179878,-0.045407798141241074,-0.04470081999897957,-0.04446040093898773,-0.04311329126358032,-0.04214654490351677,-0.040701720863580704,-0.039020463824272156,-0.0377221554517746,-0.0349736213684082,-0.03286351263523102,-0.03034849837422371,-0.027375364676117897,-0.0247335284948349,-0.020695054903626442,-0.017040668055415154,-0.012571834959089756,-0.007210319861769676,-0.0025043878704309464,0.003260658821091056,0.00860902201384306,0.013336053118109703,0.01779584214091301,0.021122217178344727,0.025524483993649483,0.02952440269291401,0.0327671654522419,0.03576691076159477,0.037344541400671005,0.039663929492235184,0.0411505401134491,0.043207474052906036,0.044461626559495926,0.04620548337697983,0.04829614236950874,0.050040990114212036,0.04952361807227135,0.04859453812241554,0.04835018515586853,0.04948313906788826,0.05012573301792145,0.0508192703127861,0.050683289766311646,0.051317229866981506,0.05143499746918678,0.05120423808693886,0.051260191947221756,0.050215039402246475,0.05055299773812294,0.050182148814201355,0.049553558230400085,0.05204963684082031,0.05029760301113129,0.04760236665606499,0.04396393150091171,0.039382293820381165
33,-0.03392545133829117,-0.03783959150314331,-0.04059423506259918,-0.04218938946723938,-0.042625050991773605,-0.04127822071313858,-0.038354624062776566,-0.03651373088359833,-0.03408553823828697,-0.032810576260089874,-0.03246482089161873,-0.030540307983756065,-0.029966475442051888,-0.02894015796482563,-0.026928937062621117,-0.02577805146574974,-0.024811560288071632,-0.024550525471568108,-0.02426214888691902,-0.022655699402093887,-0.02182553894817829,-0.020555345341563225,-0.019547101110219955,-0.0178529042750597,-0.016163090243935585,-0.015890298411250114,-0.015249771997332573,-0.01436535082757473,-0.012476243078708649,-0.010871310718357563,-0.009940431453287601,-0.008201807737350464,-0.006543632596731186,-0.0053448667749762535,-0.004174333065748215,-0.004901307635009289,-0.0034236276987940073,-0.001848839339800179,0.0005009600427001715,0.002734342124313116,0.004436384420841932,0.007851404137909412,0.011195329949259758,0.012694232165813446,0.015062939375638962,0.015064871869981289,0.015401355922222137,0.013983000069856644,0.013342536054551601,0.014567005448043346,0.016052966937422752,0.017772793769836426,0.019129516556859016,0.02036733366549015,0.021512214094400406,0.021790944039821625,0.023040788248181343,0.024948973208665848,0.02520720288157463,0.02543896809220314,0.025639500468969345,0.027039868757128716,0.02811170369386673,0.030186671763658524,0.032421890646219254,0.03480353206396103,0.03610866889357567,0.03662160411477089,0.038167133927345276,0.039699092507362366,0.04148529842495918,0.041080646216869354,0.03990833833813667,0.03796837106347084,0.03526074066758156,0.036403778940439224,0.04371793568134308,0.04920756816864014,0.052872683852910995,0.054713282734155655,0.05248335376381874,0.05082940682768822,0.05030881240963936,0.050205718725919724,0.05052964389324188,0.05132367089390755,0.05262313783168793,0.053847089409828186,0.053165290504693985,0.05294891446828842,0.05335097759962082,0.052388980984687805,0.051877882331609726,0.05157005786895752,0.05160922184586525,0.051766835153102875,0.05219852924346924,0.05271685868501663,0.053266722708940506,0.05237329378724098,0.05231606215238571,0.05234832316637039,0.05253651365637779,0.052581872791051865,0.05324144288897514,0.05249695107340813,0.052731700241565704,0.0547557957470417,0.05587221309542656,0.05120290815830231,0.03718045353889465,0.014930161647498608,-0.008866959251463413,-0.03102993778884411,-0.04620901495218277,-0.05250661075115204,-0.05185798928141594,-0.05054226517677307,-0.05007193982601166,-0.05149181932210922,-0.051757439970970154,-0.05191376432776451,-0.05109667778015137,-0.05100424215197563,-0.051200367510318756,-0.05219711735844612,-0.052536509931087494,-0.05156412348151207,-0.05137630179524422,-0.05189814046025276,-0.05179353803396225,-0.0507434606552124,-0.05056227371096611,-0.05126805976033211,-0.052570465952157974,-0.05186005309224129,-0.05257866531610489,-0.0527837909758091,-0.05188782885670662,-0.049484141170978546,-0.04928457736968994,-0.04862365126609802,-0.04840301722288132,-0.0481269508600235,-0.050487782806158066,-0.05021211504936218,-0.046265583485364914,-0.040243376046419144,-0.032145485281944275,-0.021971913054585457,-0.033830899745225906,-0.0382811613380909,-0.04185093566775322,-0.04454021900892258,-0.04634901508688927,-0.045881520956754684,-0.047051265835762024,-0.04638459533452988,-0.046223536133766174,-0.04639985412359238,-0.045622050762176514,-0.04590602591633797,-0.04611106961965561,-0.04603556543588638,-0.04633082449436188,-0.04563842713832855,-0.04556663706898689,-0.04526178911328316,-0.0448451042175293,-0.044798970222473145,-0.04385344311594963,-0.04354600980877876,-0.04300643876194954,-0.04220038652420044,-0.041470564901828766,-0.03964848443865776,-0.03773360699415207,-0.03676442801952362,-0.03527858108282089,-0.03394772857427597,-0.030971908941864967,-0.02757672220468521,-0.024383850395679474,-0.020754069089889526,-0.017476212233304977,-0.014023386873304844,-0.009480729699134827,-0.00513205723837018,0.00047278570127673447,0.006263696122914553,0.012019873596727848,0.017147067934274673,0.020286504179239273,0.023897390812635422,0.027355151250958443,0.030446670949459076,0.033487919718027115,0.03524794429540634,0.037422578781843185,0.03925854340195656,0.040505748242139816,0.04207184165716171,0.04254758358001709,0.043594732880592346,0.04451113939285278,0.045608170330524445,0.04556853696703911,0.04493522644042969,0.04504958912730217,0.04538553208112717,0.04594244435429573,0.045765675604343414,0.04530978575348854,0.04613931477069855,0.045904044061899185,0.04654571786522865,0.04677199944853783,0.046467430889606476,0.046753641217947006,0.047783609479665756,0.05005890876054764,0.048481475561857224,0.04572351649403572,0.04178502783179283,0.036666013300418854
34,0.03667635843157768,0.04239537566900253,0.04704518988728523,0.05062580108642578,0.05313720926642418,0.05444818735122681,0.054804690182209015,0.054991673678159714,0.055076275020837784,0.05469658598303795,0.05578364059329033,0.05611845478415489,0.05692184716463089,0.05745331197977066,0.05725828558206558,0.058118708431720734,0.05893220379948616,0.05845103785395622,0.05826977267861366,0.057628802955150604,0.05824543535709381,0.05852210894227028,0.05936351791024208,0.060466617345809937,0.061100419610738754,0.061458487063646317,0.06236064434051514,0.06208498030900955,0.06198147311806679,0.06156840920448303,0.06271033734083176,0.06389465183019638,0.06411073356866837,0.0648021548986435,0.06515204161405563,0.06524556875228882,0.06614303588867188,0.06572969257831573,0.06606600433588028,0.06624583899974823,0.06655866652727127,0.06700009852647781,0.06793983280658722,0.068975530564785,0.06978222727775574,0.07000842690467834,0.0709705725312233,0.07041086256504059,0.06966681778430939,0.0702129527926445,0.07192296534776688,0.07349864393472672,0.07356530427932739,0.07373014837503433,0.07356035709381104,0.07297131419181824,0.07304061204195023,0.07384141534566879,0.07445869594812393,0.07465206831693649,0.07480934262275696,0.07575367391109467,0.07576987147331238,0.07594367861747742,0.07789191603660583,0.07999871671199799,0.08262407034635544,0.08371317386627197,0.08328120410442352,0.08381256461143494,0.07959102839231491,0.07357029616832733,0.06509962677955627,0.054179005324840546,0.04080844670534134,0.0,0.0,0.0,0.0,0.0,0.0,0.0,0.0,0.0,0.0,0.0,0.0,0.0,0.0,0.0,0.0,0.0,0.0,0.0,0.0,0.0,0.0,0.0,0.0,0.0,0.0,0.0,0.0,0.0,0.0,0.0,0.0,0.0,0.0,0.0,0.0,0.0,0.0,0.0,0.0,0.0,0.0,0.0,0.0,0.0,0.0,0.0,0.0,0.0,0.0,0.0,0.0,0.0,0.0,0.0,0.0,0.0,0.0,0.0,0.0,0.0,0.0,0.0,0.0,0.0,0.0,0.0,0.0,0.0,0.0,0.0,0.0,0.0,0.0,0.0,0.0,0.0,0.0,0.0,0.0,0.0,0.0,0.0,0.0,0.0,0.0,0.0,0.0,0.0,0.0,0.0,0.0,0.0,0.0,0.0,0.0,0.0,0.0,0.0,0.0,0.0,0.0,0.0,0.0,0.0,0.0,0.0,0.0,0.0,0.0,0.0,0.0,0.0,0.0,0.0,0.0,0.0,0.0,0.0,0.0,0.0,0.0,0.0,0.0,0.0,0.0,0.0,0.0,0.0,0.0,0.0,0.0,0.0,0.0,0.0,0.0,0.0,0.0,0.0,0.0,0.0,0.0,0.0,0.0,0.0,0.0,0.0,0.0,0.0,0.0
35,0.0,0.0,0.0,0.0,0.0,0.0,0.0,0.0,0.0,0.0,0.0,0.0,0.0,0.0,0.0,0.0,0.0,0.0,0.0,0.0,0.0,0.0,0.0,0.0,0.0,0.0,0.0,0.0,0.0,0.0,0.0,0.0,0.0,0.0,0.0,0.0,0.0,0.0,0.0,0.0,0.0,0.0,0.0,0.0,0.0,0.0,0.0,0.0,0.0,0.0,0.0,0.0,0.0,0.0,0.0,0.0,0.0,0.0,0.0,0.0,0.0,0.0,0.0,0.0,0.0,0.0,0.0,0.0,0.0,0.0,0.0,0.0,0.0,0.0,0.0,0.03957902640104294,0.04393743351101875,0.047372445464134216,0.04988405480980873,0.051472268998622894,0.050436247140169144,0.05021611601114273,0.049978870898485184,0.05172384902834892,0.05239928886294365,0.054600734263658524,0.05350595340132713,0.05260606110095978,0.05199113115668297,0.052209675312042236,0.0513111911714077,0.05188954994082451,0.05262263864278793,0.05400396138429642,0.05316381901502609,0.05463023856282234,0.05574553832411766,0.05744904279708862,0.05684686824679375,0.056981027126312256,0.05824226140975952,0.05856554955244064,0.058560483157634735,0.05988447368144989,0.0604463554918766,0.061708882451057434,0.06233500316739082,0.060988787561655045,0.061167337000370026,0.06077420338988304,0.0614771693944931,0.06262483447790146,0.06321971863508224,0.06397955864667892,0.06436065584421158,0.06371893733739853,0.06470932066440582,0.06532182544469833,0.06587622314691544,0.06566482782363892,0.06653004884719849,0.06716315448284149,0.06621115654706955,0.0657901018857956,0.06534134596586227,0.06615902483463287,0.06688631325960159,0.06675992906093597,0.06714140623807907,0.06737545132637024,0.0672285184264183,0.06822070479393005,0.0679430216550827,0.06854132562875748,0.06955499202013016,0.07032165676355362,0.07116828858852386,0.07053819298744202,0.0701652243733406,0.06979908794164658,0.06911944597959518,0.0696270763874054,0.07022026926279068,0.07154840975999832,0.07336435467004776,0.07492059469223022,0.07201701402664185,0.06691989302635193,0.05962921306490898,0.0501449815928936,-0.040719758719205856,-0.04411851987242699,-0.046716224402189255,-0.04851287230849266,-0.049508463591337204,-0.048655133694410324,-0.04850674048066139,-0.04866502434015274,-0.04971206560730934,-0.04964476823806763,-0.05026305466890335,-0.05071958154439926,-0.050989214330911636,-0.05182211473584175,-0.05169546231627464,-0.0522320419549942,-0.05281528830528259,-0.05313713476061821,-0.05381055548787117,-0.05342873930931091,-0.053815942257642746,-0.05422099307179451,-0.05462341383099556,-0.055387746542692184,-0.05530013144016266,-0.05594296380877495,-0.056505706161260605,-0.05680625140666962,-0.05760711431503296,-0.057402048259973526,-0.05786075070500374,-0.058172065764665604,-0.058603741228580475,-0.059479616582393646,-0.05951712653040886,-0.05957704409956932,-0.061141807585954666,-0.062175143510103226,-0.06317311525344849,-0.0630417913198471,-0.06296604126691818,-0.06396900117397308,-0.0642838254570961,-0.06440560519695282,-0.06498511135578156,-0.0649116039276123,-0.06582772731781006,-0.06608235836029053,-0.06614691764116287,-0.06638289242982864,-0.06613533943891525,-0.06706593930721283,-0.06745050102472305,-0.06773705780506134,-0.06817394495010376,-0.06820788234472275,-0.06921971589326859,-0.06957483291625977,-0.06994711607694626,-0.07050991803407669,-0.0705433338880539,-0.07129816710948944,-0.07162126153707504,-0.07018327713012695,-0.06909274309873581,-0.06809987127780914,-0.06879361718893051,-0.0702613890171051,-0.07104676216840744,-0.07274337112903595,-0.07440168410539627,-0.07153239846229553,-0.06622360646724701,-0.058475323021411896,-0.048287536948919296
36,-0.028727704659104347,-0.03708946704864502,-0.04365991801023483,-0.04843905568122864,-0.051426880061626434,-0.051162321120500565,-0.050098445266485214,-0.048957839608192444,-0.046940382570028305,-0.047177765518426895,-0.047414373606443405,-0.047505300492048264,-0.047003887593746185,-0.048439767211675644,-0.04968320205807686,-0.05074058473110199,-0.04997076094150543,-0.05090741068124771,-0.051124945282936096,-0.052120890468358994,-0.053212713450193405,-0.05342608317732811,-0.052910175174474716,-0.053422488272190094,-0.05383267253637314,-0.05386531725525856,-0.05499638244509697,-0.056275155395269394,-0.05544436350464821,-0.05443660169839859,-0.05451232194900513,-0.05522456765174866,-0.05686378851532936,-0.058016154915094376,-0.059323083609342575,-0.05916694179177284,-0.05754214525222778,-0.055669281631708145,-0.05534832924604416,-0.05565335601568222,-0.05581757426261902,-0.057654380798339844,-0.05854729190468788,-0.05829307809472084,-0.05850154533982277,-0.05913892388343811,-0.06091368943452835,-0.062209855765104294,-0.0637769028544426,-0.0653054416179657,-0.06509008258581161,-0.06258226186037064,-0.06160568445920944,-0.06162697821855545,-0.06294600665569305,-0.06419043242931366,-0.06540936976671219,-0.06470518559217453,-0.06416735053062439,-0.064096599817276,-0.06395857781171799,-0.06534922868013382,-0.06705866754055023,-0.06675970554351807,-0.06681191176176071,-0.06759364157915115,-0.06859954446554184,-0.06918639689683914,-0.06924180686473846,-0.07056708633899689,-0.06845511496067047,-0.06294102221727371,-0.054988544434309006,-0.044597696512937546,-0.031768474727869034,0.0,0.0,0.0,0.0,0.0,0.0,0.0,0.0,0.0,0.0,0.0,0.0,0.0,0.0,0.0,0.0,0.0,0.0,0.0,0.0,0.0,0.0,0.0,0.0,0.0,0.0,0.0,0.0,0.0,0.0,0.0,0.0,0.0,0.0,0.0,0.0,0.0,0.0,0.0,0.0,0.0,0.0,0.0,0.0,0.0,0.0,0.0,0.0,0.0,0.0,0.0,0.0,0.0,0.0,0.0,0.0,0.0,0.0,0.0,0.0,0.0,0.0,0.0,0.0,0.0,0.0,0.0,0.0,0.0,0.0,0.0,0.0,0.0,0.0,0.0,0.0,0.0,0.0,0.0,0.0,0.0,0.0,0.0,0.0,0.0,0.0,0.0,0.0,0.0,0.0,0.0,0.0,0.0,0.0,0.0,0.0,0.0,0.0,0.0,0.0,0.0,0.0,0.0,0.0,0.0,0.0,0.0,0.0,0.0,0.0,0.0,0.0,0.0,0.0,0.0,0.0,0.0,0.0,0.0,0.0,0.0,0.0,0.0,0.0,0.0,0.0,0.0,0.0,0.0,0.0,0.0,0.0,0.0,0.0,0.0,0.0,0.0,0.0,0.0,0.0,0.0,0.0,0.0,0.0,0.0,0.0,0.0,0.0,0.0,0.0
37,0.0,0.0,0.0,0.0,0.0,0.0,0.0,0.0,0.0,0.0,0.0,0.0,0.0,0.0,0.0,0.0,0.0,0.0,0.0,0.0,0.0,0.0,0.0,0.0,0.0,0.0,0.0,0.0,0.0,0.0,0.0,0.0,0.0,0.0,0.0,0.0,0.0,0.0,0.0,0.0,0.0,0.0,0.0,0.0,0.0,0.0,0.0,0.0,0.0,0.0,0.0,0.0,0.0,0.0,0.0,0.0,0.0,0.0,0.0,0.0,0.0,0.0,0.0,0.0,0.0,0.0,0.0,0.0,0.0,0.0,0.0,0.0,0.0,0.0,0.0,0.0,0.0,0.0,0.0,0.0,0.0,0.0,0.0,0.0,0.0,0.0,0.0,0.0,0.0,0.0,0.0,0.0,0.0,0.0,0.0,0.0,0.0,0.0,0.0,0.0,0.0,0.0,0.0,0.0,0.0,0.0,0.0,0.0,0.0,0.0,0.0,0.0,0.0,0.0,0.0,0.0,0.0,0.0,0.0,0.0,0.0,0.0,0.0,0.0,0.0,0.0,0.0,0.0,0.0,0.0,0.0,0.0,0.0,0.0,0.0,0.0,0.0,0.0,0.0,0.0,0.0,0.0,0.0,0.0,0.0,0.0,0.0,0.0,0.0,0.0,0.0,0.0,0.0,0.0,0.0,0.0,0.0,0.0,0.0,0.0,0.0,0.0,0.0,0.0,0.0,0.0,0.0,0.0,0.0,0.0,0.0,0.0,0.0,0.0,0.0,0.0,0.0,0.0,0.0,0.0,0.0,0.0,0.0,0.0,0.0,0.0,0.0,0.0,0.0,0.0,0.0,0.0,0.0,0.0,0.0,0.0,0.0,0.0,0.0,0.0,0.0,0.0,0.0,0.0,0.0,0.0,0.0,0.0,0.0,0.0,0.0,0.0,0.0,0.0,0.0,0.0,0.0,0.0,0.0,0.0,0.0,0.0,0.0,0.0,0.0
38,0.0,0.0,0.0,0.0,0.0,0.0,0.0,0.0,0.0,0.0,0.0,0.0,0.0,0.0,0.0,0.0,0.0,0.0,0.0,0.0,0.0,0.0,0.0,0.0,0.0,0.0,0.0,0.0,0.0,0.0,0.0,0.0,0.0,0.0,0.0,0.0,0.0,0.0,0.0,0.0,0.0,0.0,0.0,0.0,0.0,0.0,0.0,0.0,0.0,0.0,0.0,0.0,0.0,0.0,0.0,0.0,0.0,0.0,0.0,0.0,0.0,0.0,0.0,0.0,0.0,0.0,0.0,0.0,0.0,0.0,0.0,0.0,0.0,0.0,0.0,-0.002765072276815772,-0.008376284502446651,-0.013199133798480034,-0.01723361946642399,-0.02047974057495594,-0.02395298145711422,-0.025524962693452835,-0.02523185685276985,-0.024592841044068336,-0.02217436023056507,-0.017725063487887383,-0.01372124906629324,-0.008690610527992249,-0.0011119138216599822,0.007878736592829227,0.013856443576514721,0.0194333977997303,0.023330336436629295,0.0275105107575655,0.02824593149125576,0.028212418779730797,0.02724490687251091,0.024833446368575096,0.01751575991511345,0.009776227176189423,0.001910742255859077,-0.007419626694172621,-0.016913514584302902,-0.025138283148407936,-0.03075610101222992,-0.03584720939397812,-0.04069295525550842,-0.04287406802177429,-0.04277465119957924,-0.04045328497886658,-0.03404047712683678,-0.023632336407899857,-0.012055241502821445,-0.0005102107534185052,0.011943035759031773,0.021258866414427757,0.03014400787651539,0.037430230528116226,0.04136277362704277,0.04430166631937027,0.042746808379888535,0.039144981652498245,0.03347402065992355,0.02522517740726471,0.018063636496663094,0.009737593121826649,0.0018747057765722275,-0.004652505740523338,-0.012134031392633915,-0.019742155447602272,-0.027448207139968872,-0.030989162623882294,-0.033109985291957855,-0.0319756343960762,-0.02695012278854847,-0.02203724905848503,-0.0158857274800539,-0.008260474540293217,-0.002287822775542736,0.0057150209322571754,0.012155561707913876,0.019411876797676086,0.026367077603936195,0.028676457703113556,0.029962103813886642,0.029879625886678696,0.028816694393754005,0.026192927733063698,0.022008327767252922,0.016262896358966827,0.0,0.0,0.0,0.0,0.0,0.0,0.0,0.0,0.0,0.0,0.0,0.0,0.0,0.0,0.0,0.0,0.0,0.0,0.0,0.0,0.0,0.0,0.0,0.0,0.0,0.0,0.0,0.0,0.0,0.0,0.0,0.0,0.0,0.0,0.0,0.0,0.0,0.0,0.0,0.0,0.0,0.0,0.0,0.0,0.0,0.0,0.0,0.0,0.0,0.0,0.0,0.0,0.0,0.0,0.0,0.0,0.0,0.0,0.0,0.0,0.0,0.0,0.0,0.0,0.0,0.0,0.0,0.0,0.0,0.0,0.0,0.0,0.0,0.0,0.0
39,0.0,0.0,0.0,0.0,0.0,0.0,0.0,0.0,0.0,0.0,0.0,0.0,0.0,0.0,0.0,0.0,0.0,0.0,0.0,0.0,0.0,0.0,0.0,0.0,0.0,0.0,0.0,0.0,0.0,0.0,0.0,0.0,0.0,0.0,0.0,0.0,0.0,0.0,0.0,0.0,0.0,0.0,0.0,0.0,0.0,0.0,0.0,0.0,0.0,0.0,0.0,0.0,0.0,0.0,0.0,0.0,0.0,0.0,0.0,0.0,0.0,0.0,0.0,0.0,0.0,0.0,0.0,0.0,0.0,0.0,0.0,0.0,0.0,0.0,0.0,-0.0022278439719229937,-0.0007309069042094052,0.0004666392633225769,0.0013647944433614612,0.001963558606803417,0.002242352580651641,0.0020365563686937094,0.0024672639556229115,0.0003950378450099379,-0.0013807398499920964,-0.0018761861138045788,-0.003473533783107996,-0.0050946855917572975,-0.007019408047199249,-0.009382149204611778,-0.010210331529378891,-0.01304454542696476,-0.015853257849812508,-0.018578236922621727,-0.02331780083477497,-0.026333335787057877,-0.03054167330265045,-0.03401431441307068,-0.03620060905814171,-0.04061282426118851,-0.043787796050310135,-0.047274623066186905,-0.051216576248407364,-0.052540507167577744,-0.053729258477687836,-0.05373504385352135,-0.054318055510520935,-0.05619817227125168,-0.05730336904525757,-0.05839787423610687,-0.05874088406562805,-0.058166369795799255,-0.05753529816865921,-0.05503297224640846,-0.05205722525715828,-0.05010082945227623,-0.04926171526312828,-0.04596874117851257,-0.040752191096544266,-0.037536561489105225,-0.0354238823056221,-0.032394889742136,-0.02945549041032791,-0.026883602142333984,-0.024164579808712006,-0.02014395408332348,-0.015714803710579872,-0.012584437616169453,-0.008940526284277439,-0.006988261826336384,-0.006967661436647177,-0.005045404192060232,-0.002380903111770749,-0.0012129736132919788,2.4638507966301404e-05,0.00010038305481430143,0.0017413090681657195,0.0017536893719807267,0.0016021481715142727,0.0021283626556396484,0.002912108553573489,0.0036734994500875473,0.004308963660150766,0.003264426253736019,0.0029553913045674562,0.002032277872785926,0.0016902551287785172,0.0014538154937326908,0.0013229588512331247,0.001297685201279819,0.0,0.0,0.0,0.0,0.0,0.0,0.0,0.0,0.0,0.0,0.0,0.0,0.0,0.0,0.0,0.0,0.0,0.0,0.0,0.0,0.0,0.0,0.0,0.0,0.0,0.0,0.0,0.0,0.0,0.0,0.0,0.0,0.0,0.0,0.0,0.0,0.0,0.0,0.0,0.0,0.0,0.0,0.0,0.0,0.0,0.0,0.0,0.0,0.0,0.0,0.0,0.0,0.0,0.0,0.0,0.0,0.0,0.0,0.0,0.0,0.0,0.0,0.0,0.0,0.0,0.0,0.0,0.0,0.0,0.0,0.0,0.0,0.0,0.0,0.0
40,-0.014007939957082272,-0.012826066464185715,-0.012115576304495335,-0.011876468546688557,-0.012108744122087955,-0.012387482449412346,-0.01346356887370348,-0.015590285882353783,-0.01885710470378399,-0.021940523758530617,-0.023952804505825043,-0.025993309915065765,-0.02555716224014759,-0.02701014094054699,-0.026752840727567673,-0.027187472209334373,-0.02840677835047245,-0.031126298010349274,-0.0329727865755558,-0.03373277559876442,-0.03454596549272537,-0.035803716629743576,-0.03454485535621643,-0.03487548232078552,-0.03684501722455025,-0.03907694295048714,-0.0399976447224617,-0.039205245673656464,-0.040446702390909195,-0.04088899493217468,-0.04187389463186264,-0.04264219105243683,-0.04505576193332672,-0.045241739600896835,-0.045497383922338486,-0.04369071125984192,-0.043917521834373474,-0.043411120772361755,-0.04388638585805893,-0.04391481354832649,-0.044198472052812576,-0.043075479567050934,-0.0428052581846714,-0.04046988487243652,-0.03818625211715698,-0.03645557165145874,-0.0352570079267025,-0.03666234016418457,-0.035747647285461426,-0.03599666431546211,-0.03495029732584953,-0.034578725695610046,-0.03257250413298607,-0.03223656490445137,-0.031732477247714996,-0.03161684051156044,-0.028852175921201706,-0.02765525132417679,-0.025504009798169136,-0.025155629962682724,-0.024188917130231857,-0.023083021864295006,-0.022973371669650078,-0.021510252729058266,-0.01992134377360344,-0.018117591738700867,-0.015934698283672333,-0.014463909901678562,-0.013466534204781055,-0.011739433743059635,-0.011063164100050926,-0.010338841937482357,-0.009870950132608414,-0.009659488685429096,-0.009704457595944405,0.0,0.0,0.0,0.0,0.0,0.0,0.0,0.0,0.0,0.0,0.0,0.0,0.0,0.0,0.0,0.0,0.0,0.0,0.0,0.0,0.0,0.0,0.0,0.0,0.0,0.0,0.0,0.0,0.0,0.0,0.0,0.0,0.0,0.0,0.0,0.0,0.0,0.0,0.0,0.0,0.0,0.0,0.0,0.0,0.0,0.0,0.0,0.0,0.0,0.0,0.0,0.0,0.0,0.0,0.0,0.0,0.0,0.0,0.0,0.0,0.0,0.0,0.0,0.0,0.0,0.0,0.0,0.0,0.0,0.0,0.0,0.0,0.0,0.0,0.0,0.0,0.0,0.0,0.0,0.0,0.0,0.0,0.0,0.0,0.0,0.0,0.0,0.0,0.0,0.0,0.0,0.0,0.0,0.0,0.0,0.0,0.0,0.0,0.0,0.0,0.0,0.0,0.0,0.0,0.0,0.0,0.0,0.0,0.0,0.0,0.0,0.0,0.0,0.0,0.0,0.0,0.0,0.0,0.0,0.0,0.0,0.0,0.0,0.0,0.0,0.0,0.0,0.0,0.0,0.0,0.0,0.0,0.0,0.0,0.0,0.0,0.0,0.0,0.0,0.0,0.0,0.0,0.0,0.0,0.0,0.0,0.0,0.0,0.0,0.0
41,0.0041715227998793125,0.0056750960648059845,0.007108692545443773,0.008472312241792679,0.009765954688191414,0.010567067191004753,0.012213710695505142,0.01308155246078968,0.01394629292190075,0.0162249356508255,0.018343685194849968,0.021051499992609024,0.02218754030764103,0.02322043664753437,0.02518465742468834,0.026644332334399223,0.028454961255192757,0.030260026454925537,0.031246354803442955,0.03325076028704643,0.0346548855304718,0.03631213679909706,0.038026344031095505,0.038836561143398285,0.04072584584355354,0.042638227343559265,0.04308007284998894,0.04376215115189552,0.04381744563579559,0.04518532380461693,0.046884842216968536,0.04728790372610092,0.047989919781684875,0.048473767936229706,0.048734378069639206,0.049113646149635315,0.050117556005716324,0.05058199167251587,0.052110638469457626,0.05287506803870201,0.053633324801921844,0.05258767306804657,0.05085651949048042,0.049728285521268845,0.04964129626750946,0.04893334582448006,0.04832180589437485,0.047349441796541214,0.045758575201034546,0.04389207065105438,0.04237174987792969,0.041126031428575516,0.039305247366428375,0.03877752646803856,0.03791460022330284,0.03760066255927086,0.03583448752760887,0.03405764698982239,0.03309902176260948,0.03128829970955849,0.02974017895758152,0.028058310970664024,0.025602854788303375,0.024369172751903534,0.022739598527550697,0.021308105438947678,0.019795842468738556,0.01819586008787155,0.01639559678733349,0.014337935484945774,0.012712963856756687,0.011139827780425549,0.009876791387796402,0.008923855610191822,0.008281017653644085,0.0,0.0,0.0,0.0,0.0,0.0,0.0,0.0,0.0,0.0,0.0,0.0,0.0,0.0,0.0,0.0,0.0,0.0,0.0,0.0,0.0,0.0,0.0,0.0,0.0,0.0,0.0,0.0,0.0,0.0,0.0,0.0,0.0,0.0,0.0,0.0,0.0,0.0,0.0,0.0,0.0,0.0,0.0,0.0,0.0,0.0,0.0,0.0,0.0,0.0,0.0,0.0,0.0,0.0,0.0,0.0,0.0,0.0,0.0,0.0,0.0,0.0,0.0,0.0,0.0,0.0,0.0,0.0,0.0,0.0,0.0,0.0,0.0,0.0,0.0,0.0,0.0,0.0,0.0,0.0,0.0,0.0,0.0,0.0,0.0,0.0,0.0,0.0,0.0,0.0,0.0,0.0,0.0,0.0,0.0,0.0,0.0,0.0,0.0,0.0,0.0,0.0,0.0,0.0,0.0,0.0,0.0,0.0,0.0,0.0,0.0,0.0,0.0,0.0,0.0,0.0,0.0,0.0,0.0,0.0,0.0,0.0,0.0,0.0,0.0,0.0,0.0,0.0,0.0,0.0,0.0,0.0,0.0,0.0,0.0,0.0,0.0,0.0,0.0,0.0,0.0,0.0,0.0,0.0,0.0,0.0,0.0,0.0,0.0,0.0
42,0.010430031456053257,0.01107784640043974,0.011987684294581413,0.01315954327583313,0.014593424275517464,0.01666298881173134,0.01814892888069153,0.019745729863643646,0.02140645682811737,0.022782890126109123,0.02333482727408409,0.023784199729561806,0.024529479444026947,0.024958699941635132,0.025470685213804245,0.027126304805278778,0.028155500069260597,0.029561685398221016,0.031339120119810104,0.033284641802310944,0.033661555498838425,0.03444134443998337,0.03457231819629669,0.03531369939446449,0.03599879890680313,0.038154784590005875,0.04060083255171776,0.0422058030962944,0.04304321110248566,0.044218357652425766,0.04535376653075218,0.046824973076581955,0.047321707010269165,0.048009466379880905,0.050794567912817,0.051747143268585205,0.053153425455093384,0.05300959572196007,0.055558111518621445,0.057702526450157166,0.059252720326185226,0.06076880916953087,0.0625535324215889,0.06237565353512764,0.06381499767303467,0.06418279558420181,0.06675788015127182,0.06732212752103806,0.06804117560386658,0.06990139186382294,0.07094326615333557,0.07232475280761719,0.07353445887565613,0.07672952860593796,0.07947931438684464,0.08093821257352829,0.08247008919715881,0.08329697698354721,0.08247940987348557,0.08164910972118378,0.07867204397916794,0.07468508183956146,0.0671079233288765,0.0583457350730896,0.04993552342057228,0.04041194170713425,0.030096080154180527,0.021630611270666122,0.014434169046580791,0.008328923024237156,0.003966919146478176,0.0008232638938352466,-0.0007938400376588106,-0.0008843928808346391,0.0005516054225154221,0.0,0.0,0.0,0.0,0.0,0.0,0.0,0.0,0.0,0.0,0.0,0.0,0.0,0.0,0.0,0.0,0.0,0.0,0.0,0.0,0.0,0.0,0.0,0.0,0.0,0.0,0.0,0.0,0.0,0.0,0.0,0.0,0.0,0.0,0.0,0.0,0.0,0.0,0.0,0.0,0.0,0.0,0.0,0.0,0.0,0.0,0.0,0.0,0.0,0.0,0.0,0.0,0.0,0.0,0.0,0.0,0.0,0.0,0.0,0.0,0.0,0.0,0.0,0.0,0.0,0.0,0.0,0.0,0.0,0.0,0.0,0.0,0.0,0.0,0.0,0.0,0.0,0.0,0.0,0.0,0.0,0.0,0.0,0.0,0.0,0.0,0.0,0.0,0.0,0.0,0.0,0.0,0.0,0.0,0.0,0.0,0.0,0.0,0.0,0.0,0.0,0.0,0.0,0.0,0.0,0.0,0.0,0.0,0.0,0.0,0.0,0.0,0.0,0.0,0.0,0.0,0.0,0.0,0.0,0.0,0.0,0.0,0.0,0.0,0.0,0.0,0.0,0.0,0.0,0.0,0.0,0.0,0.0,0.0,0.0,0.0,0.0,0.0,0.0,0.0,0.0,0.0,0.0,0.0,0.0,0.0,0.0,0.0,0.0,0.0
43,0.0,0.0,0.0,0.0,0.0,0.0,0.0,0.0,0.0,0.0,0.0,0.0,0.0,0.0,0.0,0.0,0.0,0.0,0.0,0.0,0.0,0.0,0.0,0.0,0.0,0.0,0.0,0.0,0.0,0.0,0.0,0.0,0.0,0.0,0.0,0.0,0.0,0.0,0.0,0.0,0.0,0.0,0.0,0.0,0.0,0.0,0.0,0.0,0.0,0.0,0.0,0.0,0.0,0.0,0.0,0.0,0.0,0.0,0.0,0.0,0.0,0.0,0.0,0.0,0.0,0.0,0.0,0.0,0.0,0.0,0.0,0.0,0.0,0.0,0.0,0.012286284007132053,0.013171416707336903,0.014070173725485802,0.014982554130256176,0.015908557921648026,0.016367163509130478,0.018603118136525154,0.019866488873958588,0.01986413076519966,0.021257471293210983,0.021983902901411057,0.021756188943982124,0.02229502983391285,0.02291366271674633,0.02623562701046467,0.027174310758709908,0.028474796563386917,0.028968391939997673,0.0295434407889843,0.029075881466269493,0.029057536274194717,0.029372714459896088,0.03157570958137512,0.03306093439459801,0.03407377377152443,0.03422103449702263,0.03509225323796272,0.03596959635615349,0.038125112652778625,0.03953085467219353,0.04141388088464737,0.041818663477897644,0.043165434151887894,0.043947815895080566,0.043996620923280716,0.04456878826022148,0.04541752487421036,0.046312034130096436,0.04837149754166603,0.0496281199157238,0.05163218453526497,0.05193105712532997,0.05329286679625511,0.05407251417636871,0.053902022540569305,0.053942013531923294,0.055774275213479996,0.0576196163892746,0.06010720878839493,0.06179123371839523,0.06350554525852203,0.0648014172911644,0.06570013612508774,0.06603962928056717,0.06813079863786697,0.06898504495620728,0.07045441120862961,0.07148348540067673,0.07220980525016785,0.0729428306221962,0.07171812653541565,0.07004155963659286,0.06634443998336792,0.05780481547117233,0.04590630158782005,0.03165053576231003,0.01884547248482704,0.008502237498760223,0.0010959540959447622,-0.0007976655033417046,-5.0146445573773235e-05,-0.0003596602473407984,0.0005302479257807136,0.0026195780374109745,0.005908329971134663,-0.006864855997264385,-0.008639667183160782,-0.010353349149227142,-0.012005902826786041,-0.01359732635319233,-0.014608131721615791,-0.01602555625140667,-0.016736488789319992,-0.018207943066954613,-0.02021286077797413,-0.021863706409931183,-0.02213328890502453,-0.021846747025847435,-0.02249792590737343,-0.02427700348198414,-0.025110390037298203,-0.027718381956219673,-0.029582785442471504,-0.03062070533633232,-0.031118998304009438,-0.03164472430944443,-0.03224492073059082,-0.03196217864751816,-0.032666660845279694,-0.03483195602893829,-0.03679267689585686,-0.03773075342178345,-0.03834285959601402,-0.03998458757996559,-0.04103512316942215,-0.041445400565862656,-0.04369261488318443,-0.04479366913437843,-0.046616777777671814,-0.04758930951356888,-0.048474524170160294,-0.04902475327253342,-0.04909694567322731,-0.04856451228260994,-0.04968501627445221,-0.05045682564377785,-0.05168991535902023,-0.05231313034892082,-0.054237112402915955,-0.055868204683065414,-0.05808810144662857,-0.05872083455324173,-0.05912073701620102,-0.060597069561481476,-0.062368519604206085,-0.0627235472202301,-0.06325023621320724,-0.06324276328086853,-0.06443145871162415,-0.06580115854740143,-0.06607194989919662,-0.0668904036283493,-0.06776650249958038,-0.06863781064748764,-0.07011932879686356,-0.06984909623861313,-0.06856537610292435,-0.06432443112134933,-0.05601796880364418,-0.04449978843331337,-0.030064038932323456,-0.017025671899318695,-0.0070717292837798595,-0.0008088612230494618,0.001358950394205749,0.0021185101941227913,0.0032924311235547066,0.0032911200542002916,0.002114576520398259,-0.00023719923046883196
44,-0.009672403335571289,-0.010409477166831493,-0.011173170991241932,-0.01196348574012518,-0.012780420482158661,-0.013833437114953995,-0.013341262936592102,-0.015057471580803394,-0.01676810346543789,-0.018351510167121887,-0.020242072641849518,-0.02080799825489521,-0.022829614579677582,-0.024258475750684738,-0.02566865272819996,-0.02824753150343895,-0.028790736570954323,-0.030709998682141304,-0.03212250769138336,-0.031257323920726776,-0.03178226947784424,-0.03242894262075424,-0.03294670581817627,-0.03458041325211525,-0.03610076755285263,-0.03924392908811569,-0.04093077778816223,-0.04126610979437828,-0.043077606707811356,-0.04425894096493721,-0.0452893041074276,-0.04655184969305992,-0.04742979258298874,-0.04991743341088295,-0.05043322220444679,-0.049918096512556076,-0.04955292493104935,-0.05084264650940895,-0.05364750698208809,-0.054465893656015396,-0.05534161254763603,-0.05773582682013512,-0.05969657376408577,-0.06156942620873451,-0.0633077397942543,-0.06520368158817291,-0.06648580729961395,-0.06543609499931335,-0.06557010859251022,-0.06650961190462112,-0.06756287068128586,-0.06822610646486282,-0.07034055143594742,-0.07216416299343109,-0.07423016428947449,-0.0753590539097786,-0.07657995074987411,-0.07888653874397278,-0.08045421540737152,-0.08112714439630508,-0.08117848634719849,-0.0792921930551529,-0.07630659639835358,-0.07102454453706741,-0.062231097370386124,-0.05224369466304779,-0.04173118248581886,-0.03158389404416084,-0.02185066044330597,-0.012317043729126453,-0.005079619586467743,-0.00032017732155509293,0.0024905723985284567,0.003352629253640771,0.00226599327288568,0.0,0.0,0.0,0.0,0.0,0.0,0.0,0.0,0.0,0.0,0.0,0.0,0.0,0.0,0.0,0.0,0.0,0.0,0.0,0.0,0.0,0.0,0.0,0.0,0.0,0.0,0.0,0.0,0.0,0.0,0.0,0.0,0.0,0.0,0.0,0.0,0.0,0.0,0.0,0.0,0.0,0.0,0.0,0.0,0.0,0.0,0.0,0.0,0.0,0.0,0.0,0.0,0.0,0.0,0.0,0.0,0.0,0.0,0.0,0.0,0.0,0.0,0.0,0.0,0.0,0.0,0.0,0.0,0.0,0.0,0.0,0.0,0.0,0.0,0.0,0.0,0.0,0.0,0.0,0.0,0.0,0.0,0.0,0.0,0.0,0.0,0.0,0.0,0.0,0.0,0.0,0.0,0.0,0.0,0.0,0.0,0.0,0.0,0.0,0.0,0.0,0.0,0.0,0.0,0.0,0.0,0.0,0.0,0.0,0.0,0.0,0.0,0.0,0.0,0.0,0.0,0.0,0.0,0.0,0.0,0.0,0.0,0.0,0.0,0.0,0.0,0.0,0.0,0.0,0.0,0.0,0.0,0.0,0.0,0.0,0.0,0.0,0.0,0.0,0.0,0.0,0.0,0.0,0.0,0.0,0.0,0.0,0.0,0.0,0.0
45,0.04264300316572189,0.04572266712784767,0.048224229365587234,0.05014769360423088,0.05149305984377861,0.05111517384648323,0.0523788183927536,0.05204612761735916,0.05257342383265495,0.052661191672086716,0.0529087670147419,0.05379254370927811,0.053689271211624146,0.05386819317936897,0.05535132810473442,0.05642000213265419,0.05779356509447098,0.05742904171347618,0.05700254812836647,0.0575706847012043,0.05782967805862427,0.058429691940546036,0.059123847633600235,0.059026818722486496,0.059758830815553665,0.06009732186794281,0.06067612022161484,0.06135525926947594,0.0612899586558342,0.06203213706612587,0.062362223863601685,0.06270916014909744,0.06308655440807343,0.06282036751508713,0.06359288096427917,0.06407970935106277,0.0648106187582016,0.06544520705938339,0.06534996628761292,0.06592495739459991,0.06595801562070847,0.06635133177042007,0.06676149368286133,0.06661903858184814,0.06758774816989899,0.0680965855717659,0.06897003948688507,0.06936419755220413,0.06902274489402771,0.06978924572467804,0.07060731202363968,0.07026553153991699,0.06996461004018784,0.0692494586110115,0.07014089077711105,0.07113811373710632,0.07138742506504059,0.07196205854415894,0.07251675426959991,0.07287455350160599,0.07384368032217026,0.07392624765634537,0.07435880601406097,0.07470745593309402,0.07512886077165604,0.07588554918766022,0.07563725113868713,0.07603125274181366,0.0774071216583252,0.07917235046625137,0.0811116099357605,0.07597393542528152,0.06764580309391022,0.056127212941646576,0.0414181686937809,-0.0009826921159401536,0.0007741592125967145,0.002366884145885706,0.003795482451096177,0.00505995424464345,0.005448746494948864,0.0063963341526687145,0.007140890695154667,0.008131775073707104,0.00958965066820383,0.010540786199271679,0.011172876693308353,0.012662800960242748,0.013959712348878384,0.015934789553284645,0.016716368496418,0.017592597752809525,0.018435299396514893,0.018901031464338303,0.01961362548172474,0.02050364948809147,0.02111465111374855,0.022935446351766586,0.0243073683232069,0.026315299794077873,0.027207449078559875,0.028363272547721863,0.028657440096139908,0.029382003471255302,0.029452331364154816,0.029756853356957436,0.029822397977113724,0.03164639323949814,0.03393279388546944,0.035875044763088226,0.036291901022195816,0.03807105869054794,0.03803575783967972,0.038932714611291885,0.038945186883211136,0.0397786907851696,0.04075714200735092,0.04221225157380104,0.04476132243871689,0.04649549350142479,0.04686639830470085,0.04871458187699318,0.04834285005927086,0.04914984107017517,0.049156658351421356,0.05008725821971893,0.051082003861665726,0.05242913216352463,0.05492611601948738,0.056702323257923126,0.056418754160404205,0.05824326351284981,0.06009282171726227,0.0627046748995781,0.06360974162817001,0.06436724960803986,0.06593158096075058,0.06684046983718872,0.06813047081232071,0.06936371326446533,0.06981929391622543,0.07127794623374939,0.07245219498872757,0.07388448715209961,0.07746998965740204,0.08080679178237915,0.07650778442621231,0.06894110888242722,0.058106765151023865,0.044004760682582855,0.0011336349416524172,8.7420288764406e-05,-0.0010887443786486983,-0.0023948592133820057,-0.003830924164503813,-0.005397675093263388,-0.006278663873672485,-0.007519094739109278,-0.00837948452681303,-0.008992528542876244,-0.0104568125680089,-0.01104043796658516,-0.01139075867831707,-0.01303150225430727,-0.014932751655578613,-0.01735161989927292,-0.018318461254239082,-0.018901005387306213,-0.020344866439700127,-0.02120625227689743,-0.022044962272047997,-0.022896533831954002,-0.02324773371219635,-0.024760574102401733,-0.025882070884108543,-0.027491478249430656,-0.028841610997915268,-0.029551194980740547,-0.03118988685309887,-0.0320977121591568,-0.033197417855262756,-0.034074049443006516,-0.034278128296136856,-0.0358477346599102,-0.03692645579576492,-0.037670183926820755,-0.04044925048947334,-0.0419505350291729,-0.04403780400753021,-0.045440394431352615,-0.04532996565103531,-0.04517940804362297,-0.044372621923685074,-0.04453898221254349,-0.046366386115550995,-0.048090461641550064,-0.04985900968313217,-0.051099494099617004,-0.05208244174718857,-0.053452253341674805,-0.053790830075740814,-0.05379651486873627,-0.05457552522420883,-0.05656015872955322,-0.058525845408439636,-0.05942747741937637,-0.060028206557035446,-0.06143549084663391,-0.0626133382320404,-0.06397239863872528,-0.06525617092847824,-0.06573662161827087,-0.0671534538269043,-0.06820180267095566,-0.0693175345659256,-0.07029842585325241,-0.07111738622188568,-0.07170883566141129,-0.07291147857904434,-0.07511279731988907,-0.0767860859632492,-0.07173233479261398,-0.06376418471336365,-0.0528816357254982,-0.03908469155430794
