model_id,channel_44_1,channel_44_2,channel_44_3,channel_44_4,channel_44_5,channel_44_6,channel_44_7,channel_44_8,channel_44_9,channel_44_10,channel_44_11,channel_44_12,channel_44_13,channel_44_14,channel_44_15,channel_44_16,channel_44_17,channel_44_18,channel_44_19,channel_44_20,channel_44_21,channel_44_22,channel_44_23,channel_44_24,channel_44_25,channel_44_26,channel_44_27,channel_44_28,channel_44_29,channel_44_30,channel_44_31,channel_44_32,channel_44_33,channel_44_34,channel_44_35,channel_44_36,channel_44_37,channel_44_38,channel_44_39,channel_44_40,channel_44_41,channel_44_42,channel_44_43,channel_44_44,channel_44_45,channel_44_46,channel_44_47,channel_44_48,channel_44_49,channel_44_50,channel_44_51,channel_44_52,channel_44_53,channel_44_54,channel_44_55,channel_44_56,channel_44_57,channel_44_58,channel_44_59,channel_44_60,channel_44_61,channel_44_62,channel_44_63,channel_44_64,channel_44_65,channel_44_66,channel_44_67,channel_44_68,channel_44_69,channel_44_70,channel_44_71,channel_44_72,channel_44_73,channel_44_74,channel_44_75,channel_45_1,channel_45_2,channel_45_3,channel_45_4,channel_45_5,channel_45_6,channel_45_7,channel_45_8,channel_45_9,channel_45_10,channel_45_11,channel_45_12,channel_45_13,channel_45_14,channel_45_15,channel_45_16,channel_45_17,channel_45_18,channel_45_19,channel_45_20,channel_45_21,channel_45_22,channel_45_23,channel_45_24,channel_45_25,channel_45_26,channel_45_27,channel_45_28,channel_45_29,channel_45_30,channel_45_31,channel_45_32,channel_45_33,channel_45_34,channel_45_35,channel_45_36,channel_45_37,channel_45_38,channel_45_39,channel_45_40,channel_45_41,channel_45_42,channel_45_43,channel_45_44,channel_45_45,channel_45_46,channel_45_47,channel_45_48,channel_45_49,channel_45_50,channel_45_51,channel_45_52,channel_45_53,channel_45_54,channel_45_55,channel_45_56,channel_45_57,channel_45_58,channel_45_59,channel_45_60,channel_45_61,channel_45_62,channel_45_63,channel_45_64,channel_45_65,channel_45_66,channel_45_67,channel_45_68,channel_45_69,channel_45_70,channel_45_71,channel_45_72,channel_45_73,channel_45_74,channel_45_75,channel_46_1,channel_46_2,channel_46_3,channel_46_4,channel_46_5,channel_46_6,channel_46_7,channel_46_8,channel_46_9,channel_46_10,channel_46_11,channel_46_12,channel_46_13,channel_46_14,channel_46_15,channel_46_16,channel_46_17,channel_46_18,channel_46_19,channel_46_20,channel_46_21,channel_46_22,channel_46_23,channel_46_24,channel_46_25,channel_46_26,channel_46_27,channel_46_28,channel_46_29,channel_46_30,channel_46_31,channel_46_32,channel_46_33,channel_46_34,channel_46_35,channel_46_36,channel_46_37,channel_46_38,channel_46_39,channel_46_40,channel_46_41,channel_46_42,channel_46_43,channel_46_44,channel_46_45,channel_46_46,channel_46_47,channel_46_48,channel_46_49,channel_46_50,channel_46_51,channel_46_52,channel_46_53,channel_46_54,channel_46_55,channel_46_56,channel_46_57,channel_46_58,channel_46_59,channel_46_60,channel_46_61,channel_46_62,channel_46_63,channel_46_64,channel_46_65,channel_46_66,channel_46_67,channel_46_68,channel_46_69,channel_46_70,channel_46_71,channel_46_72,channel_46_73,channel_46_74,channel_46_75
1,0.0,0.0,0.0,0.0,0.0,0.0,0.0,0.0,0.0,0.0,0.0,0.0,0.0,0.0,0.0,0.0,0.0,0.0,0.0,0.0,0.0,0.0,0.0,0.0,0.0,0.0,0.0,0.0,0.0,0.0,0.0,0.0,0.0,0.0,0.0,0.0,0.0,0.0,0.0,0.0,0.0,0.0,0.0,0.0,0.0,0.0,0.0,0.0,0.0,0.0,0.0,0.0,0.0,0.0,0.0,0.0,0.0,0.0,0.0,0.0,0.0,0.0,0.0,0.0,0.0,0.0,0.0,0.0,0.0,0.0,0.0,0.0,0.0,0.0,0.0,0.0,0.0,0.0,0.0,0.0,0.0,0.0,0.0,0.0,0.0,0.0,0.0,0.0,0.0,0.0,0.0,0.0,0.0,0.0,0.0,0.0,0.0,0.0,0.0,0.0,0.0,0.0,0.0,0.0,0.0,0.0,0.0,0.0,0.0,0.0,0.0,0.0,0.0,0.0,0.0,0.0,0.0,0.0,0.0,0.0,0.0,0.0,0.0,0.0,0.0,0.0,0.0,0.0,0.0,0.0,0.0,0.0,0.0,0.0,0.0,0.0,0.0,0.0,0.0,0.0,0.0,0.0,0.0,0.0,0.0,0.0,0.0,0.0,0.0,0.0,-0.0,-0.000269539454870451,-0.0010684616221656074,-0.0023679708443077674,-0.0041210422785661165,-0.0062638441749513565,-0.008717670740098911,-0.011391329286588339,-0.014183912108067832,-0.0169878722689594,-0.019692313578424003,-0.022186398689520926,-0.024362775709372626,-0.026120923028048998,-0.027370314293370824,-0.028033310513009814,-0.028047694009596547,-0.02736876916700944,-0.02597096729346687,-0.02384890713365945,-0.021017878179665495,-0.017513730509810227,-0.013392171949182295,-0.008727490404355385,-0.003610735787165327,0.0018525884684889586,0.007545260125693416,0.013341422591080072,0.019109932428766817,0.024717875607854156,0.030034153175603776,0.03493303491796051,0.039297580344455435,0.04302282999448811,0.04601867650236717,0.04821233389521982,0.049550334972255874,0.05,0.049550334972255874,0.04821233389521981,0.04601867650236717,0.043022829994488095,0.03929758034445542,0.03493303491796048,0.03003415317560377,0.024717875607854135,0.019109932428766796,0.013341422591080069,0.007545260125693395,0.001852588468488936,-0.0036107357871653315,-0.008727490404355406,-0.013392171949182314,-0.017513730509810237,-0.021017878179665515,-0.023848907133659475,-0.02597096729346687,-0.02736876916700944,-0.02804769400959657,-0.02803331051300983,-0.02737031429337083,-0.026120923028048998,-0.02436277570937264,-0.02218639868952094,-0.01969231357842401,-0.016987872268959404,-0.014183912108067824,-0.01139132928658834,-0.008717670740098922,-0.006263844174951361,-0.004121042278566116,-0.0023679708443077718,-0.0010684616221656076,-0.00026953945487044996,-2.2496396739927864e-33
2,0.0,0.0,0.0,0.0,0.0,0.0,0.0,0.0,0.0,0.0,0.0,0.0,0.0,0.0,0.0,0.0,0.0,0.0,0.0,0.0,0.0,0.0,0.0,0.0,0.0,0.0,0.0,0.0,0.0,0.0,0.0,0.0,0.0,0.0,0.0,0.0,0.0,0.0,0.0,0.0,0.0,0.0,0.0,0.0,0.0,0.0,0.0,0.0,0.0,0.0,0.0,0.0,0.0,0.0,0.0,0.0,0.0,0.0,0.0,0.0,0.0,0.0,0.0,0.0,0.0,0.0,0.0,0.0,0.0,0.0,0.0,0.0,0.0,0.0,0.0,0.0,0.0,0.0,0.0,0.0,0.0,0.0,0.0,0.0,0.0,0.0,0.0,0.0,0.0,0.0,0.0,0.0,0.0,0.0,0.0,0.0,0.0,0.0,0.0,0.0,0.0,0.0,0.0,0.0,0.0,0.0,0.0,0.0,0.0,0.0,0.0,0.0,0.0,0.0,0.0,0.0,0.0,0.0,0.0,0.0,0.0,0.0,0.0,0.0,0.0,0.0,0.0,0.0,0.0,0.0,0.0,0.0,0.0,0.0,0.0,0.0,0.0,0.0,0.0,0.0,0.0,0.0,0.0,0.0,0.0,0.0,0.0,0.0,0.0,0.0,0.05,0.05,0.05,0.05,0.05,0.05,0.05,0.05,0.05,0.05,0.05,0.05,0.05,0.05,0.05,0.05,0.05,0.05,0.05,0.05,0.05,0.05,0.05,0.05,0.05,0.05,0.05,0.05,0.05,0.05,0.05,0.05,0.05,0.05,0.05,0.05,0.05,-0.05,-0.05,-0.05,-0.05,-0.05,-0.05,-0.05,-0.05,-0.05,-0.05,-0.05,-0.05,-0.05,-0.05,-0.05,-0.05,-0.05,-0.05,-0.05,-0.05,-0.05,-0.05,-0.05,-0.05,-0.05,-0.05,-0.05,-0.05,-0.05,-0.05,-0.05,-0.05,-0.05,-0.05,-0.05,-0.05,-0.05,-0.05
3,0.0,0.0,0.0,0.0,0.0,0.0,0.0,0.0,0.0,0.0,0.0,0.0,0.0,0.0,0.0,0.0,0.0,0.0,0.0,0.0,0.0,0.0,0.0,0.0,0.0,0.0,0.0,0.0,0.0,0.0,0.0,0.0,0.0,0.0,0.0,0.0,0.0,0.0,0.0,0.0,0.0,0.0,0.0,0.0,0.0,0.0,0.0,0.0,0.0,0.0,0.0,0.0,0.0,0.0,0.0,0.0,0.0,0.0,0.0,0.0,0.0,0.0,0.0,0.0,0.0,0.0,0.0,0.0,0.0,0.0,0.0,0.0,0.0,0.0,0.0,0.0,0.0,0.0,0.0,0.0,0.0,0.0,0.0,0.0,0.0,0.0,0.0,0.0,0.0,0.0,0.0,0.0,0.0,0.0,0.0,0.0,0.0,0.0,0.0,0.0,0.0,0.0,0.0,0.0,0.0,0.0,0.0,0.0,0.0,0.0,0.0,0.0,0.0,0.0,0.0,0.0,0.0,0.0,0.0,0.0,0.0,0.0,0.0,0.0,0.0,0.0,0.0,0.0,0.0,0.0,0.0,0.0,0.0,0.0,0.0,0.0,0.0,0.0,0.0,0.0,0.0,0.0,0.0,0.0,0.0,0.0,0.0,0.0,0.0,0.0,0.0020892061217045728,0.0030148688183801627,0.004257877489657052,0.005885122592103802,0.00796077735022609,0.010538845851599508,0.013654262192668838,0.01731334705911217,0.021484806311169804,0.026092726484145987,0.03101309374494296,0.03607516557813064,0.04106853258118134,0.04575595758247929,0.049891173955258515,0.0532399217709521,0.055601781310249475,0.05682999436093904,0.05684655249981258,0.05565039632241882,0.05331752760936361,0.04999301792072068,0.04587608171484188,0.041200348711002296,0.03621204714370681,0.031148911401933516,0.026222269762454068,0.021604056252296777,0.017419590004153947,0.013746057926736643,0.010615880508427598,0.008023640915985788,0.00593505240888868,0.004296504226329771,0.0030439922293600723,0.002110617071869432,0.0014322306547697797,-0.0020892061217045728,-0.003014084919646069,-0.004255797569819597,-0.005881088626897784,-0.007954003356733201,-0.01052846601165081,-0.013639414030827472,-0.017293289421587785,-0.02145906478155468,-0.02606125079181233,-0.030976404301666993,-0.03603446150031692,-0.041025733298978954,-0.045713655626415314,-0.04985248781137353,-0.053208253440201865,-0.05558050068565289,-0.05682208818093706,-0.0568542858382261,-0.05567503660639641,-0.053359173951732876,-0.050050563098869336,-0.04594731331993394,-0.04128217397455353,-0.0363008071213431,-0.031240738150438922,-0.02631343685599426,-0.021691278426572567,-0.01750024004158392,-0.01381828501882766,-0.010678630776887462,-0.00807659449857384,-0.005978500511898843,-0.004331193099571135,-0.003070959620716416,-0.002131041706655809,-0.0014473083793417065,-0.0009620142107471776
4,0.0,0.0,0.0,0.0,0.0,0.0,0.0,0.0,0.0,0.0,0.0,0.0,0.0,0.0,0.0,0.0,0.0,0.0,0.0,0.0,0.0,0.0,0.0,0.0,0.0,0.0,0.0,0.0,0.0,0.0,0.0,0.0,0.0,0.0,0.0,0.0,0.0,0.0,0.0,0.0,0.0,0.0,0.0,0.0,0.0,0.0,0.0,0.0,0.0,0.0,0.0,0.0,0.0,0.0,0.0,0.0,0.0,0.0,0.0,0.0,0.0,0.0,0.0,0.0,0.0,0.0,0.0,0.0,0.0,0.0,0.0,0.0,0.0,0.0,0.0,0.0004310853344149762,0.0005573291665755987,0.0007154220118460317,0.0009118319984444695,0.0011539031597478894,0.0014498594386723523,0.0018087745611523568,0.0022405001959765903,0.002755545170863493,0.0033648994158513145,0.00407979782814622,0.00491142143985642,0.0058705361217704435,0.006967072520821363,0.00820965489531302,0.009605090807200897,0.01115783802104419,0.012869469158333681,0.01473815833895585,0.016758216865713785,0.018919706637811572,0.021208160116606114,0.02360443408082251,0.026084720964566488,0.028620736256926724,0.031180093382226742,0.03372686894583548,0.03622235163265727,0.038625957916456136,0.04089628770113235,0.042992283741685566,0.04487445085316281,0.04650608512529191,0.04785446012513165,0.04889191674067051,0.049596806053583235,0.049954240374342755,0.049956616054783784,0.04960388243577377,0.04890354364337702,0.04787039314456445,0.04652599417683827,0.044897931538382674,0.04301887099401272,0.04092547106779029,0.0386571977769275,0.036255095637853445,0.033760567986197726,0.031214216453905947,0.02865478368714158,0.02611823557264928,0.023637009981644176,0.021239449008964247,0.018949421553224235,0.016786133475096294,0.014764114019511382,0.012893360106079527,0.011179614753071679,0.009624752431293302,0.008227242533939515,0.006982662264274466,0.005884231854908581,0.004923347842842848,0.0040900937983212775,0.003373712099942365,0.0027630247382419808,0.0022467954281101044,0.00181402928250003,0.0014542097719308794,0.0011574755546492615,0.0009147419585636174,0.0007177734277927664,0.0005592141557273323,0.00043258448586276123,0.00033225056413707025,0.0,0.0,0.0,0.0,0.0,0.0,0.0,0.0,0.0,0.0,0.0,0.0,0.0,0.0,0.0,0.0,0.0,0.0,0.0,0.0,0.0,0.0,0.0,0.0,0.0,0.0,0.0,0.0,0.0,0.0,0.0,0.0,0.0,0.0,0.0,0.0,0.0,0.0,0.0,0.0,0.0,0.0,0.0,0.0,0.0,0.0,0.0,0.0,0.0,0.0,0.0,0.0,0.0,0.0,0.0,0.0,0.0,0.0,0.0,0.0,0.0,0.0,0.0,0.0,0.0,0.0,0.0,0.0,0.0,0.0,0.0,0.0,0.0,0.0,0.0
5,-4.247802705507514e-05,-6.148854415477181e-05,-8.809737518611017e-05,-0.00012493111405930543,-0.00017535459139179105,-0.00024361417565977542,-0.00033498615284916356,-0.00045592146529757437,-0.0006141749646710285,-0.0008189041358233248,-0.0010807192932816268,-0.0014116649442825363,-0.0018251108236707208,-0.0023355315394365597,-0.0029581563026658104,-0.003708475239374281,-0.004601596511176406,-0.005651458876089286,-0.006869917054789445,-0.008265731630063123,-0.00984351013641235,-0.011602660114165338,-0.01353642660864186,-0.015631094217434048,-0.017865435770779037,-0.02021048484139258,-0.022629696826249362,-0.025079543338918132,-0.027510557933625713,-0.02986881943046158,-0.03209782476302571,-0.034140669329766074,-0.03594242258163964,-0.037452563230297484,-0.03862732476868793,-0.039431799909684324,-0.03984166293336548,-0.039844391409476404,-0.03943990168689251,-0.03864055315342939,-0.037470520963336376,-0.03596458165136244,-0.03416639674340996,-0.03212641252198169,-0.02989951673336147,-0.027542603575059194,-0.025112196379005598,-0.0226622638577428,-0.02024234254446714,-0.01789604788065338,-0.015660022492308544,-0.013563335832499347,-0.011627317563862921,-0.009865780257378644,-0.008285566882892316,-0.006887346010496892,-0.005666572655559753,-0.0046145345976182795,-0.0037194115604205643,-0.0029672863031079137,-0.0023430607686407154,-0.0018312453636543983,-0.0014166038216718152,-0.001084648862753634,-0.0008219943011130491,-0.000616577018198351,-0.000457767277563404,-0.00033638842376840293,-0.00024466746600780814,-0.00017613687685493146,-0.00012550564039396652,-8.851463479674711e-05,-6.178823716395095e-05,-4.269091007172411e-05,-2.9194692579146026e-05,0.0,0.0,0.0,0.0,0.0,0.0,0.0,0.0,0.0,0.0,0.0,0.0,0.0,0.0,0.0,0.0,0.0,0.0,0.0,0.0,0.0,0.0,0.0,0.0,0.0,0.0,0.0,0.0,0.0,0.0,0.0,0.0,0.0,0.0,0.0,0.0,0.0,0.0,0.0,0.0,0.0,0.0,0.0,0.0,0.0,0.0,0.0,0.0,0.0,0.0,0.0,0.0,0.0,0.0,0.0,0.0,0.0,0.0,0.0,0.0,0.0,0.0,0.0,0.0,0.0,0.0,0.0,0.0,0.0,0.0,0.0,0.0,0.0,0.0,0.0,0.0,0.0,0.0,0.0,0.0,0.0,0.0,0.0,0.0,0.0,0.0,0.0,0.0,0.0,0.0,0.0,0.0,0.0,0.0,0.0,0.0,0.0,0.0,0.0,0.0,0.0,0.0,0.0,0.0,0.0,0.0,0.0,0.0,0.0,0.0,0.0,0.0,0.0,0.0,0.0,0.0,0.0,0.0,0.0,0.0,0.0,0.0,0.0,0.0,0.0,0.0,0.0,0.0,0.0,0.0,0.0,0.0,0.0,0.0,0.0,0.0,0.0,0.0,0.0,0.0,0.0,0.0,0.0,0.0,0.0,0.0,0.0,0.0,0.0,0.0
6,5.3238311833395986e-05,7.706446167212388e-05,0.00011041368578113963,0.00015657793144110274,0.00021977438843451464,0.0003053250904048582,0.0004198428811707877,0.0005714128179630482,0.0007697541660074479,0.0010263441305335054,0.0013544807687394791,0.0017692596318220006,0.0022874371974740512,0.002927154696522074,0.0037074991145200097,0.00464788444539227,0.005767245961679073,0.00708305330585987,0.008610164166952476,0.010359558307214007,0.012337010414774025,0.014541777951550093,0.016965394837344557,0.019590671364420654,0.022391003220819407,0.025330086373717937,0.02836211895550203,0.031432546224082876,0.0344793711836502,0.0374350136571214,0.04022865755257567,0.04278898352840952,0.04504714635093684,0.04693982697523451,0.04841217221927377,0.04942043228660342,0.04993411940854589,0.04993753904622905,0.04943058635851583,0.04842875154088409,0.046962333655926294,0.04507491862629018,0.04282122805964597,0.04026448699502937,0.03747348702082329,0.03451953443909812,0.03147347074085083,0.028402935676483155,0.025370014083363687,0.022429369810897975,0.01962692758028901,0.01699912054802933,0.01457268148184622,0.012364921872220809,0.01038441811000206,0.008632008123539264,0.007101995619338475,0.005783461448326483,0.004661591091169798,0.0037189418731477944,0.002936591185926731,0.002295125703161522,0.0017754495966764519,0.001359405753712309,0.0010302170783777586,0.0007727646936518298,0.0005737262005706429,0.0004216003671382168,0.00030664519408874554,0.0002207548378648849,0.00015729799341859354,0.00011093664315008165,7.744007115738271e-05,5.35051211277565e-05,3.659012094402364e-05,0.0,0.0,0.0,0.0,0.0,0.0,0.0,0.0,0.0,0.0,0.0,0.0,0.0,0.0,0.0,0.0,0.0,0.0,0.0,0.0,0.0,0.0,0.0,0.0,0.0,0.0,0.0,0.0,0.0,0.0,0.0,0.0,0.0,0.0,0.0,0.0,0.0,0.0,0.0,0.0,0.0,0.0,0.0,0.0,0.0,0.0,0.0,0.0,0.0,0.0,0.0,0.0,0.0,0.0,0.0,0.0,0.0,0.0,0.0,0.0,0.0,0.0,0.0,0.0,0.0,0.0,0.0,0.0,0.0,0.0,0.0,0.0,0.0,0.0,0.0,0.0,0.0,0.0,0.0,0.0,0.0,0.0,0.0,0.0,0.0,0.0,0.0,0.0,0.0,0.0,0.0,0.0,0.0,0.0,0.0,0.0,0.0,0.0,0.0,0.0,0.0,0.0,0.0,0.0,0.0,0.0,0.0,0.0,0.0,0.0,0.0,0.0,0.0,0.0,0.0,0.0,0.0,0.0,0.0,0.0,0.0,0.0,0.0,0.0,0.0,0.0,0.0,0.0,0.0,0.0,0.0,0.0,0.0,0.0,0.0,0.0,0.0,0.0,0.0,0.0,0.0,0.0,0.0,0.0,0.0,0.0,0.0,0.0,0.0,0.0
7,0.0,0.0,0.0,0.0,0.0,0.0,0.0,0.0,0.0,0.0,0.0,0.0,0.0,0.0,0.0,0.0,0.0,0.0,0.0,0.0,0.0,0.0,0.0,0.0,0.0,0.0,0.0,0.0,0.0,0.0,0.0,0.0,0.0,0.0,0.0,0.0,0.0,0.0,0.0,0.0,0.0,0.0,0.0,0.0,0.0,0.0,0.0,0.0,0.0,0.0,0.0,0.0,0.0,0.0,0.0,0.0,0.0,0.0,0.0,0.0,0.0,0.0,0.0,0.0,0.0,0.0,0.0,0.0,0.0,0.0,0.0,0.0,0.0,0.0,0.0,-0.05,-0.04864864864864865,-0.0472972972972973,-0.04594594594594595,-0.0445945945945946,-0.043243243243243246,-0.041891891891891894,-0.04054054054054054,-0.03918918918918919,-0.03783783783783784,-0.03648648648648649,-0.03513513513513513,-0.033783783783783786,-0.032432432432432434,-0.031081081081081083,-0.029729729729729728,-0.02837837837837838,-0.02702702702702703,-0.025675675675675677,-0.024324324324324322,-0.022972972972972974,-0.021621621621621623,-0.02027027027027027,-0.018918918918918916,-0.017567567567567565,-0.016216216216216217,-0.014864864864864864,-0.013513513513513509,-0.012162162162162161,-0.010810810810810811,-0.009459459459459458,-0.008108108108108103,-0.0067567567567567545,-0.005405405405405406,-0.004054054054054052,-0.0027027027027026976,-0.0013513513513513488,0.0,0.0013513513513513599,0.0027027027027027085,0.004054054054054057,0.005405405405405406,0.0067567567567567545,0.008108108108108114,0.009459459459459463,0.010810810810810811,0.012162162162162172,0.013513513513513521,0.01486486486486487,0.016216216216216217,0.017567567567567565,0.018918918918918927,0.020270270270270275,0.021621621621621623,0.022972972972972985,0.024324324324324333,0.02567567567567568,0.02702702702702703,0.02837837837837838,0.02972972972972974,0.031081081081081086,0.032432432432432434,0.03378378378378379,0.035135135135135144,0.036486486486486495,0.03783783783783784,0.03918918918918919,0.04054054054054055,0.0418918918918919,0.043243243243243246,0.04459459459459461,0.045945945945945955,0.04729729729729731,0.04864864864864865,0.05,0.0,0.0,0.0,0.0,0.0,0.0,0.0,0.0,0.0,0.0,0.0,0.0,0.0,0.0,0.0,0.0,0.0,0.0,0.0,0.0,0.0,0.0,0.0,0.0,0.0,0.0,0.0,0.0,0.0,0.0,0.0,0.0,0.0,0.0,0.0,0.0,0.0,0.0,0.0,0.0,0.0,0.0,0.0,0.0,0.0,0.0,0.0,0.0,0.0,0.0,0.0,0.0,0.0,0.0,0.0,0.0,0.0,0.0,0.0,0.0,0.0,0.0,0.0,0.0,0.0,0.0,0.0,0.0,0.0,0.0,0.0,0.0,0.0,0.0,0.0
8,0.0,0.0,0.0,0.0,0.0,0.0,0.0,0.0,0.0,0.0,0.0,0.0,0.0,0.0,0.0,0.0,0.0,0.0,0.0,0.0,0.0,0.0,0.0,0.0,0.0,0.0,0.0,0.0,0.0,0.0,0.0,0.0,0.0,0.0,0.0,0.0,0.0,0.0,0.0,0.0,0.0,0.0,0.0,0.0,0.0,0.0,0.0,0.0,0.0,0.0,0.0,0.0,0.0,0.0,0.0,0.0,0.0,0.0,0.0,0.0,0.0,0.0,0.0,0.0,0.0,0.0,0.0,0.0,0.0,0.0,0.0,0.0,0.0,0.0,0.0,0.0,0.0,0.0,0.0,0.0,0.0,0.0,0.0,0.0,0.0,0.0,0.0,0.0,0.0,0.0,0.0,0.0,0.0,0.0,0.0,0.0,0.0,0.0,0.0,0.0,0.0,0.0,0.0,0.0,0.0,0.0,0.0,0.0,0.0,0.0,0.0,0.0,0.0,0.0,0.0,0.0,0.0,0.0,0.0,0.0,0.0,0.0,0.0,0.0,0.0,0.0,0.0,0.0,0.0,0.0,0.0,0.0,0.0,0.0,0.0,0.0,0.0,0.0,0.0,0.0,0.0,0.0,0.0,0.0,0.0,0.0,0.0,0.0,0.0,0.0,-0.05,-0.04733333333333334,-0.04466666666666667,-0.042,-0.03933333333333333,-0.036666666666666674,-0.033999999999999996,-0.03133333333333334,-0.028666666666666663,-0.026000000000000002,-0.023333333333333334,-0.020666666666666667,-0.018,-0.015333333333333332,-0.012666666666666666,-0.009999999999999998,-0.007333333333333331,-0.004666666666666669,-0.001999999999999996,0.000666666666666671,0.0033333333333333327,0.006000000000000005,0.008666666666666668,0.011333333333333341,0.014000000000000002,0.016666666666666673,0.019333333333333338,0.022,0.02466666666666667,0.027333333333333345,0.030000000000000006,0.03266666666666667,0.03533333333333334,0.038000000000000006,0.04066666666666666,0.043333333333333335,0.04600000000000001,0.04866666666666667,-0.048666666666666664,-0.046,-0.043333333333333335,-0.040666666666666657,-0.037999999999999985,-0.03533333333333333,-0.03266666666666667,-0.029999999999999985,-0.027333333333333317,-0.02466666666666666,-0.02199999999999999,-0.019333333333333348,-0.016666666666666646,-0.01399999999999998,-0.011333333333333334,-0.008666666666666668,-0.005999999999999995,-0.003333333333333322,-0.0006666666666666544,0.001999999999999991,0.004666666666666686,0.007333333333333358,0.009999999999999998,0.012666666666666672,0.015333333333333345,0.018000000000000016,0.02066666666666668,0.023333333333333352,0.025999999999999992,0.028666666666666698,0.03133333333333334,0.03400000000000001,0.03666666666666668,0.039333333333333345,0.042000000000000016,0.04466666666666669,0.04733333333333333
9,0.0,0.0,0.0,0.0,0.0,0.0,0.0,0.0,0.0,0.0,0.0,0.0,0.0,0.0,0.0,0.0,0.0,0.0,0.0,0.0,0.0,0.0,0.0,0.0,0.0,0.0,0.0,0.0,0.0,0.0,0.0,0.0,0.0,0.0,0.0,0.0,0.0,0.0,0.0,0.0,0.0,0.0,0.0,0.0,0.0,0.0,0.0,0.0,0.0,0.0,0.0,0.0,0.0,0.0,0.0,0.0,0.0,0.0,0.0,0.0,0.0,0.0,0.0,0.0,0.0,0.0,0.0,0.0,0.0,0.0,0.0,0.0,0.0,0.0,0.0,-0.05,-0.04864864864864865,-0.0472972972972973,-0.04594594594594595,-0.0445945945945946,-0.043243243243243246,-0.041891891891891894,-0.04054054054054054,-0.03918918918918919,-0.03783783783783784,-0.03648648648648649,-0.03513513513513513,-0.033783783783783786,-0.032432432432432434,-0.031081081081081083,-0.029729729729729728,-0.02837837837837838,-0.02702702702702703,-0.025675675675675677,-0.024324324324324322,-0.022972972972972974,-0.021621621621621623,-0.02027027027027027,-0.018918918918918916,-0.017567567567567565,-0.016216216216216217,-0.014864864864864864,-0.013513513513513509,-0.012162162162162161,-0.010810810810810811,-0.009459459459459458,-0.008108108108108103,-0.0067567567567567545,-0.005405405405405406,-0.004054054054054052,-0.0027027027027026976,-0.0013513513513513488,0.0,0.0013513513513513599,0.0027027027027027085,0.004054054054054057,0.005405405405405406,0.0067567567567567545,0.008108108108108114,0.009459459459459463,0.010810810810810811,0.012162162162162172,0.013513513513513521,0.01486486486486487,0.016216216216216217,0.017567567567567565,0.018918918918918927,0.020270270270270275,0.021621621621621623,0.022972972972972985,0.024324324324324333,0.02567567567567568,0.02702702702702703,0.02837837837837838,0.02972972972972974,0.031081081081081086,0.032432432432432434,0.03378378378378379,0.035135135135135144,0.036486486486486495,0.03783783783783784,0.03918918918918919,0.04054054054054055,0.0418918918918919,0.043243243243243246,0.04459459459459461,0.045945945945945955,0.04729729729729731,0.04864864864864865,0.05,-0.05,-0.04864864864864865,-0.0472972972972973,-0.04594594594594595,-0.0445945945945946,-0.043243243243243246,-0.041891891891891894,-0.04054054054054054,-0.03918918918918919,-0.03783783783783784,-0.03648648648648649,-0.03513513513513513,-0.033783783783783786,-0.032432432432432434,-0.031081081081081083,-0.029729729729729728,-0.02837837837837838,-0.02702702702702703,-0.025675675675675677,-0.024324324324324322,-0.022972972972972974,-0.021621621621621623,-0.02027027027027027,-0.018918918918918916,-0.017567567567567565,-0.016216216216216217,-0.014864864864864864,-0.013513513513513509,-0.012162162162162161,-0.010810810810810811,-0.009459459459459458,-0.008108108108108103,-0.0067567567567567545,-0.005405405405405406,-0.004054054054054052,-0.0027027027027026976,-0.0013513513513513488,0.0,0.0013513513513513599,0.0027027027027027085,0.004054054054054057,0.005405405405405406,0.0067567567567567545,0.008108108108108114,0.009459459459459463,0.010810810810810811,0.012162162162162172,0.013513513513513521,0.01486486486486487,0.016216216216216217,0.017567567567567565,0.018918918918918927,0.020270270270270275,0.021621621621621623,0.022972972972972985,0.024324324324324333,0.02567567567567568,0.02702702702702703,0.02837837837837838,0.02972972972972974,0.031081081081081086,0.032432432432432434,0.03378378378378379,0.035135135135135144,0.036486486486486495,0.03783783783783784,0.03918918918918919,0.04054054054054055,0.0418918918918919,0.043243243243243246,0.04459459459459461,0.045945945945945955,0.04729729729729731,0.04864864864864865,0.05
10,0.0,0.0,0.0,0.0,0.0,0.0,0.0,0.0,0.0,0.0,0.0,0.0,0.0,0.0,0.0,0.0,0.0,0.0,0.0,0.0,0.0,0.0,0.0,0.0,0.0,0.0,0.0,0.0,0.0,0.0,0.0,0.0,0.0,0.0,0.0,0.0,0.0,0.0,0.0,0.0,0.0,0.0,0.0,0.0,0.0,0.0,0.0,0.0,0.0,0.0,0.0,0.0,0.0,0.0,0.0,0.0,0.0,0.0,0.0,0.0,0.0,0.0,0.0,0.0,0.0,0.0,0.0,0.0,0.0,0.0,0.0,0.0,0.0,0.0,0.0,-0.035,-0.03405405405405406,-0.03310810810810811,-0.03216216216216216,-0.03121621621621622,-0.030270270270270273,-0.029324324324324327,-0.02837837837837838,-0.027432432432432433,-0.02648648648648649,-0.025540540540540543,-0.024594594594594593,-0.02364864864864865,-0.022702702702702707,-0.021756756756756757,-0.02081081081081081,-0.019864864864864867,-0.018918918918918923,-0.017972972972972973,-0.017027027027027027,-0.01608108108108108,-0.015135135135135137,-0.01418918918918919,-0.013243243243243242,-0.012297297297297297,-0.011351351351351353,-0.010405405405405405,-0.009459459459459457,-0.008513513513513513,-0.007567567567567568,-0.006621621621621621,-0.005675675675675672,-0.004729729729729728,-0.003783783783783784,-0.002837837837837836,-0.0018918918918918884,-0.0009459459459459442,0.0,0.0009459459459459519,0.001891891891891896,0.00283783783783784,0.003783783783783784,0.004729729729729728,0.00567567567567568,0.006621621621621624,0.007567567567567568,0.00851351351351352,0.009459459459459465,0.010405405405405408,0.011351351351351353,0.012297297297297297,0.013243243243243248,0.014189189189189193,0.015135135135135137,0.01608108108108109,0.017027027027027034,0.017972972972972977,0.018918918918918923,0.019864864864864867,0.020810810810810817,0.021756756756756764,0.022702702702702707,0.023648648648648657,0.024594594594594604,0.025540540540540547,0.02648648648648649,0.027432432432432433,0.028378378378378387,0.02932432432432433,0.030270270270270273,0.031216216216216227,0.032162162162162174,0.03310810810810812,0.03405405405405406,0.035,0.0,0.00424029622377546,0.008450041016092456,0.01259890306925626,0.01665698973710288,0.020595062412199633,0.02438474719068173,0.027998739306879766,0.03141099986478212,0.03459694344887731,0.03753361526263622,0.04019985651834703,0.042576456886665566,0.04464629290747843,0.04639445136482547,0.04780833673696255,0.048877761947384316,0.04959502176294385,0.04995494831023408,0.049954948310234074,0.04959502176294384,0.048877761947384316,0.04780833673696255,0.046394451364825465,0.04464629290747843,0.04257645688666557,0.04019985651834703,0.03753361526263621,0.03459694344887731,0.03141099986478213,0.027998739306879773,0.024384747190681726,0.020595062412199622,0.01665698973710288,0.012598903069256252,0.008450041016092435,0.004240296223775453,6.123233995736766e-18,-0.004240296223775485,-0.008450041016092466,-0.01259890306925626,-0.01665698973710287,-0.020595062412199612,-0.024384747190681733,-0.027998739306879766,-0.03141099986478212,-0.03459694344887732,-0.03753361526263624,-0.04019985651834704,-0.04257645688666556,-0.04464629290747842,-0.046394451364825465,-0.04780833673696255,-0.048877761947384316,-0.04959502176294385,-0.04995494831023408,-0.04995494831023408,-0.04959502176294384,-0.04887776194738432,-0.047808336736962546,-0.04639445136482548,-0.04464629290747843,-0.04257645688666556,-0.04019985651834702,-0.037533615262636204,-0.034596943448877315,-0.031410999864782116,-0.027998739306879763,-0.024384747190681712,-0.020595062412199647,-0.016656989737102845,-0.012598903069256257,-0.008450041016092442,-0.004240296223775481,-1.2246467991473533e-17
11,0.0,0.0,0.0,0.0,0.0,0.0,0.0,0.0,0.0,0.0,0.0,0.0,0.0,0.0,0.0,0.0,0.0,0.0,0.0,0.0,0.0,0.0,0.0,0.0,0.0,0.0,0.0,0.0,0.0,0.0,0.0,0.0,0.0,0.0,0.0,0.0,0.0,0.0,0.0,0.0,0.0,0.0,0.0,0.0,0.0,0.0,0.0,0.0,0.0,0.0,0.0,0.0,0.0,0.0,0.0,0.0,0.0,0.0,0.0,0.0,0.0,0.0,0.0,0.0,0.0,0.0,0.0,0.0,0.0,0.0,0.0,0.0,0.0,0.0,0.0,0.0,0.0,0.0,0.0,0.0,0.0,0.0,0.0,0.0,0.0,0.0,0.0,0.0,0.0,0.0,0.0,0.0,0.0,0.0,0.0,0.0,0.0,0.0,0.0,0.0,0.0,0.0,0.0,0.0,0.0,0.0,0.0,0.0,0.0,0.0,0.0,0.0,0.0,0.0,0.0,0.0,0.0,0.0,0.0,0.0,0.0,0.0,0.0,0.0,0.0,0.0,0.0,0.0,0.0,0.0,0.0,0.0,0.0,0.0,0.0,0.0,0.0,0.0,0.0,0.0,0.0,0.0,0.0,0.0,0.0,0.0,0.0,0.0,0.0,0.0,0.05,0.05,0.05,0.05,0.05,0.05,0.05,0.05,0.05,0.05,0.05,0.05,0.05,-0.05,-0.05,-0.05,-0.05,-0.05,-0.05,-0.05,-0.05,-0.05,-0.05,-0.05,-0.05,0.05,0.05,0.05,0.05,0.05,0.05,0.05,0.05,0.05,0.05,0.05,0.05,0.05,-0.05,-0.05,-0.05,-0.05,-0.05,-0.05,-0.05,-0.05,-0.05,-0.05,-0.05,-0.05,0.05,0.05,0.05,0.05,0.05,0.05,0.05,0.05,0.05,0.05,0.05,0.05,0.05,-0.05,-0.05,-0.05,-0.05,-0.05,-0.05,-0.05,-0.05,-0.05,-0.05,-0.05,-0.05
12,-0.05,-0.05,-0.05,-0.05,-0.05,-0.05,-0.05,-0.05,-0.05,-0.05,-0.05,-0.05,-0.05,-0.05,-0.05,-0.05,-0.05,-0.05,-0.05,-0.05,-0.05,-0.05,-0.05,-0.05,-0.05,-0.05,-0.05,-0.05,-0.05,-0.05,-0.05,-0.05,-0.05,-0.05,-0.05,-0.05,-0.05,-0.05,-0.05,-0.05,-0.05,-0.05,-0.05,-0.05,-0.05,-0.05,-0.05,-0.05,-0.05,-0.05,-0.05,-0.05,-0.05,-0.05,-0.05,-0.05,-0.05,-0.05,-0.05,-0.05,-0.05,-0.05,-0.05,-0.05,-0.05,-0.05,-0.05,-0.05,-0.05,-0.05,-0.05,-0.05,-0.05,-0.05,-0.05,-0.05,-0.05,-0.05,-0.05,-0.05,-0.05,-0.05,-0.05,-0.05,-0.05,-0.05,-0.05,-0.05,-0.05,-0.05,-0.05,-0.05,-0.05,-0.05,-0.05,-0.05,-0.05,-0.05,-0.05,-0.05,-0.05,-0.05,-0.05,-0.05,-0.05,-0.05,-0.05,-0.05,-0.05,-0.05,-0.05,-0.05,-0.05,-0.05,-0.05,-0.05,-0.05,-0.05,-0.05,-0.05,-0.05,-0.05,-0.05,-0.05,-0.05,-0.05,-0.05,-0.05,-0.05,-0.05,-0.05,-0.05,-0.05,-0.05,-0.05,-0.05,-0.05,-0.05,-0.05,-0.05,-0.05,-0.05,-0.05,-0.05,-0.05,-0.05,-0.05,-0.05,-0.05,-0.05,-0.05,-0.05,-0.05,-0.05,-0.05,-0.05,-0.05,-0.05,-0.05,-0.05,-0.05,-0.05,-0.05,-0.05,-0.05,-0.05,-0.05,-0.05,-0.05,-0.05,-0.05,-0.05,-0.05,-0.05,-0.05,-0.05,-0.05,-0.05,-0.05,-0.05,-0.05,-0.05,-0.05,-0.05,-0.05,-0.05,-0.05,-0.05,-0.05,-0.05,-0.05,-0.05,-0.05,-0.05,-0.05,-0.05,-0.05,-0.05,-0.05,-0.05,-0.05,-0.05,-0.05,-0.05,-0.05,-0.05,-0.05,-0.05,-0.05,-0.05,-0.05,-0.05,-0.05,-0.05,-0.05,-0.05,-0.05,-0.05,-0.05,-0.05,-0.05,-0.05,-0.05,-0.05,-0.05
13,0.05,0.04791666666666667,0.04583333333333334,0.043750000000000004,0.04166666666666667,0.03958333333333334,0.037500000000000006,0.03541666666666667,0.03333333333333334,0.03125,0.02916666666666667,0.027083333333333338,0.025,0.02291666666666667,0.02083333333333334,0.018750000000000003,0.01666666666666667,0.014583333333333337,0.0125,0.01041666666666667,0.008333333333333337,0.00625,0.004166666666666668,0.002083333333333337,0.0,0.0,0.0,0.0,0.0,0.0,0.0,0.0,0.0,0.0,0.0,0.0,0.0,0.0,0.0,0.0,0.0,0.0,0.0,0.0,0.0,0.0,0.0,0.0,0.0,0.0,0.0,0.0,0.0,0.0,0.0,0.0,0.0,0.0,0.0,0.0,0.0,0.0,0.0,0.0,0.0,0.0,0.0,0.0,0.0,0.0,0.0,0.0,0.0,0.0,0.0,0.0,0.0,0.0,0.0,0.0,0.0,0.0,0.0,0.0,0.0,0.0,0.0,0.0,0.0,0.0,0.0,0.0,0.0,0.0,0.0,0.0,0.0,0.0,0.0,0.0,0.05,0.04791666666666667,0.04583333333333334,0.043750000000000004,0.04166666666666667,0.03958333333333334,0.037500000000000006,0.03541666666666667,0.03333333333333334,0.03125,0.02916666666666667,0.027083333333333338,0.025,0.02291666666666667,0.02083333333333334,0.018750000000000003,0.01666666666666667,0.014583333333333337,0.0125,0.01041666666666667,0.008333333333333337,0.00625,0.004166666666666668,0.002083333333333337,0.0,0.0,0.0,0.0,0.0,0.0,0.0,0.0,0.0,0.0,0.0,0.0,0.0,0.0,0.0,0.0,0.0,0.0,0.0,0.0,0.0,0.0,0.0,0.0,0.0,0.0,0.0,0.0,0.0,0.0,0.0,0.0,0.0,0.0,0.0,0.0,0.0,0.0,0.0,0.0,0.0,0.0,0.0,0.0,0.0,0.0,0.0,0.0,0.0,0.0,0.0,0.0,0.0,0.0,0.0,0.0,0.0,0.0,0.0,0.0,0.0,0.0,0.0,0.0,0.0,0.0,0.0,0.0,0.0,0.0,0.0,0.0,0.0,0.0,0.0,0.0,0.05,0.04791666666666667,0.04583333333333334,0.043750000000000004,0.04166666666666667,0.03958333333333334,0.037500000000000006,0.03541666666666667,0.03333333333333334,0.03125,0.02916666666666667,0.027083333333333338,0.025,0.02291666666666667,0.02083333333333334,0.018750000000000003,0.01666666666666667,0.014583333333333337,0.0125,0.01041666666666667,0.008333333333333337,0.00625,0.004166666666666668,0.002083333333333337,0.0
14,0.0,0.0,0.0,0.0,0.0,0.0,0.0,0.0,0.0,0.0,0.0,0.0,0.0,0.0,0.0,0.0,0.0,0.0,0.0,0.0,0.0,0.0,0.0,0.0,0.0,0.0,0.0,0.0,0.0,0.0,0.0,0.0,0.0,0.0,0.0,0.0,0.0,0.0,0.0,0.0,0.0,0.0,0.0,0.0,0.0,0.0,0.0,0.0,0.0,0.0,0.0,0.0,0.0,0.0,0.0,0.0,0.0,0.0,0.0,0.0,0.0,0.0,0.0,0.0,0.0,0.0,0.0,0.0,0.0,0.0,0.0,0.0,0.0,0.0,0.0,-0.00989493496056629,-0.011787303842524507,-0.013901865056117636,-0.01623262344272934,-0.018765555107255687,-0.02147786826744435,-0.02433761355949757,-0.027303722931533433,-0.030326536293432488,-0.033348847277272164,-0.036307465351577056,-0.03913525354695818,-0.04176356231327416,-0.044124944089757756,-0.04615600365199039,-0.047800219497836915,-0.049010564020596614,-0.04975175650290328,-0.05000200326486964,-0.04975411243849392,-0.049015914309516816,-0.04780996833993505,-0.046172590450726914,-0.04415228414090138,-0.041807701885910355,-0.03920529488303768,-0.036416826409593685,-0.03351692486732033,-0.03058083644718231,-0.027682505204198467,-0.0248930626249107,-0.022279753374304483,-0.019905263986750597,-0.017827363036025345,-0.016098711703830076,-0.014766669765892483,-0.013872910390092117,-0.013452672893307819,-0.013533528323661271,-0.014133607459911901,-0.01525933921446368,-0.01690285944829902,-0.019039361509624174,-0.021624753056788577,-0.024594040825310682,-0.027860870044463172,-0.03131858772285019,-0.0348430768629708,-0.03829742992636248,-0.04153831317065194,-0.04442364627398007,-0.04682101661835804,-0.048616097494229044,-0.04972027146892132,-0.05007669053396623,-0.04966413522484558,-0.04849825184476123,-0.04663002238905155,-0.044141618260624904,-0.041140065409619266,-0.03774936751746197,-0.03410186723020352,-0.030329659060820413,-0.026556802816636912,-0.022892939055906524,-0.0194287047148131,-0.01623311984313278,-0.013352897439715487,-0.01081344467415297,-0.008621193647485993,-0.006766831352444516,-0.0052289898114181495,-0.003977998714489963,-0.0029793794359918215,-0.0021968544299360497,0.0,0.0,0.0,0.0,0.0,0.0,0.0,0.0,0.0,0.0,0.0,0.0,0.0,0.0,0.0,0.0,0.0,0.0,0.0,0.0,0.0,0.0,0.0,0.0,0.0,0.0,0.0,0.0,0.0,0.0,0.0,0.0,0.0,0.0,0.0,0.0,0.0,0.0,0.0,0.0,0.0,0.0,0.0,0.0,0.0,0.0,0.0,0.0,0.0,0.0,0.0,0.0,0.0,0.0,0.0,0.0,0.0,0.0,0.0,0.0,0.0,0.0,0.0,0.0,0.0,0.0,0.0,0.0,0.0,0.0,0.0,0.0,0.0,0.0,0.0
15,-0.05,-0.05,-0.05,-0.05,-0.05,-0.05,-0.05,-0.05,-0.05,-0.05,-0.05,-0.05,-0.05,-0.05,-0.05,-0.05,-0.05,-0.05,-0.05,-0.05,-0.05,-0.05,-0.05,-0.05,-0.05,-0.05,-0.05,-0.05,-0.05,-0.05,-0.05,-0.05,-0.05,-0.05,-0.05,-0.05,-0.05,-0.05,0.05,0.05,0.05,0.05,0.05,0.05,0.05,0.05,0.05,0.05,0.05,0.05,0.05,0.05,0.05,0.05,0.05,0.05,0.05,0.05,0.05,0.05,0.05,0.05,0.05,0.05,0.05,0.05,0.05,0.05,0.05,0.05,0.05,0.05,0.05,0.05,0.05,0.0,0.0,0.0,0.0,0.0,0.0,0.0,0.0,0.0,0.0,0.0,0.0,0.0,0.0,0.0,0.0,0.0,0.0,0.0,0.0,0.0,0.0,0.0,0.0,0.0,0.0,0.0,0.0,0.0,0.0,0.0,0.0,0.0,0.0,0.0,0.0,0.0,0.0,0.0,0.0,0.0,0.0,0.0,0.0,0.0,0.0,0.0,0.0,0.0,0.0,0.0,0.0,0.0,0.0,0.0,0.0,0.0,0.0,0.0,0.0,0.0,0.0,0.0,0.0,0.0,0.0,0.0,0.0,0.0,0.0,0.0,0.0,0.0,0.0,0.0,0.05,0.05,0.05,0.05,0.05,0.05,0.05,0.05,0.05,0.05,0.05,0.05,0.05,0.05,0.05,0.05,0.05,0.05,0.05,0.05,0.05,0.05,0.05,0.05,0.05,0.05,0.05,0.05,0.05,0.05,0.05,0.05,0.05,0.05,0.05,0.05,0.05,0.05,-0.05,-0.05,-0.05,-0.05,-0.05,-0.05,-0.05,-0.05,-0.05,-0.05,-0.05,-0.05,-0.05,-0.05,-0.05,-0.05,-0.05,-0.05,-0.05,-0.05,-0.05,-0.05,-0.05,-0.05,-0.05,-0.05,-0.05,-0.05,-0.05,-0.05,-0.05,-0.05,-0.05,-0.05,-0.05,-0.05,-0.05
16,0.0,0.0,0.0,0.0,0.0,0.0,0.0,0.0,0.0,0.0,0.0,0.0,0.0,0.0,0.0,0.0,0.0,0.0,0.0,0.0,0.0,0.0,0.0,0.0,0.0,0.0,0.0,0.0,0.0,0.0,0.0,0.0,0.0,0.0,0.0,0.0,0.0,0.0,0.0,0.0,0.0,0.0,0.0,0.0,0.0,0.0,0.0,0.0,0.0,0.0,0.0,0.0,0.0,0.0,0.0,0.0,0.0,0.0,0.0,0.0,0.0,0.0,0.0,0.0,0.0,0.0,0.0,0.0,0.0,0.0,0.0,0.0,0.0,0.0,0.0,0.0,0.0021220601598074154,0.00424029622377546,0.006350890987343938,0.008450041016092454,0.010533963499786315,0.01259890306925626,0.014641138563827519,0.01665698973710288,0.01864282388901543,0.020595062412199633,0.022510187240883665,0.02438474719068173,0.026215364177861585,0.027998739306879766,0.02973165881521433,0.031410999864782116,0.03303373616950407,0.03459694344887731,0.03609780469772622,0.03753361526263622,0.03890178771592198,0.04019985651834703,0.041425482462192104,0.042576456886665566,0.04365070565805941,0.04464629290747843,0.045561424519406785,0.04639445136482547,0.04714387227305421,0.04780833673696255,0.048386647346674944,0.04887776194738431,0.04928079551738543,0.04959502176294384,0.04981987442712633,0.049954948310234074,0.05,0.04995494831023408,0.04981987442712633,0.04959502176294385,0.04928079551738543,0.048877761947384316,0.048386647346674944,0.04780833673696255,0.047143872273054215,0.04639445136482547,0.04556142451940679,0.04464629290747843,0.04365070565805942,0.04257645688666557,0.04142548246219211,0.04019985651834703,0.03890178771592199,0.03753361526263623,0.03609780469772623,0.03459694344887731,0.03303373616950407,0.03141099986478213,0.02973165881521434,0.027998739306879773,0.026215364177861585,0.024384747190681746,0.02251018724088368,0.020595062412199643,0.018642823889015434,0.01665698973710288,0.014641138563827536,0.01259890306925627,0.010533963499786324,0.008450041016092457,0.006350890987343958,0.004240296223775475,0.0021220601598074262,6.123233995736766e-18,-0.0,-0.0010610300799037077,-0.00212014811188773,-0.003175445493671969,-0.004225020508046227,-0.0052669817498931576,-0.00629945153462813,-0.0073205692819137596,-0.00832849486855144,-0.009321411944507715,-0.010297531206099816,-0.011255093620441832,-0.012192373595340865,-0.013107682088930792,-0.013999369653439883,-0.014865829407607166,-0.015705499932391058,-0.016516868084752036,-0.017298471724438654,-0.01804890234886311,-0.01876680763131811,-0.01945089385796099,-0.020099928259173516,-0.020712741231096052,-0.021288228443332783,-0.021825352829029705,-0.022323146453739215,-0.022780712259703392,-0.023197225682412736,-0.023571936136527104,-0.023904168368481277,-0.024193323673337472,-0.024438880973692154,-0.024640397758692714,-0.02479751088147192,-0.024909937213563164,-0.024977474155117037,-0.025,-0.02497747415511704,-0.024909937213563164,-0.024797510881471925,-0.024640397758692714,-0.024438880973692158,-0.024193323673337472,-0.023904168368481277,-0.023571936136527107,-0.023197225682412736,-0.022780712259703396,-0.022323146453739215,-0.02182535282902971,-0.021288228443332786,-0.020712741231096055,-0.020099928259173516,-0.019450893857960994,-0.018766807631318116,-0.018048902348863114,-0.017298471724438654,-0.016516868084752036,-0.015705499932391065,-0.01486582940760717,-0.013999369653439887,-0.013107682088930792,-0.012192373595340873,-0.01125509362044184,-0.010297531206099822,-0.009321411944507717,-0.00832849486855144,-0.007320569281913768,-0.006299451534628135,-0.005266981749893162,-0.004225020508046229,-0.003175445493671979,-0.0021201481118877374,-0.0010610300799037131,-3.061616997868383e-18
17,0.033,0.033,0.033,0.033,0.033,0.033,0.033,0.033,0.033,0.033,0.033,0.033,0.033,0.033,0.033,0.033,0.033,0.033,0.033,0.033,0.033,0.033,0.033,0.033,0.033,0.033,0.033,0.033,0.033,0.033,0.033,0.033,0.033,0.033,0.033,0.033,0.033,-0.033,-0.033,-0.033,-0.033,-0.033,-0.033,-0.033,-0.033,-0.033,-0.033,-0.033,-0.033,-0.033,-0.033,-0.033,-0.033,-0.033,-0.033,-0.033,-0.033,-0.033,-0.033,-0.033,-0.033,-0.033,-0.033,-0.033,-0.033,-0.033,-0.033,-0.033,-0.033,-0.033,-0.033,-0.033,-0.033,-0.033,-0.033,0.0165,0.0165,0.0165,0.0165,0.0165,0.0165,0.0165,0.0165,0.0165,0.0165,0.0165,0.0165,0.0165,0.0165,0.0165,0.0165,0.0165,0.0165,0.0165,0.0165,0.0165,0.0165,0.0165,0.0165,0.0165,0.0165,0.0165,0.0165,0.0165,0.0165,0.0165,0.0165,0.0165,0.0165,0.0165,0.0165,0.0165,-0.0165,-0.0165,-0.0165,-0.0165,-0.0165,-0.0165,-0.0165,-0.0165,-0.0165,-0.0165,-0.0165,-0.0165,-0.0165,-0.0165,-0.0165,-0.0165,-0.0165,-0.0165,-0.0165,-0.0165,-0.0165,-0.0165,-0.0165,-0.0165,-0.0165,-0.0165,-0.0165,-0.0165,-0.0165,-0.0165,-0.0165,-0.0165,-0.0165,-0.0165,-0.0165,-0.0165,-0.0165,-0.0165,0.05,0.05,0.05,0.05,0.05,0.05,0.05,0.05,0.05,0.05,0.05,0.05,0.05,0.05,0.05,0.05,0.05,0.05,0.05,0.05,0.05,0.05,0.05,0.05,0.05,0.05,0.05,0.05,0.05,0.05,0.05,0.05,0.05,0.05,0.05,0.05,0.05,-0.05,-0.05,-0.05,-0.05,-0.05,-0.05,-0.05,-0.05,-0.05,-0.05,-0.05,-0.05,-0.05,-0.05,-0.05,-0.05,-0.05,-0.05,-0.05,-0.05,-0.05,-0.05,-0.05,-0.05,-0.05,-0.05,-0.05,-0.05,-0.05,-0.05,-0.05,-0.05,-0.05,-0.05,-0.05,-0.05,-0.05,-0.05
18,-0.0,-0.00424029622377546,-0.008450041016092454,-0.01259890306925626,-0.01665698973710288,-0.020595062412199633,-0.02438474719068173,-0.027998739306879766,-0.031410999864782116,-0.03459694344887731,-0.03753361526263622,-0.04019985651834703,-0.042576456886665566,-0.04464629290747843,-0.04639445136482547,-0.04780833673696255,-0.04887776194738431,-0.04959502176294384,-0.049954948310234074,-0.04995494831023408,-0.04959502176294385,-0.048877761947384316,-0.04780833673696255,-0.04639445136482547,-0.04464629290747843,-0.04257645688666557,-0.04019985651834703,-0.03753361526263623,-0.03459694344887731,-0.03141099986478213,-0.027998739306879773,-0.024384747190681746,-0.020595062412199643,-0.01665698973710288,-0.01259890306925627,-0.008450041016092457,-0.004240296223775475,-6.123233995736766e-18,0.004240296223775441,0.008450041016092443,0.012598903069256238,0.01665698973710287,0.020595062412199633,0.024384747190681715,0.027998739306879766,0.0314109998647821,0.03459694344887731,0.03753361526263621,0.04019985651834704,0.04257645688666556,0.04464629290747842,0.046394451364825465,0.04780833673696255,0.0488777619473843,0.04959502176294384,0.049954948310234074,0.04995494831023408,0.04959502176294384,0.04887776194738432,0.04780833673696255,0.04639445136482548,0.04464629290747843,0.04257645688666559,0.040199856518347045,0.03753361526263623,0.034596943448877315,0.031410999864782116,0.0279987393068798,0.02438474719068175,0.020595062412199647,0.016656989737102886,0.012598903069256298,0.008450041016092485,0.004240296223775481,1.2246467991473533e-17,0.0,0.0,0.0,0.0,0.0,0.0,0.0,0.0,0.0,0.0,0.0,0.0,0.0,0.0,0.0,0.0,0.0,0.0,0.0,0.0,0.0,0.0,0.0,0.0,0.0,0.0,0.0,0.0,0.0,0.0,0.0,0.0,0.0,0.0,0.0,0.0,0.0,0.0,0.0,0.0,0.0,0.0,0.0,0.0,0.0,0.0,0.0,0.0,0.0,0.0,0.0,0.0,0.0,0.0,0.0,0.0,0.0,0.0,0.0,0.0,0.0,0.0,0.0,0.0,0.0,0.0,0.0,0.0,0.0,0.0,0.0,0.0,0.0,0.0,0.0,0.0,0.0,0.0,0.0,0.0,0.0,0.0,0.0,0.0,0.0,0.0,0.0,0.0,0.0,0.0,0.0,0.0,0.0,0.0,0.0,0.0,0.0,0.0,0.0,0.0,0.0,0.0,0.0,0.0,0.0,0.0,0.0,0.0,0.0,0.0,0.0,0.0,0.0,0.0,0.0,0.0,0.0,0.0,0.0,0.0,0.0,0.0,0.0,0.0,0.0,0.0,0.0,0.0,0.0,0.0,0.0,0.0,0.0,0.0,0.0,0.0,0.0,0.0,0.0,0.0,0.0,0.0,0.0,0.0,0.0,0.0,0.0,0.0,0.0,0.0
19,0.0,0.0,0.0,0.0,0.0,0.0,0.0,0.0,0.0,0.0,0.0,0.0,0.0,0.0,0.0,0.0,0.0,0.0,0.0,0.0,0.0,0.0,0.0,0.0,0.0,0.0,0.0,0.0,0.0,0.0,0.0,0.0,0.0,0.0,0.0,0.0,0.0,0.0,0.0,0.0,0.0,0.0,0.0,0.0,0.0,0.0,0.0,0.0,0.0,0.0,0.0,0.0,0.0,0.0,0.0,0.0,0.0,0.0,0.0,0.0,0.0,0.0,0.0,0.0,0.0,0.0,0.0,0.0,0.0,0.0,0.0,0.0,0.0,0.0,0.0,0.0,0.0,0.0,0.0,0.0,0.0,0.0,0.0,0.0,0.0,0.0,0.0,0.0,0.0,0.0,0.0,0.0,0.0,0.0,0.0,0.0,0.0,0.0,0.0,0.0,0.0,0.0,0.0,0.0,0.0,0.0,0.0,0.0,0.0,0.0,0.0,0.0,0.0,0.0,0.0,0.0,0.0,0.0,0.0,0.0,0.0,0.0,0.0,0.0,0.0,0.0,0.0,0.0,0.0,0.0,0.0,0.0,0.0,0.0,0.0,0.0,0.0,0.0,0.0,0.0,0.0,0.0,0.0,0.0,0.0,0.0,0.0,0.0,0.0,0.0,0.05,-0.05,0.05,-0.05,-0.05,0.05,-0.05,-0.05,-0.05,0.05,-0.05,-0.05,-0.05,-0.05,-0.05,-0.05,-0.05,0.05,-0.05,0.05,-0.05,0.05,0.05,0.05,0.05,0.05,0.05,0.05,-0.05,-0.05,-0.05,0.05,-0.05,-0.05,-0.05,0.05,-0.05,0.05,0.05,-0.05,-0.05,0.05,-0.05,-0.05,-0.05,0.05,0.05,0.05,-0.05,0.05,-0.05,0.05,-0.05,0.05,-0.05,0.05,0.05,0.05,0.05,0.05,0.05,0.05,0.05,0.05,-0.05,0.05,-0.05,-0.05,0.05,0.05,0.05,-0.05,-0.05,0.05,-0.05
20,0.0,0.0005492016643253225,0.0020017928140072653,0.003824666938957002,0.005290135654714011,0.005676860918222075,0.004479798289100764,0.0015773409896705918,-0.002687765988108003,-0.007538639967547708,-0.011905678108660915,-0.014653451504335328,-0.01484622443674415,-0.011993607062277471,-0.006218609501851743,0.0016961184895101828,0.010404158801357538,0.01822393495498399,0.023461325734744472,0.024764732720008047,0.02143992347645176,0.013655458426781765,0.0024876404512816194,-0.010216287038756442,-0.022142043807281468,-0.030929634243216986,-0.03463543082842896,-0.032145330893384456,-0.023453546565703986,-0.009743151706891481,0.006760032812873959,0.023145624493687306,0.03633190987662128,0.04364361915139059,0.04334622530817938,0.035031374245127166,0.01977125991571164,3.020795437896805e-17,-0.02032046158003699,-0.03603227065213081,-0.04462111428783169,-0.04496615306506909,-0.037467282060265686,-0.02389225754187068,-0.006985367239969807,0.010079122455405001,0.02429117322876486,0.033335898704250584,0.03596756278336853,0.03216681961294566,0.02306462896591819,0.010660473431745891,-0.002600715017248928,-0.014305718351866621,-0.02251191965027436,-0.026068139705271626,-0.02476473272000805,-0.019295931128806565,-0.011054418726442356,-0.0018091930554775541,0.006662795894841148,0.012916192220914205,0.01608340980647284,0.015985583459274904,0.013096245919527006,0.008376266630608557,0.0030237367366215216,-0.0018026754167663828,-0.005226431337284225,-0.006812233101866497,-0.00661266956839251,-0.00509955591860934,-0.003002689221010895,-0.0010984033286506442,-1.6328623988631345e-18,0.0,0.0,0.0,0.0,0.0,0.0,0.0,0.0,0.0,0.0,0.0,0.0,0.0,0.0,0.0,0.0,0.0,0.0,0.0,0.0,0.0,0.0,0.0,0.0,0.0,0.0,0.0,0.0,0.0,0.0,0.0,0.0,0.0,0.0,0.0,0.0,0.0,0.0,0.0,0.0,0.0,0.0,0.0,0.0,0.0,0.0,0.0,0.0,0.0,0.0,0.0,0.0,0.0,0.0,0.0,0.0,0.0,0.0,0.0,0.0,0.0,0.0,0.0,0.0,0.0,0.0,0.0,0.0,0.0,0.0,0.0,0.0,0.0,0.0,0.0,0.0,0.0,0.0,0.0,0.0,0.0,0.0,0.0,0.0,0.0,0.0,0.0,0.0,0.0,0.0,0.0,0.0,0.0,0.0,0.0,0.0,0.0,0.0,0.0,0.0,0.0,0.0,0.0,0.0,0.0,0.0,0.0,0.0,0.0,0.0,0.0,0.0,0.0,0.0,0.0,0.0,0.0,0.0,0.0,0.0,0.0,0.0,0.0,0.0,0.0,0.0,0.0,0.0,0.0,0.0,0.0,0.0,0.0,0.0,0.0,0.0,0.0,0.0,0.0,0.0,0.0,0.0,0.0,0.0,0.0,0.0,0.0,0.0,0.0,0.0
21,0.0,0.0,0.0,0.0,0.0,0.0,0.0,0.0,0.0,0.0,0.0,0.0,0.0,0.0,0.0,0.0,0.0,0.0,0.0,0.0,0.0,0.0,0.0,0.0,0.0,0.0,0.0,0.0,0.0,0.0,0.0,0.0,0.0,0.0,0.0,0.0,0.0,0.0,0.0,0.0,0.0,0.0,0.0,0.0,0.0,0.0,0.0,0.0,0.0,0.0,0.0,0.0,0.0,0.0,0.0,0.0,0.0,0.0,0.0,0.0,0.0,0.0,0.0,0.0,0.0,0.0,0.0,0.0,0.0,0.0,0.0,0.0,0.0,0.0,0.0,-8.492833828070519e-06,-3.221899102843038e-05,-0.00010937455590914427,-0.00033225056413707025,-0.0009031506709890638,-0.002196846681170371,-0.004781722241626932,-0.009313523184885047,-0.016232623367917486,-0.02531678083240503,-0.035332413892885814,-0.044124845129229776,-0.04931035583719583,-0.04931035583719598,-0.04412484512923215,-0.035332413892916324,-0.025316780832756625,-0.016232623371543256,-0.009313523218342978,-0.004781722517902819,-0.002196848722588392,-0.0009031641688815807,-0.0003323304270312119,-0.00010979738920757933,-3.4222255898077934e-05,-1.6985667656141037e-05,-3.4222255898077934e-05,-0.00010979738920757933,-0.0003323304270312119,-0.0009031641688815807,-0.002196848722588392,-0.004781722517902819,-0.009313523218342978,-0.016232623371543256,-0.025316780832756625,-0.035332413892916324,-0.04412484512923215,-0.04931035583719599,-0.04931035583719599,-0.04412484512923215,-0.035332413892916324,-0.025316780832756625,-0.016232623371543256,-0.009313523218342978,-0.004781722517902819,-0.002196848722588392,-0.0009031641688815807,-0.0003323304270312119,-0.00010979738920757933,-3.4222255898077934e-05,-1.6985667656141037e-05,-3.4222255898077934e-05,-0.00010979738920757933,-0.0003323304270312119,-0.0009031641688815807,-0.002196848722588392,-0.004781722517902819,-0.009313523218342978,-0.016232623371543256,-0.025316780832756625,-0.035332413892916324,-0.04412484512923215,-0.04931035583719598,-0.04931035583719583,-0.044124845129229776,-0.035332413892885814,-0.02531678083240503,-0.016232623367917486,-0.009313523184885047,-0.004781722241626932,-0.002196846681170371,-0.0009031506709890638,-0.00033225056413707025,-0.00010937455590914427,-3.221899102843038e-05,0.0,0.0,0.0,0.0,0.0,0.0,0.0,0.0,0.0,0.0,0.0,0.0,0.0,0.0,0.0,0.0,0.0,0.0,0.0,0.0,0.0,0.0,0.0,0.0,0.0,0.0,0.0,0.0,0.0,0.0,0.0,0.0,0.0,0.0,0.0,0.0,0.0,0.0,0.0,0.0,0.0,0.0,0.0,0.0,0.0,0.0,0.0,0.0,0.0,0.0,0.0,0.0,0.0,0.0,0.0,0.0,0.0,0.0,0.0,0.0,0.0,0.0,0.0,0.0,0.0,0.0,0.0,0.0,0.0,0.0,0.0,0.0,0.0,0.0,0.0
22,0.0,0.0,0.0,0.0,0.0,0.0,0.0,0.0,0.0,0.0,0.0,0.0,0.0,0.0,0.0,0.0,0.0,0.0,0.0,0.0,0.0,0.0,0.0,0.0,0.0,0.0,0.0,0.0,0.0,0.0,0.0,0.0,0.0,0.0,0.0,0.0,0.0,0.0,0.0,0.0,0.0,0.0,0.0,0.0,0.0,0.0,0.0,0.0,0.0,0.0,0.0,0.0,0.0,0.0,0.0,0.0,0.0,0.0,0.0,0.0,0.0,0.0,0.0,0.0,0.0,0.0,0.0,0.0,0.0,0.0,0.0,0.0,0.0,0.0,0.0,0.0,0.0,0.0,0.0,0.0,0.0,0.0,0.0,0.0,0.0,0.0,0.0,0.0,0.0,0.0,0.0,0.0,0.0,0.0,0.0,0.0,0.0,0.0,0.0,0.0,0.0,0.0,0.0,0.0,0.0,0.0,0.0,0.0,0.0,0.0,0.0,0.0,0.0,0.0,0.0,0.0,0.0,0.0,0.0,0.0,0.0,0.0,0.0,0.0,0.0,0.0,0.0,0.0,0.0,0.0,0.0,0.0,0.0,0.0,0.0,0.0,0.0,0.0,0.0,0.0,0.0,0.0,0.0,0.0,0.0,0.0,0.0,0.0,0.0,0.0,0.0,0.0011363636363636365,0.002272727272727273,0.003409090909090909,0.004545454545454546,0.005681818181818183,0.006818181818181818,0.007954545454545455,0.009090909090909092,0.010227272727272729,0.011363636363636366,0.0125,0.013636363636363636,0.014772727272727274,0.01590909090909091,0.017045454545454548,0.018181818181818184,0.019318181818181818,0.020454545454545458,0.02159090909090909,0.02272727272727273,0.023863636363636365,0.025,0.026136363636363638,0.02727272727272727,0.02840909090909091,0.02954545454545455,0.030681818181818185,0.03181818181818182,0.03295454545454545,0.034090909090909095,0.03522727272727273,0.03636363636363637,0.037500000000000006,0.038636363636363635,0.03977272727272728,0.040909090909090916,0.04204545454545455,0.04318181818181818,0.04431818181818182,0.04545454545454546,0.0465909090909091,0.04772727272727273,0.048863636363636366,0.05,0.05,0.048275862068965524,0.04655172413793104,0.04482758620689656,0.04310344827586207,0.041379310344827586,0.039655172413793106,0.03793103448275862,0.03620689655172414,0.03448275862068966,0.032758620689655175,0.031034482758620693,0.02931034482758621,0.027586206896551724,0.025862068965517244,0.02413793103448276,0.02241379310344828,0.020689655172413796,0.01896551724137931,0.01724137931034483,0.015517241379310343,0.013793103448275862,0.012068965517241383,0.010344827586206896,0.008620689655172415,0.006896551724137934,0.005172413793103448,0.003448275862068967,0.0017241379310344862,0.0
23,0.0,0.0,0.0,0.0,0.0,0.0,0.0,0.0,0.0,0.0,0.0,0.0,0.0,0.0,0.0,0.0,0.0,0.0,0.0,0.0,0.0,0.0,0.0,0.0,0.0,0.0,0.0,0.0,0.0,0.0,0.0,0.0,0.0,0.0,0.0,0.0,0.0,0.0,0.0,0.0,0.0,0.0,0.0,0.0,0.0,0.0,0.0,0.0,0.0,0.0,0.0,0.0,0.0,0.0,0.0,0.0,0.0,0.0,0.0,0.0,0.0,0.0,0.0,0.0,0.0,0.0,0.0,0.0,0.0,0.0,0.0,0.0,0.0,0.0,0.0,0.0,0.0,0.0,0.0,0.0,0.0,0.0,0.0,0.0,0.0,0.0,0.0,0.0,0.0,0.0,0.0,0.0,0.0,0.0,0.0,0.0,0.0,0.0,0.0,0.0,0.0,0.0,0.0,0.0,0.0,0.0,0.0,0.0,0.0,0.0,0.0,0.0,0.0,0.0,0.0,0.0,0.0,0.0,0.0,0.0,0.0,0.0,0.0,0.0,0.0,0.0,0.0,0.0,0.0,0.0,0.0,0.0,0.0,0.0,0.0,0.0,0.0,0.0,0.0,0.0,0.0,0.0,0.0,0.0,0.0,0.0,0.0,0.0,0.0,0.0,-0.0,-0.00424029622377546,-0.008450041016092454,-0.01259890306925626,-0.01665698973710288,-0.020595062412199633,-0.02438474719068173,-0.027998739306879766,-0.031410999864782116,-0.03459694344887731,-0.03753361526263622,-0.04019985651834703,-0.042576456886665566,-0.04464629290747843,-0.04639445136482547,-0.04780833673696255,-0.04887776194738431,-0.04959502176294384,-0.049954948310234074,-0.04995494831023408,-0.04959502176294385,-0.048877761947384316,-0.04780833673696255,-0.04639445136482547,-0.04464629290747843,-0.04257645688666557,-0.04019985651834703,-0.03753361526263623,-0.03459694344887731,-0.03141099986478213,-0.027998739306879773,-0.024384747190681746,-0.020595062412199643,-0.01665698973710288,-0.01259890306925627,-0.008450041016092457,-0.004240296223775475,-6.123233995736766e-18,0.004240296223775441,0.008450041016092443,0.012598903069256238,0.01665698973710287,0.020595062412199633,0.024384747190681715,0.027998739306879766,0.0314109998647821,0.03459694344887731,0.03753361526263621,0.04019985651834704,0.04257645688666556,0.04464629290747842,0.046394451364825465,0.04780833673696255,0.0488777619473843,0.04959502176294384,0.049954948310234074,0.04995494831023408,0.04959502176294384,0.04887776194738432,0.04780833673696255,0.04639445136482548,0.04464629290747843,0.04257645688666559,0.040199856518347045,0.03753361526263623,0.034596943448877315,0.031410999864782116,0.0279987393068798,0.02438474719068175,0.020595062412199647,0.016656989737102886,0.012598903069256298,0.008450041016092485,0.004240296223775481,1.2246467991473533e-17
24,-0.0,-0.0008480592447550919,-0.0016900082032184907,-0.002519780613851252,-0.003331397947420576,-0.004119012482439926,-0.004876949438136345,-0.005599747861375954,-0.0062821999729564225,-0.006919388689775462,-0.007506723052527244,-0.008039971303669406,-0.008515291377333114,-0.008929258581495686,-0.009278890272965093,-0.00956166734739251,-0.009775552389476862,-0.00991900435258877,-0.009990989662046814,-0.009990989662046815,-0.00991900435258877,-0.009775552389476862,-0.00956166734739251,-0.009278890272965093,-0.008929258581495686,-0.008515291377333114,-0.008039971303669406,-0.0075067230525272454,-0.006919388689775462,-0.006282199972956426,-0.0055997478613759545,-0.004876949438136349,-0.004119012482439928,-0.003331397947420576,-0.0025197806138512542,-0.0016900082032184913,-0.000848059244755095,-1.2246467991473532e-18,0.0008480592447550882,0.0016900082032184887,0.0025197806138512473,0.0033313979474205737,0.004119012482439926,0.0048769494381363425,0.005599747861375954,0.006282199972956421,0.006919388689775461,0.007506723052527241,0.008039971303669407,0.00851529137733311,0.008929258581495684,0.009278890272965093,0.00956166734739251,0.00977555238947686,0.00991900435258877,0.009990989662046814,0.009990989662046815,0.00991900435258877,0.009775552389476864,0.009561667347392512,0.009278890272965095,0.008929258581495686,0.008515291377333117,0.008039971303669409,0.0075067230525272454,0.006919388689775464,0.0062821999729564225,0.00559974786137596,0.00487694943813635,0.004119012482439929,0.0033313979474205767,0.00251978061385126,0.001690008203218497,0.0008480592447550963,2.4492935982947064e-18,-0.0,-0.005070024609655472,-0.009994193842261728,-0.014630848314409035,-0.018846599918869267,-0.02252016915758173,-0.025545874131999338,-0.02783667081889528,-0.029326657168430584,-0.029972968986140443,-0.029757013057766308,-0.028685002042177526,-0.026787775744487055,-0.024119913911008217,-0.020758166069326386,-0.016799243584127863,-0.012357037447319785,-0.007559341841553762,-0.0025441777342652848,0.0025441777342652644,0.007559341841553742,0.012357037447319778,0.01679924358412786,0.020758166069326383,0.02411991391100822,0.02678777574448705,0.028685002042177526,0.029757013057766304,0.029972968986140446,0.02932665716843059,0.027836670818895282,0.025545874131999352,0.022520169157581735,0.018846599918869267,0.01463084831440905,0.00999419384226173,0.00507002460965549,7.347880794884118e-18,-0.00507002460965545,-0.009994193842261715,-0.014630848314409013,-0.018846599918869257,-0.022520169157581725,-0.025545874131999328,-0.027836670818895275,-0.02932665716843058,-0.029972968986140443,-0.02975701305776631,-0.028685002042177523,-0.026787775744487066,-0.024119913911008227,-0.020758166069326393,-0.01679924358412786,-0.012357037447319816,-0.007559341841553782,-0.002544177734265292,0.0025441777342652704,0.007559341841553762,0.012357037447319747,0.01679924358412784,0.020758166069326376,0.024119913911008217,0.026787775744487034,0.028685002042177516,0.029757013057766304,0.029972968986140446,0.029326657168430584,0.027836670818895293,0.025545874131999356,0.022520169157581742,0.018846599918869274,0.014630848314409079,0.009994193842261762,0.005070024609655498,1.4695761589768237e-17,-0.0,-0.002526782351322417,-0.004935543333498974,-0.0071297542795808935,-0.009047700486514897,-0.010664393051980626,-0.01198452239821851,-0.013031556684994615,-0.013837349652441605,-0.014434427365811936,-0.014851242964487088,-0.01510973445271171,-0.015224309702620039,-0.015201540753946013,-0.0150401127617522,-0.014730829911694244,-0.014256717256164267,-0.013593498937804602,-0.012710997378050719,-0.01157624526752129,-0.010159174500159516,-0.008441329386862526,-0.00642678388626382,-0.004152331632255169,-0.0016920639664996632,0.000848314781123299,0.0033482006413661264,0.005694616336925339,0.00780171631527739,0.009620350772340582,0.011136506558669872,0.012362389807488001,0.013325309186145598,0.014058045785440839,0.01459216346219573,0.014954127135078836,0.01516343017105697,0.015231883119115297,0.015163430171056968,0.014954127135078835,0.01459216346219573,0.014058045785440836,0.013325309186145592,0.012362389807487993,0.011136506558669872,0.009620350772340577,0.007801716315277384,0.005694616336925337,0.003348200641366117,0.0008483147811232886,-0.0016920639664996647,-0.004152331632255178,-0.00642678388626383,-0.008441329386862529,-0.010159174500159523,-0.011576245267521297,-0.012710997378050719,-0.013593498937804602,-0.014256717256164269,-0.014730829911694245,-0.0150401127617522,-0.015201540753946013,-0.015224309702620037,-0.01510973445271171,-0.014851242964487086,-0.014434427365811933,-0.0138373496524416,-0.013031556684994602,-0.011984522398218513,-0.010664393051980622,-0.009047700486514893,-0.007129754279580885,-0.004935543333498958,-0.0025267823513223943,-7.347880794884118e-18
25,0.0,0.0,0.0,0.0,0.0,0.0,0.0,0.0,0.0,0.0,0.0,0.0,0.0,0.0,0.0,0.0,0.0,0.0,0.0,0.0,0.0,0.0,0.0,0.0,0.0,0.0,0.0,0.0,0.0,0.0,0.0,0.0,0.0,0.0,0.0,0.0,0.0,0.0,0.0,0.0,0.0,0.0,0.0,0.0,0.0,0.0,0.0,0.0,0.0,0.0,0.0,0.0,0.0,0.0,0.0,0.0,0.0,0.0,0.0,0.0,0.0,0.0,0.0,0.0,0.0,0.0,0.0,0.0,0.0,0.0,0.0,0.0,0.0,0.0,0.0,0.0,0.0,0.0,0.0,0.0,0.0,0.0,0.0,0.0,0.0,0.0,0.0,0.0,0.0,0.0,0.0,0.0,0.0,0.0,0.0,0.0,0.0,0.0,0.0,0.0,0.0,0.0,0.0,0.0,0.0,0.0,0.0,0.0,0.0,0.0,0.0,0.0,0.0,0.0,0.0,0.0,0.0,0.0,0.0,0.0,0.0,0.0,0.0,0.0,0.0,0.0,0.0,0.0,0.0,0.0,0.0,0.0,0.0,0.0,0.0,0.0,0.0,0.0,0.0,0.0,0.0,0.0,0.0,0.0,0.0,0.0,0.0,0.0,0.0,0.0,0.0,0.0,0.0,0.0,0.0,0.0,0.0,0.0,0.0,0.0,0.0,0.0,0.0,0.0,0.0,0.0,0.0,0.0,0.0,0.0,0.0,0.0,0.0,0.0,0.0,0.0,0.0,0.0,0.0,0.0,0.0,0.0,0.0,0.0,0.0,0.0,0.0,0.0,0.0,0.0,0.0,0.0,0.0,0.0,0.0,0.0,0.0,0.0,0.0,0.0,0.0,0.0,0.0,0.0,0.0,0.0,0.0,0.0,0.0,0.0,0.0,0.0,0.0,0.0,0.0,0.0,0.0,0.0,0.0,0.0,0.0,0.0,0.0,0.0,0.0
26,0.0,0.0,0.0,0.0,0.0,0.0,0.0,0.0,0.0,0.0,0.0,0.0,0.0,0.0,0.0,0.0,0.0,0.0,0.0,0.0,0.0,0.0,0.0,0.0,0.0,0.0,0.0,0.0,0.0,0.0,0.0,0.0,0.0,0.0,0.0,0.0,0.0,0.0,0.0,0.0,0.0,0.0,0.0,0.0,0.0,0.0,0.0,0.0,0.0,0.0,0.0,0.0,0.0,0.0,0.0,0.0,0.0,0.0,0.0,0.0,0.0,0.0,0.0,0.0,0.0,0.0,0.0,0.0,0.0,0.0,0.0,0.0,0.0,0.0,0.0,0.0,0.0005347126052108814,0.0020679710286073396,0.004394428326782457,0.007195456140244321,0.010072225483453132,0.012587551031806919,0.014312521707228597,0.014873456855191142,0.013994651585187768,0.011532715669761912,0.007499039157033267,0.002067971028607336,-0.0044304180510946305,-0.011532715669761917,-0.01867802262048891,-0.025254353753241185,-0.030651641322290646,-0.03431672326556816,-0.03580542819156457,-0.034827029756968934,-0.03127692568974516,-0.025254353753241178,-0.017063207935286536,-0.0071954561402443095,0.0037018384473400654,0.014873456855191168,0.025513248951379016,0.034827029756968934,0.04209598260591059,0.04673529004259287,0.04834304934217343,0.04673529004259286,0.041964033313730824,0.034316723265568165,0.024296900859539693,0.012587551031806874,1.8369701987210297e-17,-0.01258755103180693,-0.024296900859539738,-0.03431672326556821,-0.04196403331373085,-0.046735290042592886,-0.048343049342173434,-0.046735290042592866,-0.042095982605910576,-0.03482702975696891,-0.025513248951379016,-0.01487345685519112,-0.0037018384473400203,0.007195456140244316,0.017063207935286578,0.025254353753241213,0.031276925689745175,0.034827029756968955,0.035805428191564584,0.03431672326556816,0.030651641322290646,0.02525435375324117,0.01867802262048888,0.011532715669761917,0.004430418051094604,-0.002067971028607374,-0.007499039157033274,-0.011532715669761938,-0.013994651585187793,-0.01487345685519116,-0.014312521707228618,-0.01258755103180693,-0.010072225483453143,-0.007195456140244321,-0.0043944283267824645,-0.002067971028607341,-0.0005347126052108797,-4.499279347985573e-33,-0.0,-0.0005347126052108814,-0.0020679710286073396,-0.004394428326782457,-0.007195456140244321,-0.010072225483453132,-0.012587551031806919,-0.014312521707228597,-0.014873456855191142,-0.013994651585187768,-0.011532715669761912,-0.007499039157033267,-0.002067971028607336,0.0044304180510946305,0.011532715669761917,0.01867802262048891,0.025254353753241185,0.030651641322290646,0.03431672326556816,0.03580542819156457,0.034827029756968934,0.03127692568974516,0.025254353753241178,0.017063207935286536,0.0071954561402443095,-0.0037018384473400654,-0.014873456855191168,-0.025513248951379016,-0.034827029756968934,-0.04209598260591059,-0.04673529004259287,-0.04834304934217343,-0.04673529004259286,-0.041964033313730824,-0.034316723265568165,-0.024296900859539693,-0.012587551031806874,-1.8369701987210297e-17,0.01258755103180693,0.024296900859539738,0.03431672326556821,0.04196403331373085,0.046735290042592886,0.048343049342173434,0.046735290042592866,0.042095982605910576,0.03482702975696891,0.025513248951379016,0.01487345685519112,0.0037018384473400203,-0.007195456140244316,-0.017063207935286578,-0.025254353753241213,-0.031276925689745175,-0.034827029756968955,-0.035805428191564584,-0.03431672326556816,-0.030651641322290646,-0.02525435375324117,-0.01867802262048888,-0.011532715669761917,-0.004430418051094604,0.002067971028607374,0.007499039157033274,0.011532715669761938,0.013994651585187793,0.01487345685519116,0.014312521707228618,0.01258755103180693,0.010072225483453143,0.007195456140244321,0.0043944283267824645,0.002067971028607341,0.0005347126052108797,4.499279347985573e-33
27,-0.0,-0.0005347126052108814,-0.0020679710286073396,-0.004394428326782457,-0.007195456140244321,-0.010072225483453132,-0.012587551031806919,-0.014312521707228597,-0.014873456855191142,-0.013994651585187768,-0.011532715669761912,-0.007499039157033267,-0.002067971028607336,0.0044304180510946305,0.011532715669761917,0.01867802262048891,0.025254353753241185,0.030651641322290646,0.03431672326556816,0.03580542819156457,0.034827029756968934,0.03127692568974516,0.025254353753241178,0.017063207935286536,0.0071954561402443095,-0.0037018384473400654,-0.014873456855191168,-0.025513248951379016,-0.034827029756968934,-0.04209598260591059,-0.04673529004259287,-0.04834304934217343,-0.04673529004259286,-0.041964033313730824,-0.034316723265568165,-0.024296900859539693,-0.012587551031806874,-1.8369701987210297e-17,0.01258755103180693,0.024296900859539738,0.03431672326556821,0.04196403331373085,0.046735290042592886,0.048343049342173434,0.046735290042592866,0.042095982605910576,0.03482702975696891,0.025513248951379016,0.01487345685519112,0.0037018384473400203,-0.007195456140244316,-0.017063207935286578,-0.025254353753241213,-0.031276925689745175,-0.034827029756968955,-0.035805428191564584,-0.03431672326556816,-0.030651641322290646,-0.02525435375324117,-0.01867802262048888,-0.011532715669761917,-0.004430418051094604,0.002067971028607374,0.007499039157033274,0.011532715669761938,0.013994651585187793,0.01487345685519116,0.014312521707228618,0.01258755103180693,0.010072225483453143,0.007195456140244321,0.0043944283267824645,0.002067971028607341,0.0005347126052108797,4.499279347985573e-33,0.0,0.0,0.0,0.0,0.0,0.0,0.0,0.0,0.0,0.0,0.0,0.0,0.0,0.0,0.0,0.0,0.0,0.0,0.0,0.0,0.0,0.0,0.0,0.0,0.0,0.0,0.0,0.0,0.0,0.0,0.0,0.0,0.0,0.0,0.0,0.0,0.0,0.0,0.0,0.0,0.0,0.0,0.0,0.0,0.0,0.0,0.0,0.0,0.0,0.0,0.0,0.0,0.0,0.0,0.0,0.0,0.0,0.0,0.0,0.0,0.0,0.0,0.0,0.0,0.0,0.0,0.0,0.0,0.0,0.0,0.0,0.0,0.0,0.0,0.0,0.0,0.0,0.0,0.0,0.0,0.0,0.0,0.0,0.0,0.0,0.0,0.0,0.0,0.0,0.0,0.0,0.0,0.0,0.0,0.0,0.0,0.0,0.0,0.0,0.0,0.0,0.0,0.0,0.0,0.0,0.0,0.0,0.0,0.0,0.0,0.0,0.0,0.0,0.0,0.0,0.0,0.0,0.0,0.0,0.0,0.0,0.0,0.0,0.0,0.0,0.0,0.0,0.0,0.0,0.0,0.0,0.0,0.0,0.0,0.0,0.0,0.0,0.0,0.0,0.0,0.0,0.0,0.0,0.0,0.0,0.0,0.0,0.0,0.0,0.0
28,-0.05,-0.046000000000000006,-0.042,-0.038000000000000006,-0.033999999999999996,-0.03,-0.026000000000000002,-0.022,-0.018,-0.014000000000000002,-0.009999999999999998,-0.006,-0.001999999999999996,0.0020000000000000018,0.006000000000000005,0.009999999999999998,0.014000000000000002,0.017999999999999995,0.022,0.025999999999999992,0.030000000000000006,0.03400000000000001,0.038000000000000006,0.042000000000000016,0.04600000000000001,-0.04999999999999999,-0.046,-0.04199999999999999,-0.037999999999999985,-0.033999999999999975,-0.03,-0.025999999999999995,-0.02199999999999999,-0.018000000000000013,-0.014000000000000007,-0.009999999999999998,-0.005999999999999995,-0.001999999999999991,0.001999999999999991,0.006000000000000028,0.009999999999999998,0.014000000000000035,0.018000000000000016,0.02200000000000002,0.025999999999999992,0.030000000000000027,0.03400000000000003,0.03800000000000001,0.042000000000000016,0.045999999999999965,-0.049999999999999975,-0.045999999999999965,-0.04199999999999999,-0.03800000000000001,-0.033999999999999975,-0.03,-0.025999999999999968,-0.02200000000000002,-0.017999999999999957,-0.01399999999999998,-0.009999999999999998,-0.005999999999999995,-0.001999999999999991,0.002000000000000013,0.006000000000000028,0.009999999999999998,0.01399999999999998,0.01800000000000007,0.02199999999999999,0.026000000000000023,0.030000000000000006,0.03400000000000003,0.03800000000000001,0.04200000000000005,0.04600000000000002,0.0,0.0,0.0,0.0,0.0,0.0,0.0,0.0,0.0,0.0,0.0,0.0,0.0,0.0,0.0,0.0,0.0,0.0,0.0,0.0,0.0,0.0,0.0,0.0,0.0,0.0,0.0,0.0,0.0,0.0,0.0,0.0,0.0,0.0,0.0,0.0,0.0,0.0,0.0,0.0,0.0,0.0,0.0,0.0,0.0,0.0,0.0,0.0,0.0,0.0,0.0,0.0,0.0,0.0,0.0,0.0,0.0,0.0,0.0,0.0,0.0,0.0,0.0,0.0,0.0,0.0,0.0,0.0,0.0,0.0,0.0,0.0,0.0,0.0,0.0,0.0,0.0,0.0,0.0,0.0,0.0,0.0,0.0,0.0,0.0,0.0,0.0,0.0,0.0,0.0,0.0,0.0,0.0,0.0,0.0,0.0,0.0,0.0,0.0,0.0,0.0,0.0,0.0,0.0,0.0,0.0,0.0,0.0,0.0,0.0,0.0,0.0,0.0,0.0,0.0,0.0,0.0,0.0,0.0,0.0,0.0,0.0,0.0,0.0,0.0,0.0,0.0,0.0,0.0,0.0,0.0,0.0,0.0,0.0,0.0,0.0,0.0,0.0,0.0,0.0,0.0,0.0,0.0,0.0,0.0,0.0,0.0,0.0,0.0,0.0
29,0.0,0.0,0.0,0.0,0.0,0.0,0.0,0.0,0.0,0.0,0.0,0.0,0.0,0.0,0.0,0.0,0.0,0.0,0.0,0.0,0.0,0.0,0.0,0.0,0.0,0.0,0.0,0.0,0.0,0.0,0.0,0.0,0.0,0.0,0.0,0.0,0.0,0.0,0.0,0.0,0.0,0.0,0.0,0.0,0.0,0.0,0.0,0.0,0.0,0.0,0.0,0.0,0.0,0.0,0.0,0.0,0.0,0.0,0.0,0.0,0.0,0.0,0.0,0.0,0.0,0.0,0.0,0.0,0.0,0.0,0.0,0.0,0.0,0.0,0.0,0.0,0.0011363636363636365,0.002272727272727273,0.003409090909090909,0.004545454545454546,0.005681818181818183,0.006818181818181818,0.007954545454545455,0.009090909090909092,0.010227272727272729,0.011363636363636366,0.0125,0.013636363636363636,0.014772727272727274,0.01590909090909091,0.017045454545454548,0.018181818181818184,0.019318181818181818,0.020454545454545458,0.02159090909090909,0.02272727272727273,0.023863636363636365,0.025,0.026136363636363638,0.02727272727272727,0.02840909090909091,0.02954545454545455,0.030681818181818185,0.03181818181818182,0.03295454545454545,0.034090909090909095,0.03522727272727273,0.03636363636363637,0.037500000000000006,0.038636363636363635,0.03977272727272728,0.040909090909090916,0.04204545454545455,0.04318181818181818,0.04431818181818182,0.04545454545454546,0.0465909090909091,0.04772727272727273,0.048863636363636366,0.05,0.05,0.048275862068965524,0.04655172413793104,0.04482758620689656,0.04310344827586207,0.041379310344827586,0.039655172413793106,0.03793103448275862,0.03620689655172414,0.03448275862068966,0.032758620689655175,0.031034482758620693,0.02931034482758621,0.027586206896551724,0.025862068965517244,0.02413793103448276,0.02241379310344828,0.020689655172413796,0.01896551724137931,0.01724137931034483,0.015517241379310343,0.013793103448275862,0.012068965517241383,0.010344827586206896,0.008620689655172415,0.006896551724137934,0.005172413793103448,0.003448275862068967,0.0017241379310344862,0.0,-0.0,-0.0011363636363636365,-0.002272727272727273,-0.003409090909090909,-0.004545454545454546,-0.005681818181818183,-0.006818181818181818,-0.007954545454545455,-0.009090909090909092,-0.010227272727272729,-0.011363636363636366,-0.0125,-0.013636363636363636,-0.014772727272727274,-0.01590909090909091,-0.017045454545454548,-0.018181818181818184,-0.019318181818181818,-0.020454545454545458,-0.02159090909090909,-0.02272727272727273,-0.023863636363636365,-0.025,-0.026136363636363638,-0.02727272727272727,-0.02840909090909091,-0.02954545454545455,-0.030681818181818185,-0.03181818181818182,-0.03295454545454545,-0.034090909090909095,-0.03522727272727273,-0.03636363636363637,-0.037500000000000006,-0.038636363636363635,-0.03977272727272728,-0.040909090909090916,-0.04204545454545455,-0.04318181818181818,-0.04431818181818182,-0.04545454545454546,-0.0465909090909091,-0.04772727272727273,-0.048863636363636366,-0.05,-0.05,-0.048275862068965524,-0.04655172413793104,-0.04482758620689656,-0.04310344827586207,-0.041379310344827586,-0.039655172413793106,-0.03793103448275862,-0.03620689655172414,-0.03448275862068966,-0.032758620689655175,-0.031034482758620693,-0.02931034482758621,-0.027586206896551724,-0.025862068965517244,-0.02413793103448276,-0.02241379310344828,-0.020689655172413796,-0.01896551724137931,-0.01724137931034483,-0.015517241379310343,-0.013793103448275862,-0.012068965517241383,-0.010344827586206896,-0.008620689655172415,-0.006896551724137934,-0.005172413793103448,-0.003448275862068967,-0.0017241379310344862,-0.0
30,-0.0,-0.001282051282051282,-0.002564102564102564,-0.0038461538461538464,-0.005128205128205128,-0.00641025641025641,-0.007692307692307693,-0.008974358974358975,-0.010256410256410256,-0.011538461538461539,-0.01282051282051282,-0.014102564102564103,-0.015384615384615385,-0.016666666666666666,-0.01794871794871795,-0.019230769230769232,-0.020512820512820513,-0.021794871794871797,-0.023076923076923078,-0.02435897435897436,-0.02564102564102564,-0.026923076923076925,-0.028205128205128206,-0.02948717948717949,-0.03076923076923077,-0.03205128205128205,-0.03333333333333333,-0.03461538461538462,-0.0358974358974359,-0.03717948717948718,-0.038461538461538464,-0.03974358974358974,-0.041025641025641026,-0.04230769230769231,-0.043589743589743594,-0.04487179487179487,-0.046153846153846156,-0.047435897435897434,-0.04871794871794872,-0.05,-0.05,-0.04852941176470588,-0.047058823529411764,-0.04558823529411765,-0.04411764705882353,-0.04264705882352941,-0.041176470588235294,-0.03970588235294118,-0.03823529411764706,-0.03676470588235294,-0.03529411764705882,-0.03382352941176471,-0.03235294117647059,-0.030882352941176472,-0.029411764705882356,-0.027941176470588237,-0.02647058823529412,-0.025,-0.023529411764705882,-0.022058823529411766,-0.020588235294117647,-0.01911764705882353,-0.01764705882352941,-0.016176470588235292,-0.01470588235294118,-0.013235294117647062,-0.011764705882352944,-0.010294117647058827,-0.008823529411764707,-0.00735294117647059,-0.005882352941176472,-0.004411764705882354,-0.002941176470588236,-0.001470588235294118,-0.0,0.0,0.0,0.0,0.0,0.0,0.0,0.0,0.0,0.0,0.0,0.0,0.0,0.0,0.0,0.0,0.0,0.0,0.0,0.0,0.0,0.0,0.0,0.0,0.0,0.0,0.0,0.0,0.0,0.0,0.0,0.0,0.0,0.0,0.0,0.0,0.0,0.0,0.0,0.0,0.0,0.0,0.0,0.0,0.0,0.0,0.0,0.0,0.0,0.0,0.0,0.0,0.0,0.0,0.0,0.0,0.0,0.0,0.0,0.0,0.0,0.0,0.0,0.0,0.0,0.0,0.0,0.0,0.0,0.0,0.0,0.0,0.0,0.0,0.0,0.0,0.0,0.0,0.0,0.0,0.0,0.0,0.0,0.0,0.0,0.0,0.0,0.0,0.0,0.0,0.0,0.0,0.0,0.0,0.0,0.0,0.0,0.0,0.0,0.0,0.0,0.0,0.0,0.0,0.0,0.0,0.0,0.0,0.0,0.0,0.0,0.0,0.0,0.0,0.0,0.0,0.0,0.0,0.0,0.0,0.0,0.0,0.0,0.0,0.0,0.0,0.0,0.0,0.0,0.0,0.0,0.0,0.0,0.0,0.0,0.0,0.0,0.0,0.0,0.0,0.0,0.0,0.0,0.0,0.0,0.0,0.0,0.0,0.0,0.0,0.0
31,0.05,0.05,0.05,0.05,0.05,0.05,0.05,0.05,0.05,0.05,0.05,0.05,0.05,-0.05,-0.05,-0.05,-0.05,-0.05,-0.05,-0.05,-0.05,-0.05,-0.05,-0.05,-0.05,0.05,0.05,0.05,0.05,0.05,0.05,0.05,0.05,0.05,0.05,0.05,0.05,0.05,-0.05,-0.05,-0.05,-0.05,-0.05,-0.05,-0.05,-0.05,-0.05,-0.05,-0.05,-0.05,0.05,0.05,0.05,0.05,0.05,0.05,0.05,0.05,0.05,0.05,0.05,0.05,0.05,-0.05,-0.05,-0.05,-0.05,-0.05,-0.05,-0.05,-0.05,-0.05,-0.05,-0.05,-0.05,0.0,0.0,0.0,0.0,0.0,0.0,0.0,0.0,0.0,0.0,0.0,0.0,0.0,0.0,0.0,0.0,0.0,0.0,0.0,0.0,0.0,0.0,0.0,0.0,0.0,0.0,0.0,0.0,0.0,0.0,0.0,0.0,0.0,0.0,0.0,0.0,0.0,0.0,0.0,0.0,0.0,0.0,0.0,0.0,0.0,0.0,0.0,0.0,0.0,0.0,0.0,0.0,0.0,0.0,0.0,0.0,0.0,0.0,0.0,0.0,0.0,0.0,0.0,0.0,0.0,0.0,0.0,0.0,0.0,0.0,0.0,0.0,0.0,0.0,0.0,0.05,0.05,0.05,0.05,0.05,0.05,0.05,0.05,0.05,0.05,0.05,0.05,0.05,-0.05,-0.05,-0.05,-0.05,-0.05,-0.05,-0.05,-0.05,-0.05,-0.05,-0.05,-0.05,0.05,0.05,0.05,0.05,0.05,0.05,0.05,0.05,0.05,0.05,0.05,0.05,0.05,-0.05,-0.05,-0.05,-0.05,-0.05,-0.05,-0.05,-0.05,-0.05,-0.05,-0.05,-0.05,0.05,0.05,0.05,0.05,0.05,0.05,0.05,0.05,0.05,0.05,0.05,0.05,0.05,-0.05,-0.05,-0.05,-0.05,-0.05,-0.05,-0.05,-0.05,-0.05,-0.05,-0.05,-0.05
32,0.0,0.0,0.0,0.0,0.0,0.0,0.0,0.0,0.0,0.0,0.0,0.0,0.0,0.0,0.0,0.0,0.0,0.0,0.0,0.0,0.0,0.0,0.0,0.0,0.0,0.0,0.0,0.0,0.0,0.0,0.0,0.0,0.0,0.0,0.0,0.0,0.0,0.0,0.0,0.0,0.0,0.0,0.0,0.0,0.0,0.0,0.0,0.0,0.0,0.0,0.0,0.0,0.0,0.0,0.0,0.0,0.0,0.0,0.0,0.0,0.0,0.0,0.0,0.0,0.0,0.0,0.0,0.0,0.0,0.0,0.0,0.0,0.0,0.0,0.0,0.05,0.05,0.05,0.05,0.05,0.05,0.05,0.05,0.05,0.05,0.05,0.05,0.05,0.05,0.05,0.05,0.05,0.05,0.05,0.05,0.05,0.05,0.05,0.05,0.05,0.05,0.05,0.05,0.05,0.05,0.05,0.05,0.05,0.05,0.05,0.05,0.05,-0.05,-0.05,-0.05,-0.05,-0.05,-0.05,-0.05,-0.05,-0.05,-0.05,-0.05,-0.05,-0.05,-0.05,-0.05,-0.05,-0.05,-0.05,-0.05,-0.05,-0.05,-0.05,-0.05,-0.05,-0.05,-0.05,-0.05,-0.05,-0.05,-0.05,-0.05,-0.05,-0.05,-0.05,-0.05,-0.05,-0.05,-0.05,-0.05,-0.049954948310234074,-0.04981987442712633,-0.04959502176294384,-0.04928079551738543,-0.04887776194738431,-0.048386647346674944,-0.04780833673696255,-0.047143872273054215,-0.04639445136482547,-0.045561424519406785,-0.04464629290747843,-0.04365070565805941,-0.042576456886665566,-0.041425482462192104,-0.04019985651834703,-0.03890178771592198,-0.03753361526263622,-0.03609780469772622,-0.03459694344887731,-0.03303373616950408,-0.031410999864782116,-0.02973165881521433,-0.027998739306879766,-0.026215364177861578,-0.02438474719068173,-0.02251018724088366,-0.020595062412199636,-0.01864282388901543,-0.016656989737102883,-0.014641138563827519,-0.012598903069256265,-0.010533963499786317,-0.00845004101609245,-0.006350890987343941,-0.004240296223775458,-0.00212206015980742,0.0,0.002122060159807409,0.004240296223775458,0.00635089098734393,0.00845004101609245,0.010533963499786317,0.012598903069256255,0.014641138563827519,0.016656989737102872,0.01864282388901543,0.02059506241219963,0.022510187240883675,0.02438474719068172,0.026215364177861578,0.027998739306879766,0.029731658815214335,0.03141099986478211,0.033033736169504065,0.03459694344887731,0.03609780469772622,0.037533615262636225,0.038901787715921975,0.040199856518347024,0.041425482462192104,0.042576456886665566,0.043650705658059404,0.04464629290747842,0.045561424519406785,0.04639445136482547,0.047143872273054215,0.047808336736962546,0.048386647346674944,0.04887776194738431,0.04928079551738543,0.04959502176294384,0.04981987442712633,0.049954948310234074,0.05
33,-0.05,-0.04864864864864865,-0.0472972972972973,-0.04594594594594595,-0.0445945945945946,-0.043243243243243246,-0.041891891891891894,-0.04054054054054054,-0.03918918918918919,-0.03783783783783784,-0.03648648648648649,-0.03513513513513513,-0.033783783783783786,-0.032432432432432434,-0.031081081081081083,-0.029729729729729728,-0.02837837837837838,-0.02702702702702703,-0.025675675675675677,-0.024324324324324322,-0.022972972972972974,-0.021621621621621623,-0.02027027027027027,-0.018918918918918916,-0.017567567567567565,-0.016216216216216217,-0.014864864864864864,-0.013513513513513509,-0.012162162162162161,-0.010810810810810811,-0.009459459459459458,-0.008108108108108103,-0.0067567567567567545,-0.005405405405405406,-0.004054054054054052,-0.0027027027027026976,-0.0013513513513513488,0.0,0.0013513513513513599,0.0027027027027027085,0.004054054054054057,0.005405405405405406,0.0067567567567567545,0.008108108108108114,0.009459459459459463,0.010810810810810811,0.012162162162162172,0.013513513513513521,0.01486486486486487,0.016216216216216217,0.017567567567567565,0.018918918918918927,0.020270270270270275,0.021621621621621623,0.022972972972972985,0.024324324324324333,0.02567567567567568,0.02702702702702703,0.02837837837837838,0.02972972972972974,0.031081081081081086,0.032432432432432434,0.03378378378378379,0.035135135135135144,0.036486486486486495,0.03783783783783784,0.03918918918918919,0.04054054054054055,0.0418918918918919,0.043243243243243246,0.04459459459459461,0.045945945945945955,0.04729729729729731,0.04864864864864865,0.05,0.05,0.05,0.05,0.05,0.05,0.05,0.05,0.05,0.05,0.05,0.05,0.05,0.05,0.05,0.05,0.05,0.05,0.05,0.05,0.05,0.05,0.05,0.05,0.05,0.05,0.05,0.05,0.05,0.05,0.05,0.05,0.05,0.05,0.05,0.05,0.05,0.05,-0.05,-0.05,-0.05,-0.05,-0.05,-0.05,-0.05,-0.05,-0.05,-0.05,-0.05,-0.05,-0.05,-0.05,-0.05,-0.05,-0.05,-0.05,-0.05,-0.05,-0.05,-0.05,-0.05,-0.05,-0.05,-0.05,-0.05,-0.05,-0.05,-0.05,-0.05,-0.05,-0.05,-0.05,-0.05,-0.05,-0.05,-0.05,-0.05,-0.05,-0.05,-0.05,-0.05,-0.05,-0.05,-0.05,-0.05,-0.05,-0.05,-0.05,-0.05,-0.05,-0.05,-0.05,-0.05,-0.05,-0.05,-0.05,-0.05,-0.05,-0.05,-0.05,-0.05,-0.05,-0.05,-0.05,-0.05,-0.05,-0.05,-0.05,-0.05,-0.05,-0.05,-0.05,-0.05,0.05,0.05,0.05,0.05,0.05,0.05,0.05,0.05,0.05,0.05,0.05,0.05,0.05,0.05,0.05,0.05,0.05,0.05,0.05,0.05,0.05,0.05,0.05,0.05,0.05,0.05,0.05,0.05,0.05,0.05,0.05,0.05,0.05,0.05,0.05,0.05,0.05,0.05
34,0.05,0.050675675675675685,0.051351351351351354,0.05202702702702703,0.0527027027027027,0.05337837837837838,0.05405405405405406,0.054729729729729726,0.05540540540540541,0.05608108108108109,0.05675675675675676,0.057432432432432436,0.05810810810810812,0.05878378378378379,0.05945945945945946,0.06013513513513513,0.060810810810810814,0.0614864864864865,0.062162162162162166,0.06283783783783785,0.06351351351351352,0.06418918918918919,0.06486486486486487,0.06554054054054055,0.06621621621621622,0.06689189189189189,0.06756756756756757,0.06824324324324325,0.06891891891891892,0.06959459459459459,0.07027027027027027,0.07094594594594594,0.07162162162162163,0.07229729729729731,0.07297297297297298,0.07364864864864866,0.07432432432432433,0.07500000000000001,0.07567567567567568,0.07635135135135136,0.07702702702702703,0.0777027027027027,0.07837837837837838,0.07905405405405407,0.07972972972972975,0.08040540540540542,0.08108108108108109,0.08175675675675675,0.08243243243243244,0.08310810810810812,0.08378378378378379,0.08445945945945947,0.08513513513513514,0.08581081081081082,0.08648648648648649,0.08716216216216217,0.08783783783783784,0.08851351351351351,0.0891891891891892,0.08986486486486488,0.09054054054054056,0.09121621621621623,0.0918918918918919,0.09256756756756757,0.09324324324324325,0.09391891891891893,0.0945945945945946,0.09527027027027028,0.09594594594594595,0.09662162162162163,0.0972972972972973,0.09797297297297299,0.09864864864864865,0.09932432432432432,0.1,0.0,0.0,0.0,0.0,0.0,0.0,0.0,0.0,0.0,0.0,0.0,0.0,0.0,0.0,0.0,0.0,0.0,0.0,0.0,0.0,0.0,0.0,0.0,0.0,0.0,0.0,0.0,0.0,0.0,0.0,0.0,0.0,0.0,0.0,0.0,0.0,0.0,0.0,0.0,0.0,0.0,0.0,0.0,0.0,0.0,0.0,0.0,0.0,0.0,0.0,0.0,0.0,0.0,0.0,0.0,0.0,0.0,0.0,0.0,0.0,0.0,0.0,0.0,0.0,0.0,0.0,0.0,0.0,0.0,0.0,0.0,0.0,0.0,0.0,0.0,0.0,0.0,0.0,0.0,0.0,0.0,0.0,0.0,0.0,0.0,0.0,0.0,0.0,0.0,0.0,0.0,0.0,0.0,0.0,0.0,0.0,0.0,0.0,0.0,0.0,0.0,0.0,0.0,0.0,0.0,0.0,0.0,0.0,0.0,0.0,0.0,0.0,0.0,0.0,0.0,0.0,0.0,0.0,0.0,0.0,0.0,0.0,0.0,0.0,0.0,0.0,0.0,0.0,0.0,0.0,0.0,0.0,0.0,0.0,0.0,0.0,0.0,0.0,0.0,0.0,0.0,0.0,0.0,0.0,0.0,0.0,0.0,0.0,0.0,0.0
35,0.0,0.0,0.0,0.0,0.0,0.0,0.0,0.0,0.0,0.0,0.0,0.0,0.0,0.0,0.0,0.0,0.0,0.0,0.0,0.0,0.0,0.0,0.0,0.0,0.0,0.0,0.0,0.0,0.0,0.0,0.0,0.0,0.0,0.0,0.0,0.0,0.0,0.0,0.0,0.0,0.0,0.0,0.0,0.0,0.0,0.0,0.0,0.0,0.0,0.0,0.0,0.0,0.0,0.0,0.0,0.0,0.0,0.0,0.0,0.0,0.0,0.0,0.0,0.0,0.0,0.0,0.0,0.0,0.0,0.0,0.0,0.0,0.0,0.0,0.0,0.05,0.050675675675675685,0.051351351351351354,0.05202702702702703,0.0527027027027027,0.05337837837837838,0.05405405405405406,0.054729729729729726,0.05540540540540541,0.05608108108108109,0.05675675675675676,0.057432432432432436,0.05810810810810812,0.05878378378378379,0.05945945945945946,0.06013513513513513,0.060810810810810814,0.0614864864864865,0.062162162162162166,0.06283783783783785,0.06351351351351352,0.06418918918918919,0.06486486486486487,0.06554054054054055,0.06621621621621622,0.06689189189189189,0.06756756756756757,0.06824324324324325,0.06891891891891892,0.06959459459459459,0.07027027027027027,0.07094594594594594,0.07162162162162163,0.07229729729729731,0.07297297297297298,0.07364864864864866,0.07432432432432433,0.07500000000000001,0.07567567567567568,0.07635135135135136,0.07702702702702703,0.0777027027027027,0.07837837837837838,0.07905405405405407,0.07972972972972975,0.08040540540540542,0.08108108108108109,0.08175675675675675,0.08243243243243244,0.08310810810810812,0.08378378378378379,0.08445945945945947,0.08513513513513514,0.08581081081081082,0.08648648648648649,0.08716216216216217,0.08783783783783784,0.08851351351351351,0.0891891891891892,0.08986486486486488,0.09054054054054056,0.09121621621621623,0.0918918918918919,0.09256756756756757,0.09324324324324325,0.09391891891891893,0.0945945945945946,0.09527027027027028,0.09594594594594595,0.09662162162162163,0.0972972972972973,0.09797297297297299,0.09864864864864865,0.09932432432432432,0.1,-0.05,-0.050675675675675685,-0.051351351351351354,-0.05202702702702703,-0.0527027027027027,-0.05337837837837838,-0.05405405405405406,-0.054729729729729726,-0.05540540540540541,-0.05608108108108109,-0.05675675675675676,-0.057432432432432436,-0.05810810810810812,-0.05878378378378379,-0.05945945945945946,-0.06013513513513513,-0.060810810810810814,-0.0614864864864865,-0.062162162162162166,-0.06283783783783785,-0.06351351351351352,-0.06418918918918919,-0.06486486486486487,-0.06554054054054055,-0.06621621621621622,-0.06689189189189189,-0.06756756756756757,-0.06824324324324325,-0.06891891891891892,-0.06959459459459459,-0.07027027027027027,-0.07094594594594594,-0.07162162162162163,-0.07229729729729731,-0.07297297297297298,-0.07364864864864866,-0.07432432432432433,-0.07500000000000001,-0.07567567567567568,-0.07635135135135136,-0.07702702702702703,-0.0777027027027027,-0.07837837837837838,-0.07905405405405407,-0.07972972972972975,-0.08040540540540542,-0.08108108108108109,-0.08175675675675675,-0.08243243243243244,-0.08310810810810812,-0.08378378378378379,-0.08445945945945947,-0.08513513513513514,-0.08581081081081082,-0.08648648648648649,-0.08716216216216217,-0.08783783783783784,-0.08851351351351351,-0.0891891891891892,-0.08986486486486488,-0.09054054054054056,-0.09121621621621623,-0.0918918918918919,-0.09256756756756757,-0.09324324324324325,-0.09391891891891893,-0.0945945945945946,-0.09527027027027028,-0.09594594594594595,-0.09662162162162163,-0.0972972972972973,-0.09797297297297299,-0.09864864864864865,-0.09932432432432432,-0.1
36,-0.05,-0.05067567567567568,-0.051351351351351354,-0.05202702702702703,-0.052702702702702706,-0.05337837837837838,-0.05405405405405406,-0.05472972972972973,-0.05540540540540541,-0.056081081081081084,-0.05675675675675676,-0.057432432432432436,-0.05810810810810811,-0.05878378378378379,-0.05945945945945946,-0.06013513513513514,-0.060810810810810814,-0.06148648648648649,-0.062162162162162166,-0.06283783783783783,-0.06351351351351352,-0.0641891891891892,-0.06486486486486487,-0.06554054054054054,-0.06621621621621622,-0.0668918918918919,-0.06756756756756757,-0.06824324324324324,-0.06891891891891892,-0.0695945945945946,-0.07027027027027027,-0.07094594594594594,-0.07162162162162163,-0.07229729729729731,-0.07297297297297298,-0.07364864864864865,-0.07432432432432433,-0.07500000000000001,-0.07567567567567568,-0.07635135135135135,-0.07702702702702703,-0.07770270270270271,-0.07837837837837838,-0.07905405405405405,-0.07972972972972973,-0.08040540540540542,-0.08108108108108109,-0.08175675675675675,-0.08243243243243244,-0.08310810810810812,-0.08378378378378379,-0.08445945945945946,-0.08513513513513514,-0.08581081081081082,-0.08648648648648649,-0.08716216216216216,-0.08783783783783784,-0.08851351351351353,-0.0891891891891892,-0.08986486486486486,-0.09054054054054055,-0.09121621621621623,-0.0918918918918919,-0.09256756756756757,-0.09324324324324325,-0.09391891891891893,-0.0945945945945946,-0.09527027027027027,-0.09594594594594595,-0.09662162162162163,-0.0972972972972973,-0.09797297297297297,-0.09864864864864865,-0.09932432432432434,-0.1,0.0,0.0,0.0,0.0,0.0,0.0,0.0,0.0,0.0,0.0,0.0,0.0,0.0,0.0,0.0,0.0,0.0,0.0,0.0,0.0,0.0,0.0,0.0,0.0,0.0,0.0,0.0,0.0,0.0,0.0,0.0,0.0,0.0,0.0,0.0,0.0,0.0,0.0,0.0,0.0,0.0,0.0,0.0,0.0,0.0,0.0,0.0,0.0,0.0,0.0,0.0,0.0,0.0,0.0,0.0,0.0,0.0,0.0,0.0,0.0,0.0,0.0,0.0,0.0,0.0,0.0,0.0,0.0,0.0,0.0,0.0,0.0,0.0,0.0,0.0,0.0,0.0,0.0,0.0,0.0,0.0,0.0,0.0,0.0,0.0,0.0,0.0,0.0,0.0,0.0,0.0,0.0,0.0,0.0,0.0,0.0,0.0,0.0,0.0,0.0,0.0,0.0,0.0,0.0,0.0,0.0,0.0,0.0,0.0,0.0,0.0,0.0,0.0,0.0,0.0,0.0,0.0,0.0,0.0,0.0,0.0,0.0,0.0,0.0,0.0,0.0,0.0,0.0,0.0,0.0,0.0,0.0,0.0,0.0,0.0,0.0,0.0,0.0,0.0,0.0,0.0,0.0,0.0,0.0,0.0,0.0,0.0,0.0,0.0,0.0
37,0.0,0.0,0.0,0.0,0.0,0.0,0.0,0.0,0.0,0.0,0.0,0.0,0.0,0.0,0.0,0.0,0.0,0.0,0.0,0.0,0.0,0.0,0.0,0.0,0.0,0.0,0.0,0.0,0.0,0.0,0.0,0.0,0.0,0.0,0.0,0.0,0.0,0.0,0.0,0.0,0.0,0.0,0.0,0.0,0.0,0.0,0.0,0.0,0.0,0.0,0.0,0.0,0.0,0.0,0.0,0.0,0.0,0.0,0.0,0.0,0.0,0.0,0.0,0.0,0.0,0.0,0.0,0.0,0.0,0.0,0.0,0.0,0.0,0.0,0.0,0.0,0.0,0.0,0.0,0.0,0.0,0.0,0.0,0.0,0.0,0.0,0.0,0.0,0.0,0.0,0.0,0.0,0.0,0.0,0.0,0.0,0.0,0.0,0.0,0.0,0.0,0.0,0.0,0.0,0.0,0.0,0.0,0.0,0.0,0.0,0.0,0.0,0.0,0.0,0.0,0.0,0.0,0.0,0.0,0.0,0.0,0.0,0.0,0.0,0.0,0.0,0.0,0.0,0.0,0.0,0.0,0.0,0.0,0.0,0.0,0.0,0.0,0.0,0.0,0.0,0.0,0.0,0.0,0.0,0.0,0.0,0.0,0.0,0.0,0.0,0.0,0.0,0.0,0.0,0.0,0.0,0.0,0.0,0.0,0.0,0.0,0.0,0.0,0.0,0.0,0.0,0.0,0.0,0.0,0.0,0.0,0.0,0.0,0.0,0.0,0.0,0.0,0.0,0.0,0.0,0.0,0.0,0.0,0.0,0.0,0.0,0.0,0.0,0.0,0.0,0.0,0.0,0.0,0.0,0.0,0.0,0.0,0.0,0.0,0.0,0.0,0.0,0.0,0.0,0.0,0.0,0.0,0.0,0.0,0.0,0.0,0.0,0.0,0.0,0.0,0.0,0.0,0.0,0.0,0.0,0.0,0.0,0.0,0.0,0.0
38,0.0,0.0,0.0,0.0,0.0,0.0,0.0,0.0,0.0,0.0,0.0,0.0,0.0,0.0,0.0,0.0,0.0,0.0,0.0,0.0,0.0,0.0,0.0,0.0,0.0,0.0,0.0,0.0,0.0,0.0,0.0,0.0,0.0,0.0,0.0,0.0,0.0,0.0,0.0,0.0,0.0,0.0,0.0,0.0,0.0,0.0,0.0,0.0,0.0,0.0,0.0,0.0,0.0,0.0,0.0,0.0,0.0,0.0,0.0,0.0,0.0,0.0,0.0,0.0,0.0,0.0,0.0,0.0,0.0,0.0,0.0,0.0,0.0,0.0,0.0,-0.0,-0.0005347126052108814,-0.0020679710286073396,-0.004394428326782457,-0.007195456140244321,-0.010072225483453132,-0.012587551031806919,-0.014312521707228597,-0.014873456855191142,-0.013994651585187768,-0.011532715669761912,-0.007499039157033267,-0.002067971028607336,0.0044304180510946305,0.011532715669761917,0.01867802262048891,0.025254353753241185,0.030651641322290646,0.03431672326556816,0.03580542819156457,0.034827029756968934,0.03127692568974516,0.025254353753241178,0.017063207935286536,0.0071954561402443095,-0.0037018384473400654,-0.014873456855191168,-0.025513248951379016,-0.034827029756968934,-0.04209598260591059,-0.04673529004259287,-0.04834304934217343,-0.04673529004259286,-0.041964033313730824,-0.034316723265568165,-0.024296900859539693,-0.012587551031806874,-1.8369701987210297e-17,0.01258755103180693,0.024296900859539738,0.03431672326556821,0.04196403331373085,0.046735290042592886,0.048343049342173434,0.046735290042592866,0.042095982605910576,0.03482702975696891,0.025513248951379016,0.01487345685519112,0.0037018384473400203,-0.007195456140244316,-0.017063207935286578,-0.025254353753241213,-0.031276925689745175,-0.034827029756968955,-0.035805428191564584,-0.03431672326556816,-0.030651641322290646,-0.02525435375324117,-0.01867802262048888,-0.011532715669761917,-0.004430418051094604,0.002067971028607374,0.007499039157033274,0.011532715669761938,0.013994651585187793,0.01487345685519116,0.014312521707228618,0.01258755103180693,0.010072225483453143,0.007195456140244321,0.0043944283267824645,0.002067971028607341,0.0005347126052108797,4.499279347985573e-33,0.0,0.0,0.0,0.0,0.0,0.0,0.0,0.0,0.0,0.0,0.0,0.0,0.0,0.0,0.0,0.0,0.0,0.0,0.0,0.0,0.0,0.0,0.0,0.0,0.0,0.0,0.0,0.0,0.0,0.0,0.0,0.0,0.0,0.0,0.0,0.0,0.0,0.0,0.0,0.0,0.0,0.0,0.0,0.0,0.0,0.0,0.0,0.0,0.0,0.0,0.0,0.0,0.0,0.0,0.0,0.0,0.0,0.0,0.0,0.0,0.0,0.0,0.0,0.0,0.0,0.0,0.0,0.0,0.0,0.0,0.0,0.0,0.0,0.0,0.0
39,0.0,0.0,0.0,0.0,0.0,0.0,0.0,0.0,0.0,0.0,0.0,0.0,0.0,0.0,0.0,0.0,0.0,0.0,0.0,0.0,0.0,0.0,0.0,0.0,0.0,0.0,0.0,0.0,0.0,0.0,0.0,0.0,0.0,0.0,0.0,0.0,0.0,0.0,0.0,0.0,0.0,0.0,0.0,0.0,0.0,0.0,0.0,0.0,0.0,0.0,0.0,0.0,0.0,0.0,0.0,0.0,0.0,0.0,0.0,0.0,0.0,0.0,0.0,0.0,0.0,0.0,0.0,0.0,0.0,0.0,0.0,0.0,0.0,0.0,0.0,-4.247802705507514e-05,-6.148854415477181e-05,-8.809737518611017e-05,-0.00012493111405930543,-0.00017535459139179105,-0.00024361417565977542,-0.00033498615284916356,-0.00045592146529757437,-0.0006141749646710285,-0.0008189041358233248,-0.0010807192932816268,-0.0014116649442825363,-0.0018251108236707208,-0.0023355315394365597,-0.0029581563026658104,-0.003708475239374281,-0.004601596511176406,-0.005651458876089286,-0.006869917054789445,-0.008265731630063123,-0.00984351013641235,-0.011602660114165338,-0.01353642660864186,-0.015631094217434048,-0.017865435770779037,-0.02021048484139258,-0.022629696826249362,-0.025079543338918132,-0.027510557933625713,-0.02986881943046158,-0.03209782476302571,-0.034140669329766074,-0.03594242258163964,-0.037452563230297484,-0.03862732476868793,-0.039431799909684324,-0.03984166293336548,-0.039844391409476404,-0.03943990168689251,-0.03864055315342939,-0.037470520963336376,-0.03596458165136244,-0.03416639674340996,-0.03212641252198169,-0.02989951673336147,-0.027542603575059194,-0.025112196379005598,-0.0226622638577428,-0.02024234254446714,-0.01789604788065338,-0.015660022492308544,-0.013563335832499347,-0.011627317563862921,-0.009865780257378644,-0.008285566882892316,-0.006887346010496892,-0.005666572655559753,-0.0046145345976182795,-0.0037194115604205643,-0.0029672863031079137,-0.0023430607686407154,-0.0018312453636543983,-0.0014166038216718152,-0.001084648862753634,-0.0008219943011130491,-0.000616577018198351,-0.000457767277563404,-0.00033638842376840293,-0.00024466746600780814,-0.00017613687685493146,-0.00012550564039396652,-8.851463479674711e-05,-6.178823716395095e-05,-4.269091007172411e-05,-2.9194692579146026e-05,0.0,0.0,0.0,0.0,0.0,0.0,0.0,0.0,0.0,0.0,0.0,0.0,0.0,0.0,0.0,0.0,0.0,0.0,0.0,0.0,0.0,0.0,0.0,0.0,0.0,0.0,0.0,0.0,0.0,0.0,0.0,0.0,0.0,0.0,0.0,0.0,0.0,0.0,0.0,0.0,0.0,0.0,0.0,0.0,0.0,0.0,0.0,0.0,0.0,0.0,0.0,0.0,0.0,0.0,0.0,0.0,0.0,0.0,0.0,0.0,0.0,0.0,0.0,0.0,0.0,0.0,0.0,0.0,0.0,0.0,0.0,0.0,0.0,0.0,0.0
40,-0.0,-0.0021220601598074154,-0.00424029622377546,-0.006350890987343938,-0.008450041016092454,-0.010533963499786315,-0.01259890306925626,-0.014641138563827519,-0.01665698973710288,-0.01864282388901543,-0.020595062412199633,-0.022510187240883665,-0.02438474719068173,-0.026215364177861585,-0.027998739306879766,-0.02973165881521433,-0.031410999864782116,-0.03303373616950407,-0.03459694344887731,-0.03609780469772622,-0.03753361526263622,-0.03890178771592198,-0.04019985651834703,-0.041425482462192104,-0.042576456886665566,-0.04365070565805941,-0.04464629290747843,-0.045561424519406785,-0.04639445136482547,-0.04714387227305421,-0.04780833673696255,-0.048386647346674944,-0.04887776194738431,-0.04928079551738543,-0.04959502176294384,-0.04981987442712633,-0.049954948310234074,-0.05,-0.04995494831023408,-0.04981987442712633,-0.04959502176294385,-0.04928079551738543,-0.048877761947384316,-0.048386647346674944,-0.04780833673696255,-0.047143872273054215,-0.04639445136482547,-0.04556142451940679,-0.04464629290747843,-0.04365070565805942,-0.04257645688666557,-0.04142548246219211,-0.04019985651834703,-0.03890178771592199,-0.03753361526263623,-0.03609780469772623,-0.03459694344887731,-0.03303373616950407,-0.03141099986478213,-0.02973165881521434,-0.027998739306879773,-0.026215364177861585,-0.024384747190681746,-0.02251018724088368,-0.020595062412199643,-0.018642823889015434,-0.01665698973710288,-0.014641138563827536,-0.01259890306925627,-0.010533963499786324,-0.008450041016092457,-0.006350890987343958,-0.004240296223775475,-0.0021220601598074262,-6.123233995736766e-18,0.0,0.0,0.0,0.0,0.0,0.0,0.0,0.0,0.0,0.0,0.0,0.0,0.0,0.0,0.0,0.0,0.0,0.0,0.0,0.0,0.0,0.0,0.0,0.0,0.0,0.0,0.0,0.0,0.0,0.0,0.0,0.0,0.0,0.0,0.0,0.0,0.0,0.0,0.0,0.0,0.0,0.0,0.0,0.0,0.0,0.0,0.0,0.0,0.0,0.0,0.0,0.0,0.0,0.0,0.0,0.0,0.0,0.0,0.0,0.0,0.0,0.0,0.0,0.0,0.0,0.0,0.0,0.0,0.0,0.0,0.0,0.0,0.0,0.0,0.0,0.0,0.0,0.0,0.0,0.0,0.0,0.0,0.0,0.0,0.0,0.0,0.0,0.0,0.0,0.0,0.0,0.0,0.0,0.0,0.0,0.0,0.0,0.0,0.0,0.0,0.0,0.0,0.0,0.0,0.0,0.0,0.0,0.0,0.0,0.0,0.0,0.0,0.0,0.0,0.0,0.0,0.0,0.0,0.0,0.0,0.0,0.0,0.0,0.0,0.0,0.0,0.0,0.0,0.0,0.0,0.0,0.0,0.0,0.0,0.0,0.0,0.0,0.0,0.0,0.0,0.0,0.0,0.0,0.0,0.0,0.0,0.0,0.0,0.0,0.0
41,0.0,0.0021220601598074154,0.00424029622377546,0.006350890987343938,0.008450041016092454,0.010533963499786315,0.01259890306925626,0.014641138563827519,0.01665698973710288,0.01864282388901543,0.020595062412199633,0.022510187240883665,0.02438474719068173,0.026215364177861585,0.027998739306879766,0.02973165881521433,0.031410999864782116,0.03303373616950407,0.03459694344887731,0.03609780469772622,0.03753361526263622,0.03890178771592198,0.04019985651834703,0.041425482462192104,0.042576456886665566,0.04365070565805941,0.04464629290747843,0.045561424519406785,0.04639445136482547,0.04714387227305421,0.04780833673696255,0.048386647346674944,0.04887776194738431,0.04928079551738543,0.04959502176294384,0.04981987442712633,0.049954948310234074,0.05,0.04995494831023408,0.04981987442712633,0.04959502176294385,0.04928079551738543,0.048877761947384316,0.048386647346674944,0.04780833673696255,0.047143872273054215,0.04639445136482547,0.04556142451940679,0.04464629290747843,0.04365070565805942,0.04257645688666557,0.04142548246219211,0.04019985651834703,0.03890178771592199,0.03753361526263623,0.03609780469772623,0.03459694344887731,0.03303373616950407,0.03141099986478213,0.02973165881521434,0.027998739306879773,0.026215364177861585,0.024384747190681746,0.02251018724088368,0.020595062412199643,0.018642823889015434,0.01665698973710288,0.014641138563827536,0.01259890306925627,0.010533963499786324,0.008450041016092457,0.006350890987343958,0.004240296223775475,0.0021220601598074262,6.123233995736766e-18,0.0,0.0,0.0,0.0,0.0,0.0,0.0,0.0,0.0,0.0,0.0,0.0,0.0,0.0,0.0,0.0,0.0,0.0,0.0,0.0,0.0,0.0,0.0,0.0,0.0,0.0,0.0,0.0,0.0,0.0,0.0,0.0,0.0,0.0,0.0,0.0,0.0,0.0,0.0,0.0,0.0,0.0,0.0,0.0,0.0,0.0,0.0,0.0,0.0,0.0,0.0,0.0,0.0,0.0,0.0,0.0,0.0,0.0,0.0,0.0,0.0,0.0,0.0,0.0,0.0,0.0,0.0,0.0,0.0,0.0,0.0,0.0,0.0,0.0,0.0,0.0,0.0,0.0,0.0,0.0,0.0,0.0,0.0,0.0,0.0,0.0,0.0,0.0,0.0,0.0,0.0,0.0,0.0,0.0,0.0,0.0,0.0,0.0,0.0,0.0,0.0,0.0,0.0,0.0,0.0,0.0,0.0,0.0,0.0,0.0,0.0,0.0,0.0,0.0,0.0,0.0,0.0,0.0,0.0,0.0,0.0,0.0,0.0,0.0,0.0,0.0,0.0,0.0,0.0,0.0,0.0,0.0,0.0,0.0,0.0,0.0,0.0,0.0,0.0,0.0,0.0,0.0,0.0,0.0,0.0,0.0,0.0,0.0,0.0,0.0
42,0.0,0.0007246376811594203,0.0014492753623188406,0.002173913043478261,0.002898550724637681,0.003623188405797102,0.004347826086956522,0.0050724637681159425,0.005797101449275362,0.006521739130434783,0.007246376811594204,0.007971014492753625,0.008695652173913044,0.009420289855072464,0.010144927536231885,0.010869565217391304,0.011594202898550725,0.012318840579710146,0.013043478260869566,0.013768115942028987,0.014492753623188408,0.015217391304347828,0.01594202898550725,0.016666666666666666,0.017391304347826087,0.018115942028985508,0.01884057971014493,0.01956521739130435,0.02028985507246377,0.021014492753623187,0.021739130434782608,0.02246376811594203,0.02318840579710145,0.02391304347826087,0.02463768115942029,0.025362318840579712,0.026086956521739132,0.026811594202898553,0.027536231884057974,0.02826086956521739,0.028985507246376815,0.029710144927536233,0.030434782608695657,0.031159420289855074,0.0318840579710145,0.03260869565217391,0.03333333333333333,0.034057971014492754,0.034782608695652174,0.035507246376811595,0.036231884057971016,0.03695652173913044,0.03768115942028986,0.03840579710144928,0.0391304347826087,0.03985507246376812,0.04057971014492754,0.04130434782608696,0.042028985507246375,0.0427536231884058,0.043478260869565216,0.044202898550724644,0.04492753623188406,0.045652173913043485,0.0463768115942029,0.04710144927536232,0.04782608695652174,0.04855072463768116,0.04927536231884058,0.05,0.05,0.037500000000000006,0.025,0.0125,0.0,0.0,0.0,0.0,0.0,0.0,0.0,0.0,0.0,0.0,0.0,0.0,0.0,0.0,0.0,0.0,0.0,0.0,0.0,0.0,0.0,0.0,0.0,0.0,0.0,0.0,0.0,0.0,0.0,0.0,0.0,0.0,0.0,0.0,0.0,0.0,0.0,0.0,0.0,0.0,0.0,0.0,0.0,0.0,0.0,0.0,0.0,0.0,0.0,0.0,0.0,0.0,0.0,0.0,0.0,0.0,0.0,0.0,0.0,0.0,0.0,0.0,0.0,0.0,0.0,0.0,0.0,0.0,0.0,0.0,0.0,0.0,0.0,0.0,0.0,0.0,0.0,0.0,0.0,0.0,0.0,0.0,0.0,0.0,0.0,0.0,0.0,0.0,0.0,0.0,0.0,0.0,0.0,0.0,0.0,0.0,0.0,0.0,0.0,0.0,0.0,0.0,0.0,0.0,0.0,0.0,0.0,0.0,0.0,0.0,0.0,0.0,0.0,0.0,0.0,0.0,0.0,0.0,0.0,0.0,0.0,0.0,0.0,0.0,0.0,0.0,0.0,0.0,0.0,0.0,0.0,0.0,0.0,0.0,0.0,0.0,0.0,0.0,0.0,0.0,0.0,0.0,0.0,0.0,0.0,0.0,0.0,0.0,0.0,0.0,0.0
43,0.0,0.0,0.0,0.0,0.0,0.0,0.0,0.0,0.0,0.0,0.0,0.0,0.0,0.0,0.0,0.0,0.0,0.0,0.0,0.0,0.0,0.0,0.0,0.0,0.0,0.0,0.0,0.0,0.0,0.0,0.0,0.0,0.0,0.0,0.0,0.0,0.0,0.0,0.0,0.0,0.0,0.0,0.0,0.0,0.0,0.0,0.0,0.0,0.0,0.0,0.0,0.0,0.0,0.0,0.0,0.0,0.0,0.0,0.0,0.0,0.0,0.0,0.0,0.0,0.0,0.0,0.0,0.0,0.0,0.0,0.0,0.0,0.0,0.0,0.0,0.0,0.0006756756756756757,0.0013513513513513514,0.002027027027027027,0.002702702702702703,0.0033783783783783786,0.004054054054054054,0.00472972972972973,0.005405405405405406,0.006081081081081081,0.006756756756756757,0.007432432432432433,0.008108108108108109,0.008783783783783784,0.00945945945945946,0.010135135135135136,0.010810810810810811,0.011486486486486487,0.012162162162162163,0.01283783783783784,0.013513513513513514,0.01418918918918919,0.014864864864864866,0.015540540540540543,0.016216216216216217,0.016891891891891893,0.01756756756756757,0.018243243243243248,0.01891891891891892,0.019594594594594596,0.02027027027027027,0.02094594594594595,0.021621621621621623,0.0222972972972973,0.022972972972972974,0.023648648648648653,0.024324324324324326,0.025,0.02567567567567568,0.026351351351351356,0.02702702702702703,0.027702702702702704,0.02837837837837838,0.02905405405405406,0.02972972972972973,0.030405405405405407,0.031081081081081086,0.03175675675675676,0.032432432432432434,0.03310810810810811,0.033783783783783786,0.03445945945945946,0.03513513513513514,0.03581081081081081,0.036486486486486495,0.037162162162162164,0.03783783783783784,0.038513513513513516,0.03918918918918919,0.039864864864864874,0.04054054054054054,0.04121621621621622,0.0418918918918919,0.04256756756756758,0.043243243243243246,0.04391891891891892,0.0445945945945946,0.04527027027027028,0.04594594594594595,0.046621621621621624,0.04729729729729731,0.04797297297297298,0.04864864864864865,0.04932432432432433,0.05,-0.0,-0.0006756756756756757,-0.0013513513513513514,-0.002027027027027027,-0.002702702702702703,-0.0033783783783783786,-0.004054054054054054,-0.00472972972972973,-0.005405405405405406,-0.006081081081081081,-0.006756756756756757,-0.007432432432432433,-0.008108108108108109,-0.008783783783783784,-0.00945945945945946,-0.010135135135135136,-0.010810810810810811,-0.011486486486486487,-0.012162162162162163,-0.01283783783783784,-0.013513513513513514,-0.01418918918918919,-0.014864864864864866,-0.015540540540540543,-0.016216216216216217,-0.016891891891891893,-0.01756756756756757,-0.018243243243243248,-0.01891891891891892,-0.019594594594594596,-0.02027027027027027,-0.02094594594594595,-0.021621621621621623,-0.0222972972972973,-0.022972972972972974,-0.023648648648648653,-0.024324324324324326,-0.025,-0.02567567567567568,-0.026351351351351356,-0.02702702702702703,-0.027702702702702704,-0.02837837837837838,-0.02905405405405406,-0.02972972972972973,-0.030405405405405407,-0.031081081081081086,-0.03175675675675676,-0.032432432432432434,-0.03310810810810811,-0.033783783783783786,-0.03445945945945946,-0.03513513513513514,-0.03581081081081081,-0.036486486486486495,-0.037162162162162164,-0.03783783783783784,-0.038513513513513516,-0.03918918918918919,-0.039864864864864874,-0.04054054054054054,-0.04121621621621622,-0.0418918918918919,-0.04256756756756758,-0.043243243243243246,-0.04391891891891892,-0.0445945945945946,-0.04527027027027028,-0.04594594594594595,-0.046621621621621624,-0.04729729729729731,-0.04797297297297298,-0.04864864864864865,-0.04932432432432433,-0.05
44,0.0,-0.0008474576271186442,-0.0016949152542372883,-0.0025423728813559325,-0.0033898305084745766,-0.00423728813559322,-0.005084745762711865,-0.005932203389830509,-0.006779661016949153,-0.007627118644067798,-0.00847457627118644,-0.009322033898305085,-0.01016949152542373,-0.011016949152542373,-0.011864406779661017,-0.012711864406779662,-0.013559322033898306,-0.014406779661016951,-0.015254237288135596,-0.016101694915254237,-0.01694915254237288,-0.017796610169491526,-0.01864406779661017,-0.019491525423728815,-0.02033898305084746,-0.0211864406779661,-0.022033898305084745,-0.02288135593220339,-0.023728813559322035,-0.02457627118644068,-0.025423728813559324,-0.02627118644067797,-0.027118644067796613,-0.027966101694915254,-0.028813559322033902,-0.029661016949152543,-0.03050847457627119,-0.03135593220338983,-0.03220338983050847,-0.03305084745762712,-0.03389830508474576,-0.03474576271186441,-0.03559322033898305,-0.036440677966101696,-0.03728813559322034,-0.038135593220338986,-0.03898305084745763,-0.039830508474576275,-0.04067796610169492,-0.041525423728813564,-0.0423728813559322,-0.04322033898305085,-0.04406779661016949,-0.04491525423728814,-0.04576271186440678,-0.046610169491525424,-0.04745762711864407,-0.048305084745762714,-0.04915254237288136,-0.05,-0.04998323249347668,-0.04994745951238608,-0.0498356169307033,-0.04948813564187832,-0.0484292814484215,-0.0453843485623851,-0.037910191379629504,-0.025,-0.012089808620370512,-0.004615651437614904,-0.0015707185515785095,-0.0005118643581216775,-0.000164383069296703,-5.2540487613916836e-05,-1.67675065233186e-05,0.0,0.0,0.0,0.0,0.0,0.0,0.0,0.0,0.0,0.0,0.0,0.0,0.0,0.0,0.0,0.0,0.0,0.0,0.0,0.0,0.0,0.0,0.0,0.0,0.0,0.0,0.0,0.0,0.0,0.0,0.0,0.0,0.0,0.0,0.0,0.0,0.0,0.0,0.0,0.0,0.0,0.0,0.0,0.0,0.0,0.0,0.0,0.0,0.0,0.0,0.0,0.0,0.0,0.0,0.0,0.0,0.0,0.0,0.0,0.0,0.0,0.0,0.0,0.0,0.0,0.0,0.0,0.0,0.0,0.0,0.0,0.0,0.0,0.0,0.0,0.0,0.0,0.0,0.0,0.0,0.0,0.0,0.0,0.0,0.0,0.0,0.0,0.0,0.0,0.0,0.0,0.0,0.0,0.0,0.0,0.0,0.0,0.0,0.0,0.0,0.0,0.0,0.0,0.0,0.0,0.0,0.0,0.0,0.0,0.0,0.0,0.0,0.0,0.0,0.0,0.0,0.0,0.0,0.0,0.0,0.0,0.0,0.0,0.0,0.0,0.0,0.0,0.0,0.0,0.0,0.0,0.0,0.0,0.0,0.0,0.0,0.0,0.0,0.0,0.0,0.0,0.0,0.0,0.0,0.0,0.0,0.0,0.0,0.0,0.0
45,0.025,0.025362318840579712,0.02572463768115942,0.026086956521739132,0.026449275362318843,0.026811594202898553,0.02717391304347826,0.027536231884057974,0.027898550724637684,0.02826086956521739,0.0286231884057971,0.028985507246376815,0.02934782608695652,0.029710144927536233,0.030072463768115943,0.030434782608695657,0.03079710144927536,0.031159420289855074,0.03152173913043479,0.03188405797101449,0.0322463768115942,0.03260869565217391,0.03297101449275363,0.03333333333333333,0.03369565217391304,0.034057971014492754,0.034420289855072464,0.034782608695652174,0.035144927536231885,0.035507246376811595,0.035869565217391305,0.036231884057971016,0.036594202898550726,0.03695652173913044,0.03731884057971015,0.03768115942028986,0.03804347826086957,0.038405797101449285,0.03876811594202899,0.03913043478260869,0.03949275362318841,0.03985507246376812,0.04021739130434783,0.04057971014492754,0.04094202898550725,0.04130434782608696,0.041666666666666664,0.042028985507246375,0.04239130434782609,0.0427536231884058,0.04311594202898551,0.04347826086956522,0.043840579710144933,0.04420289855072464,0.04456521739130435,0.04492753623188406,0.045289855072463775,0.045652173913043485,0.04601449275362319,0.0463768115942029,0.04673913043478261,0.04710144927536232,0.04746376811594203,0.04782608695652174,0.04818840579710146,0.04855072463768116,0.04891304347826087,0.04927536231884058,0.04963768115942029,0.05,0.05,0.037500000000000006,0.025,0.0125,0.0,0.0,0.0007246376811594203,0.0014492753623188406,0.002173913043478261,0.002898550724637681,0.003623188405797102,0.004347826086956522,0.0050724637681159425,0.005797101449275362,0.006521739130434783,0.007246376811594204,0.007971014492753625,0.008695652173913044,0.009420289855072464,0.010144927536231885,0.010869565217391304,0.011594202898550725,0.012318840579710146,0.013043478260869566,0.013768115942028987,0.014492753623188408,0.015217391304347828,0.01594202898550725,0.016666666666666666,0.017391304347826087,0.018115942028985508,0.01884057971014493,0.01956521739130435,0.02028985507246377,0.021014492753623187,0.021739130434782608,0.02246376811594203,0.02318840579710145,0.02391304347826087,0.02463768115942029,0.025362318840579712,0.026086956521739132,0.026811594202898553,0.027536231884057974,0.02826086956521739,0.028985507246376815,0.029710144927536233,0.030434782608695657,0.031159420289855074,0.0318840579710145,0.03260869565217391,0.03333333333333333,0.034057971014492754,0.034782608695652174,0.035507246376811595,0.036231884057971016,0.03695652173913044,0.03768115942028986,0.03840579710144928,0.0391304347826087,0.03985507246376812,0.04057971014492754,0.04130434782608696,0.042028985507246375,0.0427536231884058,0.043478260869565216,0.044202898550724644,0.04492753623188406,0.045652173913043485,0.0463768115942029,0.04710144927536232,0.04782608695652174,0.04855072463768116,0.04927536231884058,0.05,0.05,0.037500000000000006,0.025,0.0125,0.0,-0.0,-0.0007246376811594203,-0.0014492753623188406,-0.002173913043478261,-0.002898550724637681,-0.003623188405797102,-0.004347826086956522,-0.0050724637681159425,-0.005797101449275362,-0.006521739130434783,-0.007246376811594204,-0.007971014492753625,-0.008695652173913044,-0.009420289855072464,-0.010144927536231885,-0.010869565217391304,-0.011594202898550725,-0.012318840579710146,-0.013043478260869566,-0.013768115942028987,-0.014492753623188408,-0.015217391304347828,-0.01594202898550725,-0.016666666666666666,-0.017391304347826087,-0.018115942028985508,-0.01884057971014493,-0.01956521739130435,-0.02028985507246377,-0.021014492753623187,-0.021739130434782608,-0.02246376811594203,-0.02318840579710145,-0.02391304347826087,-0.02463768115942029,-0.025362318840579712,-0.026086956521739132,-0.026811594202898553,-0.027536231884057974,-0.02826086956521739,-0.028985507246376815,-0.029710144927536233,-0.030434782608695657,-0.031159420289855074,-0.0318840579710145,-0.03260869565217391,-0.03333333333333333,-0.034057971014492754,-0.034782608695652174,-0.035507246376811595,-0.036231884057971016,-0.03695652173913044,-0.03768115942028986,-0.03840579710144928,-0.0391304347826087,-0.03985507246376812,-0.04057971014492754,-0.04130434782608696,-0.042028985507246375,-0.0427536231884058,-0.043478260869565216,-0.044202898550724644,-0.04492753623188406,-0.045652173913043485,-0.0463768115942029,-0.04710144927536232,-0.04782608695652174,-0.04855072463768116,-0.04927536231884058,-0.05,-0.05,-0.037500000000000006,-0.025,-0.0125,-0.0
