model_id,channel_44_1,channel_44_2,channel_44_3,channel_44_4,channel_44_5,channel_44_6,channel_44_7,channel_44_8,channel_44_9,channel_44_10,channel_44_11,channel_44_12,channel_44_13,channel_44_14,channel_44_15,channel_44_16,channel_44_17,channel_44_18,channel_44_19,channel_44_20,channel_44_21,channel_44_22,channel_44_23,channel_44_24,channel_44_25,channel_44_26,channel_44_27,channel_44_28,channel_44_29,channel_44_30,channel_44_31,channel_44_32,channel_44_33,channel_44_34,channel_44_35,channel_44_36,channel_44_37,channel_44_38,channel_44_39,channel_44_40,channel_44_41,channel_44_42,channel_44_43,channel_44_44,channel_44_45,channel_44_46,channel_44_47,channel_44_48,channel_44_49,channel_44_50,channel_44_51,channel_44_52,channel_44_53,channel_44_54,channel_44_55,channel_44_56,channel_44_57,channel_44_58,channel_44_59,channel_44_60,channel_44_61,channel_44_62,channel_44_63,channel_44_64,channel_44_65,channel_44_66,channel_44_67,channel_44_68,channel_44_69,channel_44_70,channel_44_71,channel_44_72,channel_44_73,channel_44_74,channel_44_75,channel_45_1,channel_45_2,channel_45_3,channel_45_4,channel_45_5,channel_45_6,channel_45_7,channel_45_8,channel_45_9,channel_45_10,channel_45_11,channel_45_12,channel_45_13,channel_45_14,channel_45_15,channel_45_16,channel_45_17,channel_45_18,channel_45_19,channel_45_20,channel_45_21,channel_45_22,channel_45_23,channel_45_24,channel_45_25,channel_45_26,channel_45_27,channel_45_28,channel_45_29,channel_45_30,channel_45_31,channel_45_32,channel_45_33,channel_45_34,channel_45_35,channel_45_36,channel_45_37,channel_45_38,channel_45_39,channel_45_40,channel_45_41,channel_45_42,channel_45_43,channel_45_44,channel_45_45,channel_45_46,channel_45_47,channel_45_48,channel_45_49,channel_45_50,channel_45_51,channel_45_52,channel_45_53,channel_45_54,channel_45_55,channel_45_56,channel_45_57,channel_45_58,channel_45_59,channel_45_60,channel_45_61,channel_45_62,channel_45_63,channel_45_64,channel_45_65,channel_45_66,channel_45_67,channel_45_68,channel_45_69,channel_45_70,channel_45_71,channel_45_72,channel_45_73,channel_45_74,channel_45_75,channel_46_1,channel_46_2,channel_46_3,channel_46_4,channel_46_5,channel_46_6,channel_46_7,channel_46_8,channel_46_9,channel_46_10,channel_46_11,channel_46_12,channel_46_13,channel_46_14,channel_46_15,channel_46_16,channel_46_17,channel_46_18,channel_46_19,channel_46_20,channel_46_21,channel_46_22,channel_46_23,channel_46_24,channel_46_25,channel_46_26,channel_46_27,channel_46_28,channel_46_29,channel_46_30,channel_46_31,channel_46_32,channel_46_33,channel_46_34,channel_46_35,channel_46_36,channel_46_37,channel_46_38,channel_46_39,channel_46_40,channel_46_41,channel_46_42,channel_46_43,channel_46_44,channel_46_45,channel_46_46,channel_46_47,channel_46_48,channel_46_49,channel_46_50,channel_46_51,channel_46_52,channel_46_53,channel_46_54,channel_46_55,channel_46_56,channel_46_57,channel_46_58,channel_46_59,channel_46_60,channel_46_61,channel_46_62,channel_46_63,channel_46_64,channel_46_65,channel_46_66,channel_46_67,channel_46_68,channel_46_69,channel_46_70,channel_46_71,channel_46_72,channel_46_73,channel_46_74,channel_46_75
1,0.0,0.0,0.0,0.0,0.0,0.0,0.0,0.0,0.0,0.0,0.0,0.0,0.0,0.0,0.0,0.0,0.0,0.0,0.0,0.0,0.0,0.0,0.0,0.0,0.0,0.0,0.0,0.0,0.0,0.0,0.0,0.0,0.0,0.0,0.0,0.0,0.0,0.0,0.0,0.0,0.0,0.0,0.0,0.0,0.0,0.0,0.0,0.0,0.0,0.0,0.0,0.0,0.0,0.0,0.0,0.0,0.0,0.0,0.0,0.0,0.0,0.0,0.0,0.0,0.0,0.0,0.0,0.0,0.0,0.0,0.0,0.0,0.0,0.0,0.0,0.0,0.0,0.0,0.0,0.0,0.0,0.0,0.0,0.0,0.0,0.0,0.0,0.0,0.0,0.0,0.0,0.0,0.0,0.0,0.0,0.0,0.0,0.0,0.0,0.0,0.0,0.0,0.0,0.0,0.0,0.0,0.0,0.0,0.0,0.0,0.0,0.0,0.0,0.0,0.0,0.0,0.0,0.0,0.0,0.0,0.0,0.0,0.0,0.0,0.0,0.0,0.0,0.0,0.0,0.0,0.0,0.0,0.0,0.0,0.0,0.0,0.0,0.0,0.0,0.0,0.0,0.0,0.0,0.0,0.0,0.0,0.0,0.0,0.0,0.0,-0.00825411081314087,-0.009478092193603516,-0.011250853538513184,-0.012315034866333008,-0.014220952987670898,-0.015853524208068848,-0.017071068286895752,-0.018346965312957764,-0.019200563430786133,-0.020640015602111816,-0.02119988203048706,-0.021484732627868652,-0.021531224250793457,-0.020723581314086914,-0.020456433296203613,-0.019138693809509277,-0.017393052577972412,-0.015130400657653809,-0.012049198150634766,-0.00932002067565918,-0.0058152079582214355,-0.001781165599822998,0.002522885799407959,0.007243752479553223,0.011274337768554688,0.01603454351425171,0.020655512809753418,0.02539294958114624,0.030060410499572754,0.03344041109085083,0.03707391023635864,0.04019355773925781,0.042834699153900146,0.04493248462677002,0.045595765113830566,0.04639875888824463,0.04590088129043579,0.04513269662857056,0.04342895746231079,0.04061281681060791,0.03788876533508301,0.0341721773147583,0.030570149421691895,0.02604234218597412,0.020841360092163086,0.016248047351837158,0.011309981346130371,0.006777346134185791,0.0019646286964416504,-0.002704441547393799,-0.0066519975662231445,-0.010553538799285889,-0.013468563556671143,-0.016494393348693848,-0.01908630132675171,-0.020726263523101807,-0.022192180156707764,-0.02256852388381958,-0.02328866720199585,-0.023302435874938965,-0.022731363773345947,-0.0219917893409729,-0.02068394422531128,-0.01991349458694458,-0.01855599880218506,-0.01681828498840332,-0.015262961387634277,-0.013097822666168213,-0.011977851390838623,-0.010540008544921875,-0.00889575481414795,-0.007202267646789551,-0.0053830742835998535,-0.00468820333480835,-0.0035805702209472656
2,0.0,0.0,0.0,0.0,0.0,0.0,0.0,0.0,0.0,0.0,0.0,0.0,0.0,0.0,0.0,0.0,0.0,0.0,0.0,0.0,0.0,0.0,0.0,0.0,0.0,0.0,0.0,0.0,0.0,0.0,0.0,0.0,0.0,0.0,0.0,0.0,0.0,0.0,0.0,0.0,0.0,0.0,0.0,0.0,0.0,0.0,0.0,0.0,0.0,0.0,0.0,0.0,0.0,0.0,0.0,0.0,0.0,0.0,0.0,0.0,0.0,0.0,0.0,0.0,0.0,0.0,0.0,0.0,0.0,0.0,0.0,0.0,0.0,0.0,0.0,0.0,0.0,0.0,0.0,0.0,0.0,0.0,0.0,0.0,0.0,0.0,0.0,0.0,0.0,0.0,0.0,0.0,0.0,0.0,0.0,0.0,0.0,0.0,0.0,0.0,0.0,0.0,0.0,0.0,0.0,0.0,0.0,0.0,0.0,0.0,0.0,0.0,0.0,0.0,0.0,0.0,0.0,0.0,0.0,0.0,0.0,0.0,0.0,0.0,0.0,0.0,0.0,0.0,0.0,0.0,0.0,0.0,0.0,0.0,0.0,0.0,0.0,0.0,0.0,0.0,0.0,0.0,0.0,0.0,0.0,0.0,0.0,0.0,0.0,0.0,0.010604023933410645,0.01281726360321045,0.01592928171157837,0.020358622074127197,0.026343345642089844,0.031871140003204346,0.03715795278549194,0.04077726602554321,0.04165470600128174,0.041049301624298096,0.04022341966629028,0.03946280479431152,0.03969472646713257,0.0398331880569458,0.04078918695449829,0.04207158088684082,0.04230058193206787,0.04156970977783203,0.04070770740509033,0.03965961933135986,0.03906905651092529,0.0383877158164978,0.037928998470306396,0.036633849143981934,0.03488534688949585,0.03378641605377197,0.03309744596481323,0.032901763916015625,0.0321812629699707,0.031115055084228516,0.03200632333755493,0.03221696615219116,0.031510353088378906,0.03040379285812378,0.02822667360305786,0.024799108505249023,0.019818603992462158,0.014540612697601318,0.009375274181365967,0.0024836063385009766,-0.006333708763122559,-0.016640067100524902,-0.025841474533081055,-0.033908188343048096,-0.03873664140701294,-0.04051053524017334,-0.040840983390808105,-0.04102224111557007,-0.04128032922744751,-0.04160332679748535,-0.041805386543273926,-0.042518675327301025,-0.043334364891052246,-0.043816447257995605,-0.04313516616821289,-0.041979968547821045,-0.04066497087478638,-0.03989917039871216,-0.04006922245025635,-0.039578914642333984,-0.038297057151794434,-0.03696101903915405,-0.03687411546707153,-0.03751951456069946,-0.03775501251220703,-0.037079036235809326,-0.03642606735229492,-0.03763490915298462,-0.038272202014923096,-0.03730452060699463,-0.03591519594192505,-0.0338403582572937,-0.03179633617401123,-0.028318285942077637,-0.024270474910736084
3,0.0,0.0,0.0,0.0,0.0,0.0,0.0,0.0,0.0,0.0,0.0,0.0,0.0,0.0,0.0,0.0,0.0,0.0,0.0,0.0,0.0,0.0,0.0,0.0,0.0,0.0,0.0,0.0,0.0,0.0,0.0,0.0,0.0,0.0,0.0,0.0,0.0,0.0,0.0,0.0,0.0,0.0,0.0,0.0,0.0,0.0,0.0,0.0,0.0,0.0,0.0,0.0,0.0,0.0,0.0,0.0,0.0,0.0,0.0,0.0,0.0,0.0,0.0,0.0,0.0,0.0,0.0,0.0,0.0,0.0,0.0,0.0,0.0,0.0,0.0,0.0,0.0,0.0,0.0,0.0,0.0,0.0,0.0,0.0,0.0,0.0,0.0,0.0,0.0,0.0,0.0,0.0,0.0,0.0,0.0,0.0,0.0,0.0,0.0,0.0,0.0,0.0,0.0,0.0,0.0,0.0,0.0,0.0,0.0,0.0,0.0,0.0,0.0,0.0,0.0,0.0,0.0,0.0,0.0,0.0,0.0,0.0,0.0,0.0,0.0,0.0,0.0,0.0,0.0,0.0,0.0,0.0,0.0,0.0,0.0,0.0,0.0,0.0,0.0,0.0,0.0,0.0,0.0,0.0,0.0,0.0,0.0,0.0,0.0,0.0,0.003771483898162842,0.0053904056549072266,0.007127702236175537,0.008395791053771973,0.009806513786315918,0.012294471263885498,0.015148341655731201,0.017611324787139893,0.019623756408691406,0.021695315837860107,0.024548470973968506,0.027522385120391846,0.03018820285797119,0.03190648555755615,0.03365683555603027,0.03591132164001465,0.03807640075683594,0.0392722487449646,0.03968071937561035,0.039725422859191895,0.040284812450408936,0.040264666080474854,0.03952151536941528,0.03723633289337158,0.03534567356109619,0.033825814723968506,0.0315626859664917,0.028723597526550293,0.02517622709274292,0.022115767002105713,0.019456923007965088,0.016963541507720947,0.01387876272201538,0.010202169418334961,0.007341980934143066,0.005369961261749268,0.003711521625518799,0.0011638402938842773,-0.00167006254196167,-0.004097580909729004,-0.005402624607086182,-0.007394969463348389,-0.009662628173828125,-0.012676239013671875,-0.015186905860900879,-0.016914725303649902,-0.019124388694763184,-0.021937012672424316,-0.025403976440429688,-0.02760833501815796,-0.029614567756652832,-0.031906962394714355,-0.03447085618972778,-0.036850035190582275,-0.038088858127593994,-0.0386272668838501,-0.039180755615234375,-0.03998732566833496,-0.04010963439941406,-0.03888809680938721,-0.03711575269699097,-0.035230040550231934,-0.033496081829071045,-0.03128516674041748,-0.028378069400787354,-0.025070488452911377,-0.021664559841156006,-0.019215822219848633,-0.01674938201904297,-0.01341259479522705,-0.01057422161102295,-0.007885336875915527,-0.006416797637939453,-0.005040645599365234,-0.003089606761932373
4,0.0,0.0,0.0,0.0,0.0,0.0,0.0,0.0,0.0,0.0,0.0,0.0,0.0,0.0,0.0,0.0,0.0,0.0,0.0,0.0,0.0,0.0,0.0,0.0,0.0,0.0,0.0,0.0,0.0,0.0,0.0,0.0,0.0,0.0,0.0,0.0,0.0,0.0,0.0,0.0,0.0,0.0,0.0,0.0,0.0,0.0,0.0,0.0,0.0,0.0,0.0,0.0,0.0,0.0,0.0,0.0,0.0,0.0,0.0,0.0,0.0,0.0,0.0,0.0,0.0,0.0,0.0,0.0,0.0,0.0,0.0,0.0,0.0,0.0,0.0,0.004798591136932373,0.005113840103149414,0.006011545658111572,0.006887853145599365,0.008315622806549072,0.00991356372833252,0.010648548603057861,0.011983275413513184,0.013297080993652344,0.015068769454956055,0.016894221305847168,0.018153131008148193,0.020076870918273926,0.021544694900512695,0.023745298385620117,0.025756120681762695,0.027114927768707275,0.029022514820098877,0.030634939670562744,0.03299915790557861,0.035139262676239014,0.03638339042663574,0.03796738386154175,0.03931361436843872,0.041138529777526855,0.042530834674835205,0.04315978288650513,0.04390937089920044,0.04435610771179199,0.045407235622406006,0.04575479030609131,0.04514205455780029,0.04460674524307251,0.04450273513793945,0.04458111524581909,0.043428778648376465,0.041911423206329346,0.04065972566604614,0.039286673069000244,0.03820282220840454,0.03620576858520508,0.03421527147293091,0.03245943784713745,0.030320167541503906,0.028773963451385498,0.026525139808654785,0.02428048849105835,0.022166013717651367,0.020115435123443604,0.018628418445587158,0.016454577445983887,0.014485001564025879,0.01250755786895752,0.010703504085540771,0.009561896324157715,0.007758975028991699,0.006464123725891113,0.005067706108093262,0.004078865051269531,0.0035818815231323242,0.002230226993560791,0.0013932585716247559,0.0005176663398742676,0.0002617835998535156,0.0003363490104675293,-0.00046265125274658203,-0.0009033083915710449,-0.0015103816986083984,-0.0014346837997436523,-0.0014410614967346191,-0.002048015594482422,-0.0021113157272338867,-0.002560555934906006,-0.0023740530014038086,-0.002123892307281494,0.0,0.0,0.0,0.0,0.0,0.0,0.0,0.0,0.0,0.0,0.0,0.0,0.0,0.0,0.0,0.0,0.0,0.0,0.0,0.0,0.0,0.0,0.0,0.0,0.0,0.0,0.0,0.0,0.0,0.0,0.0,0.0,0.0,0.0,0.0,0.0,0.0,0.0,0.0,0.0,0.0,0.0,0.0,0.0,0.0,0.0,0.0,0.0,0.0,0.0,0.0,0.0,0.0,0.0,0.0,0.0,0.0,0.0,0.0,0.0,0.0,0.0,0.0,0.0,0.0,0.0,0.0,0.0,0.0,0.0,0.0,0.0,0.0,0.0,0.0
5,0.0034068822860717773,0.0030045509338378906,0.0022470951080322266,0.001626431941986084,0.0019958019256591797,0.0019634366035461426,0.0012660622596740723,0.00031119585037231445,-0.0004138946533203125,-0.0001251697540283203,-0.00019276142120361328,-0.0010362863540649414,-0.0019881129264831543,-0.0026488304138183594,-0.0023284554481506348,-0.0024746060371398926,-0.0032048821449279785,-0.004028797149658203,-0.004632830619812012,-0.004556596279144287,-0.005044460296630859,-0.006137967109680176,-0.0076392292976379395,-0.008898794651031494,-0.009566962718963623,-0.01094585657119751,-0.012934625148773193,-0.01533585786819458,-0.017188847064971924,-0.018268883228302002,-0.020429611206054688,-0.02300328016281128,-0.025729119777679443,-0.02771073579788208,-0.02919822931289673,-0.0313417911529541,-0.033854126930236816,-0.03617370128631592,-0.03762376308441162,-0.038533031940460205,-0.04022705554962158,-0.04187673330307007,-0.04336971044540405,-0.04387795925140381,-0.04395812749862671,-0.044783830642700195,-0.04546236991882324,-0.04588049650192261,-0.045163750648498535,-0.04405719041824341,-0.04365706443786621,-0.04328787326812744,-0.04255390167236328,-0.04073578119277954,-0.038642287254333496,-0.037350594997406006,-0.03615850210189819,-0.03461718559265137,-0.03196042776107788,-0.029431283473968506,-0.027719736099243164,-0.02624678611755371,-0.024547934532165527,-0.02183598279953003,-0.01946777105331421,-0.01807272434234619,-0.01693791151046753,-0.01567000150680542,-0.013566017150878906,-0.012045800685882568,-0.01125788688659668,-0.010627150535583496,-0.009729862213134766,-0.008109211921691895,-0.007110238075256348,0.0,0.0,0.0,0.0,0.0,0.0,0.0,0.0,0.0,0.0,0.0,0.0,0.0,0.0,0.0,0.0,0.0,0.0,0.0,0.0,0.0,0.0,0.0,0.0,0.0,0.0,0.0,0.0,0.0,0.0,0.0,0.0,0.0,0.0,0.0,0.0,0.0,0.0,0.0,0.0,0.0,0.0,0.0,0.0,0.0,0.0,0.0,0.0,0.0,0.0,0.0,0.0,0.0,0.0,0.0,0.0,0.0,0.0,0.0,0.0,0.0,0.0,0.0,0.0,0.0,0.0,0.0,0.0,0.0,0.0,0.0,0.0,0.0,0.0,0.0,0.0,0.0,0.0,0.0,0.0,0.0,0.0,0.0,0.0,0.0,0.0,0.0,0.0,0.0,0.0,0.0,0.0,0.0,0.0,0.0,0.0,0.0,0.0,0.0,0.0,0.0,0.0,0.0,0.0,0.0,0.0,0.0,0.0,0.0,0.0,0.0,0.0,0.0,0.0,0.0,0.0,0.0,0.0,0.0,0.0,0.0,0.0,0.0,0.0,0.0,0.0,0.0,0.0,0.0,0.0,0.0,0.0,0.0,0.0,0.0,0.0,0.0,0.0,0.0,0.0,0.0,0.0,0.0,0.0,0.0,0.0,0.0,0.0,0.0,0.0
6,0.0035325288772583008,0.005016982555389404,0.006226480007171631,0.007316529750823975,0.00894254446029663,0.010492205619812012,0.012398004531860352,0.014210641384124756,0.016194701194763184,0.018460750579833984,0.020103037357330322,0.02216392755508423,0.02436208724975586,0.026542305946350098,0.02896714210510254,0.030429422855377197,0.0324864387512207,0.03432273864746094,0.03677332401275635,0.03874647617340088,0.040040433406829834,0.0416070818901062,0.04301518201828003,0.044973671436309814,0.04642540216445923,0.047019004821777344,0.04782193899154663,0.04820442199707031,0.04933929443359375,0.04989457130432129,0.04958230257034302,0.04922205209732056,0.048565566539764404,0.04873579740524292,0.04823952913284302,0.047040581703186035,0.045848727226257324,0.04457014799118042,0.04379218816757202,0.042387425899505615,0.04059302806854248,0.03888911008834839,0.037273287773132324,0.03582960367202759,0.03398847579956055,0.03164798021316528,0.0298345685005188,0.028018295764923096,0.026700377464294434,0.024689972400665283,0.022535979747772217,0.020703434944152832,0.01905190944671631,0.017877519130706787,0.01582866907119751,0.013979196548461914,0.01224660873413086,0.010923027992248535,0.009965240955352783,0.008315742015838623,0.007067620754241943,0.005883514881134033,0.004788219928741455,0.004062950611114502,0.0029160380363464355,0.002475917339324951,0.0017767548561096191,0.0010666847229003906,0.0005858540534973145,-0.00010955333709716797,-0.00011289119720458984,-0.0003452301025390625,-0.0005463361740112305,-0.0006693005561828613,-0.0010932683944702148,0.0,0.0,0.0,0.0,0.0,0.0,0.0,0.0,0.0,0.0,0.0,0.0,0.0,0.0,0.0,0.0,0.0,0.0,0.0,0.0,0.0,0.0,0.0,0.0,0.0,0.0,0.0,0.0,0.0,0.0,0.0,0.0,0.0,0.0,0.0,0.0,0.0,0.0,0.0,0.0,0.0,0.0,0.0,0.0,0.0,0.0,0.0,0.0,0.0,0.0,0.0,0.0,0.0,0.0,0.0,0.0,0.0,0.0,0.0,0.0,0.0,0.0,0.0,0.0,0.0,0.0,0.0,0.0,0.0,0.0,0.0,0.0,0.0,0.0,0.0,0.0,0.0,0.0,0.0,0.0,0.0,0.0,0.0,0.0,0.0,0.0,0.0,0.0,0.0,0.0,0.0,0.0,0.0,0.0,0.0,0.0,0.0,0.0,0.0,0.0,0.0,0.0,0.0,0.0,0.0,0.0,0.0,0.0,0.0,0.0,0.0,0.0,0.0,0.0,0.0,0.0,0.0,0.0,0.0,0.0,0.0,0.0,0.0,0.0,0.0,0.0,0.0,0.0,0.0,0.0,0.0,0.0,0.0,0.0,0.0,0.0,0.0,0.0,0.0,0.0,0.0,0.0,0.0,0.0,0.0,0.0,0.0,0.0,0.0,0.0
7,0.0,0.0,0.0,0.0,0.0,0.0,0.0,0.0,0.0,0.0,0.0,0.0,0.0,0.0,0.0,0.0,0.0,0.0,0.0,0.0,0.0,0.0,0.0,0.0,0.0,0.0,0.0,0.0,0.0,0.0,0.0,0.0,0.0,0.0,0.0,0.0,0.0,0.0,0.0,0.0,0.0,0.0,0.0,0.0,0.0,0.0,0.0,0.0,0.0,0.0,0.0,0.0,0.0,0.0,0.0,0.0,0.0,0.0,0.0,0.0,0.0,0.0,0.0,0.0,0.0,0.0,0.0,0.0,0.0,0.0,0.0,0.0,0.0,0.0,0.0,-0.020580589771270752,-0.023582875728607178,-0.027509331703186035,-0.030449509620666504,-0.03273272514343262,-0.03432518243789673,-0.035108745098114014,-0.0357246994972229,-0.03559470176696777,-0.034983813762664795,-0.03373610973358154,-0.03265959024429321,-0.03202342987060547,-0.030943453311920166,-0.029544174671173096,-0.02767622470855713,-0.026095032691955566,-0.025008440017700195,-0.023971199989318848,-0.022977054119110107,-0.02168518304824829,-0.020853161811828613,-0.02015453577041626,-0.018864095211029053,-0.017651617527008057,-0.016194283962249756,-0.01521456241607666,-0.01394641399383545,-0.012581467628479004,-0.011257290840148926,-0.009854555130004883,-0.008896946907043457,-0.007776498794555664,-0.006746232509613037,-0.0055391788482666016,-0.00418245792388916,-0.0032243728637695312,-0.0024039745330810547,-0.0011216402053833008,0.00013303756713867188,0.001572728157043457,0.002692103385925293,0.003998816013336182,0.0053754448890686035,0.006870269775390625,0.0084916353225708,0.009544849395751953,0.010909974575042725,0.012084782123565674,0.013467848300933838,0.014597773551940918,0.015475928783416748,0.016425371170043945,0.017537474632263184,0.018909037113189697,0.020085811614990234,0.02103346586227417,0.022326350212097168,0.024039089679718018,0.02567356824874878,0.027313649654388428,0.028868794441223145,0.03046935796737671,0.03227466344833374,0.033858418464660645,0.03524315357208252,0.03568077087402344,0.036196351051330566,0.036193013191223145,0.03579026460647583,0.034911274909973145,0.03272676467895508,0.03020942211151123,0.02749490737915039,0.024717867374420166,0.0,0.0,0.0,0.0,0.0,0.0,0.0,0.0,0.0,0.0,0.0,0.0,0.0,0.0,0.0,0.0,0.0,0.0,0.0,0.0,0.0,0.0,0.0,0.0,0.0,0.0,0.0,0.0,0.0,0.0,0.0,0.0,0.0,0.0,0.0,0.0,0.0,0.0,0.0,0.0,0.0,0.0,0.0,0.0,0.0,0.0,0.0,0.0,0.0,0.0,0.0,0.0,0.0,0.0,0.0,0.0,0.0,0.0,0.0,0.0,0.0,0.0,0.0,0.0,0.0,0.0,0.0,0.0,0.0,0.0,0.0,0.0,0.0,0.0,0.0
8,0.0,0.0,0.0,0.0,0.0,0.0,0.0,0.0,0.0,0.0,0.0,0.0,0.0,0.0,0.0,0.0,0.0,0.0,0.0,0.0,0.0,0.0,0.0,0.0,0.0,0.0,0.0,0.0,0.0,0.0,0.0,0.0,0.0,0.0,0.0,0.0,0.0,0.0,0.0,0.0,0.0,0.0,0.0,0.0,0.0,0.0,0.0,0.0,0.0,0.0,0.0,0.0,0.0,0.0,0.0,0.0,0.0,0.0,0.0,0.0,0.0,0.0,0.0,0.0,0.0,0.0,0.0,0.0,0.0,0.0,0.0,0.0,0.0,0.0,0.0,0.0,0.0,0.0,0.0,0.0,0.0,0.0,0.0,0.0,0.0,0.0,0.0,0.0,0.0,0.0,0.0,0.0,0.0,0.0,0.0,0.0,0.0,0.0,0.0,0.0,0.0,0.0,0.0,0.0,0.0,0.0,0.0,0.0,0.0,0.0,0.0,0.0,0.0,0.0,0.0,0.0,0.0,0.0,0.0,0.0,0.0,0.0,0.0,0.0,0.0,0.0,0.0,0.0,0.0,0.0,0.0,0.0,0.0,0.0,0.0,0.0,0.0,0.0,0.0,0.0,0.0,0.0,0.0,0.0,0.0,0.0,0.0,0.0,0.0,0.0,-0.0067473649978637695,-0.006095826625823975,-0.0051427483558654785,-0.004268229007720947,-0.0033585429191589355,-0.002545475959777832,-0.001363217830657959,0.00018161535263061523,0.001607656478881836,0.0026566386222839355,0.0030434131622314453,0.0035504698753356934,0.004460453987121582,0.00554579496383667,0.006301581859588623,0.006710171699523926,0.007328391075134277,0.008761167526245117,0.010016858577728271,0.009771585464477539,0.007973909378051758,0.00634002685546875,0.0055081844329833984,0.003515183925628662,0.0001512765884399414,-0.004028797149658203,-0.007654964923858643,-0.01112675666809082,-0.015133202075958252,-0.020389199256896973,-0.025830328464508057,-0.028783440589904785,-0.031884193420410156,-0.03416973352432251,-0.03428012132644653,-0.031949639320373535,-0.027577877044677734,-0.02369898557662964,-0.020593881607055664,-0.018166661262512207,-0.015591740608215332,-0.013024330139160156,-0.01077049970626831,-0.008302927017211914,-0.0057486891746521,-0.002768099308013916,0.00026351213455200195,0.0026247501373291016,0.004699110984802246,0.007375836372375488,0.010546624660491943,0.013688921928405762,0.015981972217559814,0.018088459968566895,0.020421743392944336,0.02334749698638916,0.025898993015289307,0.027108371257781982,0.028216779232025146,0.029526591300964355,0.03097468614578247,0.031069159507751465,0.028569817543029785,0.02537977695465088,0.02213507890701294,0.01766866445541382,0.010848701000213623,0.0036252737045288086,-0.0019360780715942383,-0.006263911724090576,-0.010698556900024414,-0.014067590236663818,-0.014995336532592773,-0.013583540916442871,-0.010717451572418213
9,0.0,0.0,0.0,0.0,0.0,0.0,0.0,0.0,0.0,0.0,0.0,0.0,0.0,0.0,0.0,0.0,0.0,0.0,0.0,0.0,0.0,0.0,0.0,0.0,0.0,0.0,0.0,0.0,0.0,0.0,0.0,0.0,0.0,0.0,0.0,0.0,0.0,0.0,0.0,0.0,0.0,0.0,0.0,0.0,0.0,0.0,0.0,0.0,0.0,0.0,0.0,0.0,0.0,0.0,0.0,0.0,0.0,0.0,0.0,0.0,0.0,0.0,0.0,0.0,0.0,0.0,0.0,0.0,0.0,0.0,0.0,0.0,0.0,0.0,0.0,-0.022586464881896973,-0.029674828052520752,-0.03659522533416748,-0.03820282220840454,-0.039269328117370605,-0.03887540102005005,-0.03796565532684326,-0.03629899024963379,-0.03579622507095337,-0.036089956760406494,-0.036714255809783936,-0.03606879711151123,-0.034845173358917236,-0.033565640449523926,-0.03212934732437134,-0.030746877193450928,-0.029230773448944092,-0.028140366077423096,-0.027403950691223145,-0.02638375759124756,-0.025299549102783203,-0.023740291595458984,-0.02235269546508789,-0.02106189727783203,-0.020036935806274414,-0.018937349319458008,-0.01788109540939331,-0.016739845275878906,-0.01567786931991577,-0.014501988887786865,-0.013085126876831055,-0.011656403541564941,-0.010263502597808838,-0.008534014225006104,-0.0069637298583984375,-0.005704939365386963,-0.004679322242736816,-0.003622770309448242,-0.0020666122436523438,-0.0009484291076660156,0.0001800060272216797,0.0014639496803283691,0.002895355224609375,0.004738748073577881,0.006327033042907715,0.00801306962966919,0.009359180927276611,0.010412931442260742,0.011598348617553711,0.012573480606079102,0.013836264610290527,0.015375256538391113,0.01701599359512329,0.018816649913787842,0.020564734935760498,0.022412896156311035,0.02397012710571289,0.025404512882232666,0.026975810527801514,0.028014421463012695,0.02932608127593994,0.03084731101989746,0.03274112939834595,0.034448325634002686,0.03545427322387695,0.0365368127822876,0.03694033622741699,0.03690505027770996,0.03797692060470581,0.039025723934173584,0.03933513164520264,0.03908449411392212,0.03854727745056152,0.03384697437286377,0.028385579586029053,-0.022096216678619385,-0.030041158199310303,-0.03517568111419678,-0.037069082260131836,-0.03845769166946411,-0.038016557693481445,-0.037246882915496826,-0.035447776317596436,-0.03512716293334961,-0.03562229871749878,-0.03594803810119629,-0.035161614418029785,-0.03397858142852783,-0.03309822082519531,-0.03145676851272583,-0.030023157596588135,-0.028758585453033447,-0.027675390243530273,-0.027020931243896484,-0.025772809982299805,-0.024708032608032227,-0.02319502830505371,-0.021940886974334717,-0.020896732807159424,-0.019397258758544922,-0.01841181516647339,-0.017257273197174072,-0.016229093074798584,-0.015524506568908691,-0.014084458351135254,-0.01280510425567627,-0.011363506317138672,-0.00964432954788208,-0.008239686489105225,-0.0067054033279418945,-0.0054895877838134766,-0.003959059715270996,-0.0027056336402893066,-0.00161820650100708,-0.0006636381149291992,0.0005242824554443359,0.001987278461456299,0.003420412540435791,0.005055546760559082,0.00698167085647583,0.00848323106765747,0.009916543960571289,0.011026203632354736,0.01211094856262207,0.013143420219421387,0.01429826021194458,0.0161171555519104,0.017789900302886963,0.019367218017578125,0.02111607789993286,0.02310711145401001,0.02461826801300049,0.02606964111328125,0.027357935905456543,0.028538405895233154,0.029934704303741455,0.03197664022445679,0.03349411487579346,0.03500419855117798,0.035888671875,0.037068843841552734,0.03735613822937012,0.037562787532806396,0.03834038972854614,0.03968781232833862,0.04025226831436157,0.04072880744934082,0.03897494077682495,0.034172892570495605,0.02840721607208252
10,0.0,0.0,0.0,0.0,0.0,0.0,0.0,0.0,0.0,0.0,0.0,0.0,0.0,0.0,0.0,0.0,0.0,0.0,0.0,0.0,0.0,0.0,0.0,0.0,0.0,0.0,0.0,0.0,0.0,0.0,0.0,0.0,0.0,0.0,0.0,0.0,0.0,0.0,0.0,0.0,0.0,0.0,0.0,0.0,0.0,0.0,0.0,0.0,0.0,0.0,0.0,0.0,0.0,0.0,0.0,0.0,0.0,0.0,0.0,0.0,0.0,0.0,0.0,0.0,0.0,0.0,0.0,0.0,0.0,0.0,0.0,0.0,0.0,0.0,0.0,-0.02443903684616089,-0.027388155460357666,-0.030114293098449707,-0.03208601474761963,-0.032876789569854736,-0.03356534242630005,-0.033272385597229004,-0.03281766176223755,-0.03215181827545166,-0.03149402141571045,-0.030274510383605957,-0.028685271739959717,-0.027516186237335205,-0.027101218700408936,-0.026315748691558838,-0.025487840175628662,-0.023996591567993164,-0.022904574871063232,-0.022053062915802002,-0.020737826824188232,-0.019580364227294922,-0.017940819263458252,-0.017031371593475342,-0.01605677604675293,-0.014974057674407959,-0.013772666454315186,-0.01209878921508789,-0.011089205741882324,-0.010526478290557861,-0.009685695171356201,-0.008602142333984375,-0.007467865943908691,-0.006784260272979736,-0.0060724616050720215,-0.005229771137237549,-0.004542410373687744,-0.0031499266624450684,-0.0020554065704345703,-0.0012124180793762207,-0.00029027462005615234,0.0011619925498962402,0.0032097697257995605,0.004139244556427002,0.005129694938659668,0.006390988826751709,0.008144378662109375,0.009756982326507568,0.010553896427154541,0.01145869493484497,0.012664735317230225,0.014335989952087402,0.01610809564590454,0.016828417778015137,0.01803421974182129,0.019236207008361816,0.020914316177368164,0.022481203079223633,0.023403406143188477,0.02450728416442871,0.02508491277694702,0.026149332523345947,0.02736210823059082,0.02849525213241577,0.029309391975402832,0.029887855052947998,0.030902206897735596,0.03172498941421509,0.03174072504043579,0.03123784065246582,0.03113377094268799,0.030544757843017578,0.029306530952453613,0.02711552381515503,0.023585617542266846,0.020303845405578613,0.008874058723449707,0.010169506072998047,0.011864304542541504,0.014144301414489746,0.017051994800567627,0.020243942737579346,0.022749722003936768,0.025558650493621826,0.028410375118255615,0.031710028648376465,0.03476053476333618,0.03661400079727173,0.03839230537414551,0.03977435827255249,0.04156428575515747,0.042933523654937744,0.04311937093734741,0.043191373348236084,0.043234407901763916,0.04347103834152222,0.04318726062774658,0.04156148433685303,0.040336668491363525,0.03875809907913208,0.03748142719268799,0.035574913024902344,0.03288102149963379,0.030384063720703125,0.027576744556427002,0.02528977394104004,0.022215068340301514,0.01845383644104004,0.014995396137237549,0.011473238468170166,0.008265972137451172,0.0047002434730529785,0.0009682774543762207,-0.002756655216217041,-0.006430447101593018,-0.0091477632522583,-0.012526512145996094,-0.016246378421783447,-0.019564032554626465,-0.022435426712036133,-0.024445831775665283,-0.027319133281707764,-0.030242443084716797,-0.03260248899459839,-0.03443777561187744,-0.035622239112854004,-0.03755110502243042,-0.03929924964904785,-0.04070013761520386,-0.041227519512176514,-0.041320860385894775,-0.0420680046081543,-0.04213601350784302,-0.04194754362106323,-0.040813446044921875,-0.039209723472595215,-0.03843408823013306,-0.03682684898376465,-0.0349847674369812,-0.03278982639312744,-0.030343949794769287,-0.028551340103149414,-0.02611863613128662,-0.023880302906036377,-0.020982205867767334,-0.0174751877784729,-0.014748632907867432,-0.012063205242156982,-0.009635329246520996,-0.006843447685241699,-0.004524946212768555
11,0.0,0.0,0.0,0.0,0.0,0.0,0.0,0.0,0.0,0.0,0.0,0.0,0.0,0.0,0.0,0.0,0.0,0.0,0.0,0.0,0.0,0.0,0.0,0.0,0.0,0.0,0.0,0.0,0.0,0.0,0.0,0.0,0.0,0.0,0.0,0.0,0.0,0.0,0.0,0.0,0.0,0.0,0.0,0.0,0.0,0.0,0.0,0.0,0.0,0.0,0.0,0.0,0.0,0.0,0.0,0.0,0.0,0.0,0.0,0.0,0.0,0.0,0.0,0.0,0.0,0.0,0.0,0.0,0.0,0.0,0.0,0.0,0.0,0.0,0.0,0.0,0.0,0.0,0.0,0.0,0.0,0.0,0.0,0.0,0.0,0.0,0.0,0.0,0.0,0.0,0.0,0.0,0.0,0.0,0.0,0.0,0.0,0.0,0.0,0.0,0.0,0.0,0.0,0.0,0.0,0.0,0.0,0.0,0.0,0.0,0.0,0.0,0.0,0.0,0.0,0.0,0.0,0.0,0.0,0.0,0.0,0.0,0.0,0.0,0.0,0.0,0.0,0.0,0.0,0.0,0.0,0.0,0.0,0.0,0.0,0.0,0.0,0.0,0.0,0.0,0.0,0.0,0.0,0.0,0.0,0.0,0.0,0.0,0.0,0.0,0.012701809406280518,0.01745760440826416,0.020386993885040283,0.021025121212005615,0.02145552635192871,0.024025678634643555,0.022891223430633545,0.01906031370162964,0.018398761749267578,0.014088809490203857,0.010370373725891113,0.0030099153518676758,-0.001809537410736084,-0.00788503885269165,-0.017651796340942383,-0.019048869609832764,-0.022967219352722168,-0.023975253105163574,-0.027669906616210938,-0.021960556507110596,-0.0187416672706604,-0.01533883810043335,-0.009837985038757324,-0.003953158855438232,0.005446791648864746,0.01342320442199707,0.020650029182434082,0.025256097316741943,0.027781248092651367,0.028327107429504395,0.03084433078765869,0.031048297882080078,0.0251082181930542,0.023350000381469727,0.01808720827102661,0.014238059520721436,0.004235327243804932,-0.0054817795753479,-0.012750029563903809,-0.021516740322113037,-0.0216100811958313,-0.024492204189300537,-0.023929297924041748,-0.025928795337677002,-0.019701659679412842,-0.015477657318115234,-0.010913372039794922,-0.0032218098640441895,0.002263665199279785,0.016574203968048096,0.0260467529296875,0.03039419651031494,0.03156769275665283,0.03164738416671753,0.030183076858520508,0.03043651580810547,0.0308036208152771,0.02375692129135132,0.020977258682250977,0.014433324337005615,0.009697973728179932,-0.0003635883331298828,-0.013210952281951904,-0.020553171634674072,-0.027143001556396484,-0.026216208934783936,-0.028867065906524658,-0.028709828853607178,-0.029681503772735596,-0.02570706605911255,-0.0229683518409729,-0.02090919017791748,-0.014918625354766846,-0.014099299907684326,-0.004122912883758545
12,-0.016003787517547607,-0.02100425958633423,-0.02777719497680664,-0.02933734655380249,-0.02795541286468506,-0.02716606855392456,-0.026593267917633057,-0.027486801147460938,-0.02786046266555786,-0.027939796447753906,-0.028178095817565918,-0.028391659259796143,-0.02838432788848877,-0.02824503183364868,-0.027983665466308594,-0.02768641710281372,-0.027348101139068604,-0.027212023735046387,-0.02733224630355835,-0.02738940715789795,-0.027186810970306396,-0.026791036128997803,-0.026676952838897705,-0.026864290237426758,-0.027295589447021484,-0.0271795392036438,-0.026509106159210205,-0.026384711265563965,-0.026456773281097412,-0.027196884155273438,-0.02750110626220703,-0.027426719665527344,-0.027285397052764893,-0.027132868766784668,-0.02711719274520874,-0.02719259262084961,-0.027042508125305176,-0.027126073837280273,-0.02718496322631836,-0.027163445949554443,-0.027109265327453613,-0.027184605598449707,-0.027478456497192383,-0.027295053005218506,-0.027261316776275635,-0.02726846933364868,-0.027217566967010498,-0.027299165725708008,-0.027378559112548828,-0.027827739715576172,-0.027760624885559082,-0.02738511562347412,-0.02704751491546631,-0.026894450187683105,-0.027419745922088623,-0.027666032314300537,-0.027767956256866455,-0.027624905109405518,-0.027404367923736572,-0.02749931812286377,-0.0275651216506958,-0.027526378631591797,-0.027474403381347656,-0.027317583560943604,-0.02720242738723755,-0.0271112322807312,-0.027122914791107178,-0.02673637866973877,-0.026135683059692383,-0.025333762168884277,-0.025817811489105225,-0.02658623456954956,-0.027059435844421387,-0.024967551231384277,-0.02099543809890747,-0.01623833179473877,-0.022236227989196777,-0.028997421264648438,-0.02902919054031372,-0.028291761875152588,-0.027191996574401855,-0.026958465576171875,-0.02781522274017334,-0.027818143367767334,-0.028157472610473633,-0.028285682201385498,-0.02843165397644043,-0.02832871675491333,-0.028340637683868408,-0.02842843532562256,-0.027915894985198975,-0.027532517910003662,-0.027310550212860107,-0.027563631534576416,-0.02779179811477661,-0.0273282527923584,-0.02679365873336792,-0.02660214900970459,-0.026817917823791504,-0.027419328689575195,-0.026997804641723633,-0.02660590410232544,-0.0264589786529541,-0.026834487915039062,-0.027397513389587402,-0.027391791343688965,-0.02732408046722412,-0.027052998542785645,-0.027164697647094727,-0.02719181776046753,-0.02719271183013916,-0.02708643674850464,-0.027061641216278076,-0.027107656002044678,-0.02710944414138794,-0.027060747146606445,-0.027328550815582275,-0.02734774351119995,-0.027307093143463135,-0.027208983898162842,-0.027246475219726562,-0.027260959148406982,-0.027143478393554688,-0.027415037155151367,-0.027746856212615967,-0.027691423892974854,-0.0274277925491333,-0.027099013328552246,-0.02707958221435547,-0.027364134788513184,-0.02774578332901001,-0.027769029140472412,-0.027597010135650635,-0.027433156967163086,-0.02738356590270996,-0.02753371000289917,-0.027506232261657715,-0.02734375,-0.02726876735687256,-0.027163684368133545,-0.027264118194580078,-0.027056217193603516,-0.0264243483543396,-0.025954604148864746,-0.025689005851745605,-0.026371300220489502,-0.026877164840698242,-0.02724212408065796,-0.024058997631072998,-0.01944833993911743,-0.01589226722717285,-0.02341008186340332,-0.02880948781967163,-0.02874135971069336,-0.027946114540100098,-0.02671957015991211,-0.027198195457458496,-0.028018712997436523,-0.027860045433044434,-0.027954578399658203,-0.027877092361450195,-0.028385818004608154,-0.028615117073059082,-0.02844071388244629,-0.028463661670684814,-0.027849316596984863,-0.02764827013015747,-0.027674973011016846,-0.027806460857391357,-0.02769225835800171,-0.027111470699310303,-0.02672135829925537,-0.02673161029815674,-0.02664560079574585,-0.027056097984313965,-0.026491105556488037,-0.026745975017547607,-0.02692192792892456,-0.027023732662200928,-0.02727377414703369,-0.02725011110305786,-0.02710968255996704,-0.027089416980743408,-0.02708333730697632,-0.02712947130203247,-0.027017533779144287,-0.02703195810317993,-0.026834845542907715,-0.026884078979492188,-0.02695012092590332,-0.026776134967803955,-0.02713644504547119,-0.027281522750854492,-0.027242302894592285,-0.02715545892715454,-0.027076423168182373,-0.02701336145401001,-0.026930510997772217,-0.027147889137268066,-0.027689576148986816,-0.027557075023651123,-0.027276337146759033,-0.02698761224746704,-0.026896774768829346,-0.02725273370742798,-0.02746206521987915,-0.02766662836074829,-0.02742600440979004,-0.027245759963989258,-0.027117252349853516,-0.027116596698760986,-0.027235865592956543,-0.02718442678451538,-0.02714592218399048,-0.02702462673187256,-0.026880264282226562,-0.026543617248535156,-0.026043832302093506,-0.025813579559326172,-0.025979161262512207,-0.026414155960083008,-0.026822924613952637,-0.026087284088134766,-0.023062407970428467,-0.017822265625
13,-0.0005346536636352539,0.0007269978523254395,0.002185821533203125,0.0038291215896606445,0.007189452648162842,0.011843562126159668,0.01693129539489746,0.021867573261260986,0.02674722671508789,0.03176194429397583,0.03578883409500122,0.039216697216033936,0.04143083095550537,0.0419086217880249,0.04183679819107056,0.04119229316711426,0.04002666473388672,0.038266897201538086,0.035838305950164795,0.034384727478027344,0.0333559513092041,0.03229975700378418,0.03102356195449829,0.029605865478515625,0.028868138790130615,0.02718985080718994,0.025071322917938232,0.0217515230178833,0.018159806728363037,0.014998853206634521,0.01178818941116333,0.008800506591796875,0.005813479423522949,0.003764927387237549,0.003046691417694092,0.002971470355987549,0.0029982328414916992,0.002247452735900879,0.001137375831604004,0.0005937814712524414,1.52587890625e-05,-0.0005140900611877441,-0.0017287731170654297,-0.0021701455116271973,-0.0019012093544006348,-0.0019290447235107422,-0.002090930938720703,-0.0031638145446777344,-0.003452122211456299,-0.0031647086143493652,-0.002700507640838623,-0.0023176074028015137,-0.0024678707122802734,-0.002428889274597168,-0.0018903017044067383,-0.002085745334625244,-0.0025293827056884766,-0.0034932494163513184,-0.0037064552307128906,-0.0031237006187438965,-0.0021407008171081543,-0.0014818906784057617,-0.0013377070426940918,-0.001362621784210205,-0.0011085271835327148,-0.0011579394340515137,-0.0017385482788085938,-0.00250321626663208,-0.0023999810218811035,-0.0017161369323730469,-0.0008095502853393555,-0.0006539821624755859,-0.0011695623397827148,-0.0012409687042236328,-0.00116044282913208,0.0005396604537963867,0.00011277198791503906,-0.0003968477249145508,-0.0008159279823303223,-0.0010764598846435547,-0.0010820627212524414,-0.0017846226692199707,-0.0024321675300598145,-0.002042531967163086,-0.001530468463897705,-0.001154482364654541,-0.001570582389831543,-0.0018042325973510742,-0.0017857551574707031,-0.0018538832664489746,-0.002218186855316162,-0.0029471516609191895,-0.003179311752319336,-0.0027962327003479004,-0.0024335384368896484,-0.002623319625854492,-0.0033831000328063965,-0.0037838220596313477,-0.0033841729164123535,-0.002368927001953125,-0.0016311407089233398,-0.0014702081680297852,-0.00026345252990722656,0.0023366212844848633,0.006282627582550049,0.00992661714553833,0.01399451494216919,0.01883852481842041,0.02500438690185547,0.03057122230529785,0.034248530864715576,0.037135303020477295,0.03991234302520752,0.041132330894470215,0.04122036695480347,0.039773643016815186,0.037739098072052,0.03626227378845215,0.035028040409088135,0.03397566080093384,0.03232622146606445,0.03020268678665161,0.028896450996398926,0.02811223268508911,0.027114808559417725,0.02492469549179077,0.02247476577758789,0.020358383655548096,0.01813530921936035,0.015381157398223877,0.011563539505004883,0.007941007614135742,0.005584120750427246,0.004304945468902588,0.003349781036376953,0.0023894309997558594,0.0017452239990234375,0.0017803311347961426,0.001289069652557373,0.0005195140838623047,-0.000924229621887207,-0.0020241141319274902,-0.00245511531829834,-0.0021059513092041016,-0.001968681812286377,-0.002357780933380127,-0.002817511558532715,-0.0028287768363952637,-0.0025806427001953125,-0.002494513988494873,0.00018173456192016602,0.00019741058349609375,0.0002949237823486328,-6.830692291259766e-05,-0.0005533099174499512,-0.0013817548751831055,-0.0014104843139648438,-0.001047968864440918,-0.0005759000778198242,-0.0007481575012207031,-0.0009945034980773926,-0.0005512833595275879,3.504753112792969e-05,0.0002015233039855957,-0.0005695223808288574,-0.0011695027351379395,-0.0005519390106201172,-3.74913215637207e-05,-0.00012052059173583984,-0.0009341835975646973,-0.00147247314453125,-0.0012617111206054688,-0.0005055665969848633,0.00036603212356567383,4.976987838745117e-05,-0.0002563595771789551,-0.00022673606872558594,-0.00013709068298339844,-0.0005453228950500488,-0.0019950270652770996,-0.002999603748321533,-0.002906620502471924,-0.0026284456253051758,-0.002214789390563965,-0.0026994943618774414,-0.0023345351219177246,-0.0015195608139038086,-0.00099867582321167,-0.0015191435813903809,-0.0027194619178771973,-0.0032770633697509766,-0.0031695961952209473,-0.0027513504028320312,-0.0026044249534606934,-0.0030745863914489746,-0.0032796263694763184,-0.003536522388458252,-0.0036587119102478027,-0.004034221172332764,-0.004236459732055664,-0.0034790635108947754,-0.0015315413475036621,0.0008053183555603027,0.003365814685821533,0.006399273872375488,0.010329842567443848,0.015498578548431396,0.020927369594573975,0.026127278804779053,0.030622661113739014,0.03463852405548096,0.038547635078430176,0.04133528470993042,0.04184854030609131,0.04083585739135742,0.039808809757232666,0.03884309530258179,0.037689924240112305,0.03567761182785034,0.033890604972839355,0.033192992210388184,0.032253146171569824,0.03126704692840576,0.02946460247039795,0.027579188346862793
14,0.0,0.0,0.0,0.0,0.0,0.0,0.0,0.0,0.0,0.0,0.0,0.0,0.0,0.0,0.0,0.0,0.0,0.0,0.0,0.0,0.0,0.0,0.0,0.0,0.0,0.0,0.0,0.0,0.0,0.0,0.0,0.0,0.0,0.0,0.0,0.0,0.0,0.0,0.0,0.0,0.0,0.0,0.0,0.0,0.0,0.0,0.0,0.0,0.0,0.0,0.0,0.0,0.0,0.0,0.0,0.0,0.0,0.0,0.0,0.0,0.0,0.0,0.0,0.0,0.0,0.0,0.0,0.0,0.0,0.0,0.0,0.0,0.0,0.0,0.0,-0.0019822120666503906,-0.0033200979232788086,-0.0045893192291259766,-0.006020188331604004,-0.007821083068847656,-0.009569883346557617,-0.011474370956420898,-0.013192474842071533,-0.014990687370300293,-0.017369508743286133,-0.019173860549926758,-0.0212552547454834,-0.022862613201141357,-0.024614989757537842,-0.026435911655426025,-0.027781426906585693,-0.029170751571655273,-0.029870927333831787,-0.03049105405807495,-0.03118675947189331,-0.03144878149032593,-0.03167241811752319,-0.031198084354400635,-0.030637145042419434,-0.030097007751464844,-0.02951955795288086,-0.028642356395721436,-0.027117431163787842,-0.0261843204498291,-0.025199592113494873,-0.023798644542694092,-0.02283090353012085,-0.021695435047149658,-0.020861446857452393,-0.020245730876922607,-0.019692838191986084,-0.01943129301071167,-0.018928587436676025,-0.01904195547103882,-0.019295096397399902,-0.019730329513549805,-0.020529985427856445,-0.021030843257904053,-0.021850109100341797,-0.022872090339660645,-0.024203062057495117,-0.0255318284034729,-0.0265539288520813,-0.027695059776306152,-0.028825044631958008,-0.030210554599761963,-0.03123939037322998,-0.03189939260482788,-0.03267854452133179,-0.033248066902160645,-0.03375810384750366,-0.03401142358779907,-0.03399258852005005,-0.03420448303222656,-0.033733069896698,-0.03304010629653931,-0.0321691632270813,-0.03122776746749878,-0.03037053346633911,-0.02887117862701416,-0.027678072452545166,-0.026149272918701172,-0.024667322635650635,-0.023341476917266846,-0.02165210247039795,-0.020323097705841064,-0.018657445907592773,-0.01719421148300171,-0.015957176685333252,-0.014345645904541016,0.0,0.0,0.0,0.0,0.0,0.0,0.0,0.0,0.0,0.0,0.0,0.0,0.0,0.0,0.0,0.0,0.0,0.0,0.0,0.0,0.0,0.0,0.0,0.0,0.0,0.0,0.0,0.0,0.0,0.0,0.0,0.0,0.0,0.0,0.0,0.0,0.0,0.0,0.0,0.0,0.0,0.0,0.0,0.0,0.0,0.0,0.0,0.0,0.0,0.0,0.0,0.0,0.0,0.0,0.0,0.0,0.0,0.0,0.0,0.0,0.0,0.0,0.0,0.0,0.0,0.0,0.0,0.0,0.0,0.0,0.0,0.0,0.0,0.0,0.0
15,-0.003123939037322998,-0.006816208362579346,-0.010325491428375244,-0.013156592845916748,-0.0179290771484375,-0.023162841796875,-0.025291919708251953,-0.026313066482543945,-0.027404606342315674,-0.026797711849212646,-0.02778470516204834,-0.027837693691253662,-0.028494656085968018,-0.029828667640686035,-0.030371785163879395,-0.02946913242340088,-0.02943265438079834,-0.030205190181732178,-0.03178519010543823,-0.031515657901763916,-0.030267953872680664,-0.02994471788406372,-0.03044581413269043,-0.030780136585235596,-0.031407713890075684,-0.032685160636901855,-0.031382977962493896,-0.02826404571533203,-0.02677828073501587,-0.026614129543304443,-0.026749372482299805,-0.029459655284881592,-0.030960679054260254,-0.02966165542602539,-0.02724975347518921,-0.025904357433319092,-0.022297918796539307,-0.016908466815948486,-0.008021414279937744,-0.0011256933212280273,0.0028737783432006836,0.00962817668914795,0.017957985401153564,0.02302604913711548,0.024600207805633545,0.025879085063934326,0.025680840015411377,0.027233362197875977,0.02830594778060913,0.02970409393310547,0.031253695487976074,0.03209584951400757,0.032119929790496826,0.032980501651763916,0.03351545333862305,0.034293413162231445,0.0326499342918396,0.030414462089538574,0.029558122158050537,0.02934795618057251,0.029102325439453125,0.02950340509414673,0.03073352575302124,0.029601693153381348,0.027918100357055664,0.027624785900115967,0.027709603309631348,0.027152657508850098,0.02925795316696167,0.03077709674835205,0.029512763023376465,0.027341246604919434,0.027828693389892578,0.02724623680114746,0.02487945556640625,0.0,0.0,0.0,0.0,0.0,0.0,0.0,0.0,0.0,0.0,0.0,0.0,0.0,0.0,0.0,0.0,0.0,0.0,0.0,0.0,0.0,0.0,0.0,0.0,0.0,0.0,0.0,0.0,0.0,0.0,0.0,0.0,0.0,0.0,0.0,0.0,0.0,0.0,0.0,0.0,0.0,0.0,0.0,0.0,0.0,0.0,0.0,0.0,0.0,0.0,0.0,0.0,0.0,0.0,0.0,0.0,0.0,0.0,0.0,0.0,0.0,0.0,0.0,0.0,0.0,0.0,0.0,0.0,0.0,0.0,0.0,0.0,0.0,0.0,0.0,0.0041828155517578125,0.008269965648651123,0.011575579643249512,0.014017164707183838,0.018731117248535156,0.024255871772766113,0.026748597621917725,0.02780890464782715,0.028602182865142822,0.027837932109832764,0.029172956943511963,0.02964872121810913,0.030096828937530518,0.031266868114471436,0.0316389799118042,0.0313107967376709,0.03145182132720947,0.032064199447631836,0.033326685428619385,0.033131539821624756,0.03216594457626343,0.03214919567108154,0.03230297565460205,0.03228574991226196,0.032992005348205566,0.03485792875289917,0.033486783504486084,0.029986441135406494,0.02833503484725952,0.02832549810409546,0.028756141662597656,0.03146880865097046,0.0326770544052124,0.030965209007263184,0.028640389442443848,0.027714431285858154,0.024271011352539062,0.018499791622161865,0.009131968021392822,0.002369105815887451,-0.0011638402938842773,-0.008088827133178711,-0.016718268394470215,-0.022187888622283936,-0.023514211177825928,-0.02454286813735962,-0.024652600288391113,-0.02660202980041504,-0.027843475341796875,-0.029021024703979492,-0.0303308367729187,-0.031365275382995605,-0.03178209066390991,-0.032927095890045166,-0.0332416296005249,-0.03385573625564575,-0.03248798847198486,-0.0305861234664917,-0.029962539672851562,-0.029394090175628662,-0.029026567935943604,-0.0297279953956604,-0.03131312131881714,-0.030122101306915283,-0.028050363063812256,-0.027658283710479736,-0.028147637844085693,-0.027996420860290527,-0.029953360557556152,-0.031092464923858643,-0.029587209224700928,-0.02786731719970703,-0.02860957384109497,-0.02798330783843994,-0.0253106951713562
16,0.0,0.0,0.0,0.0,0.0,0.0,0.0,0.0,0.0,0.0,0.0,0.0,0.0,0.0,0.0,0.0,0.0,0.0,0.0,0.0,0.0,0.0,0.0,0.0,0.0,0.0,0.0,0.0,0.0,0.0,0.0,0.0,0.0,0.0,0.0,0.0,0.0,0.0,0.0,0.0,0.0,0.0,0.0,0.0,0.0,0.0,0.0,0.0,0.0,0.0,0.0,0.0,0.0,0.0,0.0,0.0,0.0,0.0,0.0,0.0,0.0,0.0,0.0,0.0,0.0,0.0,0.0,0.0,0.0,0.0,0.0,0.0,0.0,0.0,0.0,0.00316464900970459,0.004085898399353027,0.005521237850189209,0.006497085094451904,0.006922364234924316,0.008324146270751953,0.009525775909423828,0.011359870433807373,0.012181103229522705,0.01330268383026123,0.014591395854949951,0.016250133514404297,0.01857835054397583,0.01958155632019043,0.020745277404785156,0.022918701171875,0.024610519409179688,0.026652753353118896,0.027675986289978027,0.02879786491394043,0.03078073263168335,0.03190910816192627,0.03442728519439697,0.034992337226867676,0.03629040718078613,0.03780078887939453,0.03912633657455444,0.04117119312286377,0.0413631796836853,0.04209190607070923,0.04326850175857544,0.0442349910736084,0.045551300048828125,0.04533541202545166,0.04605334997177124,0.04658520221710205,0.04726588726043701,0.04825812578201294,0.04717147350311279,0.047417640686035156,0.04717516899108887,0.04745745658874512,0.047251224517822266,0.04611098766326904,0.0455549955368042,0.044671714305877686,0.04439270496368408,0.043369412422180176,0.041756272315979004,0.040545642375946045,0.039509594440460205,0.03876596689224243,0.03758227825164795,0.035167694091796875,0.03388935327529907,0.03220754861831665,0.03142815828323364,0.029115259647369385,0.02723407745361328,0.026160001754760742,0.024790465831756592,0.023616254329681396,0.021542668342590332,0.019695281982421875,0.018417775630950928,0.017001748085021973,0.016286194324493408,0.01405036449432373,0.01247316598892212,0.011353492736816406,0.010193049907684326,0.009572386741638184,0.00763624906539917,0.006364285945892334,0.0056372880935668945,-0.0015398263931274414,-0.0015354752540588379,-0.002686738967895508,-0.0029054880142211914,-0.003739655017852783,-0.0034723281860351562,-0.0039452314376831055,-0.0052062273025512695,-0.0062100887298583984,-0.007022202014923096,-0.0068781375885009766,-0.007637143135070801,-0.00917595624923706,-0.009663581848144531,-0.010628283023834229,-0.010510385036468506,-0.01160365343093872,-0.012895166873931885,-0.013598799705505371,-0.014920294284820557,-0.01449805498123169,-0.016160786151885986,-0.017132878303527832,-0.017853260040283203,-0.018569350242614746,-0.01820129156112671,-0.019455671310424805,-0.020542919635772705,-0.02092266082763672,-0.021733522415161133,-0.021249711513519287,-0.022503435611724854,-0.023560404777526855,-0.023814618587493896,-0.023880064487457275,-0.023243427276611328,-0.02428603172302246,-0.024879813194274902,-0.024878859519958496,-0.024704933166503906,-0.023935794830322266,-0.02459651231765747,-0.024482250213623047,-0.02462822198867798,-0.023872315883636475,-0.022890448570251465,-0.02336651086807251,-0.023023664951324463,-0.02262824773788452,-0.021453261375427246,-0.020442545413970947,-0.02066349983215332,-0.019887566566467285,-0.019151389598846436,-0.01773381233215332,-0.016604363918304443,-0.01715773344039917,-0.016152501106262207,-0.015266656875610352,-0.01388704776763916,-0.012459158897399902,-0.012610554695129395,-0.012037992477416992,-0.01128607988357544,-0.009347259998321533,-0.008898794651031494,-0.009152352809906006,-0.008229970932006836,-0.007443428039550781,-0.005827069282531738,-0.0057236552238464355,-0.005839169025421143,-0.004700005054473877,-0.004199385643005371,-0.002894759178161621
17,0.01916682720184326,0.024923324584960938,0.025773942470550537,0.024909794330596924,0.0269586443901062,0.028270959854125977,0.031140625476837158,0.03020000457763672,0.025889277458190918,0.026663780212402344,0.029243409633636475,0.02784961462020874,0.027928650379180908,0.02801036834716797,0.026807069778442383,0.027255237102508545,0.0284881591796875,0.02739804983139038,0.029170453548431396,0.029689371585845947,0.02930814027786255,0.02897125482559204,0.028851747512817383,0.02948153018951416,0.030003249645233154,0.03107529878616333,0.0319671630859375,0.02979189157485962,0.030082285404205322,0.03203827142715454,0.029957830905914307,0.028238117694854736,0.028346240520477295,0.02636897563934326,0.014057695865631104,0.017209351062774658,0.015336751937866211,-0.002854287624359131,-0.017381906509399414,-0.019804000854492188,-0.019372284412384033,-0.02172410488128662,-0.021943986415863037,-0.027492105960845947,-0.029284238815307617,-0.02499908208847046,-0.024459004402160645,-0.025896072387695312,-0.024281680583953857,-0.024103164672851562,-0.023044586181640625,-0.02223414182662964,-0.02399003505706787,-0.02572917938232422,-0.024911820888519287,-0.027544379234313965,-0.028149425983428955,-0.02616351842880249,-0.025874197483062744,-0.02663123607635498,-0.02737659215927124,-0.027793824672698975,-0.027910947799682617,-0.027648329734802246,-0.025450587272644043,-0.026551365852355957,-0.029301106929779053,-0.025916695594787598,-0.025342822074890137,-0.02567875385284424,-0.02417933940887451,-0.02075403928756714,-0.01979297399520874,-0.018164396286010742,-0.011567413806915283,0.008644640445709229,0.011615335941314697,0.012619495391845703,0.01225060224533081,0.012975573539733887,0.012728095054626465,0.014984548091888428,0.015742480754852295,0.013850927352905273,0.0141562819480896,0.014713883399963379,0.013457834720611572,0.013456225395202637,0.014216125011444092,0.014073431491851807,0.014473319053649902,0.015388429164886475,0.015601754188537598,0.016546905040740967,0.01646345853805542,0.01559436321258545,0.01562941074371338,0.016167402267456055,0.016957342624664307,0.01723790168762207,0.017483651638031006,0.017649173736572266,0.016544759273529053,0.017223000526428223,0.01756995916366577,0.015312552452087402,0.014497876167297363,0.014947175979614258,0.012399077415466309,0.009424924850463867,0.01671522855758667,0.012546658515930176,0.0004372596740722656,-0.006083488464355469,-0.007940828800201416,-0.008449375629425049,-0.008491694927215576,-0.007201194763183594,-0.01207500696182251,-0.01332014799118042,-0.010845541954040527,-0.010345816612243652,-0.010709404945373535,-0.00918424129486084,-0.009257256984710693,-0.008864879608154297,-0.009554266929626465,-0.01140683889389038,-0.01215130090713501,-0.012646913528442383,-0.01492166519165039,-0.014064371585845947,-0.011921286582946777,-0.012766003608703613,-0.013587415218353271,-0.014136254787445068,-0.014496147632598877,-0.01442033052444458,-0.01350325345993042,-0.012868225574493408,-0.013808369636535645,-0.014411628246307373,-0.011802494525909424,-0.012251436710357666,-0.01241302490234375,-0.010936081409454346,-0.011059105396270752,-0.012625932693481445,-0.010456442832946777,-0.007048666477203369,0.028929412364959717,0.038172006607055664,0.03937995433807373,0.03780210018157959,0.039679527282714844,0.0419003963470459,0.04858887195587158,0.04631173610687256,0.03873199224472046,0.03831064701080322,0.042149484157562256,0.04101419448852539,0.042652249336242676,0.04273587465286255,0.04064744710922241,0.04027843475341797,0.0416865348815918,0.04010838270187378,0.04196155071258545,0.04200512170791626,0.041600823402404785,0.04238080978393555,0.04254329204559326,0.042701661586761475,0.04259687662124634,0.043974101543426514,0.04538244009017944,0.043150365352630615,0.04355502128601074,0.044384896755218506,0.04193466901779175,0.041598618030548096,0.04123741388320923,0.037480831146240234,0.030208289623260498,0.028678297996520996,0.011195361614227295,-0.010483324527740479,-0.02944284677505493,-0.03307640552520752,-0.03213375806808472,-0.033001065254211426,-0.03568863868713379,-0.04568558931350708,-0.04460597038269043,-0.03865349292755127,-0.03845471143722534,-0.04008221626281738,-0.0382121205329895,-0.03924870491027832,-0.037707746028900146,-0.037333548069000244,-0.037927091121673584,-0.03981053829193115,-0.03913986682891846,-0.042208194732666016,-0.04028230905532837,-0.03921329975128174,-0.040175676345825195,-0.04028975963592529,-0.04116100072860718,-0.041381657123565674,-0.04078131914138794,-0.040715932846069336,-0.0394478440284729,-0.04044407606124878,-0.0427280068397522,-0.03905206918716431,-0.039341747760772705,-0.038060784339904785,-0.03614366054534912,-0.03452885150909424,-0.02934253215789795,-0.025158166885375977,-0.016028523445129395
18,-0.01142960786819458,-0.013422548770904541,-0.015390157699584961,-0.017379164695739746,-0.019072353839874268,-0.021709561347961426,-0.023834586143493652,-0.025579094886779785,-0.02757018804550171,-0.02897334098815918,-0.03123551607131958,-0.0328516960144043,-0.03419595956802368,-0.035286903381347656,-0.03592437505722046,-0.03719419240951538,-0.03767502307891846,-0.03813380002975464,-0.037743210792541504,-0.03734546899795532,-0.03735935688018799,-0.036261677742004395,-0.03512543439865112,-0.033582866191864014,-0.031840741634368896,-0.030340075492858887,-0.027963757514953613,-0.025707781314849854,-0.022707581520080566,-0.02002817392349243,-0.017442405223846436,-0.014125585556030273,-0.01068955659866333,-0.007130563259124756,-0.0040204524993896484,-0.001033186912536621,0.00268632173538208,0.005940258502960205,0.009761035442352295,0.01283276081085205,0.01577240228652954,0.019023001194000244,0.021736621856689453,0.024852514266967773,0.02694171667098999,0.02887934446334839,0.030955135822296143,0.03265351057052612,0.034839749336242676,0.0354427695274353,0.0362095832824707,0.03697079420089722,0.03728783130645752,0.037821292877197266,0.03733408451080322,0.03672444820404053,0.03613448143005371,0.035273611545562744,0.034437596797943115,0.03275942802429199,0.03099769353866577,0.029310524463653564,0.027803242206573486,0.026272118091583252,0.023728609085083008,0.02158069610595703,0.01966315507888794,0.0178983211517334,0.01630687713623047,0.013674676418304443,0.011761009693145752,0.009748339653015137,0.00842583179473877,0.0067629218101501465,0.004736661911010742,0.0,0.0,0.0,0.0,0.0,0.0,0.0,0.0,0.0,0.0,0.0,0.0,0.0,0.0,0.0,0.0,0.0,0.0,0.0,0.0,0.0,0.0,0.0,0.0,0.0,0.0,0.0,0.0,0.0,0.0,0.0,0.0,0.0,0.0,0.0,0.0,0.0,0.0,0.0,0.0,0.0,0.0,0.0,0.0,0.0,0.0,0.0,0.0,0.0,0.0,0.0,0.0,0.0,0.0,0.0,0.0,0.0,0.0,0.0,0.0,0.0,0.0,0.0,0.0,0.0,0.0,0.0,0.0,0.0,0.0,0.0,0.0,0.0,0.0,0.0,0.0,0.0,0.0,0.0,0.0,0.0,0.0,0.0,0.0,0.0,0.0,0.0,0.0,0.0,0.0,0.0,0.0,0.0,0.0,0.0,0.0,0.0,0.0,0.0,0.0,0.0,0.0,0.0,0.0,0.0,0.0,0.0,0.0,0.0,0.0,0.0,0.0,0.0,0.0,0.0,0.0,0.0,0.0,0.0,0.0,0.0,0.0,0.0,0.0,0.0,0.0,0.0,0.0,0.0,0.0,0.0,0.0,0.0,0.0,0.0,0.0,0.0,0.0,0.0,0.0,0.0,0.0,0.0,0.0,0.0,0.0,0.0,0.0,0.0,0.0
19,0.0,0.0,0.0,0.0,0.0,0.0,0.0,0.0,0.0,0.0,0.0,0.0,0.0,0.0,0.0,0.0,0.0,0.0,0.0,0.0,0.0,0.0,0.0,0.0,0.0,0.0,0.0,0.0,0.0,0.0,0.0,0.0,0.0,0.0,0.0,0.0,0.0,0.0,0.0,0.0,0.0,0.0,0.0,0.0,0.0,0.0,0.0,0.0,0.0,0.0,0.0,0.0,0.0,0.0,0.0,0.0,0.0,0.0,0.0,0.0,0.0,0.0,0.0,0.0,0.0,0.0,0.0,0.0,0.0,0.0,0.0,0.0,0.0,0.0,0.0,-0.002340972423553467,-0.002257227897644043,-0.0016216635704040527,-0.002049088478088379,-0.001934826374053955,-0.0012955069541931152,-0.0008758306503295898,-0.00026619434356689453,-0.004716277122497559,-0.00804060697555542,-0.009178876876831055,-0.007924675941467285,-0.004937887191772461,-0.0025178194046020508,-0.00017726421356201172,0.0019012093544006348,0.0035349130630493164,0.005465865135192871,0.005657851696014404,0.007715344429016113,0.013284623622894287,0.012187421321868896,0.00863713026046753,0.00505220890045166,0.001356959342956543,-0.0032281875610351562,-0.004577457904815674,-0.0037559866905212402,-0.0046530961990356445,-0.005641162395477295,-0.006836116313934326,-0.004292786121368408,0.0009220242500305176,0.0016613602638244629,0.0017042160034179688,0.0005127787590026855,0.0009363293647766113,0.002747058868408203,-0.0005629658699035645,-0.0021480321884155273,-0.0003803372383117676,0.0033512115478515625,0.008660614490509033,0.005693912506103516,0.003303050994873047,0.0020841360092163086,0.001422882080078125,0.0016689896583557129,0.0008718967437744141,0.0002319812774658203,-0.0005311965942382812,0.0015441179275512695,0.00553661584854126,0.005756735801696777,0.005771040916442871,0.005669057369232178,0.006241738796234131,0.007659494876861572,0.006542861461639404,0.004064977169036865,-0.0010486245155334473,-0.0041182637214660645,-0.005511879920959473,-0.001475691795349121,0.002677023410797119,0.007698535919189453,0.004558265209197998,-0.002432107925415039,-0.006194770336151123,-0.008059203624725342,-0.006028175354003906,-0.003217637538909912,0.00021004676818847656,0.00037288665771484375,0.0007747411727905273,-0.0031319856643676758,0.0010349750518798828,0.003154754638671875,0.004241347312927246,-6.508827209472656e-05,-0.0027887821197509766,-0.0022215843200683594,-0.0056191086769104,-0.009317338466644287,-0.020979881286621094,-0.027073204517364502,-0.022396504878997803,-0.02210700511932373,-0.02032649517059326,-0.019768595695495605,-0.020637929439544678,-0.024655401706695557,-0.012963950634002686,-0.016978323459625244,-0.014496266841888428,-0.01196753978729248,-0.01064610481262207,-0.008498549461364746,-0.0015186071395874023,-4.190206527709961e-05,-0.002524733543395996,0.0043138861656188965,0.016346991062164307,0.012505412101745605,0.014920413494110107,0.001961052417755127,0.014345407485961914,0.010950922966003418,0.00483095645904541,-0.005447447299957275,-0.004784584045410156,-0.008873164653778076,-0.006869912147521973,-0.010926544666290283,-0.011368155479431152,-0.01130145788192749,-0.00452876091003418,0.0031597018241882324,0.0030277371406555176,0.0016638636589050293,-0.0033348798751831055,-0.004816830158233643,0.008444011211395264,-0.0005316734313964844,0.0030269622802734375,-0.007534921169281006,0.014416038990020752,0.005603432655334473,0.0032837390899658203,0.01014488935470581,0.01697218418121338,0.005974948406219482,0.011735379695892334,0.019151687622070312,0.022991597652435303,0.009822309017181396,0.01945638656616211,0.02252352237701416,0.01905733346939087,0.029725968837738037,0.03476685285568237,0.030388474464416504,0.019501924514770508,0.010163068771362305,0.008120119571685791,0.002340257167816162,0.011095702648162842,0.005250990390777588,7.569789886474609e-06,0.0021474361419677734
20,0.00787651538848877,0.008737444877624512,0.007862269878387451,0.004868268966674805,-4.380941390991211e-05,-0.005514800548553467,-0.010090827941894531,-0.013259828090667725,-0.014397501945495605,-0.013357996940612793,-0.0096052885055542,-0.003201007843017578,0.004463851451873779,0.011530637741088867,0.016497135162353516,0.01895838975906372,0.018197178840637207,0.013788938522338867,0.0063672661781311035,-0.0032280683517456055,-0.012835502624511719,-0.020136713981628418,-0.024299979209899902,-0.024571597576141357,-0.020584702491760254,-0.0131608247756958,-0.0025151968002319336,0.008830130100250244,0.018204152584075928,0.024190783500671387,0.02636134624481201,0.024253129959106445,0.017462313175201416,0.007008016109466553,-0.005060911178588867,-0.015932440757751465,-0.023901045322418213,-0.02824079990386963,-0.02794736623764038,-0.02294635772705078,-0.01434338092803955,-0.0031018853187561035,0.00826716423034668,0.01746535301208496,0.023198723793029785,0.025273561477661133,0.023175358772277832,0.01664525270462036,0.007341146469116211,-0.003026127815246582,-0.012299418449401855,-0.01906484365463257,-0.022597074508666992,-0.02281290292739868,-0.019533514976501465,-0.012723267078399658,-0.00423663854598999,0.004090011119842529,0.01087486743927002,0.01531130075454712,0.017287075519561768,0.016382157802581787,0.012387633323669434,0.00634765625,-0.00043964385986328125,-0.005907952785491943,-0.010287106037139893,-0.012868404388427734,-0.013490557670593262,-0.012059509754180908,-0.008125007152557373,-0.0037106871604919434,0.0005834698677062988,0.004025578498840332,0.006460726261138916,0.0,0.0,0.0,0.0,0.0,0.0,0.0,0.0,0.0,0.0,0.0,0.0,0.0,0.0,0.0,0.0,0.0,0.0,0.0,0.0,0.0,0.0,0.0,0.0,0.0,0.0,0.0,0.0,0.0,0.0,0.0,0.0,0.0,0.0,0.0,0.0,0.0,0.0,0.0,0.0,0.0,0.0,0.0,0.0,0.0,0.0,0.0,0.0,0.0,0.0,0.0,0.0,0.0,0.0,0.0,0.0,0.0,0.0,0.0,0.0,0.0,0.0,0.0,0.0,0.0,0.0,0.0,0.0,0.0,0.0,0.0,0.0,0.0,0.0,0.0,0.0,0.0,0.0,0.0,0.0,0.0,0.0,0.0,0.0,0.0,0.0,0.0,0.0,0.0,0.0,0.0,0.0,0.0,0.0,0.0,0.0,0.0,0.0,0.0,0.0,0.0,0.0,0.0,0.0,0.0,0.0,0.0,0.0,0.0,0.0,0.0,0.0,0.0,0.0,0.0,0.0,0.0,0.0,0.0,0.0,0.0,0.0,0.0,0.0,0.0,0.0,0.0,0.0,0.0,0.0,0.0,0.0,0.0,0.0,0.0,0.0,0.0,0.0,0.0,0.0,0.0,0.0,0.0,0.0,0.0,0.0,0.0,0.0,0.0,0.0
21,0.0,0.0,0.0,0.0,0.0,0.0,0.0,0.0,0.0,0.0,0.0,0.0,0.0,0.0,0.0,0.0,0.0,0.0,0.0,0.0,0.0,0.0,0.0,0.0,0.0,0.0,0.0,0.0,0.0,0.0,0.0,0.0,0.0,0.0,0.0,0.0,0.0,0.0,0.0,0.0,0.0,0.0,0.0,0.0,0.0,0.0,0.0,0.0,0.0,0.0,0.0,0.0,0.0,0.0,0.0,0.0,0.0,0.0,0.0,0.0,0.0,0.0,0.0,0.0,0.0,0.0,0.0,0.0,0.0,0.0,0.0,0.0,0.0,0.0,0.0,-0.0009600520133972168,-0.002148926258087158,-0.0037823915481567383,-0.006371438503265381,-0.009958446025848389,-0.013241946697235107,-0.015649616718292236,-0.017355680465698242,-0.01952505111694336,-0.021845340728759766,-0.023417353630065918,-0.02429288625717163,-0.024906933307647705,-0.0259019136428833,-0.027430355548858643,-0.02870464324951172,-0.02947169542312622,-0.02987504005432129,-0.030019283294677734,-0.03015655279159546,-0.029471933841705322,-0.027797937393188477,-0.025813400745391846,-0.023755550384521484,-0.0218927264213562,-0.01998758316040039,-0.01829671859741211,-0.017435669898986816,-0.017976105213165283,-0.019323885440826416,-0.020701229572296143,-0.021312236785888672,-0.021908044815063477,-0.02282649278640747,-0.023582756519317627,-0.02331411838531494,-0.02213418483734131,-0.021019935607910156,-0.02188277244567871,-0.023401498794555664,-0.02464926242828369,-0.02583634853363037,-0.027238190174102783,-0.02831810712814331,-0.02889806032180786,-0.028239786624908447,-0.026269257068634033,-0.023693621158599854,-0.020591139793395996,-0.017580807209014893,-0.01479649543762207,-0.012743711471557617,-0.012088179588317871,-0.013114213943481445,-0.015138983726501465,-0.01747947931289673,-0.01965653896331787,-0.021831154823303223,-0.023961126804351807,-0.024979472160339355,-0.02465951442718506,-0.023274540901184082,-0.02179163694381714,-0.02220773696899414,-0.022896111011505127,-0.023641884326934814,-0.02479451894760132,-0.026389479637145996,-0.02792346477508545,-0.02889108657836914,-0.02866464853286743,-0.027344822883605957,-0.02554762363433838,-0.02301114797592163,-0.019913554191589355,0.0,0.0,0.0,0.0,0.0,0.0,0.0,0.0,0.0,0.0,0.0,0.0,0.0,0.0,0.0,0.0,0.0,0.0,0.0,0.0,0.0,0.0,0.0,0.0,0.0,0.0,0.0,0.0,0.0,0.0,0.0,0.0,0.0,0.0,0.0,0.0,0.0,0.0,0.0,0.0,0.0,0.0,0.0,0.0,0.0,0.0,0.0,0.0,0.0,0.0,0.0,0.0,0.0,0.0,0.0,0.0,0.0,0.0,0.0,0.0,0.0,0.0,0.0,0.0,0.0,0.0,0.0,0.0,0.0,0.0,0.0,0.0,0.0,0.0,0.0
22,0.0,0.0,0.0,0.0,0.0,0.0,0.0,0.0,0.0,0.0,0.0,0.0,0.0,0.0,0.0,0.0,0.0,0.0,0.0,0.0,0.0,0.0,0.0,0.0,0.0,0.0,0.0,0.0,0.0,0.0,0.0,0.0,0.0,0.0,0.0,0.0,0.0,0.0,0.0,0.0,0.0,0.0,0.0,0.0,0.0,0.0,0.0,0.0,0.0,0.0,0.0,0.0,0.0,0.0,0.0,0.0,0.0,0.0,0.0,0.0,0.0,0.0,0.0,0.0,0.0,0.0,0.0,0.0,0.0,0.0,0.0,0.0,0.0,0.0,0.0,0.0,0.0,0.0,0.0,0.0,0.0,0.0,0.0,0.0,0.0,0.0,0.0,0.0,0.0,0.0,0.0,0.0,0.0,0.0,0.0,0.0,0.0,0.0,0.0,0.0,0.0,0.0,0.0,0.0,0.0,0.0,0.0,0.0,0.0,0.0,0.0,0.0,0.0,0.0,0.0,0.0,0.0,0.0,0.0,0.0,0.0,0.0,0.0,0.0,0.0,0.0,0.0,0.0,0.0,0.0,0.0,0.0,0.0,0.0,0.0,0.0,0.0,0.0,0.0,0.0,0.0,0.0,0.0,0.0,0.0,0.0,0.0,0.0,0.0,0.0,0.005883157253265381,0.006525397300720215,0.007176399230957031,0.007816970348358154,0.008139729499816895,0.008415579795837402,0.009036481380462646,0.010302841663360596,0.011700868606567383,0.012527108192443848,0.01321554183959961,0.014457166194915771,0.01598036289215088,0.01776343584060669,0.01905733346939087,0.020354151725769043,0.02201998233795166,0.023856699466705322,0.02592289447784424,0.02774292230606079,0.02945876121520996,0.031053781509399414,0.03293430805206299,0.034631967544555664,0.03533226251602173,0.035522520542144775,0.036460697650909424,0.03811812400817871,0.03992259502410889,0.04125279188156128,0.04279226064682007,0.0443534255027771,0.046453773975372314,0.04807174205780029,0.048531949520111084,0.04818844795227051,0.04840666055679321,0.04932373762130737,0.050576865673065186,0.051344454288482666,0.05251717567443848,0.05409914255142212,0.05613774061203003,0.058246910572052,0.05997598171234131,0.06042271852493286,0.06019484996795654,0.06009542942047119,0.06016504764556885,0.058878958225250244,0.05655735731124878,0.053732991218566895,0.051317691802978516,0.048597633838653564,0.04527294635772705,0.04107379913330078,0.03699404001235962,0.03379124402999878,0.032052576541900635,0.03076326847076416,0.0304563045501709,0.03161418437957764,0.03397160768508911,0.0362401008605957,0.03780257701873779,0.036620914936065674,0.03364431858062744,0.03105241060256958,0.029934406280517578,0.029377758502960205,0.02842313051223755,0.026905298233032227,0.024466395378112793,0.020991265773773193,0.016528725624084473
23,0.0,0.0,0.0,0.0,0.0,0.0,0.0,0.0,0.0,0.0,0.0,0.0,0.0,0.0,0.0,0.0,0.0,0.0,0.0,0.0,0.0,0.0,0.0,0.0,0.0,0.0,0.0,0.0,0.0,0.0,0.0,0.0,0.0,0.0,0.0,0.0,0.0,0.0,0.0,0.0,0.0,0.0,0.0,0.0,0.0,0.0,0.0,0.0,0.0,0.0,0.0,0.0,0.0,0.0,0.0,0.0,0.0,0.0,0.0,0.0,0.0,0.0,0.0,0.0,0.0,0.0,0.0,0.0,0.0,0.0,0.0,0.0,0.0,0.0,0.0,0.0,0.0,0.0,0.0,0.0,0.0,0.0,0.0,0.0,0.0,0.0,0.0,0.0,0.0,0.0,0.0,0.0,0.0,0.0,0.0,0.0,0.0,0.0,0.0,0.0,0.0,0.0,0.0,0.0,0.0,0.0,0.0,0.0,0.0,0.0,0.0,0.0,0.0,0.0,0.0,0.0,0.0,0.0,0.0,0.0,0.0,0.0,0.0,0.0,0.0,0.0,0.0,0.0,0.0,0.0,0.0,0.0,0.0,0.0,0.0,0.0,0.0,0.0,0.0,0.0,0.0,0.0,0.0,0.0,0.0,0.0,0.0,0.0,0.0,0.0,-0.018697500228881836,-0.02223891019821167,-0.025134503841400146,-0.028008580207824707,-0.030056893825531006,-0.03209424018859863,-0.03337126970291138,-0.03465092182159424,-0.035964250564575195,-0.036579430103302,-0.0373573899269104,-0.03722953796386719,-0.03721553087234497,-0.03659951686859131,-0.03572380542755127,-0.03509068489074707,-0.03400808572769165,-0.033378541469573975,-0.032509028911590576,-0.031649649143218994,-0.03124380111694336,-0.0303804874420166,-0.02984708547592163,-0.02927452325820923,-0.02862328290939331,-0.02798175811767578,-0.026710033416748047,-0.025664985179901123,-0.023907363414764404,-0.022004783153533936,-0.019760429859161377,-0.01718348264694214,-0.014808893203735352,-0.011883795261383057,-0.008892834186553955,-0.005783736705780029,-0.0024254918098449707,0.0003344416618347168,0.003778696060180664,0.007029354572296143,0.01021873950958252,0.01363372802734375,0.01649773120880127,0.01970905065536499,0.022460877895355225,0.02496236562728882,0.02720785140991211,0.02893364429473877,0.030585527420043945,0.03167825937271118,0.03282332420349121,0.033705055713653564,0.034170329570770264,0.03478449583053589,0.03476393222808838,0.03508216142654419,0.03536522388458252,0.03556567430496216,0.03614246845245361,0.03613847494125366,0.03680676221847534,0.03729581832885742,0.03753918409347534,0.038014888763427734,0.038192689418792725,0.038438498973846436,0.03816878795623779,0.037404000759124756,0.036428987979888916,0.03460162878036499,0.03279471397399902,0.030275404453277588,0.026966869831085205,0.0240747332572937,0.020343363285064697
24,-0.0016865134239196777,-0.002691507339477539,-0.004751980304718018,-0.005758047103881836,-0.006328761577606201,-0.006820321083068848,-0.008203327655792236,-0.010390162467956543,-0.011668205261230469,-0.012134790420532227,-0.01242607831954956,-0.013894796371459961,-0.014954566955566406,-0.01598423719406128,-0.015712976455688477,-0.01567542552947998,-0.016652941703796387,-0.017417192459106445,-0.016767144203186035,-0.01645958423614502,-0.01595783233642578,-0.01620405912399292,-0.016290903091430664,-0.015179276466369629,-0.013909101486206055,-0.013462066650390625,-0.013412535190582275,-0.012317299842834473,-0.011097609996795654,-0.009401082992553711,-0.008617222309112549,-0.008342742919921875,-0.007521510124206543,-0.00620269775390625,-0.003979861736297607,-0.002321183681488037,-0.001422882080078125,-0.0007004737854003906,0.001412808895111084,0.0037006139755249023,0.005427241325378418,0.0065648555755615234,0.007726132869720459,0.009608268737792969,0.011728167533874512,0.01298677921295166,0.013632357120513916,0.01444774866104126,0.015979528427124023,0.01792013645172119,0.01849907636642456,0.01873546838760376,0.018913984298706055,0.020142853260040283,0.020302772521972656,0.020025670528411865,0.01942276954650879,0.01909095048904419,0.01925516128540039,0.019322514533996582,0.018390238285064697,0.016677379608154297,0.015433788299560547,0.014941632747650146,0.01423656940460205,0.01285463571548462,0.010901451110839844,0.00917065143585205,0.008287906646728516,0.00743180513381958,0.0059160590171813965,0.003970324993133545,0.0028876662254333496,0.002599477767944336,0.00262451171875,-0.014163374900817871,-0.018108904361724854,-0.021639585494995117,-0.02480989694595337,-0.027679920196533203,-0.031352698802948,-0.03383845090866089,-0.03528439998626709,-0.03555107116699219,-0.035873353481292725,-0.035478413105010986,-0.03334975242614746,-0.030122578144073486,-0.026037096977233887,-0.021499454975128174,-0.016950905323028564,-0.011359095573425293,-0.004999101161956787,0.0022106170654296875,0.00741732120513916,0.012998044490814209,0.018597900867462158,0.024669945240020752,0.029427528381347656,0.032569289207458496,0.03441476821899414,0.0361480712890625,0.03745836019515991,0.03769963979721069,0.035757482051849365,0.032612621784210205,0.029445171356201172,0.02551800012588501,0.020977258682250977,0.015435755252838135,0.009296238422393799,0.0030881166458129883,-0.0026800036430358887,-0.008620619773864746,-0.014333605766296387,-0.02061980962753296,-0.02571868896484375,-0.02946937084197998,-0.03194844722747803,-0.034875690937042236,-0.036498069763183594,-0.0375748872756958,-0.03609198331832886,-0.0344012975692749,-0.031832993030548096,-0.028892040252685547,-0.023877084255218506,-0.01828819513320923,-0.012379705905914307,-0.007473349571228027,-0.0016924142837524414,0.004469931125640869,0.011383116245269775,0.017058074474334717,0.020927131175994873,0.024445712566375732,0.028962671756744385,0.0324171781539917,0.03397512435913086,0.034417808055877686,0.0340656042098999,0.033666372299194336,0.03267490863800049,0.030104339122772217,0.026865065097808838,0.02358311414718628,0.02075284719467163,0.017643451690673828,0.015030086040496826,0.011205852031707764,-0.015114426612854004,-0.016695380210876465,-0.018179357051849365,-0.019668519496917725,-0.020554184913635254,-0.020750701427459717,-0.020095527172088623,-0.019367635250091553,-0.01953655481338501,-0.018760204315185547,-0.01637822389602661,-0.01416856050491333,-0.012148559093475342,-0.01073765754699707,-0.008839070796966553,-0.005981147289276123,-0.0027544498443603516,-0.0003444552421569824,0.001491844654083252,0.0033463239669799805,0.005794823169708252,0.00883495807647705,0.010506093502044678,0.011762619018554688,0.013022065162658691,0.015381395816802979,0.0177270770072937,0.019237995147705078,0.019965708255767822,0.02099752426147461,0.02299356460571289,0.024309217929840088,0.024784505367279053,0.024519503116607666,0.02498418092727661,0.026202738285064697,0.026871442794799805,0.0262758731842041,0.025663673877716064,0.025524377822875977,0.025608420372009277,0.025538384914398193,0.02465081214904785,0.023327529430389404,0.022101938724517822,0.021519601345062256,0.021194875240325928,0.018844187259674072,0.016835331916809082,0.015219688415527344,0.01411592960357666,0.01312398910522461,0.010177910327911377,0.007241189479827881,0.004788100719451904,0.003093242645263672,0.0005624294281005859,-0.002821683883666992,-0.006003856658935547,-0.008347570896148682,-0.010367989540100098,-0.012054622173309326,-0.015305042266845703,-0.017306089401245117,-0.018496215343475342,-0.018930792808532715,-0.019559025764465332,-0.021108269691467285,-0.02116096019744873,-0.020816385746002197,-0.018828928470611572,-0.01739400625228882,-0.01604372262954712,-0.014947831630706787,-0.012181341648101807
25,-0.00491410493850708,-0.002086162567138672,0.0017875432968139648,0.0062999725341796875,0.010355889797210693,0.014243721961975098,0.017570912837982178,0.02055269479751587,0.022933125495910645,0.023392915725708008,0.02182990312576294,0.018940091133117676,0.014945387840270996,0.01021355390548706,0.00414043664932251,-0.0032810568809509277,-0.010479927062988281,-0.016714632511138916,-0.022307991981506348,-0.027622878551483154,-0.030521929264068604,-0.03167688846588135,-0.030328333377838135,-0.02712029218673706,-0.0226934552192688,-0.01594090461730957,-0.008200466632843018,0.0005548000335693359,0.009638309478759766,0.018074452877044678,0.025084197521209717,0.030769944190979004,0.03534311056137085,0.03769642114639282,0.0375368595123291,0.034699201583862305,0.03022557497024536,0.024860262870788574,0.017725348472595215,0.009293019771575928,0.0006697177886962891,-0.007506668567657471,-0.014371693134307861,-0.02046602964401245,-0.025458812713623047,-0.028717398643493652,-0.029756665229797363,-0.028719186782836914,-0.026438593864440918,-0.02276754379272461,-0.018253803253173828,-0.012721657752990723,-0.006007254123687744,-0.00026428699493408203,0.005103468894958496,0.010226249694824219,0.014744699001312256,0.018423795700073242,0.020222008228302002,0.020477890968322754,0.020244121551513672,0.018893182277679443,0.01655369997024536,0.013506174087524414,0.010299324989318848,0.005810737609863281,0.0021021366119384766,-0.0013107657432556152,-0.004525959491729736,-0.007143795490264893,-0.009430944919586182,-0.01036447286605835,-0.010458230972290039,-0.010439276695251465,-0.00997936725616455,0.0,0.0,0.0,0.0,0.0,0.0,0.0,0.0,0.0,0.0,0.0,0.0,0.0,0.0,0.0,0.0,0.0,0.0,0.0,0.0,0.0,0.0,0.0,0.0,0.0,0.0,0.0,0.0,0.0,0.0,0.0,0.0,0.0,0.0,0.0,0.0,0.0,0.0,0.0,0.0,0.0,0.0,0.0,0.0,0.0,0.0,0.0,0.0,0.0,0.0,0.0,0.0,0.0,0.0,0.0,0.0,0.0,0.0,0.0,0.0,0.0,0.0,0.0,0.0,0.0,0.0,0.0,0.0,0.0,0.0,0.0,0.0,0.0,0.0,0.0,0.0,0.0,0.0,0.0,0.0,0.0,0.0,0.0,0.0,0.0,0.0,0.0,0.0,0.0,0.0,0.0,0.0,0.0,0.0,0.0,0.0,0.0,0.0,0.0,0.0,0.0,0.0,0.0,0.0,0.0,0.0,0.0,0.0,0.0,0.0,0.0,0.0,0.0,0.0,0.0,0.0,0.0,0.0,0.0,0.0,0.0,0.0,0.0,0.0,0.0,0.0,0.0,0.0,0.0,0.0,0.0,0.0,0.0,0.0,0.0,0.0,0.0,0.0,0.0,0.0,0.0,0.0,0.0,0.0,0.0,0.0,0.0,0.0,0.0,0.0
26,0.0,0.0,0.0,0.0,0.0,0.0,0.0,0.0,0.0,0.0,0.0,0.0,0.0,0.0,0.0,0.0,0.0,0.0,0.0,0.0,0.0,0.0,0.0,0.0,0.0,0.0,0.0,0.0,0.0,0.0,0.0,0.0,0.0,0.0,0.0,0.0,0.0,0.0,0.0,0.0,0.0,0.0,0.0,0.0,0.0,0.0,0.0,0.0,0.0,0.0,0.0,0.0,0.0,0.0,0.0,0.0,0.0,0.0,0.0,0.0,0.0,0.0,0.0,0.0,0.0,0.0,0.0,0.0,0.0,0.0,0.0,0.0,0.0,0.0,0.0,0.01007622480392456,0.013760685920715332,0.017103731632232666,0.020158231258392334,0.02154362201690674,0.022158324718475342,0.021658241748809814,0.02015399932861328,0.017679452896118164,0.013614058494567871,0.00871884822845459,0.0034019947052001953,-0.0021231770515441895,-0.007489144802093506,-0.013319134712219238,-0.0184023380279541,-0.022982120513916016,-0.026177823543548584,-0.02815878391265869,-0.029341042041778564,-0.029104173183441162,-0.027458488941192627,-0.02420121431350708,-0.019762158393859863,-0.014563977718353271,-0.008225500583648682,-0.0013071894645690918,0.006132602691650391,0.013407349586486816,0.019920766353607178,0.02584177255630493,0.030489981174468994,0.034418463706970215,0.03580617904663086,0.03546750545501709,0.03359860181808472,0.03012174367904663,0.02566051483154297,0.019854962825775146,0.012986421585083008,0.006247997283935547,-0.0008169412612915039,-0.0072457194328308105,-0.013224899768829346,-0.018312811851501465,-0.02223581075668335,-0.025205492973327637,-0.026415109634399414,-0.027142703533172607,-0.02645409107208252,-0.024522840976715088,-0.022080302238464355,-0.018230319023132324,-0.014872729778289795,-0.01077723503112793,-0.006224155426025391,-0.0017305612564086914,0.0028339624404907227,0.006457030773162842,0.009811997413635254,0.012786865234375,0.015097260475158691,0.017093539237976074,0.01739978790283203,0.01728910207748413,0.016037702560424805,0.01458597183227539,0.012594878673553467,0.009549438953399658,0.0063269734382629395,0.0029813647270202637,-0.00015556812286376953,-0.0030889511108398438,-0.006140351295471191,-0.00824892520904541,-0.00797802209854126,-0.011187136173248291,-0.014542460441589355,-0.01750701665878296,-0.019357800483703613,-0.02012646198272705,-0.0187302827835083,-0.017282485961914062,-0.014863550662994385,-0.01125723123550415,-0.006512939929962158,-0.000558018684387207,0.004707396030426025,0.01018822193145752,0.015495538711547852,0.020668864250183105,0.02553778886795044,0.028476297855377197,0.030775368213653564,0.031444251537323,0.031239032745361328,0.02984178066253662,0.026343703269958496,0.021971404552459717,0.0161246657371521,0.010006487369537354,0.0033093690872192383,-0.004395842552185059,-0.011833608150482178,-0.018863439559936523,-0.024415969848632812,-0.02911674976348877,-0.03295642137527466,-0.034687817096710205,-0.03488814830780029,-0.03273266553878784,-0.029311716556549072,-0.024941742420196533,-0.019212543964385986,-0.012740075588226318,-0.005507946014404297,0.0013869404792785645,0.007522761821746826,0.013581037521362305,0.018240392208099365,0.022390007972717285,0.02512037754058838,0.02632516622543335,0.026615560054779053,0.02572476863861084,0.02436012029647827,0.021446585655212402,0.01797586679458618,0.014215648174285889,0.009996592998504639,0.006044983863830566,0.0009328722953796387,-0.0034189224243164062,-0.007394552230834961,-0.0110931396484375,-0.013541102409362793,-0.015875577926635742,-0.017661571502685547,-0.01857048273086548,-0.018339157104492188,-0.0168154239654541,-0.015421032905578613,-0.013310074806213379,-0.010591506958007812,-0.007153451442718506,-0.003465116024017334,-0.0003896951675415039,0.0025963187217712402,0.005350232124328613,0.007623553276062012
27,-0.004259645938873291,-0.007953405380249023,-0.012751996517181396,-0.01726984977722168,-0.02096843719482422,-0.023760676383972168,-0.024914205074310303,-0.025546133518218994,-0.0252111554145813,-0.023136019706726074,-0.018870413303375244,-0.013254940509796143,-0.007066249847412109,-0.0007283687591552734,0.006731092929840088,0.014205574989318848,0.021520137786865234,0.026630282402038574,0.030947566032409668,0.034095823764801025,0.034508585929870605,0.033449769020080566,0.029954493045806885,0.024835407733917236,0.01881110668182373,0.01135331392288208,0.0036514997482299805,-0.0044539570808410645,-0.012985408306121826,-0.02041691541671753,-0.02562052011489868,-0.029871046543121338,-0.03362208604812622,-0.0345882773399353,-0.03454679250717163,-0.03176039457321167,-0.02749037742614746,-0.023370683193206787,-0.017875313758850098,-0.011828899383544922,-0.004502534866333008,0.0021286606788635254,0.007533669471740723,0.012861251831054688,0.01763838529586792,0.02221781015396118,0.02509075403213501,0.026193618774414062,0.026738345623016357,0.025234222412109375,0.02340388298034668,0.020231962203979492,0.016109883785247803,0.011938691139221191,0.0067408084869384766,0.002066195011138916,-0.0033391714096069336,-0.008198380470275879,-0.012453913688659668,-0.015720367431640625,-0.018355727195739746,-0.02024388313293457,-0.021466493606567383,-0.021099627017974854,-0.02024787664413452,-0.017121195793151855,-0.014584183692932129,-0.011379778385162354,-0.007247865200042725,-0.0031117796897888184,0.0016093254089355469,0.004747450351715088,0.008146405220031738,0.010366559028625488,0.012525975704193115,0.0,0.0,0.0,0.0,0.0,0.0,0.0,0.0,0.0,0.0,0.0,0.0,0.0,0.0,0.0,0.0,0.0,0.0,0.0,0.0,0.0,0.0,0.0,0.0,0.0,0.0,0.0,0.0,0.0,0.0,0.0,0.0,0.0,0.0,0.0,0.0,0.0,0.0,0.0,0.0,0.0,0.0,0.0,0.0,0.0,0.0,0.0,0.0,0.0,0.0,0.0,0.0,0.0,0.0,0.0,0.0,0.0,0.0,0.0,0.0,0.0,0.0,0.0,0.0,0.0,0.0,0.0,0.0,0.0,0.0,0.0,0.0,0.0,0.0,0.0,0.0,0.0,0.0,0.0,0.0,0.0,0.0,0.0,0.0,0.0,0.0,0.0,0.0,0.0,0.0,0.0,0.0,0.0,0.0,0.0,0.0,0.0,0.0,0.0,0.0,0.0,0.0,0.0,0.0,0.0,0.0,0.0,0.0,0.0,0.0,0.0,0.0,0.0,0.0,0.0,0.0,0.0,0.0,0.0,0.0,0.0,0.0,0.0,0.0,0.0,0.0,0.0,0.0,0.0,0.0,0.0,0.0,0.0,0.0,0.0,0.0,0.0,0.0,0.0,0.0,0.0,0.0,0.0,0.0,0.0,0.0,0.0,0.0,0.0,0.0
28,-0.020918965339660645,-0.024646520614624023,-0.029122650623321533,-0.03147536516189575,-0.02721714973449707,-0.02659761905670166,-0.024781346321105957,-0.020748794078826904,-0.01748037338256836,-0.014475762844085693,-0.010958492755889893,-0.007228672504425049,-0.0035283565521240234,-0.0006676912307739258,0.0035811662673950195,0.005891025066375732,0.009624719619750977,0.01328366994857788,0.01605677604675293,0.019683003425598145,0.022644519805908203,0.02423959970474243,0.022239089012145996,0.02127140760421753,0.011679887771606445,-0.0046059489250183105,-0.013914883136749268,-0.023447513580322266,-0.028887450695037842,-0.025996685028076172,-0.02615368366241455,-0.02425903081893921,-0.020288705825805664,-0.015697896480560303,-0.012492060661315918,-0.009389340877532959,-0.005755245685577393,-0.0022466182708740234,0.0003732442855834961,0.004199802875518799,0.006400406360626221,0.010016441345214844,0.013309776782989502,0.016063392162322998,0.01859414577484131,0.022350072860717773,0.023241102695465088,0.020936250686645508,0.01999443769454956,0.010538220405578613,-0.004855334758758545,-0.014847815036773682,-0.02525806427001953,-0.031834959983825684,-0.03008866310119629,-0.029681682586669922,-0.027392446994781494,-0.023235440254211426,-0.018130183219909668,-0.014722168445587158,-0.011718451976776123,-0.007514774799346924,-0.0031630396842956543,0.00038748979568481445,0.004645168781280518,0.007434725761413574,0.01144397258758545,0.015289545059204102,0.018946468830108643,0.02192378044128418,0.026699542999267578,0.02835327386856079,0.02818197011947632,0.030228257179260254,0.025700092315673828,0.0,0.0,0.0,0.0,0.0,0.0,0.0,0.0,0.0,0.0,0.0,0.0,0.0,0.0,0.0,0.0,0.0,0.0,0.0,0.0,0.0,0.0,0.0,0.0,0.0,0.0,0.0,0.0,0.0,0.0,0.0,0.0,0.0,0.0,0.0,0.0,0.0,0.0,0.0,0.0,0.0,0.0,0.0,0.0,0.0,0.0,0.0,0.0,0.0,0.0,0.0,0.0,0.0,0.0,0.0,0.0,0.0,0.0,0.0,0.0,0.0,0.0,0.0,0.0,0.0,0.0,0.0,0.0,0.0,0.0,0.0,0.0,0.0,0.0,0.0,0.0,0.0,0.0,0.0,0.0,0.0,0.0,0.0,0.0,0.0,0.0,0.0,0.0,0.0,0.0,0.0,0.0,0.0,0.0,0.0,0.0,0.0,0.0,0.0,0.0,0.0,0.0,0.0,0.0,0.0,0.0,0.0,0.0,0.0,0.0,0.0,0.0,0.0,0.0,0.0,0.0,0.0,0.0,0.0,0.0,0.0,0.0,0.0,0.0,0.0,0.0,0.0,0.0,0.0,0.0,0.0,0.0,0.0,0.0,0.0,0.0,0.0,0.0,0.0,0.0,0.0,0.0,0.0,0.0,0.0,0.0,0.0,0.0,0.0,0.0
29,0.0,0.0,0.0,0.0,0.0,0.0,0.0,0.0,0.0,0.0,0.0,0.0,0.0,0.0,0.0,0.0,0.0,0.0,0.0,0.0,0.0,0.0,0.0,0.0,0.0,0.0,0.0,0.0,0.0,0.0,0.0,0.0,0.0,0.0,0.0,0.0,0.0,0.0,0.0,0.0,0.0,0.0,0.0,0.0,0.0,0.0,0.0,0.0,0.0,0.0,0.0,0.0,0.0,0.0,0.0,0.0,0.0,0.0,0.0,0.0,0.0,0.0,0.0,0.0,0.0,0.0,0.0,0.0,0.0,0.0,0.0,0.0,0.0,0.0,0.0,0.0007384419441223145,0.0011759400367736816,0.000786125659942627,0.0004909634590148926,0.0008150339126586914,0.0015391111373901367,0.0017606616020202637,0.0016292929649353027,0.0019518733024597168,0.0025093555450439453,0.002931535243988037,0.0031673312187194824,0.003516674041748047,0.0042345523834228516,0.004586458206176758,0.004893243312835693,0.005383849143981934,0.006156444549560547,0.0067542195320129395,0.006976962089538574,0.007750213146209717,0.008710503578186035,0.009534358978271484,0.01007091999053955,0.010743856430053711,0.012060403823852539,0.013223052024841309,0.014099180698394775,0.014957666397094727,0.016219794750213623,0.017707109451293945,0.018732428550720215,0.019769668579101562,0.020734429359436035,0.022000253200531006,0.023562729358673096,0.024807274341583252,0.02632826566696167,0.02763986587524414,0.028495430946350098,0.029235661029815674,0.030461788177490234,0.03203648328781128,0.03350663185119629,0.03439837694168091,0.03525662422180176,0.03508549928665161,0.03415638208389282,0.033007264137268066,0.032093942165374756,0.031514883041381836,0.03112262487411499,0.031437695026397705,0.031970083713531494,0.03325235843658447,0.03374361991882324,0.032896995544433594,0.03184676170349121,0.031764209270477295,0.03250926733016968,0.03227651119232178,0.03167647123336792,0.03160297870635986,0.031049132347106934,0.029803156852722168,0.02814006805419922,0.026347219944000244,0.02422785758972168,0.022142767906188965,0.01950538158416748,0.016999363899230957,0.015781521797180176,0.013815522193908691,0.011151671409606934,0.008405506610870361,0.00020885467529296875,-0.0004273056983947754,-0.0007613897323608398,-0.0002753138542175293,-0.00028842687606811523,-0.0011672377586364746,-0.0016581416130065918,-0.0017551779747009277,-0.001721203327178955,-0.002366483211517334,-0.003077685832977295,-0.003262341022491455,-0.003737509250640869,-0.004403650760650635,-0.005180478096008301,-0.005622923374176025,-0.00586777925491333,-0.006835758686065674,-0.0076247453689575195,-0.008044779300689697,-0.008622527122497559,-0.009632527828216553,-0.01075655221939087,-0.011387169361114502,-0.01185065507888794,-0.013265848159790039,-0.014628231525421143,-0.015695929527282715,-0.01633608341217041,-0.017384111881256104,-0.018971920013427734,-0.020210981369018555,-0.021144509315490723,-0.022160649299621582,-0.02351832389831543,-0.02510148286819458,-0.02639186382293701,-0.027705073356628418,-0.0290641188621521,-0.030222594738006592,-0.030726134777069092,-0.03180760145187378,-0.03331112861633301,-0.035159528255462646,-0.0361517071723938,-0.03657776117324829,-0.03645157814025879,-0.0355837345123291,-0.03447026014328003,-0.033389270305633545,-0.03273230791091919,-0.03251349925994873,-0.03268313407897949,-0.032837510108947754,-0.03398299217224121,-0.034651100635528564,-0.03411930799484253,-0.03272205591201782,-0.03220546245574951,-0.03301459550857544,-0.03298395872116089,-0.032365500926971436,-0.031745851039886475,-0.031262338161468506,-0.030299067497253418,-0.02819889783859253,-0.02620631456375122,-0.024087131023406982,-0.02208125591278076,-0.01959240436553955,-0.01681309938430786,-0.015450894832611084,-0.013553798198699951,-0.010989844799041748,-0.00804680585861206
30,0.002723872661590576,0.0030341148376464844,0.0032064318656921387,0.0027133822441101074,0.002336740493774414,0.0024616122245788574,0.002512335777282715,0.0023816823959350586,0.0017352700233459473,0.001255333423614502,0.0014034509658813477,0.0011376142501831055,0.0006161928176879883,9.626150131225586e-05,-0.0004398226737976074,-0.0008278489112854004,-0.0015721321105957031,-0.002438843250274658,-0.003114163875579834,-0.003601670265197754,-0.004588782787322998,-0.005467414855957031,-0.006694912910461426,-0.007957994937896729,-0.009138762950897217,-0.010425388813018799,-0.01190042495727539,-0.013379395008087158,-0.015163540840148926,-0.016535282135009766,-0.01785743236541748,-0.019347429275512695,-0.021171510219573975,-0.02318727970123291,-0.02522885799407959,-0.027584075927734375,-0.03007328510284424,-0.03243458271026611,-0.034882426261901855,-0.03675311803817749,-0.03852963447570801,-0.04010242223739624,-0.04166227579116821,-0.04289531707763672,-0.04396146535873413,-0.04534083604812622,-0.04639291763305664,-0.0472944974899292,-0.04802858829498291,-0.048176109790802,-0.048702776432037354,-0.0489158034324646,-0.049095988273620605,-0.04891002178192139,-0.04827672243118286,-0.04812633991241455,-0.04803842306137085,-0.04756045341491699,-0.04706442356109619,-0.04620891809463501,-0.04536658525466919,-0.04464524984359741,-0.043850839138031006,-0.042229413986206055,-0.040103793144226074,-0.03801971673965454,-0.03621715307235718,-0.03474634885787964,-0.03354001045227051,-0.03206354379653931,-0.030106842517852783,-0.028221309185028076,-0.025577306747436523,-0.021879136562347412,-0.01708287000656128,0.0,0.0,0.0,0.0,0.0,0.0,0.0,0.0,0.0,0.0,0.0,0.0,0.0,0.0,0.0,0.0,0.0,0.0,0.0,0.0,0.0,0.0,0.0,0.0,0.0,0.0,0.0,0.0,0.0,0.0,0.0,0.0,0.0,0.0,0.0,0.0,0.0,0.0,0.0,0.0,0.0,0.0,0.0,0.0,0.0,0.0,0.0,0.0,0.0,0.0,0.0,0.0,0.0,0.0,0.0,0.0,0.0,0.0,0.0,0.0,0.0,0.0,0.0,0.0,0.0,0.0,0.0,0.0,0.0,0.0,0.0,0.0,0.0,0.0,0.0,0.0,0.0,0.0,0.0,0.0,0.0,0.0,0.0,0.0,0.0,0.0,0.0,0.0,0.0,0.0,0.0,0.0,0.0,0.0,0.0,0.0,0.0,0.0,0.0,0.0,0.0,0.0,0.0,0.0,0.0,0.0,0.0,0.0,0.0,0.0,0.0,0.0,0.0,0.0,0.0,0.0,0.0,0.0,0.0,0.0,0.0,0.0,0.0,0.0,0.0,0.0,0.0,0.0,0.0,0.0,0.0,0.0,0.0,0.0,0.0,0.0,0.0,0.0,0.0,0.0,0.0,0.0,0.0,0.0,0.0,0.0,0.0,0.0,0.0,0.0
31,0.007469832897186279,0.010606884956359863,0.011669814586639404,0.012382686138153076,0.012415647506713867,0.013894736766815186,0.015138030052185059,0.013595998287200928,0.01258552074432373,0.013001561164855957,0.008970916271209717,0.00532841682434082,0.0048746466636657715,-0.0034666061401367188,-0.010369718074798584,-0.010967791080474854,-0.013581931591033936,-0.014214158058166504,-0.016874730587005615,-0.01772207021713257,-0.015272676944732666,-0.013773024082183838,-0.01066058874130249,-0.004153907299041748,-0.0016537308692932129,0.006460964679718018,0.008361637592315674,0.014476776123046875,0.018264472484588623,0.017768025398254395,0.01911824941635132,0.021559715270996094,0.020212829113006592,0.01746666431427002,0.017758846282958984,0.01035982370376587,0.005557119846343994,0.003621041774749756,-0.0065770745277404785,-0.009885013103485107,-0.015075147151947021,-0.01747363805770874,-0.01892983913421631,-0.0218656063079834,-0.022440195083618164,-0.020515799522399902,-0.018077433109283447,-0.012952029705047607,-0.0052024126052856445,-0.004113972187042236,0.004472851753234863,0.005827665328979492,0.015399336814880371,0.017737209796905518,0.019129633903503418,0.02077716588973999,0.02165353298187256,0.02014392614364624,0.018536031246185303,0.015285193920135498,0.00818777084350586,0.0028438568115234375,0.004333198070526123,-0.005205094814300537,-0.010048508644104004,-0.014822959899902344,-0.017633020877838135,-0.020396411418914795,-0.019013702869415283,-0.019898831844329834,-0.01865565776824951,-0.015890896320343018,-0.011909067630767822,-0.0068528056144714355,-0.006172060966491699,0.0,0.0,0.0,0.0,0.0,0.0,0.0,0.0,0.0,0.0,0.0,0.0,0.0,0.0,0.0,0.0,0.0,0.0,0.0,0.0,0.0,0.0,0.0,0.0,0.0,0.0,0.0,0.0,0.0,0.0,0.0,0.0,0.0,0.0,0.0,0.0,0.0,0.0,0.0,0.0,0.0,0.0,0.0,0.0,0.0,0.0,0.0,0.0,0.0,0.0,0.0,0.0,0.0,0.0,0.0,0.0,0.0,0.0,0.0,0.0,0.0,0.0,0.0,0.0,0.0,0.0,0.0,0.0,0.0,0.0,0.0,0.0,0.0,0.0,0.0,0.0073563456535339355,0.010791242122650146,0.011905670166015625,0.012275099754333496,0.012550413608551025,0.01381152868270874,0.014868617057800293,0.01375281810760498,0.012525796890258789,0.013411462306976318,0.009175598621368408,0.006399989128112793,0.005273163318634033,-0.0041084885597229,-0.010286092758178711,-0.010693252086639404,-0.013280212879180908,-0.013960599899291992,-0.01695030927658081,-0.017007648944854736,-0.01474088430404663,-0.013816773891448975,-0.011219799518585205,-0.005635201930999756,-0.0018135309219360352,0.0061261653900146484,0.0083845853805542,0.014707982540130615,0.018182456493377686,0.017291784286499023,0.018476247787475586,0.02145862579345703,0.01974952220916748,0.016793131828308105,0.018269658088684082,0.01085442304611206,0.007120788097381592,0.0039937496185302734,-0.006440937519073486,-0.009903550148010254,-0.015297114849090576,-0.0171014666557312,-0.018678724765777588,-0.021193504333496094,-0.022928059101104736,-0.02100229263305664,-0.01844722032546997,-0.014064490795135498,-0.0063689351081848145,-0.0041686296463012695,0.004382073879241943,0.006051182746887207,0.014815688133239746,0.016957879066467285,0.01821368932723999,0.020164549350738525,0.022046148777008057,0.019924163818359375,0.018153131008148193,0.01614987850189209,0.008830666542053223,0.003378748893737793,0.0041463375091552734,-0.005371272563934326,-0.009893715381622314,-0.014470815658569336,-0.01663970947265625,-0.020188570022583008,-0.019175052642822266,-0.020018577575683594,-0.01867663860321045,-0.01614832878112793,-0.01259225606918335,-0.006970822811126709,-0.0067844390869140625
32,0.0,0.0,0.0,0.0,0.0,0.0,0.0,0.0,0.0,0.0,0.0,0.0,0.0,0.0,0.0,0.0,0.0,0.0,0.0,0.0,0.0,0.0,0.0,0.0,0.0,0.0,0.0,0.0,0.0,0.0,0.0,0.0,0.0,0.0,0.0,0.0,0.0,0.0,0.0,0.0,0.0,0.0,0.0,0.0,0.0,0.0,0.0,0.0,0.0,0.0,0.0,0.0,0.0,0.0,0.0,0.0,0.0,0.0,0.0,0.0,0.0,0.0,0.0,0.0,0.0,0.0,0.0,0.0,0.0,0.0,0.0,0.0,0.0,0.0,0.0,0.012335777282714844,0.018573522567749023,0.02568763494491577,0.03000950813293457,0.029940307140350342,0.029720664024353027,0.031461358070373535,0.03097301721572876,0.030048489570617676,0.029215633869171143,0.029444396495819092,0.03008371591567993,0.03062206506729126,0.029934346675872803,0.030016958713531494,0.030419766902923584,0.030934631824493408,0.03170585632324219,0.03278130292892456,0.033277034759521484,0.032658278942108154,0.032975971698760986,0.0332258939743042,0.0341375470161438,0.03329712152481079,0.032085537910461426,0.031681597232818604,0.031423330307006836,0.032710134983062744,0.03433334827423096,0.03631758689880371,0.03442293405532837,0.029704511165618896,0.02798318862915039,0.02542269229888916,0.02142709493637085,0.015574932098388672,0.006560981273651123,-0.005333244800567627,-0.018998801708221436,-0.0277441143989563,-0.027996599674224854,-0.026601433753967285,-0.030365705490112305,-0.030608057975769043,-0.02955871820449829,-0.02820223569869995,-0.028156518936157227,-0.028689146041870117,-0.02918565273284912,-0.029041588306427002,-0.029484808444976807,-0.029666662216186523,-0.029950380325317383,-0.030685782432556152,-0.032040297985076904,-0.033067524433135986,-0.03239095211029053,-0.03293347358703613,-0.03333693742752075,-0.03319782018661499,-0.03164470195770264,-0.02998650074005127,-0.02992856502532959,-0.031235337257385254,-0.034081101417541504,-0.037068724632263184,-0.037806153297424316,-0.034523189067840576,-0.030449390411376953,-0.028743505477905273,-0.026076316833496094,-0.0242154598236084,-0.022855281829833984,-0.018923521041870117,-0.012951970100402832,-0.01884019374847412,-0.02574819326400757,-0.02959895133972168,-0.029127836227416992,-0.028678476810455322,-0.030619025230407715,-0.03041255474090576,-0.029480814933776855,-0.028652429580688477,-0.02833348512649536,-0.02759850025177002,-0.027720153331756592,-0.027469873428344727,-0.02763223648071289,-0.028197169303894043,-0.028395116329193115,-0.028406918048858643,-0.028482496738433838,-0.02877253293991089,-0.028459012508392334,-0.028241276741027832,-0.02768397331237793,-0.02656012773513794,-0.02509087324142456,-0.02412283420562744,-0.024069786071777344,-0.02465057373046875,-0.02510678768157959,-0.024921059608459473,-0.02239292860031128,-0.02026134729385376,-0.01688706874847412,-0.011469900608062744,-0.008211612701416016,-0.006673276424407959,-0.004684627056121826,-0.0016478300094604492,0.002388477325439453,0.005754292011260986,0.008119463920593262,0.010336518287658691,0.012897849082946777,0.014709711074829102,0.016561269760131836,0.018850743770599365,0.020650506019592285,0.02264028787612915,0.02455991506576538,0.025683701038360596,0.02642822265625,0.027183353900909424,0.02790158987045288,0.028750896453857422,0.029317796230316162,0.029825448989868164,0.030592739582061768,0.030685126781463623,0.030643820762634277,0.0309564471244812,0.03113347291946411,0.03102165460586548,0.03085082769393921,0.03054720163345337,0.030693471431732178,0.03116607666015625,0.03184497356414795,0.03233712911605835,0.03211730718612671,0.03003668785095215,0.02661764621734619,0.027002811431884766,0.026568830013275146,0.02476656436920166,0.02093273401260376
33,-0.006021738052368164,-0.010764122009277344,-0.016265273094177246,-0.022554516792297363,-0.02469688653945923,-0.024216175079345703,-0.023854494094848633,-0.0232999324798584,-0.0242156982421875,-0.024696946144104004,-0.02542656660079956,-0.02527409791946411,-0.02528434991836548,-0.02426624298095703,-0.023410022258758545,-0.02294325828552246,-0.022076547145843506,-0.02104431390762329,-0.020231127738952637,-0.019425809383392334,-0.018500208854675293,-0.017598867416381836,-0.01691645383834839,-0.01627933979034424,-0.015545904636383057,-0.014152765274047852,-0.01333993673324585,-0.013056755065917969,-0.012053251266479492,-0.010937750339508057,-0.010197997093200684,-0.009184062480926514,-0.00847560167312622,-0.007727146148681641,-0.00721818208694458,-0.007075905799865723,-0.005715429782867432,-0.0019461512565612793,-0.00047701597213745117,-0.00011587142944335938,0.0003902912139892578,0.0005207061767578125,0.0010622739791870117,0.0020467638969421387,0.003300487995147705,0.004438459873199463,0.005193829536437988,0.006158351898193359,0.0067231059074401855,0.007649838924407959,0.008832037448883057,0.009468615055084229,0.010509014129638672,0.011378049850463867,0.012340426445007324,0.013501882553100586,0.013954758644104004,0.014352738857269287,0.015540540218353271,0.016886115074157715,0.01744920015335083,0.01819533109664917,0.01915949583053589,0.020110368728637695,0.021157562732696533,0.022478163242340088,0.023894309997558594,0.02473747730255127,0.025286734104156494,0.025631606578826904,0.026027262210845947,0.027365446090698242,0.02783024311065674,0.02756112813949585,0.024629414081573486,0.007900476455688477,0.011821746826171875,0.01647663116455078,0.023266375064849854,0.02629798650741577,0.026087641716003418,0.02650374174118042,0.026946187019348145,0.0288008451461792,0.03080737590789795,0.03107398748397827,0.03147619962692261,0.032634079456329346,0.03319704532623291,0.03311634063720703,0.03267556428909302,0.032573401927948,0.03275156021118164,0.03251928091049194,0.03163611888885498,0.03158688545227051,0.0316275954246521,0.03168487548828125,0.03182286024093628,0.0316622257232666,0.031859397888183594,0.03215700387954712,0.033435702323913574,0.03519672155380249,0.03427731990814209,0.03242570161819458,0.03195810317993164,0.03273665904998779,0.033611297607421875,0.030109107494354248,0.027227699756622314,0.02471923828125,0.0194551944732666,0.009478867053985596,-0.0019516348838806152,-0.01530611515045166,-0.021167993545532227,-0.020831406116485596,-0.020929992198944092,-0.021735727787017822,-0.02535831928253174,-0.02865910530090332,-0.030551016330718994,-0.03179436922073364,-0.03334885835647583,-0.033899784088134766,-0.03370100259780884,-0.033387839794158936,-0.03310936689376831,-0.03294283151626587,-0.03340810537338257,-0.033427894115448,-0.03338634967803955,-0.03244274854660034,-0.03221076726913452,-0.032972097396850586,-0.03317016363143921,-0.03270512819290161,-0.03268831968307495,-0.03352522850036621,-0.034318745136260986,-0.03390073776245117,-0.03290814161300659,-0.03257817029953003,-0.03342205286026001,-0.034104347229003906,-0.03195911645889282,-0.03048771619796753,-0.02976912260055542,-0.02583467960357666,-0.0059487223625183105,-0.01083463430404663,-0.016510367393493652,-0.023411989212036133,-0.026603519916534424,-0.026452243328094482,-0.02644723653793335,-0.0266340970993042,-0.028443455696105957,-0.030060946941375732,-0.03139406442642212,-0.03186750411987305,-0.032630085945129395,-0.032722532749176025,-0.03305232524871826,-0.033075928688049316,-0.03273886442184448,-0.03252357244491577,-0.03301966190338135,-0.0328601598739624,-0.032119929790496826,-0.03162217140197754,-0.031588613986968994,-0.0319560170173645,-0.0313946008682251,-0.029971599578857422,-0.029751718044281006,-0.029469072818756104,-0.028389811515808105,-0.027484536170959473,-0.026011347770690918,-0.024035632610321045,-0.022804200649261475,-0.021625757217407227,-0.01989513635635376,-0.017765283584594727,-0.01233375072479248,-0.00831979513168335,-0.006426393985748291,-0.003406524658203125,-0.00021904706954956055,0.002280116081237793,0.004565715789794922,0.007174253463745117,0.010783791542053223,0.014235377311706543,0.01634305715560913,0.01824706792831421,0.01948302984237671,0.021715879440307617,0.02409905195236206,0.025702953338623047,0.026565730571746826,0.027115046977996826,0.02828437089920044,0.029797613620758057,0.030155420303344727,0.030168116092681885,0.030909597873687744,0.03163117170333862,0.0320432186126709,0.032322049140930176,0.03232663869857788,0.03230565786361694,0.032685816287994385,0.033784687519073486,0.03466200828552246,0.03390294313430786,0.03317457437515259,0.03321021795272827,0.03336209058761597,0.03410691022872925,0.03239846229553223,0.03047621250152588,0.02949213981628418
34,0.011815369129180908,0.02059274911880493,0.028905868530273438,0.032532453536987305,0.034063875675201416,0.033483922481536865,0.03144031763076782,0.028259873390197754,0.025654196739196777,0.02516019344329834,0.02515345811843872,0.02640378475189209,0.026406049728393555,0.026755154132843018,0.027779877185821533,0.028649866580963135,0.02985846996307373,0.031006276607513428,0.03232079744338989,0.03352111577987671,0.03526240587234497,0.03718912601470947,0.038236021995544434,0.039187610149383545,0.03977459669113159,0.04008680582046509,0.0399022102355957,0.038728415966033936,0.037772417068481445,0.03830760717391968,0.03978043794631958,0.041429221630096436,0.041566669940948486,0.041808485984802246,0.042477965354919434,0.04329770803451538,0.043832361698150635,0.043242812156677246,0.04288589954376221,0.04272580146789551,0.04283231496810913,0.04378175735473633,0.043926358222961426,0.04435551166534424,0.045099496841430664,0.04544299840927124,0.04597526788711548,0.0459170937538147,0.04595571756362915,0.04698079824447632,0.047083139419555664,0.04726099967956543,0.046957314014434814,0.047128260135650635,0.04783552885055542,0.04953038692474365,0.05081939697265625,0.05080991983413696,0.051790595054626465,0.052539169788360596,0.05278348922729492,0.05365443229675293,0.054048776626586914,0.0534670352935791,0.053168535232543945,0.05403590202331543,0.055224061012268066,0.05402785539627075,0.05282747745513916,0.051059722900390625,0.0511775016784668,0.05004096031188965,0.043985962867736816,0.03826695680618286,0.031920552253723145,0.0,0.0,0.0,0.0,0.0,0.0,0.0,0.0,0.0,0.0,0.0,0.0,0.0,0.0,0.0,0.0,0.0,0.0,0.0,0.0,0.0,0.0,0.0,0.0,0.0,0.0,0.0,0.0,0.0,0.0,0.0,0.0,0.0,0.0,0.0,0.0,0.0,0.0,0.0,0.0,0.0,0.0,0.0,0.0,0.0,0.0,0.0,0.0,0.0,0.0,0.0,0.0,0.0,0.0,0.0,0.0,0.0,0.0,0.0,0.0,0.0,0.0,0.0,0.0,0.0,0.0,0.0,0.0,0.0,0.0,0.0,0.0,0.0,0.0,0.0,0.0,0.0,0.0,0.0,0.0,0.0,0.0,0.0,0.0,0.0,0.0,0.0,0.0,0.0,0.0,0.0,0.0,0.0,0.0,0.0,0.0,0.0,0.0,0.0,0.0,0.0,0.0,0.0,0.0,0.0,0.0,0.0,0.0,0.0,0.0,0.0,0.0,0.0,0.0,0.0,0.0,0.0,0.0,0.0,0.0,0.0,0.0,0.0,0.0,0.0,0.0,0.0,0.0,0.0,0.0,0.0,0.0,0.0,0.0,0.0,0.0,0.0,0.0,0.0,0.0,0.0,0.0,0.0,0.0,0.0,0.0,0.0,0.0,0.0,0.0
35,0.0,0.0,0.0,0.0,0.0,0.0,0.0,0.0,0.0,0.0,0.0,0.0,0.0,0.0,0.0,0.0,0.0,0.0,0.0,0.0,0.0,0.0,0.0,0.0,0.0,0.0,0.0,0.0,0.0,0.0,0.0,0.0,0.0,0.0,0.0,0.0,0.0,0.0,0.0,0.0,0.0,0.0,0.0,0.0,0.0,0.0,0.0,0.0,0.0,0.0,0.0,0.0,0.0,0.0,0.0,0.0,0.0,0.0,0.0,0.0,0.0,0.0,0.0,0.0,0.0,0.0,0.0,0.0,0.0,0.0,0.0,0.0,0.0,0.0,0.0,0.015255510807037354,0.01874011754989624,0.02054959535598755,0.022105813026428223,0.02320772409439087,0.023631930351257324,0.02434927225112915,0.024068593978881836,0.02416408061981201,0.024189412593841553,0.024550795555114746,0.024946153163909912,0.025069475173950195,0.02522599697113037,0.025439798831939697,0.025486409664154053,0.025491178035736084,0.025594592094421387,0.02620220184326172,0.02647608518600464,0.02663332223892212,0.026874840259552002,0.02697962522506714,0.02744084596633911,0.02762049436569214,0.027746140956878662,0.027997970581054688,0.028082966804504395,0.02821934223175049,0.02828437089920044,0.028382539749145508,0.028532862663269043,0.028823494911193848,0.029195845127105713,0.02931922674179077,0.02940911054611206,0.029415547847747803,0.02925938367843628,0.02937614917755127,0.02940768003463745,0.029697895050048828,0.029929637908935547,0.03003239631652832,0.030432403087615967,0.030512213706970215,0.030867576599121094,0.030728578567504883,0.03069937229156494,0.03101193904876709,0.03107583522796631,0.03096926212310791,0.030939579010009766,0.031114161014556885,0.03139948844909668,0.031239628791809082,0.03179144859313965,0.032434940338134766,0.03272247314453125,0.03269404172897339,0.03271329402923584,0.032859861850738525,0.033147573471069336,0.03376114368438721,0.03373587131500244,0.03328239917755127,0.032636165618896484,0.03140634298324585,0.03030604124069214,0.030892252922058105,0.033115506172180176,0.036575257778167725,0.0405275821685791,0.03827106952667236,0.031009912490844727,0.02055412530899048,-0.016773998737335205,-0.02015751600265503,-0.021900534629821777,-0.02342689037322998,-0.024296939373016357,-0.024950921535491943,-0.025633037090301514,-0.025279223918914795,-0.02528226375579834,-0.02506256103515625,-0.025483548641204834,-0.025722026824951172,-0.025835514068603516,-0.025936007499694824,-0.026022136211395264,-0.026181817054748535,-0.026093482971191406,-0.026293694972991943,-0.026715099811553955,-0.026842176914215088,-0.027133524417877197,-0.027173280715942383,-0.027249693870544434,-0.027452468872070312,-0.027511179447174072,-0.027795374393463135,-0.027778327465057373,-0.027882158756256104,-0.027959704399108887,-0.027965009212493896,-0.028056561946868896,-0.02808612585067749,-0.028484463691711426,-0.028747081756591797,-0.02873849868774414,-0.02882230281829834,-0.02871495485305786,-0.028672873973846436,-0.028596162796020508,-0.02864784002304077,-0.02905905246734619,-0.02918154001235962,-0.02934032678604126,-0.029704034328460693,-0.029767334461212158,-0.029996097087860107,-0.029846906661987305,-0.03004014492034912,-0.030103325843811035,-0.030318737030029297,-0.030366897583007812,-0.03032451868057251,-0.030618369579315186,-0.030704379081726074,-0.03063201904296875,-0.031209349632263184,-0.031849801540374756,-0.03233933448791504,-0.03216058015823364,-0.03217339515686035,-0.03246265649795532,-0.032858431339263916,-0.03346759080886841,-0.03336167335510254,-0.03312939405441284,-0.03242194652557373,-0.03125637769699097,-0.03035104274749756,-0.03089672327041626,-0.033386170864105225,-0.03679758310317993,-0.04095649719238281,-0.03883981704711914,-0.031238973140716553,-0.021091938018798828
36,-0.023242950439453125,-0.02747797966003418,-0.030984163284301758,-0.03298449516296387,-0.034307897090911865,-0.035484910011291504,-0.03701239824295044,-0.038203537464141846,-0.040083110332489014,-0.041384100914001465,-0.04242581129074097,-0.042576491832733154,-0.04099458456039429,-0.03968703746795654,-0.038633525371551514,-0.03861212730407715,-0.039188504219055176,-0.04042983055114746,-0.04129558801651001,-0.04186391830444336,-0.0425143837928772,-0.04323148727416992,-0.04355466365814209,-0.043530821800231934,-0.04347860813140869,-0.04382824897766113,-0.044219374656677246,-0.044384658336639404,-0.04451489448547363,-0.04495525360107422,-0.045647382736206055,-0.0469546914100647,-0.04727238416671753,-0.047468364238739014,-0.04722028970718384,-0.04770171642303467,-0.048361361026763916,-0.04885673522949219,-0.0490228533744812,-0.04935067892074585,-0.05006611347198486,-0.051156044006347656,-0.05231744050979614,-0.052767157554626465,-0.052559494972229004,-0.0526852011680603,-0.05278348922729492,-0.05297410488128662,-0.05278414487838745,-0.0525285005569458,-0.05226600170135498,-0.05199122428894043,-0.052470386028289795,-0.05333971977233887,-0.0544779896736145,-0.05442231893539429,-0.05397540330886841,-0.052218079566955566,-0.05079293251037598,-0.05027800798416138,-0.05028194189071655,-0.05039626359939575,-0.05032491683959961,-0.050485193729400635,-0.051156699657440186,-0.05164039134979248,-0.053067028522491455,-0.05526769161224365,-0.056763529777526855,-0.05730557441711426,-0.056039631366729736,-0.05295902490615845,-0.046962082386016846,-0.038218677043914795,-0.027596235275268555,0.0,0.0,0.0,0.0,0.0,0.0,0.0,0.0,0.0,0.0,0.0,0.0,0.0,0.0,0.0,0.0,0.0,0.0,0.0,0.0,0.0,0.0,0.0,0.0,0.0,0.0,0.0,0.0,0.0,0.0,0.0,0.0,0.0,0.0,0.0,0.0,0.0,0.0,0.0,0.0,0.0,0.0,0.0,0.0,0.0,0.0,0.0,0.0,0.0,0.0,0.0,0.0,0.0,0.0,0.0,0.0,0.0,0.0,0.0,0.0,0.0,0.0,0.0,0.0,0.0,0.0,0.0,0.0,0.0,0.0,0.0,0.0,0.0,0.0,0.0,0.0,0.0,0.0,0.0,0.0,0.0,0.0,0.0,0.0,0.0,0.0,0.0,0.0,0.0,0.0,0.0,0.0,0.0,0.0,0.0,0.0,0.0,0.0,0.0,0.0,0.0,0.0,0.0,0.0,0.0,0.0,0.0,0.0,0.0,0.0,0.0,0.0,0.0,0.0,0.0,0.0,0.0,0.0,0.0,0.0,0.0,0.0,0.0,0.0,0.0,0.0,0.0,0.0,0.0,0.0,0.0,0.0,0.0,0.0,0.0,0.0,0.0,0.0,0.0,0.0,0.0,0.0,0.0,0.0,0.0,0.0,0.0,0.0,0.0,0.0
37,0.0,0.0,0.0,0.0,0.0,0.0,0.0,0.0,0.0,0.0,0.0,0.0,0.0,0.0,0.0,0.0,0.0,0.0,0.0,0.0,0.0,0.0,0.0,0.0,0.0,0.0,0.0,0.0,0.0,0.0,0.0,0.0,0.0,0.0,0.0,0.0,0.0,0.0,0.0,0.0,0.0,0.0,0.0,0.0,0.0,0.0,0.0,0.0,0.0,0.0,0.0,0.0,0.0,0.0,0.0,0.0,0.0,0.0,0.0,0.0,0.0,0.0,0.0,0.0,0.0,0.0,0.0,0.0,0.0,0.0,0.0,0.0,0.0,0.0,0.0,0.0,0.0,0.0,0.0,0.0,0.0,0.0,0.0,0.0,0.0,0.0,0.0,0.0,0.0,0.0,0.0,0.0,0.0,0.0,0.0,0.0,0.0,0.0,0.0,0.0,0.0,0.0,0.0,0.0,0.0,0.0,0.0,0.0,0.0,0.0,0.0,0.0,0.0,0.0,0.0,0.0,0.0,0.0,0.0,0.0,0.0,0.0,0.0,0.0,0.0,0.0,0.0,0.0,0.0,0.0,0.0,0.0,0.0,0.0,0.0,0.0,0.0,0.0,0.0,0.0,0.0,0.0,0.0,0.0,0.0,0.0,0.0,0.0,0.0,0.0,0.0,0.0,0.0,0.0,0.0,0.0,0.0,0.0,0.0,0.0,0.0,0.0,0.0,0.0,0.0,0.0,0.0,0.0,0.0,0.0,0.0,0.0,0.0,0.0,0.0,0.0,0.0,0.0,0.0,0.0,0.0,0.0,0.0,0.0,0.0,0.0,0.0,0.0,0.0,0.0,0.0,0.0,0.0,0.0,0.0,0.0,0.0,0.0,0.0,0.0,0.0,0.0,0.0,0.0,0.0,0.0,0.0,0.0,0.0,0.0,0.0,0.0,0.0,0.0,0.0,0.0,0.0,0.0,0.0,0.0,0.0,0.0,0.0,0.0,0.0
38,0.0,0.0,0.0,0.0,0.0,0.0,0.0,0.0,0.0,0.0,0.0,0.0,0.0,0.0,0.0,0.0,0.0,0.0,0.0,0.0,0.0,0.0,0.0,0.0,0.0,0.0,0.0,0.0,0.0,0.0,0.0,0.0,0.0,0.0,0.0,0.0,0.0,0.0,0.0,0.0,0.0,0.0,0.0,0.0,0.0,0.0,0.0,0.0,0.0,0.0,0.0,0.0,0.0,0.0,0.0,0.0,0.0,0.0,0.0,0.0,0.0,0.0,0.0,0.0,0.0,0.0,0.0,0.0,0.0,0.0,0.0,0.0,0.0,0.0,0.0,0.003643035888671875,0.0020514726638793945,-0.00019937753677368164,-0.0025997161865234375,-0.005956172943115234,-0.009452223777770996,-0.013013362884521484,-0.01597428321838379,-0.018134355545043945,-0.019697606563568115,-0.019633352756500244,-0.018416941165924072,-0.01580023765563965,-0.012170732021331787,-0.007887005805969238,-0.0025693178176879883,0.0022836923599243164,0.007422804832458496,0.012530922889709473,0.01643615961074829,0.019489586353302002,0.020738720893859863,0.021148741245269775,0.02049356698989868,0.017721354961395264,0.013568401336669922,0.00775456428527832,0.00185471773147583,-0.00516122579574585,-0.01266169548034668,-0.01973515748977661,-0.025869131088256836,-0.0300101637840271,-0.03289198875427246,-0.03380554914474487,-0.032419562339782715,-0.029653072357177734,-0.024458765983581543,-0.017759501934051514,-0.010074794292449951,-0.001994490623474121,0.005991995334625244,0.014213740825653076,0.020942330360412598,0.02641981840133667,0.030237674713134766,0.03162336349487305,0.031421780586242676,0.029048562049865723,0.024547338485717773,0.018527448177337646,0.011254608631134033,0.0044596195220947266,-0.002721548080444336,-0.009311139583587646,-0.01500844955444336,-0.019549965858459473,-0.022028326988220215,-0.0233117938041687,-0.02281796932220459,-0.021320879459381104,-0.01858466863632202,-0.014423847198486328,-0.009753823280334473,-0.004408717155456543,0.0005252361297607422,0.005998492240905762,0.011218249797821045,0.015286386013031006,0.01835685968399048,0.019769728183746338,0.020222783088684082,0.019617080688476562,0.01710975170135498,0.014000773429870605,0.0,0.0,0.0,0.0,0.0,0.0,0.0,0.0,0.0,0.0,0.0,0.0,0.0,0.0,0.0,0.0,0.0,0.0,0.0,0.0,0.0,0.0,0.0,0.0,0.0,0.0,0.0,0.0,0.0,0.0,0.0,0.0,0.0,0.0,0.0,0.0,0.0,0.0,0.0,0.0,0.0,0.0,0.0,0.0,0.0,0.0,0.0,0.0,0.0,0.0,0.0,0.0,0.0,0.0,0.0,0.0,0.0,0.0,0.0,0.0,0.0,0.0,0.0,0.0,0.0,0.0,0.0,0.0,0.0,0.0,0.0,0.0,0.0,0.0,0.0
39,0.0,0.0,0.0,0.0,0.0,0.0,0.0,0.0,0.0,0.0,0.0,0.0,0.0,0.0,0.0,0.0,0.0,0.0,0.0,0.0,0.0,0.0,0.0,0.0,0.0,0.0,0.0,0.0,0.0,0.0,0.0,0.0,0.0,0.0,0.0,0.0,0.0,0.0,0.0,0.0,0.0,0.0,0.0,0.0,0.0,0.0,0.0,0.0,0.0,0.0,0.0,0.0,0.0,0.0,0.0,0.0,0.0,0.0,0.0,0.0,0.0,0.0,0.0,0.0,0.0,0.0,0.0,0.0,0.0,0.0,0.0,0.0,0.0,0.0,0.0,0.0007072091102600098,0.0005415081977844238,0.0008499622344970703,0.0012028813362121582,0.0011954903602600098,0.0008148550987243652,0.0007625818252563477,0.0009520649909973145,0.0013141036033630371,0.0012689828872680664,0.001078188419342041,0.0010928511619567871,0.0019588470458984375,0.0022696852684020996,0.002688586711883545,0.002687692642211914,0.003131568431854248,0.003530561923980713,0.004016101360321045,0.004219472408294678,0.004536628723144531,0.0045427680015563965,0.004751682281494141,0.005328714847564697,0.005163967609405518,0.004585564136505127,0.004258692264556885,0.003956735134124756,0.0034204721450805664,0.001940310001373291,0.0005704164505004883,-0.0008429288864135742,-0.002357184886932373,-0.004029572010040283,-0.0061528682708740234,-0.008715212345123291,-0.011219203472137451,-0.013140380382537842,-0.01563858985900879,-0.01807636022567749,-0.021195173263549805,-0.023563802242279053,-0.0261155366897583,-0.0281183123588562,-0.031198203563690186,-0.03339046239852905,-0.035083770751953125,-0.03650832176208496,-0.037960171699523926,-0.03967905044555664,-0.04083436727523804,-0.04146003723144531,-0.04190188646316528,-0.042200684547424316,-0.042494237422943115,-0.04236412048339844,-0.041899263858795166,-0.04068553447723389,-0.03989887237548828,-0.03881227970123291,-0.037728965282440186,-0.036313533782958984,-0.034523725509643555,-0.03297156095504761,-0.03138250112533569,-0.02944481372833252,-0.027203619480133057,-0.025104224681854248,-0.023208677768707275,-0.021233856678009033,-0.019267916679382324,-0.017006635665893555,-0.01474231481552124,-0.01277536153793335,-0.010979294776916504,0.0,0.0,0.0,0.0,0.0,0.0,0.0,0.0,0.0,0.0,0.0,0.0,0.0,0.0,0.0,0.0,0.0,0.0,0.0,0.0,0.0,0.0,0.0,0.0,0.0,0.0,0.0,0.0,0.0,0.0,0.0,0.0,0.0,0.0,0.0,0.0,0.0,0.0,0.0,0.0,0.0,0.0,0.0,0.0,0.0,0.0,0.0,0.0,0.0,0.0,0.0,0.0,0.0,0.0,0.0,0.0,0.0,0.0,0.0,0.0,0.0,0.0,0.0,0.0,0.0,0.0,0.0,0.0,0.0,0.0,0.0,0.0,0.0,0.0,0.0
40,-0.007172048091888428,-0.008655369281768799,-0.009862363338470459,-0.01073157787322998,-0.011889100074768066,-0.013279736042022705,-0.014764666557312012,-0.015936434268951416,-0.017129600048065186,-0.018372535705566406,-0.019833683967590332,-0.02159273624420166,-0.023322999477386475,-0.024189889430999756,-0.02509409189224243,-0.027219712734222412,-0.028658270835876465,-0.029945433139801025,-0.03104555606842041,-0.03212332725524902,-0.03409940004348755,-0.035197556018829346,-0.03682929277420044,-0.03747820854187012,-0.03848367929458618,-0.04011613130569458,-0.041087448596954346,-0.04187917709350586,-0.042377471923828125,-0.04349851608276367,-0.044671595096588135,-0.04591798782348633,-0.04581189155578613,-0.046536266803741455,-0.046835899353027344,-0.047331273555755615,-0.04795712232589722,-0.04762345552444458,-0.04701709747314453,-0.04714763164520264,-0.04781949520111084,-0.047837674617767334,-0.04712408781051636,-0.04582977294921875,-0.04548567533493042,-0.045850276947021484,-0.04464983940124512,-0.044085919857025146,-0.043004631996154785,-0.04270702600479126,-0.04191380739212036,-0.040536463260650635,-0.03973698616027832,-0.03857421875,-0.03743767738342285,-0.03597521781921387,-0.03542274236679077,-0.03402477502822876,-0.0320965051651001,-0.030665159225463867,-0.029594361782073975,-0.02838987112045288,-0.026773452758789062,-0.024734556674957275,-0.023788392543792725,-0.022751331329345703,-0.02083379030227661,-0.01937645673751831,-0.017833709716796875,-0.016659796237945557,-0.015895605087280273,-0.013981521129608154,-0.012797713279724121,-0.011343121528625488,-0.010562360286712646,0.0,0.0,0.0,0.0,0.0,0.0,0.0,0.0,0.0,0.0,0.0,0.0,0.0,0.0,0.0,0.0,0.0,0.0,0.0,0.0,0.0,0.0,0.0,0.0,0.0,0.0,0.0,0.0,0.0,0.0,0.0,0.0,0.0,0.0,0.0,0.0,0.0,0.0,0.0,0.0,0.0,0.0,0.0,0.0,0.0,0.0,0.0,0.0,0.0,0.0,0.0,0.0,0.0,0.0,0.0,0.0,0.0,0.0,0.0,0.0,0.0,0.0,0.0,0.0,0.0,0.0,0.0,0.0,0.0,0.0,0.0,0.0,0.0,0.0,0.0,0.0,0.0,0.0,0.0,0.0,0.0,0.0,0.0,0.0,0.0,0.0,0.0,0.0,0.0,0.0,0.0,0.0,0.0,0.0,0.0,0.0,0.0,0.0,0.0,0.0,0.0,0.0,0.0,0.0,0.0,0.0,0.0,0.0,0.0,0.0,0.0,0.0,0.0,0.0,0.0,0.0,0.0,0.0,0.0,0.0,0.0,0.0,0.0,0.0,0.0,0.0,0.0,0.0,0.0,0.0,0.0,0.0,0.0,0.0,0.0,0.0,0.0,0.0,0.0,0.0,0.0,0.0,0.0,0.0,0.0,0.0,0.0,0.0,0.0,0.0
41,0.009153902530670166,0.010346531867980957,0.011347591876983643,0.012541651725769043,0.01470804214477539,0.015727102756500244,0.017055988311767578,0.018205463886260986,0.019488036632537842,0.021480143070220947,0.022769272327423096,0.024321138858795166,0.025636374950408936,0.02699756622314453,0.028964102268218994,0.02981734275817871,0.03150534629821777,0.032631754875183105,0.033979058265686035,0.03562659025192261,0.036509037017822266,0.037826478481292725,0.03845846652984619,0.039785563945770264,0.0413515567779541,0.041941702365875244,0.04272395372390747,0.04330712556838989,0.044037818908691406,0.045054852962493896,0.04521840810775757,0.04570817947387695,0.04546558856964111,0.046115338802337646,0.0465388298034668,0.04637056589126587,0.04647254943847656,0.045971810817718506,0.046254754066467285,0.04583621025085449,0.04527217149734497,0.04490143060684204,0.043543875217437744,0.04338204860687256,0.04258763790130615,0.04151517152786255,0.04066956043243408,0.03918343782424927,0.038726210594177246,0.03758883476257324,0.03607088327407837,0.03485536575317383,0.0335049033164978,0.03308844566345215,0.03136056661605835,0.030096709728240967,0.028713345527648926,0.02707606554031372,0.026677966117858887,0.025136172771453857,0.023732304573059082,0.02208995819091797,0.020578324794769287,0.019963622093200684,0.01838099956512451,0.01721745729446411,0.015865564346313477,0.014681875705718994,0.014215230941772461,0.01270526647567749,0.012101531028747559,0.010629713535308838,0.00976794958114624,0.009700894355773926,0.008482277393341064,0.0,0.0,0.0,0.0,0.0,0.0,0.0,0.0,0.0,0.0,0.0,0.0,0.0,0.0,0.0,0.0,0.0,0.0,0.0,0.0,0.0,0.0,0.0,0.0,0.0,0.0,0.0,0.0,0.0,0.0,0.0,0.0,0.0,0.0,0.0,0.0,0.0,0.0,0.0,0.0,0.0,0.0,0.0,0.0,0.0,0.0,0.0,0.0,0.0,0.0,0.0,0.0,0.0,0.0,0.0,0.0,0.0,0.0,0.0,0.0,0.0,0.0,0.0,0.0,0.0,0.0,0.0,0.0,0.0,0.0,0.0,0.0,0.0,0.0,0.0,0.0,0.0,0.0,0.0,0.0,0.0,0.0,0.0,0.0,0.0,0.0,0.0,0.0,0.0,0.0,0.0,0.0,0.0,0.0,0.0,0.0,0.0,0.0,0.0,0.0,0.0,0.0,0.0,0.0,0.0,0.0,0.0,0.0,0.0,0.0,0.0,0.0,0.0,0.0,0.0,0.0,0.0,0.0,0.0,0.0,0.0,0.0,0.0,0.0,0.0,0.0,0.0,0.0,0.0,0.0,0.0,0.0,0.0,0.0,0.0,0.0,0.0,0.0,0.0,0.0,0.0,0.0,0.0,0.0,0.0,0.0,0.0,0.0,0.0,0.0
42,0.006215155124664307,0.0077332258224487305,0.008462846279144287,0.00838559865951538,0.009432077407836914,0.01110464334487915,0.012529432773590088,0.012973904609680176,0.012779831886291504,0.013354480266571045,0.015005767345428467,0.01631850004196167,0.01695019006729126,0.017001748085021973,0.0182037353515625,0.020171821117401123,0.022029101848602295,0.022931218147277832,0.023392200469970703,0.024780452251434326,0.026816606521606445,0.028026998043060303,0.02826845645904541,0.0280301570892334,0.029064714908599854,0.030393540859222412,0.03140479326248169,0.03170222043991089,0.03207451105117798,0.03339964151382446,0.035388171672821045,0.036676228046417236,0.037247538566589355,0.03806334733963013,0.039854466915130615,0.04122734069824219,0.04206162691116333,0.04220747947692871,0.04251289367675781,0.04348933696746826,0.04499417543411255,0.04562556743621826,0.045288920402526855,0.04534590244293213,0.04658383131027222,0.04750186204910278,0.048746705055236816,0.04931461811065674,0.049498558044433594,0.05075651407241821,0.051410794258117676,0.05194854736328125,0.05127030611038208,0.05074465274810791,0.05079042911529541,0.05061084032058716,0.04962515830993652,0.04785436391830444,0.04634612798690796,0.04501825571060181,0.04433321952819824,0.04353892803192139,0.042169928550720215,0.041966378688812256,0.04329890012741089,0.04480183124542236,0.045232951641082764,0.04501056671142578,0.0442347526550293,0.0428546667098999,0.038889288902282715,0.0344618558883667,0.029740095138549805,0.02406364679336548,0.019032537937164307,0.0002492070198059082,-0.0002772808074951172,-0.0008657574653625488,-0.00015556812286376953,0.0005554556846618652,0.0007165670394897461,-2.849102020263672e-05,-0.0006186366081237793,-0.00016415119171142578,0.0005379915237426758,0.0006468296051025391,-0.0001100301742553711,-0.0003216862678527832,0.00017017126083374023,0.000626683235168457,0.0006876587867736816,-0.00011605024337768555,-0.0006401538848876953,-6.216764450073242e-05,0.00030046701431274414,0.00018930435180664062,-0.0006768107414245605,-0.001137077808380127,-0.0006301999092102051,-0.00028008222579956055,-0.00042754411697387695,-0.0011503100395202637,-0.0010728836059570312,-0.00010246038436889648,0.00043255090713500977,0.00017434358596801758,-0.000660240650177002,-0.0006624460220336914,-2.6464462280273438e-05,0.00026738643646240234,-0.0004921555519104004,-0.001643836498260498,-0.0017151236534118652,-0.0012183785438537598,-0.001065075397491455,-0.001582026481628418,-0.0024673938751220703,-0.0024434924125671387,-0.0016873478889465332,-0.001522362232208252,-0.0022065043449401855,-0.0030315518379211426,-0.0029836297035217285,-0.0028408169746398926,-0.003042161464691162,-0.004006862640380859,-0.005277276039123535,-0.005586564540863037,-0.005745589733123779,-0.006149411201477051,-0.0066474080085754395,-0.00702136754989624,-0.006270229816436768,-0.005546510219573975,-0.005255997180938721,-0.005378127098083496,-0.0055651068687438965,-0.004839062690734863,-0.004307746887207031,-0.004271268844604492,-0.005155444145202637,-0.005887925624847412,-0.005609631538391113,-0.005277752876281738,-0.005377650260925293,-0.005990862846374512,-0.006545007228851318,-0.006125688552856445,-0.006080269813537598,-0.0061647891998291016,0.0,0.0,0.0,0.0,0.0,0.0,0.0,0.0,0.0,0.0,0.0,0.0,0.0,0.0,0.0,0.0,0.0,0.0,0.0,0.0,0.0,0.0,0.0,0.0,0.0,0.0,0.0,0.0,0.0,0.0,0.0,0.0,0.0,0.0,0.0,0.0,0.0,0.0,0.0,0.0,0.0,0.0,0.0,0.0,0.0,0.0,0.0,0.0,0.0,0.0,0.0,0.0,0.0,0.0,0.0,0.0,0.0,0.0,0.0,0.0,0.0,0.0,0.0,0.0,0.0,0.0,0.0,0.0,0.0,0.0,0.0,0.0,0.0,0.0,0.0
43,0.0,0.0,0.0,0.0,0.0,0.0,0.0,0.0,0.0,0.0,0.0,0.0,0.0,0.0,0.0,0.0,0.0,0.0,0.0,0.0,0.0,0.0,0.0,0.0,0.0,0.0,0.0,0.0,0.0,0.0,0.0,0.0,0.0,0.0,0.0,0.0,0.0,0.0,0.0,0.0,0.0,0.0,0.0,0.0,0.0,0.0,0.0,0.0,0.0,0.0,0.0,0.0,0.0,0.0,0.0,0.0,0.0,0.0,0.0,0.0,0.0,0.0,0.0,0.0,0.0,0.0,0.0,0.0,0.0,0.0,0.0,0.0,0.0,0.0,0.0,0.003329634666442871,0.003956913948059082,0.004687368869781494,0.005441486835479736,0.005803167819976807,0.006310403347015381,0.00724947452545166,0.008164167404174805,0.00872272253036499,0.00908195972442627,0.009778320789337158,0.010686874389648438,0.011522471904754639,0.012023091316223145,0.0125160813331604,0.013275980949401855,0.014243781566619873,0.014973163604736328,0.015450239181518555,0.015986740589141846,0.016767442226409912,0.017776072025299072,0.01857471466064453,0.019001007080078125,0.01963520050048828,0.020580172538757324,0.021614491939544678,0.02254951000213623,0.022912263870239258,0.023413240909576416,0.024328947067260742,0.025347352027893066,0.02620553970336914,0.026691555976867676,0.027306973934173584,0.02815866470336914,0.029121220111846924,0.02990025281906128,0.03054720163345337,0.03120243549346924,0.03201699256896973,0.03301006555557251,0.03375810384750366,0.034271061420440674,0.03493905067443848,0.03609079122543335,0.037143170833587646,0.03778970241546631,0.038291990756988525,0.03908097743988037,0.04013514518737793,0.040952086448669434,0.04093998670578003,0.03960216045379639,0.037531375885009766,0.03586232662200928,0.035906970500946045,0.036914706230163574,0.03851163387298584,0.04035311937332153,0.041789889335632324,0.04192042350769043,0.04098796844482422,0.040125131607055664,0.038745880126953125,0.03604930639266968,0.03155702352523804,0.027566254138946533,0.02335721254348755,0.018652498722076416,0.01507568359375,0.014241993427276611,0.0147322416305542,0.015077173709869385,0.015271246433258057,-0.005620062351226807,-0.006125211715698242,-0.006856739521026611,-0.007748782634735107,-0.008285582065582275,-0.00846928358078003,-0.009269356727600098,-0.01029437780380249,-0.01102668046951294,-0.011406004428863525,-0.011782824993133545,-0.012594997882843018,-0.013475418090820312,-0.014070630073547363,-0.01454240083694458,-0.014975905418395996,-0.015886247158050537,-0.016760826110839844,-0.017284929752349854,-0.017754435539245605,-0.018223881721496582,-0.01904529333114624,-0.019908666610717773,-0.020424365997314453,-0.020949959754943848,-0.02146202325820923,-0.02235656976699829,-0.023318827152252197,-0.023816943168640137,-0.0240938663482666,-0.024622678756713867,-0.02550816535949707,-0.026484966278076172,-0.02694469690322876,-0.02734375,-0.02779221534729004,-0.028732776641845703,-0.0296056866645813,-0.030252516269683838,-0.03071284294128418,-0.03142666816711426,-0.03222179412841797,-0.03296661376953125,-0.03373020887374878,-0.034180402755737305,-0.03485673666000366,-0.03594028949737549,-0.03676873445510864,-0.03735387325286865,-0.03792011737823486,-0.03872734308242798,-0.03957861661911011,-0.039686620235443115,-0.03834843635559082,-0.036060869693756104,-0.034250497817993164,-0.034414827823638916,-0.03546637296676636,-0.03708457946777344,-0.038705646991729736,-0.04018062353134155,-0.04041856527328491,-0.03961557149887085,-0.038924336433410645,-0.03742408752441406,-0.034676432609558105,-0.030479609966278076,-0.026741445064544678,-0.02217787504196167,-0.017330706119537354,-0.014093458652496338,-0.013496220111846924,-0.014087438583374023,-0.01451873779296875,-0.014699101448059082
44,-0.0018380284309387207,-0.0030254721641540527,-0.004068434238433838,-0.0052263736724853516,-0.006354272365570068,-0.007878780364990234,-0.009230613708496094,-0.010492503643035889,-0.011641621589660645,-0.012922167778015137,-0.013548076152801514,-0.01438361406326294,-0.014969348907470703,-0.015845656394958496,-0.017441630363464355,-0.019259989261627197,-0.020953655242919922,-0.022467851638793945,-0.024280071258544922,-0.026029348373413086,-0.027239203453063965,-0.027977406978607178,-0.028737962245941162,-0.029132485389709473,-0.029987812042236328,-0.030612051486968994,-0.03113633394241333,-0.03210371732711792,-0.033252060413360596,-0.03436559438705444,-0.03556424379348755,-0.03667652606964111,-0.03774821758270264,-0.03903806209564209,-0.04055517911911011,-0.04164785146713257,-0.04255300760269165,-0.04310715198516846,-0.043490469455718994,-0.043713510036468506,-0.04398024082183838,-0.043871164321899414,-0.04399925470352173,-0.04452711343765259,-0.04514944553375244,-0.046010732650756836,-0.0466768741607666,-0.04693937301635742,-0.04723548889160156,-0.04800623655319214,-0.04901951551437378,-0.05029094219207764,-0.051833510398864746,-0.051884472370147705,-0.052096664905548096,-0.05234968662261963,-0.052281081676483154,-0.051337599754333496,-0.05013477802276611,-0.04853767156600952,-0.04703611135482788,-0.04632693529129028,-0.046161770820617676,-0.04688465595245361,-0.04844909906387329,-0.05002903938293457,-0.05130636692047119,-0.05141931772232056,-0.05087995529174805,-0.050239741802215576,-0.04775261878967285,-0.04339337348937988,-0.038282155990600586,-0.03207123279571533,-0.025445640087127686,0.0,0.0,0.0,0.0,0.0,0.0,0.0,0.0,0.0,0.0,0.0,0.0,0.0,0.0,0.0,0.0,0.0,0.0,0.0,0.0,0.0,0.0,0.0,0.0,0.0,0.0,0.0,0.0,0.0,0.0,0.0,0.0,0.0,0.0,0.0,0.0,0.0,0.0,0.0,0.0,0.0,0.0,0.0,0.0,0.0,0.0,0.0,0.0,0.0,0.0,0.0,0.0,0.0,0.0,0.0,0.0,0.0,0.0,0.0,0.0,0.0,0.0,0.0,0.0,0.0,0.0,0.0,0.0,0.0,0.0,0.0,0.0,0.0,0.0,0.0,0.0,0.0,0.0,0.0,0.0,0.0,0.0,0.0,0.0,0.0,0.0,0.0,0.0,0.0,0.0,0.0,0.0,0.0,0.0,0.0,0.0,0.0,0.0,0.0,0.0,0.0,0.0,0.0,0.0,0.0,0.0,0.0,0.0,0.0,0.0,0.0,0.0,0.0,0.0,0.0,0.0,0.0,0.0,0.0,0.0,0.0,0.0,0.0,0.0,0.0,0.0,0.0,0.0,0.0,0.0,0.0,0.0,0.0,0.0,0.0,0.0,0.0,0.0,0.0,0.0,0.0,0.0,0.0,0.0,0.0,0.0,0.0,0.0,0.0,0.0
45,0.018413841724395752,0.023981571197509766,0.027249932289123535,0.02913188934326172,0.02899014949798584,0.02935117483139038,0.03255981206893921,0.03429776430130005,0.033784329891204834,0.03320765495300293,0.034134089946746826,0.03581702709197998,0.03701972961425781,0.035857200622558594,0.03515118360519409,0.03438544273376465,0.0342327356338501,0.03501790761947632,0.036512136459350586,0.03861492872238159,0.039145827293395996,0.038765549659729004,0.03795361518859863,0.0370330810546875,0.03643888235092163,0.03647935390472412,0.03734642267227173,0.038590073585510254,0.039517998695373535,0.039169490337371826,0.03876686096191406,0.03972208499908447,0.041697680950164795,0.04333013296127319,0.04375302791595459,0.04322868585586548,0.043650150299072266,0.04378455877304077,0.042756736278533936,0.04205077886581421,0.041889071464538574,0.04287981986999512,0.043176352977752686,0.04308587312698364,0.04322385787963867,0.04310327768325806,0.04348999261856079,0.043832242488861084,0.04409146308898926,0.04439187049865723,0.044138431549072266,0.04426640272140503,0.044308483600616455,0.04468733072280884,0.045221805572509766,0.045256972312927246,0.045364439487457275,0.046106576919555664,0.04620242118835449,0.046081483364105225,0.04606586694717407,0.0462489128112793,0.04714310169219971,0.047816455364227295,0.048411011695861816,0.048394083976745605,0.04802781343460083,0.04643815755844116,0.047347187995910645,0.049844443798065186,0.051241517066955566,0.05156302452087402,0.04814350605010986,0.04236292839050293,0.0333174467086792,0.0017676353454589844,0.0011954307556152344,0.0014429092407226562,2.9027462005615234e-05,-0.0012118220329284668,-0.0019484758377075195,-0.0027437806129455566,-0.002841949462890625,-0.003137648105621338,-0.0038415193557739258,-0.005379021167755127,-0.006724178791046143,-0.007364988327026367,-0.007503092288970947,-0.007925271987915039,-0.008790850639343262,-0.009645998477935791,-0.010304093360900879,-0.010259926319122314,-0.01056605577468872,-0.011491954326629639,-0.012756168842315674,-0.0138397216796875,-0.013936460018157959,-0.01399928331375122,-0.014822840690612793,-0.015838444232940674,-0.01669013500213623,-0.01700955629348755,-0.01767098903656006,-0.018576741218566895,-0.019272983074188232,-0.019766151905059814,-0.02005934715270996,-0.020875155925750732,-0.022116243839263916,-0.023057103157043457,-0.023863136768341064,-0.023842215538024902,-0.024747014045715332,-0.02587789297103882,-0.026653826236724854,-0.026972293853759766,-0.027214527130126953,-0.027988016605377197,-0.028941452503204346,-0.02967202663421631,-0.03039109706878662,-0.030642569065093994,-0.03129309415817261,-0.03194814920425415,-0.032555460929870605,-0.03289675712585449,-0.03354126214981079,-0.0347447395324707,-0.03548157215118408,-0.03594183921813965,-0.03668016195297241,-0.03661602735519409,-0.03767269849777222,-0.03853851556777954,-0.03865903615951538,-0.03967475891113281,-0.040738046169281006,-0.04242277145385742,-0.0430372953414917,-0.042537689208984375,-0.04135829210281372,-0.04264587163925171,-0.04599946737289429,-0.0479741096496582,-0.048479676246643066,-0.045316219329833984,-0.040353238582611084,-0.031292080879211426,-0.003825366497039795,-0.005098879337310791,-0.006197631359100342,-0.00543212890625,-0.00547945499420166,-0.005968987941741943,-0.007433176040649414,-0.008722901344299316,-0.008838474750518799,-0.00915759801864624,-0.009904325008392334,-0.010771334171295166,-0.011725187301635742,-0.011713862419128418,-0.012240827083587646,-0.013008296489715576,-0.013616085052490234,-0.014647960662841797,-0.015341460704803467,-0.015727519989013672,-0.01617610454559326,-0.01701587438583374,-0.018114745616912842,-0.018741130828857422,-0.019339561462402344,-0.019890904426574707,-0.02084130048751831,-0.021856486797332764,-0.022423088550567627,-0.02304244041442871,-0.023812711238861084,-0.024895966053009033,-0.02548009157180786,-0.02562636137008667,-0.02609694004058838,-0.027248740196228027,-0.028442203998565674,-0.02919071912765503,-0.029043078422546387,-0.029809296131134033,-0.030730366706848145,-0.03202635049819946,-0.03261280059814453,-0.03293818235397339,-0.03367668390274048,-0.03431576490402222,-0.03511059284210205,-0.0355951189994812,-0.036148667335510254,-0.037081897258758545,-0.03785151243209839,-0.03935134410858154,-0.04016387462615967,-0.04020506143569946,-0.04104083776473999,-0.041956543922424316,-0.04274481534957886,-0.04343116283416748,-0.044263243675231934,-0.04529857635498047,-0.046185970306396484,-0.04672139883041382,-0.04772138595581055,-0.04915577173233032,-0.05071985721588135,-0.05058497190475464,-0.05125129222869873,-0.05097705125808716,-0.05253338813781738,-0.05574989318847656,-0.057262420654296875,-0.05849134922027588,-0.05514097213745117,-0.046536028385162354,-0.03601449728012085
