model_id,channel_44_1,channel_44_2,channel_44_3,channel_44_4,channel_44_5,channel_44_6,channel_44_7,channel_44_8,channel_44_9,channel_44_10,channel_44_11,channel_44_12,channel_44_13,channel_44_14,channel_44_15,channel_44_16,channel_44_17,channel_44_18,channel_44_19,channel_44_20,channel_44_21,channel_44_22,channel_44_23,channel_44_24,channel_44_25,channel_44_26,channel_44_27,channel_44_28,channel_44_29,channel_44_30,channel_44_31,channel_44_32,channel_44_33,channel_44_34,channel_44_35,channel_44_36,channel_44_37,channel_44_38,channel_44_39,channel_44_40,channel_44_41,channel_44_42,channel_44_43,channel_44_44,channel_44_45,channel_44_46,channel_44_47,channel_44_48,channel_44_49,channel_44_50,channel_44_51,channel_44_52,channel_44_53,channel_44_54,channel_44_55,channel_44_56,channel_44_57,channel_44_58,channel_44_59,channel_44_60,channel_44_61,channel_44_62,channel_44_63,channel_44_64,channel_44_65,channel_44_66,channel_44_67,channel_44_68,channel_44_69,channel_44_70,channel_44_71,channel_44_72,channel_44_73,channel_44_74,channel_44_75,channel_45_1,channel_45_2,channel_45_3,channel_45_4,channel_45_5,channel_45_6,channel_45_7,channel_45_8,channel_45_9,channel_45_10,channel_45_11,channel_45_12,channel_45_13,channel_45_14,channel_45_15,channel_45_16,channel_45_17,channel_45_18,channel_45_19,channel_45_20,channel_45_21,channel_45_22,channel_45_23,channel_45_24,channel_45_25,channel_45_26,channel_45_27,channel_45_28,channel_45_29,channel_45_30,channel_45_31,channel_45_32,channel_45_33,channel_45_34,channel_45_35,channel_45_36,channel_45_37,channel_45_38,channel_45_39,channel_45_40,channel_45_41,channel_45_42,channel_45_43,channel_45_44,channel_45_45,channel_45_46,channel_45_47,channel_45_48,channel_45_49,channel_45_50,channel_45_51,channel_45_52,channel_45_53,channel_45_54,channel_45_55,channel_45_56,channel_45_57,channel_45_58,channel_45_59,channel_45_60,channel_45_61,channel_45_62,channel_45_63,channel_45_64,channel_45_65,channel_45_66,channel_45_67,channel_45_68,channel_45_69,channel_45_70,channel_45_71,channel_45_72,channel_45_73,channel_45_74,channel_45_75,channel_46_1,channel_46_2,channel_46_3,channel_46_4,channel_46_5,channel_46_6,channel_46_7,channel_46_8,channel_46_9,channel_46_10,channel_46_11,channel_46_12,channel_46_13,channel_46_14,channel_46_15,channel_46_16,channel_46_17,channel_46_18,channel_46_19,channel_46_20,channel_46_21,channel_46_22,channel_46_23,channel_46_24,channel_46_25,channel_46_26,channel_46_27,channel_46_28,channel_46_29,channel_46_30,channel_46_31,channel_46_32,channel_46_33,channel_46_34,channel_46_35,channel_46_36,channel_46_37,channel_46_38,channel_46_39,channel_46_40,channel_46_41,channel_46_42,channel_46_43,channel_46_44,channel_46_45,channel_46_46,channel_46_47,channel_46_48,channel_46_49,channel_46_50,channel_46_51,channel_46_52,channel_46_53,channel_46_54,channel_46_55,channel_46_56,channel_46_57,channel_46_58,channel_46_59,channel_46_60,channel_46_61,channel_46_62,channel_46_63,channel_46_64,channel_46_65,channel_46_66,channel_46_67,channel_46_68,channel_46_69,channel_46_70,channel_46_71,channel_46_72,channel_46_73,channel_46_74,channel_46_75
1,0.0,0.0,0.0,0.0,0.0,0.0,0.0,0.0,0.0,0.0,0.0,0.0,0.0,0.0,0.0,0.0,0.0,0.0,0.0,0.0,0.0,0.0,0.0,0.0,0.0,0.0,0.0,0.0,0.0,0.0,0.0,0.0,0.0,0.0,0.0,0.0,0.0,0.0,0.0,0.0,0.0,0.0,0.0,0.0,0.0,0.0,0.0,0.0,0.0,0.0,0.0,0.0,0.0,0.0,0.0,0.0,0.0,0.0,0.0,0.0,0.0,0.0,0.0,0.0,0.0,0.0,0.0,0.0,0.0,0.0,0.0,0.0,0.0,0.0,0.0,0.0,0.0,0.0,0.0,0.0,0.0,0.0,0.0,0.0,0.0,0.0,0.0,0.0,0.0,0.0,0.0,0.0,0.0,0.0,0.0,0.0,0.0,0.0,0.0,0.0,0.0,0.0,0.0,0.0,0.0,0.0,0.0,0.0,0.0,0.0,0.0,0.0,0.0,0.0,0.0,0.0,0.0,0.0,0.0,0.0,0.0,0.0,0.0,0.0,0.0,0.0,0.0,0.0,0.0,0.0,0.0,0.0,0.0,0.0,0.0,0.0,0.0,0.0,0.0,0.0,0.0,0.0,0.0,0.0,0.0,0.0,0.0,0.0,0.0,0.0,-0.007343173027038574,-0.00852656364440918,-0.010434985160827637,-0.011609971523284912,-0.013638138771057129,-0.015301227569580078,-0.016649901866912842,-0.018173813819885254,-0.019276738166809082,-0.020933330059051514,-0.02166295051574707,-0.02219456434249878,-0.02261418104171753,-0.022117555141448975,-0.022190630435943604,-0.0210874080657959,-0.019620180130004883,-0.017683804035186768,-0.014872074127197266,-0.012311577796936035,-0.00890815258026123,-0.004962742328643799,-0.0007596611976623535,0.003967881202697754,0.00813668966293335,0.01316225528717041,0.017990529537200928,0.02293795347213745,0.02794957160949707,0.03176462650299072,0.035945773124694824,0.03948712348937988,0.042548537254333496,0.0451279878616333,0.046320557594299316,0.04770076274871826,0.04761219024658203,0.04717463254928589,0.04578644037246704,0.04329097270965576,0.040827929973602295,0.03720283508300781,0.03359818458557129,0.02902299165725708,0.02377939224243164,0.019056081771850586,0.01384967565536499,0.009006857872009277,0.003869950771331787,-0.0010704398155212402,-0.005311846733093262,-0.009666740894317627,-0.012996912002563477,-0.016400456428527832,-0.01923513412475586,-0.021121323108673096,-0.022944390773773193,-0.02362614870071411,-0.024563848972320557,-0.024635016918182373,-0.024151980876922607,-0.023572206497192383,-0.02237105369567871,-0.02162700891494751,-0.020144641399383545,-0.018317997455596924,-0.01674199104309082,-0.014487087726593018,-0.013249218463897705,-0.01161336898803711,-0.009828150272369385,-0.008020281791687012,-0.006091475486755371,-0.005259275436401367,-0.00392991304397583
2,0.0,0.0,0.0,0.0,0.0,0.0,0.0,0.0,0.0,0.0,0.0,0.0,0.0,0.0,0.0,0.0,0.0,0.0,0.0,0.0,0.0,0.0,0.0,0.0,0.0,0.0,0.0,0.0,0.0,0.0,0.0,0.0,0.0,0.0,0.0,0.0,0.0,0.0,0.0,0.0,0.0,0.0,0.0,0.0,0.0,0.0,0.0,0.0,0.0,0.0,0.0,0.0,0.0,0.0,0.0,0.0,0.0,0.0,0.0,0.0,0.0,0.0,0.0,0.0,0.0,0.0,0.0,0.0,0.0,0.0,0.0,0.0,0.0,0.0,0.0,0.0,0.0,0.0,0.0,0.0,0.0,0.0,0.0,0.0,0.0,0.0,0.0,0.0,0.0,0.0,0.0,0.0,0.0,0.0,0.0,0.0,0.0,0.0,0.0,0.0,0.0,0.0,0.0,0.0,0.0,0.0,0.0,0.0,0.0,0.0,0.0,0.0,0.0,0.0,0.0,0.0,0.0,0.0,0.0,0.0,0.0,0.0,0.0,0.0,0.0,0.0,0.0,0.0,0.0,0.0,0.0,0.0,0.0,0.0,0.0,0.0,0.0,0.0,0.0,0.0,0.0,0.0,0.0,0.0,0.0,0.0,0.0,0.0,0.0,0.0,0.024330079555511475,0.02835392951965332,0.030408203601837158,0.031233787536621094,0.032375872135162354,0.033493638038635254,0.03580683469772339,0.03801971673965454,0.03893613815307617,0.03910928964614868,0.039278626441955566,0.03903919458389282,0.039313435554504395,0.03906780481338501,0.03964108228683472,0.04090261459350586,0.04136759042739868,0.040610671043395996,0.039730072021484375,0.03888636827468872,0.03859132528305054,0.038336753845214844,0.03759640455245972,0.03585904836654663,0.03406292200088501,0.0330430269241333,0.03264737129211426,0.032707035541534424,0.032405734062194824,0.031485557556152344,0.03287005424499512,0.03370106220245361,0.033069610595703125,0.031385719776153564,0.026229679584503174,0.0173342227935791,0.004806339740753174,-0.007514894008636475,-0.015714049339294434,-0.02145254611968994,-0.025338053703308105,-0.028931617736816406,-0.031932532787323,-0.035321712493896484,-0.03741937875747681,-0.038193464279174805,-0.03839486837387085,-0.039141714572906494,-0.03984338045120239,-0.04062831401824951,-0.041169166564941406,-0.0421367883682251,-0.0436551570892334,-0.04458212852478027,-0.043772876262664795,-0.042540132999420166,-0.041131019592285156,-0.03977936506271362,-0.03938400745391846,-0.03788125514984131,-0.03555220365524292,-0.03348541259765625,-0.033187031745910645,-0.034199297428131104,-0.03506612777709961,-0.03522086143493652,-0.03506189584732056,-0.03649872541427612,-0.037239253520965576,-0.036684393882751465,-0.03594672679901123,-0.033693909645080566,-0.029926419258117676,-0.02298450469970703,-0.015517830848693848
3,0.0,0.0,0.0,0.0,0.0,0.0,0.0,0.0,0.0,0.0,0.0,0.0,0.0,0.0,0.0,0.0,0.0,0.0,0.0,0.0,0.0,0.0,0.0,0.0,0.0,0.0,0.0,0.0,0.0,0.0,0.0,0.0,0.0,0.0,0.0,0.0,0.0,0.0,0.0,0.0,0.0,0.0,0.0,0.0,0.0,0.0,0.0,0.0,0.0,0.0,0.0,0.0,0.0,0.0,0.0,0.0,0.0,0.0,0.0,0.0,0.0,0.0,0.0,0.0,0.0,0.0,0.0,0.0,0.0,0.0,0.0,0.0,0.0,0.0,0.0,0.0,0.0,0.0,0.0,0.0,0.0,0.0,0.0,0.0,0.0,0.0,0.0,0.0,0.0,0.0,0.0,0.0,0.0,0.0,0.0,0.0,0.0,0.0,0.0,0.0,0.0,0.0,0.0,0.0,0.0,0.0,0.0,0.0,0.0,0.0,0.0,0.0,0.0,0.0,0.0,0.0,0.0,0.0,0.0,0.0,0.0,0.0,0.0,0.0,0.0,0.0,0.0,0.0,0.0,0.0,0.0,0.0,0.0,0.0,0.0,0.0,0.0,0.0,0.0,0.0,0.0,0.0,0.0,0.0,0.0,0.0,0.0,0.0,0.0,0.0,0.004845619201660156,0.006761670112609863,0.008994758129119873,0.010775208473205566,0.012332916259765625,0.014893829822540283,0.01774996519088745,0.0204198956489563,0.022492289543151855,0.024334311485290527,0.026771366596221924,0.029368162155151367,0.03185945749282837,0.03330153226852417,0.034440696239471436,0.03614234924316406,0.037846267223358154,0.03896033763885498,0.03922927379608154,0.039000093936920166,0.0393064022064209,0.0393485426902771,0.038914620876312256,0.03690791130065918,0.03514224290847778,0.03371506929397583,0.03173905611038208,0.02937006950378418,0.026117563247680664,0.02311694622039795,0.020422279834747314,0.017982184886932373,0.015055239200592041,0.011235356330871582,0.007983744144439697,0.00554269552230835,0.0035834908485412598,0.0008498430252075195,-0.002460777759552002,-0.005429565906524658,-0.007295846939086914,-0.009465157985687256,-0.011820435523986816,-0.014981627464294434,-0.01764059066772461,-0.019382119178771973,-0.021336078643798828,-0.0236818790435791,-0.026918649673461914,-0.028877317905426025,-0.030554890632629395,-0.0323452353477478,-0.03432339429855347,-0.03642767667770386,-0.03748798370361328,-0.037900447845458984,-0.03817427158355713,-0.0387302041053772,-0.03897148370742798,-0.03798103332519531,-0.03645825386047363,-0.03466975688934326,-0.03305399417877197,-0.031258463859558105,-0.02873241901397705,-0.02566736936569214,-0.02225947380065918,-0.019848108291625977,-0.01759350299835205,-0.014494240283966064,-0.011658728122711182,-0.008685410022735596,-0.007080435752868652,-0.0056383609771728516,-0.0036926865577697754
4,0.0,0.0,0.0,0.0,0.0,0.0,0.0,0.0,0.0,0.0,0.0,0.0,0.0,0.0,0.0,0.0,0.0,0.0,0.0,0.0,0.0,0.0,0.0,0.0,0.0,0.0,0.0,0.0,0.0,0.0,0.0,0.0,0.0,0.0,0.0,0.0,0.0,0.0,0.0,0.0,0.0,0.0,0.0,0.0,0.0,0.0,0.0,0.0,0.0,0.0,0.0,0.0,0.0,0.0,0.0,0.0,0.0,0.0,0.0,0.0,0.0,0.0,0.0,0.0,0.0,0.0,0.0,0.0,0.0,0.0,0.0,0.0,0.0,0.0,0.0,0.003206491470336914,0.0035442113876342773,0.004175961017608643,0.004259288311004639,0.005045831203460693,0.006308078765869141,0.0067563652992248535,0.007379889488220215,0.007981419563293457,0.009164869785308838,0.01051110029220581,0.011429071426391602,0.012659728527069092,0.013526201248168945,0.015165328979492188,0.016797184944152832,0.018127918243408203,0.01973891258239746,0.02055513858795166,0.022353708744049072,0.02438598871231079,0.025854825973510742,0.02739083766937256,0.028658270835876465,0.030603229999542236,0.03251272439956665,0.033594489097595215,0.034433841705322266,0.03519725799560547,0.03645336627960205,0.037196576595306396,0.03747826814651489,0.037587106227874756,0.037619590759277344,0.038094401359558105,0.03806716203689575,0.03772050142288208,0.03733229637145996,0.036557912826538086,0.0362931489944458,0.03579866886138916,0.03484046459197998,0.033528923988342285,0.03272932767868042,0.03236377239227295,0.031414151191711426,0.030389487743377686,0.029325425624847412,0.028326988220214844,0.027839839458465576,0.02661609649658203,0.025544345378875732,0.02418452501296997,0.023002922534942627,0.022441506385803223,0.021318137645721436,0.0203855037689209,0.019095540046691895,0.01848578453063965,0.018435955047607422,0.01779317855834961,0.016751587390899658,0.015158653259277344,0.014851212501525879,0.014776945114135742,0.013823211193084717,0.013026237487792969,0.0119553804397583,0.011812210083007812,0.011486947536468506,0.010453522205352783,0.009800970554351807,0.008880138397216797,0.008118271827697754,0.007665753364562988,0.0,0.0,0.0,0.0,0.0,0.0,0.0,0.0,0.0,0.0,0.0,0.0,0.0,0.0,0.0,0.0,0.0,0.0,0.0,0.0,0.0,0.0,0.0,0.0,0.0,0.0,0.0,0.0,0.0,0.0,0.0,0.0,0.0,0.0,0.0,0.0,0.0,0.0,0.0,0.0,0.0,0.0,0.0,0.0,0.0,0.0,0.0,0.0,0.0,0.0,0.0,0.0,0.0,0.0,0.0,0.0,0.0,0.0,0.0,0.0,0.0,0.0,0.0,0.0,0.0,0.0,0.0,0.0,0.0,0.0,0.0,0.0,0.0,0.0,0.0
5,-0.002460777759552002,-0.0032147765159606934,-0.004009366035461426,-0.0052269697189331055,-0.00595855712890625,-0.0067054033279418945,-0.007965385913848877,-0.009169220924377441,-0.010759830474853516,-0.011926710605621338,-0.013158559799194336,-0.014694690704345703,-0.01616758108139038,-0.01788949966430664,-0.01900005340576172,-0.020297467708587646,-0.021699368953704834,-0.02310281991958618,-0.02472686767578125,-0.026043593883514404,-0.02748870849609375,-0.028950273990631104,-0.030497252941131592,-0.03217869997024536,-0.033299267292022705,-0.03458636999130249,-0.03566122055053711,-0.03676331043243408,-0.03774064779281616,-0.03803575038909912,-0.0385819673538208,-0.03898090124130249,-0.039202868938446045,-0.039307236671447754,-0.03883802890777588,-0.03854399919509888,-0.03811532258987427,-0.03767037391662598,-0.036711812019348145,-0.03542894124984741,-0.03461068868637085,-0.03331327438354492,-0.03215467929840088,-0.03068488836288452,-0.028866887092590332,-0.02756798267364502,-0.02585667371749878,-0.02445077896118164,-0.022561728954315186,-0.020438790321350098,-0.018883943557739258,-0.0170975923538208,-0.015733718872070312,-0.013907551765441895,-0.01202160120010376,-0.010838329792022705,-0.009593069553375244,-0.008600890636444092,-0.007105231285095215,-0.005769133567810059,-0.005199432373046875,-0.004471719264984131,-0.0039664506912231445,-0.003041684627532959,-0.0023311376571655273,-0.002102792263031006,-0.001707613468170166,-0.0015208125114440918,-0.0008811354637145996,-0.0005804896354675293,-0.0004654526710510254,-0.00015115737915039062,0.000110626220703125,0.0006537437438964844,0.0009906291961669922,0.0,0.0,0.0,0.0,0.0,0.0,0.0,0.0,0.0,0.0,0.0,0.0,0.0,0.0,0.0,0.0,0.0,0.0,0.0,0.0,0.0,0.0,0.0,0.0,0.0,0.0,0.0,0.0,0.0,0.0,0.0,0.0,0.0,0.0,0.0,0.0,0.0,0.0,0.0,0.0,0.0,0.0,0.0,0.0,0.0,0.0,0.0,0.0,0.0,0.0,0.0,0.0,0.0,0.0,0.0,0.0,0.0,0.0,0.0,0.0,0.0,0.0,0.0,0.0,0.0,0.0,0.0,0.0,0.0,0.0,0.0,0.0,0.0,0.0,0.0,0.0,0.0,0.0,0.0,0.0,0.0,0.0,0.0,0.0,0.0,0.0,0.0,0.0,0.0,0.0,0.0,0.0,0.0,0.0,0.0,0.0,0.0,0.0,0.0,0.0,0.0,0.0,0.0,0.0,0.0,0.0,0.0,0.0,0.0,0.0,0.0,0.0,0.0,0.0,0.0,0.0,0.0,0.0,0.0,0.0,0.0,0.0,0.0,0.0,0.0,0.0,0.0,0.0,0.0,0.0,0.0,0.0,0.0,0.0,0.0,0.0,0.0,0.0,0.0,0.0,0.0,0.0,0.0,0.0,0.0,0.0,0.0,0.0,0.0,0.0
6,0.0033864974975585938,0.004814863204956055,0.00603640079498291,0.007134974002838135,0.008584260940551758,0.010072290897369385,0.011954545974731445,0.013704240322113037,0.015472650527954102,0.017348766326904297,0.01879197359085083,0.020716190338134766,0.02269768714904785,0.02446925640106201,0.026350557804107666,0.027492940425872803,0.029231369495391846,0.03072679042816162,0.03261852264404297,0.03402698040008545,0.03495758771896362,0.036249637603759766,0.037398695945739746,0.03886616230010986,0.03985363245010376,0.04038083553314209,0.04122871160507202,0.04172247648239136,0.04268229007720947,0.04314553737640381,0.04317694902420044,0.043327510356903076,0.04318034648895264,0.04364091157913208,0.04350095987319946,0.04312419891357422,0.04282057285308838,0.04235374927520752,0.042130112648010254,0.041394174098968506,0.04060930013656616,0.039884090423583984,0.039032161235809326,0.03810995817184448,0.036879122257232666,0.0353015661239624,0.03413963317871094,0.03280472755432129,0.03167724609375,0.029879271984100342,0.028020381927490234,0.026367485523223877,0.02471470832824707,0.02321523427963257,0.02088230848312378,0.01896822452545166,0.017023205757141113,0.01532888412475586,0.013809442520141602,0.011749804019927979,0.010178983211517334,0.008646070957183838,0.00714951753616333,0.005929827690124512,0.004504024982452393,0.00378495454788208,0.00288313627243042,0.0019428730010986328,0.0011684298515319824,0.00031870603561401367,0.0001710057258605957,-0.00016325712203979492,-0.0004534125328063965,-0.000698387622833252,-0.0010446906089782715,0.0,0.0,0.0,0.0,0.0,0.0,0.0,0.0,0.0,0.0,0.0,0.0,0.0,0.0,0.0,0.0,0.0,0.0,0.0,0.0,0.0,0.0,0.0,0.0,0.0,0.0,0.0,0.0,0.0,0.0,0.0,0.0,0.0,0.0,0.0,0.0,0.0,0.0,0.0,0.0,0.0,0.0,0.0,0.0,0.0,0.0,0.0,0.0,0.0,0.0,0.0,0.0,0.0,0.0,0.0,0.0,0.0,0.0,0.0,0.0,0.0,0.0,0.0,0.0,0.0,0.0,0.0,0.0,0.0,0.0,0.0,0.0,0.0,0.0,0.0,0.0,0.0,0.0,0.0,0.0,0.0,0.0,0.0,0.0,0.0,0.0,0.0,0.0,0.0,0.0,0.0,0.0,0.0,0.0,0.0,0.0,0.0,0.0,0.0,0.0,0.0,0.0,0.0,0.0,0.0,0.0,0.0,0.0,0.0,0.0,0.0,0.0,0.0,0.0,0.0,0.0,0.0,0.0,0.0,0.0,0.0,0.0,0.0,0.0,0.0,0.0,0.0,0.0,0.0,0.0,0.0,0.0,0.0,0.0,0.0,0.0,0.0,0.0,0.0,0.0,0.0,0.0,0.0,0.0,0.0,0.0,0.0,0.0,0.0,0.0
7,0.0,0.0,0.0,0.0,0.0,0.0,0.0,0.0,0.0,0.0,0.0,0.0,0.0,0.0,0.0,0.0,0.0,0.0,0.0,0.0,0.0,0.0,0.0,0.0,0.0,0.0,0.0,0.0,0.0,0.0,0.0,0.0,0.0,0.0,0.0,0.0,0.0,0.0,0.0,0.0,0.0,0.0,0.0,0.0,0.0,0.0,0.0,0.0,0.0,0.0,0.0,0.0,0.0,0.0,0.0,0.0,0.0,0.0,0.0,0.0,0.0,0.0,0.0,0.0,0.0,0.0,0.0,0.0,0.0,0.0,0.0,0.0,0.0,0.0,0.0,-0.02129584550857544,-0.024242818355560303,-0.028079330921173096,-0.030903875827789307,-0.03298383951187134,-0.03439396619796753,-0.034993648529052734,-0.03546661138534546,-0.035192251205444336,-0.03439962863922119,-0.033023059368133545,-0.031831204891204834,-0.03113943338394165,-0.02994859218597412,-0.02845829725265503,-0.026553094387054443,-0.02494913339614868,-0.023877382278442383,-0.022869348526000977,-0.021908044815063477,-0.02066624164581299,-0.01992577314376831,-0.01929783821105957,-0.018046140670776367,-0.01688331365585327,-0.015439450740814209,-0.014515519142150879,-0.013276338577270508,-0.011915981769561768,-0.010576963424682617,-0.009137094020843506,-0.008190274238586426,-0.00706028938293457,-0.005995750427246094,-0.004763960838317871,-0.0033882856369018555,-0.002442300319671631,-0.0016616582870483398,-0.0003921985626220703,0.0008692145347595215,0.002261340618133545,0.003318607807159424,0.004614472389221191,0.006003141403198242,0.007509589195251465,0.009139180183410645,0.010162413120269775,0.011522233486175537,0.012675881385803223,0.014021039009094238,0.015055179595947266,0.015887439250946045,0.016797304153442383,0.0178602933883667,0.019216597080230713,0.020342528820037842,0.021256446838378906,0.022482097148895264,0.02417093515396118,0.025769829750061035,0.027366220951080322,0.028880000114440918,0.030439674854278564,0.03221333026885986,0.033753156661987305,0.0350382924079895,0.03529900312423706,0.035702645778656006,0.035610318183898926,0.03507918119430542,0.03404277563095093,0.031664133071899414,0.029001891613006592,0.026179611682891846,0.023308396339416504,0.0,0.0,0.0,0.0,0.0,0.0,0.0,0.0,0.0,0.0,0.0,0.0,0.0,0.0,0.0,0.0,0.0,0.0,0.0,0.0,0.0,0.0,0.0,0.0,0.0,0.0,0.0,0.0,0.0,0.0,0.0,0.0,0.0,0.0,0.0,0.0,0.0,0.0,0.0,0.0,0.0,0.0,0.0,0.0,0.0,0.0,0.0,0.0,0.0,0.0,0.0,0.0,0.0,0.0,0.0,0.0,0.0,0.0,0.0,0.0,0.0,0.0,0.0,0.0,0.0,0.0,0.0,0.0,0.0,0.0,0.0,0.0,0.0,0.0,0.0
8,0.0,0.0,0.0,0.0,0.0,0.0,0.0,0.0,0.0,0.0,0.0,0.0,0.0,0.0,0.0,0.0,0.0,0.0,0.0,0.0,0.0,0.0,0.0,0.0,0.0,0.0,0.0,0.0,0.0,0.0,0.0,0.0,0.0,0.0,0.0,0.0,0.0,0.0,0.0,0.0,0.0,0.0,0.0,0.0,0.0,0.0,0.0,0.0,0.0,0.0,0.0,0.0,0.0,0.0,0.0,0.0,0.0,0.0,0.0,0.0,0.0,0.0,0.0,0.0,0.0,0.0,0.0,0.0,0.0,0.0,0.0,0.0,0.0,0.0,0.0,0.0,0.0,0.0,0.0,0.0,0.0,0.0,0.0,0.0,0.0,0.0,0.0,0.0,0.0,0.0,0.0,0.0,0.0,0.0,0.0,0.0,0.0,0.0,0.0,0.0,0.0,0.0,0.0,0.0,0.0,0.0,0.0,0.0,0.0,0.0,0.0,0.0,0.0,0.0,0.0,0.0,0.0,0.0,0.0,0.0,0.0,0.0,0.0,0.0,0.0,0.0,0.0,0.0,0.0,0.0,0.0,0.0,0.0,0.0,0.0,0.0,0.0,0.0,0.0,0.0,0.0,0.0,0.0,0.0,0.0,0.0,0.0,0.0,0.0,0.0,-0.0171319842338562,-0.021980702877044678,-0.025408923625946045,-0.026854097843170166,-0.026888787746429443,-0.02602255344390869,-0.024473249912261963,-0.022918343544006348,-0.022087037563323975,-0.020499587059020996,-0.018544793128967285,-0.01546412706375122,-0.012295544147491455,-0.010109543800354004,-0.008999764919281006,-0.00779271125793457,-0.005502462387084961,-0.0033342838287353516,-0.0017303228378295898,-0.0005697011947631836,0.000776827335357666,0.0032250285148620605,0.005606293678283691,0.007602512836456299,0.00889497995376587,0.010313689708709717,0.012659549713134766,0.014880597591400146,0.01731806993484497,0.01924186944961548,0.0212557315826416,0.024319827556610107,0.026990234851837158,0.02807009220123291,0.026413321495056152,0.021801531314849854,0.014471948146820068,0.0031710267066955566,-0.009198307991027832,-0.01939225196838379,-0.025720298290252686,-0.028198957443237305,-0.02859419584274292,-0.0270082950592041,-0.025772690773010254,-0.02445065975189209,-0.022844672203063965,-0.021143198013305664,-0.019063234329223633,-0.016550123691558838,-0.013360202312469482,-0.010194718837738037,-0.00783473253250122,-0.005603790283203125,-0.003664672374725342,-0.001309037208557129,0.001194596290588379,0.0033902525901794434,0.005261361598968506,0.007225990295410156,0.00940239429473877,0.011821746826171875,0.014064550399780273,0.01586395502090454,0.017399311065673828,0.01980966329574585,0.02218616008758545,0.024233341217041016,0.026542246341705322,0.029426097869873047,0.032296180725097656,0.03357905149459839,0.032523512840270996,0.029099643230438232,0.022016704082489014
9,0.0,0.0,0.0,0.0,0.0,0.0,0.0,0.0,0.0,0.0,0.0,0.0,0.0,0.0,0.0,0.0,0.0,0.0,0.0,0.0,0.0,0.0,0.0,0.0,0.0,0.0,0.0,0.0,0.0,0.0,0.0,0.0,0.0,0.0,0.0,0.0,0.0,0.0,0.0,0.0,0.0,0.0,0.0,0.0,0.0,0.0,0.0,0.0,0.0,0.0,0.0,0.0,0.0,0.0,0.0,0.0,0.0,0.0,0.0,0.0,0.0,0.0,0.0,0.0,0.0,0.0,0.0,0.0,0.0,0.0,0.0,0.0,0.0,0.0,0.0,-0.0225868821144104,-0.029731035232543945,-0.03638410568237305,-0.03721576929092407,-0.03735840320587158,-0.036175429821014404,-0.034934818744659424,-0.03330349922180176,-0.03276282548904419,-0.03277498483657837,-0.03298044204711914,-0.03239363431930542,-0.03129678964614868,-0.030149400234222412,-0.02912360429763794,-0.02809309959411621,-0.026748299598693848,-0.02563244104385376,-0.02501434087753296,-0.023962020874023438,-0.022736430168151855,-0.021106481552124023,-0.019779682159423828,-0.01859837770462036,-0.01766258478164673,-0.01654452085494995,-0.015387296676635742,-0.014347434043884277,-0.013308584690093994,-0.012196779251098633,-0.010892391204833984,-0.009656667709350586,-0.008592426776885986,-0.007308661937713623,-0.005902588367462158,-0.0045105814933776855,-0.003452897071838379,-0.0025783181190490723,-0.0014423131942749023,-0.00044840574264526367,0.0007503628730773926,0.0021325349807739258,0.0036126375198364258,0.0052408576011657715,0.006707489490509033,0.008292078971862793,0.00948876142501831,0.010204911231994629,0.01113969087600708,0.011996746063232422,0.013209164142608643,0.014776051044464111,0.016277790069580078,0.017927169799804688,0.019530177116394043,0.021166622638702393,0.02255481481552124,0.023897886276245117,0.02515321969985962,0.026052117347717285,0.027114510536193848,0.02850496768951416,0.030256807804107666,0.031446874141693115,0.03225475549697876,0.033237457275390625,0.0336722731590271,0.03390687704086304,0.03537571430206299,0.037037551403045654,0.03787517547607422,0.03779667615890503,0.03708791732788086,0.03207671642303467,0.026059865951538086,-0.02196812629699707,-0.030108869075775146,-0.03515726327896118,-0.03614324331283569,-0.03633755445480347,-0.035078227519989014,-0.03429347276687622,-0.03273385763168335,-0.03226560354232788,-0.032177627086639404,-0.03215289115905762,-0.03160315752029419,-0.030610084533691406,-0.029736697673797607,-0.028346538543701172,-0.027222871780395508,-0.026088833808898926,-0.025167226791381836,-0.024536728858947754,-0.023179054260253906,-0.022023499011993408,-0.020606040954589844,-0.019528090953826904,-0.01837635040283203,-0.016840636730194092,-0.015934467315673828,-0.014868617057800293,-0.013979911804199219,-0.013052880764007568,-0.011560142040252686,-0.01051795482635498,-0.009412288665771484,-0.008068442344665527,-0.0067879557609558105,-0.005338430404663086,-0.004177510738372803,-0.0029248595237731934,-0.001924753189086914,-0.0009419918060302734,-5.602836608886719e-06,0.0011445283889770508,0.0026454925537109375,0.004083693027496338,0.005707442760467529,0.0074654221534729,0.008758187294006348,0.009844839572906494,0.010663151741027832,0.011718928813934326,0.012694299221038818,0.013650894165039062,0.015325188636779785,0.01692068576812744,0.018616557121276855,0.02015817165374756,0.02174961566925049,0.022931277751922607,0.024377524852752686,0.0256461501121521,0.026691675186157227,0.02764981985092163,0.029499530792236328,0.030853867530822754,0.032046377658843994,0.03268170356750488,0.033691346645355225,0.0338631272315979,0.03443235158920288,0.035734474658966064,0.03763306140899658,0.03861701488494873,0.039123475551605225,0.03741675615310669,0.032370686531066895,0.025963008403778076
10,0.0,0.0,0.0,0.0,0.0,0.0,0.0,0.0,0.0,0.0,0.0,0.0,0.0,0.0,0.0,0.0,0.0,0.0,0.0,0.0,0.0,0.0,0.0,0.0,0.0,0.0,0.0,0.0,0.0,0.0,0.0,0.0,0.0,0.0,0.0,0.0,0.0,0.0,0.0,0.0,0.0,0.0,0.0,0.0,0.0,0.0,0.0,0.0,0.0,0.0,0.0,0.0,0.0,0.0,0.0,0.0,0.0,0.0,0.0,0.0,0.0,0.0,0.0,0.0,0.0,0.0,0.0,0.0,0.0,0.0,0.0,0.0,0.0,0.0,0.0,-0.024203479290008545,-0.02697622776031494,-0.02929741144180298,-0.03077918291091919,-0.03127104043960571,-0.03189891576766968,-0.031606316566467285,-0.031021833419799805,-0.03015226125717163,-0.029435276985168457,-0.028375744819641113,-0.026966631412506104,-0.025833487510681152,-0.02529221773147583,-0.024581491947174072,-0.02400994300842285,-0.022767364978790283,-0.02169889211654663,-0.020779192447662354,-0.019561469554901123,-0.018619775772094727,-0.017124533653259277,-0.016112685203552246,-0.015005230903625488,-0.013983368873596191,-0.01297461986541748,-0.011442601680755615,-0.01035761833190918,-0.009683787822723389,-0.008905947208404541,-0.007983803749084473,-0.006920456886291504,-0.006094753742218018,-0.005263805389404297,-0.0045462846755981445,-0.004056334495544434,-0.0027843713760375977,-0.0016199946403503418,-0.0007825493812561035,-4.8279762268066406e-05,0.0011535286903381348,0.0030524730682373047,0.0040901899337768555,0.005114853382110596,0.006197988986968994,0.0076601505279541016,0.009167194366455078,0.010130882263183594,0.011105239391326904,0.012224793434143066,0.01374959945678711,0.015532314777374268,0.016433298587799072,0.017732203006744385,0.018861889839172363,0.020385801792144775,0.02201634645462036,0.02316826581954956,0.024278759956359863,0.02472752332687378,0.02559661865234375,0.026900172233581543,0.02823805809020996,0.0290299654006958,0.02944624423980713,0.030379951000213623,0.031161129474639893,0.031179845333099365,0.03040856122970581,0.02987980842590332,0.02891373634338379,0.027429401874542236,0.025134682655334473,0.021639585494995117,0.018348276615142822,0.008343219757080078,0.009962499141693115,0.011896014213562012,0.014117717742919922,0.016860365867614746,0.01999908685684204,0.022615790367126465,0.025352895259857178,0.027913451194763184,0.030870258808135986,0.033754944801330566,0.03562396764755249,0.03725707530975342,0.038363516330718994,0.0398329496383667,0.041098058223724365,0.0413779616355896,0.04139333963394165,0.041213929653167725,0.04123556613922119,0.04098623991012573,0.0395810604095459,0.03836923837661743,0.03664696216583252,0.03525698184967041,0.0334891676902771,0.031064867973327637,0.028630852699279785,0.025745153427124023,0.02343285083770752,0.020609021186828613,0.017185628414154053,0.013849437236785889,0.010293006896972656,0.00713801383972168,0.003882169723510742,0.0005353093147277832,-0.0030679702758789062,-0.006769120693206787,-0.009434878826141357,-0.012492656707763672,-0.015899837017059326,-0.019172966480255127,-0.022094249725341797,-0.02409994602203369,-0.026738345623016357,-0.029398679733276367,-0.031745851039886475,-0.033627092838287354,-0.03477126359939575,-0.036360323429107666,-0.03783231973648071,-0.039198875427246094,-0.03977954387664795,-0.03979611396789551,-0.040211617946624756,-0.0400468111038208,-0.03989440202713013,-0.03891348838806152,-0.03730267286300659,-0.03626060485839844,-0.03447675704956055,-0.03272897005081177,-0.030721604824066162,-0.028246581554412842,-0.026185929775238037,-0.023836374282836914,-0.021908164024353027,-0.01939260959625244,-0.016063392162322998,-0.013347148895263672,-0.011016547679901123,-0.009041011333465576,-0.0065174102783203125,-0.0042493343353271484
11,0.0,0.0,0.0,0.0,0.0,0.0,0.0,0.0,0.0,0.0,0.0,0.0,0.0,0.0,0.0,0.0,0.0,0.0,0.0,0.0,0.0,0.0,0.0,0.0,0.0,0.0,0.0,0.0,0.0,0.0,0.0,0.0,0.0,0.0,0.0,0.0,0.0,0.0,0.0,0.0,0.0,0.0,0.0,0.0,0.0,0.0,0.0,0.0,0.0,0.0,0.0,0.0,0.0,0.0,0.0,0.0,0.0,0.0,0.0,0.0,0.0,0.0,0.0,0.0,0.0,0.0,0.0,0.0,0.0,0.0,0.0,0.0,0.0,0.0,0.0,0.0,0.0,0.0,0.0,0.0,0.0,0.0,0.0,0.0,0.0,0.0,0.0,0.0,0.0,0.0,0.0,0.0,0.0,0.0,0.0,0.0,0.0,0.0,0.0,0.0,0.0,0.0,0.0,0.0,0.0,0.0,0.0,0.0,0.0,0.0,0.0,0.0,0.0,0.0,0.0,0.0,0.0,0.0,0.0,0.0,0.0,0.0,0.0,0.0,0.0,0.0,0.0,0.0,0.0,0.0,0.0,0.0,0.0,0.0,0.0,0.0,0.0,0.0,0.0,0.0,0.0,0.0,0.0,0.0,0.0,0.0,0.0,0.0,0.0,0.0,0.0,0.0,0.0,0.0,0.0,0.0,0.0,0.0,0.0,0.0,0.0,0.0,0.0,0.0,0.0,0.0,0.0,0.0,0.0,0.0,0.0,0.0,0.0,0.0,0.0,0.0,0.0,0.0,0.0,0.0,0.0,0.0,0.0,0.0,0.0,0.0,0.0,0.0,0.0,0.0,0.0,0.0,0.0,0.0,0.0,0.0,0.0,0.0,0.0,0.0,0.0,0.0,0.0,0.0,0.0,0.0,0.0,0.0,0.0,0.0,0.0,0.0,0.0,0.0,0.0,0.0,0.0,0.0,0.0,0.0,0.0,0.0,0.0,0.0,0.0
12,-0.01617342233657837,-0.021139204502105713,-0.027881920337677002,-0.029433012008666992,-0.028043687343597412,-0.02722090482711792,-0.026605308055877686,-0.02747887372970581,-0.027880072593688965,-0.027988195419311523,-0.028231918811798096,-0.028441786766052246,-0.028433501720428467,-0.028293728828430176,-0.028030037879943848,-0.027720153331756592,-0.027360737323760986,-0.027233123779296875,-0.027363359928131104,-0.027413606643676758,-0.027195334434509277,-0.026797711849212646,-0.02669459581375122,-0.026893794536590576,-0.027321219444274902,-0.02718406915664673,-0.02648705244064331,-0.026365935802459717,-0.02644890546798706,-0.027192294597625732,-0.027485966682434082,-0.027409136295318604,-0.027269959449768066,-0.027119755744934082,-0.027092695236206055,-0.0271604061126709,-0.027009129524230957,-0.02710580825805664,-0.027171611785888672,-0.027138233184814453,-0.027073979377746582,-0.027152538299560547,-0.027467429637908936,-0.02729123830795288,-0.02724909782409668,-0.02724975347518921,-0.027193427085876465,-0.02728581428527832,-0.02736884355545044,-0.027815163135528564,-0.027752339839935303,-0.027378082275390625,-0.027035057544708252,-0.026867985725402832,-0.02737659215927124,-0.027628600597381592,-0.027746856212615967,-0.027618050575256348,-0.02739238739013672,-0.02747708559036255,-0.027529776096343994,-0.027498364448547363,-0.0274541974067688,-0.02728801965713501,-0.02715897560119629,-0.027069032192230225,-0.027102112770080566,-0.026728034019470215,-0.02611762285232544,-0.02530461549758911,-0.025790512561798096,-0.02656841278076172,-0.02703636884689331,-0.02489912509918213,-0.02087080478668213,-0.016402781009674072,-0.02237701416015625,-0.029108047485351562,-0.029121041297912598,-0.02837163209915161,-0.02724844217300415,-0.02698802947998047,-0.027822911739349365,-0.02783811092376709,-0.02820056676864624,-0.028348267078399658,-0.02849632501602173,-0.028387248516082764,-0.028380095958709717,-0.028467655181884766,-0.027951717376708984,-0.02755802869796753,-0.02733856439590454,-0.027584612369537354,-0.027804017066955566,-0.02733635902404785,-0.026809751987457275,-0.026619672775268555,-0.026830673217773438,-0.027433693408966064,-0.027002692222595215,-0.026599407196044922,-0.026446521282196045,-0.026822984218597412,-0.027383029460906982,-0.027377784252166748,-0.027317047119140625,-0.027035236358642578,-0.027142822742462158,-0.027160286903381348,-0.027165651321411133,-0.027063488960266113,-0.027040600776672363,-0.0270804762840271,-0.02707672119140625,-0.027031540870666504,-0.02730661630630493,-0.027324676513671875,-0.027279913425445557,-0.02718532085418701,-0.027231454849243164,-0.02724546194076538,-0.02712005376815796,-0.02738940715789795,-0.02772611379623413,-0.027687370777130127,-0.027428269386291504,-0.02707582712173462,-0.02703714370727539,-0.02731478214263916,-0.027717649936676025,-0.02775329351425171,-0.027579963207244873,-0.027399897575378418,-0.02734959125518799,-0.027499258518218994,-0.027477920055389404,-0.027306795120239258,-0.02721858024597168,-0.02710902690887451,-0.02722454071044922,-0.027028203010559082,-0.02638942003250122,-0.025911450386047363,-0.02565622329711914,-0.026354610919952393,-0.026860296726226807,-0.027201950550079346,-0.023968994617462158,-0.019319236278533936,-0.016066551208496094,-0.0235481858253479,-0.028908073902130127,-0.028825461864471436,-0.028034210205078125,-0.026791274547576904,-0.027232348918914795,-0.0280226469039917,-0.027880370616912842,-0.028014183044433594,-0.02795565128326416,-0.028449952602386475,-0.028662800788879395,-0.028476297855377197,-0.028515100479125977,-0.027899563312530518,-0.027673006057739258,-0.027690470218658447,-0.02782726287841797,-0.027711451053619385,-0.027125835418701172,-0.026725590229034424,-0.026735365390777588,-0.026652753353118896,-0.027080774307250977,-0.026501178741455078,-0.026736199855804443,-0.02690356969833374,-0.02701467275619507,-0.027272522449493408,-0.02724766731262207,-0.02708965539932251,-0.02705979347229004,-0.027062952518463135,-0.027115285396575928,-0.02699977159500122,-0.027000367641448975,-0.02680039405822754,-0.02686089277267456,-0.026934564113616943,-0.026751935482025146,-0.027096331119537354,-0.02724355459213257,-0.027218222618103027,-0.02714693546295166,-0.027061939239501953,-0.02698051929473877,-0.02689528465270996,-0.027125895023345947,-0.02768409252166748,-0.027555644512176514,-0.02726048231124878,-0.026958882808685303,-0.026864171028137207,-0.02722388505935669,-0.027435302734375,-0.027637004852294922,-0.027398526668548584,-0.02722078561782837,-0.027091681957244873,-0.02707153558731079,-0.02718985080718994,-0.027140915393829346,-0.027107179164886475,-0.026977062225341797,-0.026826679706573486,-0.02648860216140747,-0.02599853277206421,-0.025780677795410156,-0.025960206985473633,-0.02638918161392212,-0.026789188385009766,-0.026042461395263672,-0.022984981536865234,-0.01770305633544922
13,0.0,0.0,0.0,0.0,0.0,0.0,0.0,0.0,0.0,0.0,0.0,0.0,0.0,0.0,0.0,0.0,0.0,0.0,0.0,0.0,0.0,0.0,0.0,0.0,0.0,0.0,0.0,0.0,0.0,0.0,0.0,0.0,0.0,0.0,0.0,0.0,0.0,0.0,0.0,0.0,0.0,0.0,0.0,0.0,0.0,0.0,0.0,0.0,0.0,0.0,0.0,0.0,0.0,0.0,0.0,0.0,0.0,0.0,0.0,0.0,0.0,0.0,0.0,0.0,0.0,0.0,0.0,0.0,0.0,0.0,0.0,0.0,0.0,0.0,0.0,0.0,0.0,0.0,0.0,0.0,0.0,0.0,0.0,0.0,0.0,0.0,0.0,0.0,0.0,0.0,0.0,0.0,0.0,0.0,0.0,0.0,0.0,0.0,0.0,0.0,0.0,0.0,0.0,0.0,0.0,0.0,0.0,0.0,0.0,0.0,0.0,0.0,0.0,0.0,0.0,0.0,0.0,0.0,0.0,0.0,0.0,0.0,0.0,0.0,0.0,0.0,0.0,0.0,0.0,0.0,0.0,0.0,0.0,0.0,0.0,0.0,0.0,0.0,0.0,0.0,0.0,0.0,0.0,0.0,0.0,0.0,0.0,0.0,0.0,0.0,0.0,0.0,0.0,0.0,0.0,0.0,0.0,0.0,0.0,0.0,0.0,0.0,0.0,0.0,0.0,0.0,0.0,0.0,0.0,0.0,0.0,0.0,0.0,0.0,0.0,0.0,0.0,0.0,0.0,0.0,0.0,0.0,0.0,0.0,0.0,0.0,0.0,0.0,0.0,0.0,0.0,0.0,0.0,0.0,0.0,0.0,0.0,0.0,0.0,0.0,0.0,0.0,0.0,0.0,0.0,0.0,0.0,0.0,0.0,0.0,0.0,0.0,0.0,0.0,0.0,0.0,0.0,0.0,0.0,0.0,0.0,0.0,0.0,0.0,0.0
14,0.0,0.0,0.0,0.0,0.0,0.0,0.0,0.0,0.0,0.0,0.0,0.0,0.0,0.0,0.0,0.0,0.0,0.0,0.0,0.0,0.0,0.0,0.0,0.0,0.0,0.0,0.0,0.0,0.0,0.0,0.0,0.0,0.0,0.0,0.0,0.0,0.0,0.0,0.0,0.0,0.0,0.0,0.0,0.0,0.0,0.0,0.0,0.0,0.0,0.0,0.0,0.0,0.0,0.0,0.0,0.0,0.0,0.0,0.0,0.0,0.0,0.0,0.0,0.0,0.0,0.0,0.0,0.0,0.0,0.0,0.0,0.0,0.0,0.0,0.0,-0.0025926828384399414,-0.004112958908081055,-0.00548321008682251,-0.007041871547698975,-0.009022414684295654,-0.010947465896606445,-0.012985408306121826,-0.014767348766326904,-0.01662123203277588,-0.019093751907348633,-0.02094566822052002,-0.023050963878631592,-0.0245819091796875,-0.02627253532409668,-0.02803969383239746,-0.02930980920791626,-0.030581653118133545,-0.03106558322906494,-0.03149271011352539,-0.03202164173126221,-0.03208637237548828,-0.03209257125854492,-0.0313645601272583,-0.03058558702468872,-0.02986985445022583,-0.02913743257522583,-0.028093814849853516,-0.026400625705718994,-0.025350451469421387,-0.024327337741851807,-0.022886037826538086,-0.02190345525741577,-0.02073228359222412,-0.01996082067489624,-0.01943904161453247,-0.019033968448638916,-0.018909692764282227,-0.018533706665039062,-0.01882040500640869,-0.019294261932373047,-0.01994943618774414,-0.020931541919708252,-0.021569430828094482,-0.02257150411605835,-0.02376168966293335,-0.025235235691070557,-0.02665388584136963,-0.027692556381225586,-0.028895258903503418,-0.030074894428253174,-0.03146606683731079,-0.03241252899169922,-0.032935380935668945,-0.03364098072052002,-0.03410375118255615,-0.03446775674819946,-0.03450441360473633,-0.034261465072631836,-0.03427380323410034,-0.03363674879074097,-0.032741665840148926,-0.03164994716644287,-0.03046637773513794,-0.029462218284606934,-0.02782893180847168,-0.02651190757751465,-0.024844586849212646,-0.023288369178771973,-0.021937847137451172,-0.02023988962173462,-0.01892000436782837,-0.01726996898651123,-0.015855848789215088,-0.01469188928604126,-0.013187766075134277,0.0,0.0,0.0,0.0,0.0,0.0,0.0,0.0,0.0,0.0,0.0,0.0,0.0,0.0,0.0,0.0,0.0,0.0,0.0,0.0,0.0,0.0,0.0,0.0,0.0,0.0,0.0,0.0,0.0,0.0,0.0,0.0,0.0,0.0,0.0,0.0,0.0,0.0,0.0,0.0,0.0,0.0,0.0,0.0,0.0,0.0,0.0,0.0,0.0,0.0,0.0,0.0,0.0,0.0,0.0,0.0,0.0,0.0,0.0,0.0,0.0,0.0,0.0,0.0,0.0,0.0,0.0,0.0,0.0,0.0,0.0,0.0,0.0,0.0,0.0
15,-0.013412833213806152,-0.018622994422912598,-0.022572338581085205,-0.02416127920150757,-0.025286436080932617,-0.026978492736816406,-0.027771592140197754,-0.027220487594604492,-0.025861501693725586,-0.02583634853363037,-0.02657705545425415,-0.027319729328155518,-0.027640104293823242,-0.02754908800125122,-0.02677595615386963,-0.026734113693237305,-0.027279198169708252,-0.028762340545654297,-0.030273020267486572,-0.0300600528717041,-0.02868485450744629,-0.027917683124542236,-0.02846139669418335,-0.02987724542617798,-0.03031480312347412,-0.030538201332092285,-0.0297124981880188,-0.0282018780708313,-0.027698278427124023,-0.027830302715301514,-0.028735578060150146,-0.02891165018081665,-0.02870774269104004,-0.0273016095161438,-0.02455604076385498,-0.019856691360473633,-0.0094376802444458,0.002353370189666748,0.014598429203033447,0.022660553455352783,0.02470266819000244,0.02657139301300049,0.029236257076263428,0.030618369579315186,0.029558539390563965,0.02785181999206543,0.027827978134155273,0.02851349115371704,0.02968275547027588,0.02986520528793335,0.029156148433685303,0.028132855892181396,0.02860105037689209,0.029580235481262207,0.03096252679824829,0.032364487648010254,0.03163039684295654,0.029404819011688232,0.028152287006378174,0.02827906608581543,0.029330670833587646,0.029506444931030273,0.029772043228149414,0.0292397141456604,0.028134047985076904,0.027818381786346436,0.027725815773010254,0.027816712856292725,0.02868896722793579,0.028788268566131592,0.027248799800872803,0.025802135467529297,0.02493995428085327,0.019644439220428467,0.013325095176696777,0.0,0.0,0.0,0.0,0.0,0.0,0.0,0.0,0.0,0.0,0.0,0.0,0.0,0.0,0.0,0.0,0.0,0.0,0.0,0.0,0.0,0.0,0.0,0.0,0.0,0.0,0.0,0.0,0.0,0.0,0.0,0.0,0.0,0.0,0.0,0.0,0.0,0.0,0.0,0.0,0.0,0.0,0.0,0.0,0.0,0.0,0.0,0.0,0.0,0.0,0.0,0.0,0.0,0.0,0.0,0.0,0.0,0.0,0.0,0.0,0.0,0.0,0.0,0.0,0.0,0.0,0.0,0.0,0.0,0.0,0.0,0.0,0.0,0.0,0.0,0.014157295227050781,0.019609510898590088,0.023347437381744385,0.024795234203338623,0.025892913341522217,0.027585625648498535,0.02862948179244995,0.027995705604553223,0.026604652404785156,0.02645730972290039,0.027432143688201904,0.02853381633758545,0.028590261936187744,0.028457999229431152,0.02773129940032959,0.027956008911132812,0.028619349002838135,0.02973729372024536,0.031065046787261963,0.031007051467895508,0.029784321784973145,0.029310226440429688,0.029504358768463135,0.030746161937713623,0.031375885009765625,0.03192901611328125,0.03103572130203247,0.02929377555847168,0.028684556484222412,0.02900034189224243,0.0301550030708313,0.0303957462310791,0.029934346675872803,0.028413712978363037,0.02576136589050293,0.02141624689102173,0.010977864265441895,-0.001171410083770752,-0.013618230819702148,-0.02155435085296631,-0.02332836389541626,-0.025358140468597412,-0.028181910514831543,-0.029718637466430664,-0.02843296527862549,-0.026541590690612793,-0.02681148052215576,-0.027753353118896484,-0.02897799015045166,-0.0290258526802063,-0.0282098650932312,-0.027510762214660645,-0.028107106685638428,-0.029162287712097168,-0.030373811721801758,-0.0316697359085083,-0.0311279296875,-0.029079437255859375,-0.027875542640686035,-0.02771991491317749,-0.02869194746017456,-0.02923715114593506,-0.029830515384674072,-0.02911853790283203,-0.027770578861236572,-0.02728337049484253,-0.02754443883895874,-0.02792757749557495,-0.028580427169799805,-0.02836620807647705,-0.026825904846191406,-0.02581954002380371,-0.02503424882888794,-0.019622385501861572,-0.013152718544006348
16,0.0,0.0,0.0,0.0,0.0,0.0,0.0,0.0,0.0,0.0,0.0,0.0,0.0,0.0,0.0,0.0,0.0,0.0,0.0,0.0,0.0,0.0,0.0,0.0,0.0,0.0,0.0,0.0,0.0,0.0,0.0,0.0,0.0,0.0,0.0,0.0,0.0,0.0,0.0,0.0,0.0,0.0,0.0,0.0,0.0,0.0,0.0,0.0,0.0,0.0,0.0,0.0,0.0,0.0,0.0,0.0,0.0,0.0,0.0,0.0,0.0,0.0,0.0,0.0,0.0,0.0,0.0,0.0,0.0,0.0,0.0,0.0,0.0,0.0,0.0,0.002380073070526123,0.0031301379203796387,0.004686534404754639,0.0057163238525390625,0.00591278076171875,0.007113099098205566,0.008325755596160889,0.010236501693725586,0.011081457138061523,0.01199251413345337,0.013167917728424072,0.014744877815246582,0.017151296138763428,0.018252551555633545,0.01921713352203369,0.021245598793029785,0.02296280860900879,0.02508467435836792,0.026211559772491455,0.027193963527679443,0.029118657112121582,0.030349791049957275,0.03298068046569824,0.033565521240234375,0.034783005714416504,0.03620874881744385,0.037686944007873535,0.03985726833343506,0.040209949016571045,0.04083538055419922,0.041982054710388184,0.04309523105621338,0.044684529304504395,0.044457852840423584,0.045117855072021484,0.04565072059631348,0.04653322696685791,0.04780089855194092,0.04679906368255615,0.04690653085708618,0.046731770038604736,0.04717528820037842,0.047231197357177734,0.0461345911026001,0.045497238636016846,0.04461967945098877,0.04452329874038696,0.04379308223724365,0.042145729064941406,0.040813982486724854,0.039773404598236084,0.039256274700164795,0.03821098804473877,0.03581815958023071,0.034466445446014404,0.03279769420623779,0.03214544057846069,0.030056297779083252,0.02807140350341797,0.02688777446746826,0.025527775287628174,0.02449500560760498,0.022517859935760498,0.02055656909942627,0.01909804344177246,0.017711222171783447,0.01716899871826172,0.014959156513214111,0.013225793838500977,0.011935710906982422,0.010787785053253174,0.01031339168548584,0.00840747356414795,0.007003426551818848,0.006119370460510254,-0.0010090470314025879,-0.0008071660995483398,-0.002020120620727539,-0.0024136900901794434,-0.003281891345977783,-0.0028100013732910156,-0.0030888915061950684,-0.004405319690704346,-0.005522608757019043,-0.006403088569641113,-0.006065845489501953,-0.006685137748718262,-0.008304059505462646,-0.00896763801574707,-0.009937703609466553,-0.009630382061004639,-0.010654628276824951,-0.012068212032318115,-0.01290363073348999,-0.014246642589569092,-0.013636648654937744,-0.015216052532196045,-0.0163729190826416,-0.017328202724456787,-0.01797187328338623,-0.01747649908065796,-0.018677830696105957,-0.019988298416137695,-0.02049243450164795,-0.021262049674987793,-0.020651638507843018,-0.021887481212615967,-0.02314162254333496,-0.02358478307723999,-0.02362579107284546,-0.022862911224365234,-0.023870348930358887,-0.02470099925994873,-0.02485489845275879,-0.024604380130767822,-0.023702383041381836,-0.02439594268798828,-0.024532973766326904,-0.0247613787651062,-0.0239030122756958,-0.022817611694335938,-0.02340000867843628,-0.023206472396850586,-0.022976160049438477,-0.021714866161346436,-0.020560801029205322,-0.02086693048477173,-0.020257174968719482,-0.019572913646697998,-0.01804894208908081,-0.01676410436630249,-0.017351150512695312,-0.016559958457946777,-0.015757977962493896,-0.014229059219360352,-0.012642860412597656,-0.0128898024559021,-0.012490153312683105,-0.011799514293670654,-0.009712934494018555,-0.00907665491104126,-0.009412169456481934,-0.008678674697875977,-0.007934808731079102,-0.0060977935791015625,-0.00587916374206543,-0.0061151981353759766,-0.005153059959411621,-0.004615128040313721,-0.003072500228881836
17,0.02611154317855835,0.03077256679534912,0.030010223388671875,0.028505563735961914,0.028950810432434082,0.02695608139038086,0.028450727462768555,0.03013169765472412,0.026575684547424316,0.02547365427017212,0.029662907123565674,0.029855787754058838,0.03048837184906006,0.029157280921936035,0.027951836585998535,0.026237428188323975,0.02666527032852173,0.02733612060546875,0.025728285312652588,0.025294601917266846,0.026435554027557373,0.027703166007995605,0.02734440565109253,0.02794647216796875,0.02762240171432495,0.02421337366104126,0.02608400583267212,0.024172842502593994,0.026570618152618408,0.028652846813201904,0.027124881744384766,0.025549709796905518,0.02570950984954834,0.030270516872406006,0.02849733829498291,0.019921064376831055,0.0031872987747192383,-0.021404743194580078,-0.033777594566345215,-0.030470311641693115,-0.0306473970413208,-0.0304257869720459,-0.027867496013641357,-0.03120875358581543,-0.03103405237197876,-0.02852320671081543,-0.02872145175933838,-0.031763553619384766,-0.032198190689086914,-0.033172428607940674,-0.030933916568756104,-0.028653502464294434,-0.028476059436798096,-0.029193878173828125,-0.028500139713287354,-0.025979816913604736,-0.025149166584014893,-0.02801203727722168,-0.02930086851119995,-0.028805971145629883,-0.029341578483581543,-0.02829289436340332,-0.025202035903930664,-0.026571452617645264,-0.024958252906799316,-0.02696329355239868,-0.02957761287689209,-0.02689284086227417,-0.02604544162750244,-0.026533186435699463,-0.029043734073638916,-0.02773594856262207,-0.024515867233276367,-0.014754176139831543,-0.00393831729888916,0.014271438121795654,0.01602405309677124,0.014652907848358154,0.014244914054870605,0.013579130172729492,0.011185288429260254,0.013521432876586914,0.015602588653564453,0.012545287609100342,0.012468874454498291,0.015576481819152832,0.015436947345733643,0.015315711498260498,0.014628708362579346,0.01374053955078125,0.01259148120880127,0.01286303997039795,0.013186514377593994,0.012220799922943115,0.012231588363647461,0.013498485088348389,0.014036357402801514,0.013802826404571533,0.01411581039428711,0.01350778341293335,0.011432349681854248,0.012619972229003906,0.011941850185394287,0.013025224208831787,0.013559877872467041,0.012331068515777588,0.010951340198516846,0.010649323463439941,0.017631232738494873,0.018634378910064697,0.01609855890274048,0.0010284781455993652,-0.017692208290100098,-0.018507003784179688,-0.01624476909637451,-0.0164451003074646,-0.0155295729637146,-0.013025641441345215,-0.015111923217773438,-0.014892339706420898,-0.013256728649139404,-0.014560163021087646,-0.01687610149383545,-0.017133593559265137,-0.017411887645721436,-0.01563727855682373,-0.015032172203063965,-0.014956414699554443,-0.014785289764404297,-0.013657212257385254,-0.011399924755096436,-0.012708306312561035,-0.015412211418151855,-0.015529155731201172,-0.014919817447662354,-0.014757633209228516,-0.014243721961975098,-0.011898279190063477,-0.01298898458480835,-0.012250244617462158,-0.013274431228637695,-0.01463305950164795,-0.012747645378112793,-0.012515664100646973,-0.013316690921783447,-0.0156325101852417,-0.016215741634368896,-0.015491902828216553,-0.006780743598937988,-0.0007631182670593262,0.037882328033447266,0.044229745864868164,0.0436893105506897,0.04257369041442871,0.041385650634765625,0.03949803113937378,0.04640030860900879,0.04546099901199341,0.03903478384017944,0.04040318727493286,0.04534512758255005,0.04400181770324707,0.0448070764541626,0.04338407516479492,0.04157674312591553,0.03884398937225342,0.040455520153045654,0.040837228298187256,0.038683176040649414,0.03948312997817993,0.04033464193344116,0.041119277477264404,0.04031026363372803,0.04158133268356323,0.04057055711746216,0.03585493564605713,0.04007941484451294,0.036250174045562744,0.039988696575164795,0.042403459548950195,0.04041475057601929,0.03886312246322632,0.041793227195739746,0.04924821853637695,0.041254281997680664,0.02638065814971924,-0.008006632328033447,-0.03278017044067383,-0.04428607225418091,-0.04541909694671631,-0.04573720693588257,-0.04369837045669556,-0.041637539863586426,-0.047289907932281494,-0.04674297571182251,-0.04336869716644287,-0.0452800989151001,-0.04829847812652588,-0.047491252422332764,-0.04780691862106323,-0.04519718885421753,-0.04327768087387085,-0.04225766658782959,-0.042779505252838135,-0.041532278060913086,-0.03874993324279785,-0.041174232959747314,-0.04276454448699951,-0.042908430099487305,-0.042151033878326416,-0.043240487575531006,-0.04210853576660156,-0.03798872232437134,-0.04022181034088135,-0.03804481029510498,-0.040873825550079346,-0.044691622257232666,-0.04075586795806885,-0.0395427942276001,-0.041790544986724854,-0.04447519779205322,-0.04216301441192627,-0.03328830003738403,-0.017529010772705078,-0.008565425872802734
18,-0.008458912372589111,-0.010328829288482666,-0.012237846851348877,-0.01420372724533081,-0.015789449214935303,-0.018293380737304688,-0.020425856113433838,-0.022247791290283203,-0.024198591709136963,-0.025626659393310547,-0.027895212173461914,-0.029628217220306396,-0.03111433982849121,-0.032412707805633545,-0.03327834606170654,-0.034721553325653076,-0.03538644313812256,-0.036141812801361084,-0.03605067729949951,-0.03602665662765503,-0.03627854585647583,-0.03554093837738037,-0.03476548194885254,-0.03360450267791748,-0.03221315145492554,-0.03108769655227661,-0.029100358486175537,-0.027168869972229004,-0.024557054042816162,-0.022140681743621826,-0.019872069358825684,-0.016788840293884277,-0.013626277446746826,-0.010342299938201904,-0.007381319999694824,-0.004627823829650879,-0.0010494589805603027,0.0021120309829711914,0.005744874477386475,0.008761048316955566,0.011771619319915771,0.01508265733718872,0.01783466339111328,0.020982563495635986,0.023254990577697754,0.02535414695739746,0.02765136957168579,0.029470443725585938,0.031737685203552246,0.03267025947570801,0.033732712268829346,0.03471416234970093,0.035224318504333496,0.03593868017196655,0.035804569721221924,0.03543609380722046,0.035226285457611084,0.03454023599624634,0.03390395641326904,0.03251969814300537,0.03100764751434326,0.029537975788116455,0.028141558170318604,0.026804566383361816,0.024550139904022217,0.022597193717956543,0.020816683769226074,0.019109070301055908,0.017547309398651123,0.015166401863098145,0.013273835182189941,0.011373579502105713,0.009952127933502197,0.00832521915435791,0.0063599348068237305,0.0,0.0,0.0,0.0,0.0,0.0,0.0,0.0,0.0,0.0,0.0,0.0,0.0,0.0,0.0,0.0,0.0,0.0,0.0,0.0,0.0,0.0,0.0,0.0,0.0,0.0,0.0,0.0,0.0,0.0,0.0,0.0,0.0,0.0,0.0,0.0,0.0,0.0,0.0,0.0,0.0,0.0,0.0,0.0,0.0,0.0,0.0,0.0,0.0,0.0,0.0,0.0,0.0,0.0,0.0,0.0,0.0,0.0,0.0,0.0,0.0,0.0,0.0,0.0,0.0,0.0,0.0,0.0,0.0,0.0,0.0,0.0,0.0,0.0,0.0,0.0,0.0,0.0,0.0,0.0,0.0,0.0,0.0,0.0,0.0,0.0,0.0,0.0,0.0,0.0,0.0,0.0,0.0,0.0,0.0,0.0,0.0,0.0,0.0,0.0,0.0,0.0,0.0,0.0,0.0,0.0,0.0,0.0,0.0,0.0,0.0,0.0,0.0,0.0,0.0,0.0,0.0,0.0,0.0,0.0,0.0,0.0,0.0,0.0,0.0,0.0,0.0,0.0,0.0,0.0,0.0,0.0,0.0,0.0,0.0,0.0,0.0,0.0,0.0,0.0,0.0,0.0,0.0,0.0,0.0,0.0,0.0,0.0,0.0,0.0
19,0.0,0.0,0.0,0.0,0.0,0.0,0.0,0.0,0.0,0.0,0.0,0.0,0.0,0.0,0.0,0.0,0.0,0.0,0.0,0.0,0.0,0.0,0.0,0.0,0.0,0.0,0.0,0.0,0.0,0.0,0.0,0.0,0.0,0.0,0.0,0.0,0.0,0.0,0.0,0.0,0.0,0.0,0.0,0.0,0.0,0.0,0.0,0.0,0.0,0.0,0.0,0.0,0.0,0.0,0.0,0.0,0.0,0.0,0.0,0.0,0.0,0.0,0.0,0.0,0.0,0.0,0.0,0.0,0.0,0.0,0.0,0.0,0.0,0.0,0.0,0.0,0.0,0.0,0.0,0.0,0.0,0.0,0.0,0.0,0.0,0.0,0.0,0.0,0.0,0.0,0.0,0.0,0.0,0.0,0.0,0.0,0.0,0.0,0.0,0.0,0.0,0.0,0.0,0.0,0.0,0.0,0.0,0.0,0.0,0.0,0.0,0.0,0.0,0.0,0.0,0.0,0.0,0.0,0.0,0.0,0.0,0.0,0.0,0.0,0.0,0.0,0.0,0.0,0.0,0.0,0.0,0.0,0.0,0.0,0.0,0.0,0.0,0.0,0.0,0.0,0.0,0.0,0.0,0.0,0.0,0.0,0.0,0.0,0.0,0.0,0.0,0.0,0.0,0.0,0.0,0.0,0.0,0.0,0.0,0.0,0.0,0.0,0.0,0.0,0.0,0.0,0.0,0.0,0.0,0.0,0.0,0.0,0.0,0.0,0.0,0.0,0.0,0.0,0.0,0.0,0.0,0.0,0.0,0.0,0.0,0.0,0.0,0.0,0.0,0.0,0.0,0.0,0.0,0.0,0.0,0.0,0.0,0.0,0.0,0.0,0.0,0.0,0.0,0.0,0.0,0.0,0.0,0.0,0.0,0.0,0.0,0.0,0.0,0.0,0.0,0.0,0.0,0.0,0.0,0.0,0.0,0.0,0.0,0.0,0.0
20,0.0071302056312561035,0.010767817497253418,0.012506484985351562,0.01161801815032959,0.0074118971824646,0.0016400814056396484,-0.0052683353424072266,-0.012383639812469482,-0.01848822832107544,-0.0225946307182312,-0.022333741188049316,-0.017755568027496338,-0.009241938591003418,0.0013717412948608398,0.012104213237762451,0.022318005561828613,0.02918696403503418,0.031348586082458496,0.027999520301818848,0.019063353538513184,0.005831897258758545,-0.00860130786895752,-0.022123336791992188,-0.033036112785339355,-0.038883864879608154,-0.037668585777282715,-0.029577910900115967,-0.015972793102264404,-0.00012683868408203125,0.015804290771484375,0.0305367112159729,0.040168821811676025,0.0423848032951355,0.037626683712005615,0.02705484628677368,0.010909199714660645,-0.006345152854919434,-0.022088944911956787,-0.03451281785964966,-0.04085099697113037,-0.04004025459289551,-0.03238743543624878,-0.019569456577301025,-0.0047133564949035645,0.010294914245605469,0.02453094720840454,0.03410249948501587,0.03689754009246826,0.033600807189941406,0.025650739669799805,0.013242721557617188,-0.00014221668243408203,-0.012541234493255615,-0.023005783557891846,-0.028889596462249756,-0.029467523097991943,-0.02512902021408081,-0.017018258571624756,-0.0076705217361450195,0.002020418643951416,0.01201564073562622,0.01903444528579712,0.02151399850845337,0.020107269287109375,0.01610356569290161,0.010122299194335938,0.0027337074279785156,-0.00449371337890625,-0.010743916034698486,-0.01428133249282837,-0.015111207962036133,-0.013616561889648438,-0.010018587112426758,-0.0059029459953308105,-0.0014020800590515137,0.0,0.0,0.0,0.0,0.0,0.0,0.0,0.0,0.0,0.0,0.0,0.0,0.0,0.0,0.0,0.0,0.0,0.0,0.0,0.0,0.0,0.0,0.0,0.0,0.0,0.0,0.0,0.0,0.0,0.0,0.0,0.0,0.0,0.0,0.0,0.0,0.0,0.0,0.0,0.0,0.0,0.0,0.0,0.0,0.0,0.0,0.0,0.0,0.0,0.0,0.0,0.0,0.0,0.0,0.0,0.0,0.0,0.0,0.0,0.0,0.0,0.0,0.0,0.0,0.0,0.0,0.0,0.0,0.0,0.0,0.0,0.0,0.0,0.0,0.0,0.0,0.0,0.0,0.0,0.0,0.0,0.0,0.0,0.0,0.0,0.0,0.0,0.0,0.0,0.0,0.0,0.0,0.0,0.0,0.0,0.0,0.0,0.0,0.0,0.0,0.0,0.0,0.0,0.0,0.0,0.0,0.0,0.0,0.0,0.0,0.0,0.0,0.0,0.0,0.0,0.0,0.0,0.0,0.0,0.0,0.0,0.0,0.0,0.0,0.0,0.0,0.0,0.0,0.0,0.0,0.0,0.0,0.0,0.0,0.0,0.0,0.0,0.0,0.0,0.0,0.0,0.0,0.0,0.0,0.0,0.0,0.0,0.0,0.0,0.0
21,0.0,0.0,0.0,0.0,0.0,0.0,0.0,0.0,0.0,0.0,0.0,0.0,0.0,0.0,0.0,0.0,0.0,0.0,0.0,0.0,0.0,0.0,0.0,0.0,0.0,0.0,0.0,0.0,0.0,0.0,0.0,0.0,0.0,0.0,0.0,0.0,0.0,0.0,0.0,0.0,0.0,0.0,0.0,0.0,0.0,0.0,0.0,0.0,0.0,0.0,0.0,0.0,0.0,0.0,0.0,0.0,0.0,0.0,0.0,0.0,0.0,0.0,0.0,0.0,0.0,0.0,0.0,0.0,0.0,0.0,0.0,0.0,0.0,0.0,0.0,-0.0005278587341308594,-0.0017998814582824707,-0.0035346150398254395,-0.006308495998382568,-0.010302186012268066,-0.014156579971313477,-0.0171164870262146,-0.01920396089553833,-0.021771669387817383,-0.024423956871032715,-0.02629941701889038,-0.027486205101013184,-0.028202533721923828,-0.029057085514068604,-0.030434250831604004,-0.031518518924713135,-0.03197604417800903,-0.03179478645324707,-0.030912399291992188,-0.029920339584350586,-0.02800542116165161,-0.025057971477508545,-0.021712124347686768,-0.01847165822982788,-0.015869438648223877,-0.013765573501586914,-0.012337088584899902,-0.012157440185546875,-0.013724863529205322,-0.01652669906616211,-0.019580543041229248,-0.02162754535675049,-0.02323627471923828,-0.02513265609741211,-0.026612520217895508,-0.026839613914489746,-0.02595829963684082,-0.024946630001068115,-0.02573418617248535,-0.027183234691619873,-0.02827543020248413,-0.029024183750152588,-0.02959287166595459,-0.02946484088897705,-0.028718292713165283,-0.026713192462921143,-0.023274660110473633,-0.019259512424468994,-0.015238761901855469,-0.011850178241729736,-0.009205043315887451,-0.007657110691070557,-0.007837116718292236,-0.009773313999176025,-0.012936174869537354,-0.01644188165664673,-0.019479811191558838,-0.022210657596588135,-0.024930357933044434,-0.026431918144226074,-0.026485681533813477,-0.02539372444152832,-0.024135053157806396,-0.024790942668914795,-0.025660455226898193,-0.026359140872955322,-0.027141571044921875,-0.028040409088134766,-0.028557240962982178,-0.02842622995376587,-0.0270235538482666,-0.024488329887390137,-0.02160179615020752,-0.018359243869781494,-0.01508629322052002,0.0,0.0,0.0,0.0,0.0,0.0,0.0,0.0,0.0,0.0,0.0,0.0,0.0,0.0,0.0,0.0,0.0,0.0,0.0,0.0,0.0,0.0,0.0,0.0,0.0,0.0,0.0,0.0,0.0,0.0,0.0,0.0,0.0,0.0,0.0,0.0,0.0,0.0,0.0,0.0,0.0,0.0,0.0,0.0,0.0,0.0,0.0,0.0,0.0,0.0,0.0,0.0,0.0,0.0,0.0,0.0,0.0,0.0,0.0,0.0,0.0,0.0,0.0,0.0,0.0,0.0,0.0,0.0,0.0,0.0,0.0,0.0,0.0,0.0,0.0
22,0.0,0.0,0.0,0.0,0.0,0.0,0.0,0.0,0.0,0.0,0.0,0.0,0.0,0.0,0.0,0.0,0.0,0.0,0.0,0.0,0.0,0.0,0.0,0.0,0.0,0.0,0.0,0.0,0.0,0.0,0.0,0.0,0.0,0.0,0.0,0.0,0.0,0.0,0.0,0.0,0.0,0.0,0.0,0.0,0.0,0.0,0.0,0.0,0.0,0.0,0.0,0.0,0.0,0.0,0.0,0.0,0.0,0.0,0.0,0.0,0.0,0.0,0.0,0.0,0.0,0.0,0.0,0.0,0.0,0.0,0.0,0.0,0.0,0.0,0.0,0.0,0.0,0.0,0.0,0.0,0.0,0.0,0.0,0.0,0.0,0.0,0.0,0.0,0.0,0.0,0.0,0.0,0.0,0.0,0.0,0.0,0.0,0.0,0.0,0.0,0.0,0.0,0.0,0.0,0.0,0.0,0.0,0.0,0.0,0.0,0.0,0.0,0.0,0.0,0.0,0.0,0.0,0.0,0.0,0.0,0.0,0.0,0.0,0.0,0.0,0.0,0.0,0.0,0.0,0.0,0.0,0.0,0.0,0.0,0.0,0.0,0.0,0.0,0.0,0.0,0.0,0.0,0.0,0.0,0.0,0.0,0.0,0.0,0.0,0.0,0.006378293037414551,0.006981790065765381,0.0074836015701293945,0.008020520210266113,0.00835484266281128,0.008589982986450195,0.009059727191925049,0.01015537977218628,0.011503458023071289,0.012306153774261475,0.013009250164031982,0.014219939708709717,0.015723586082458496,0.01745915412902832,0.018640100955963135,0.019919753074645996,0.021672487258911133,0.02357429265975952,0.025548100471496582,0.027270495891571045,0.029011130332946777,0.03065592050552368,0.03249150514602661,0.03416252136230469,0.03493779897689819,0.03519713878631592,0.03611212968826294,0.0376926064491272,0.039556026458740234,0.04103982448577881,0.04252356290817261,0.04385685920715332,0.045740723609924316,0.047326624393463135,0.047747910022735596,0.047291457653045654,0.0473749041557312,0.048256874084472656,0.04960089921951294,0.05041635036468506,0.051603853702545166,0.05317622423171997,0.05505776405334473,0.05690830945968628,0.058383285999298096,0.058848023414611816,0.05889582633972168,0.05905860662460327,0.05935084819793701,0.05834692716598511,0.05632436275482178,0.05374574661254883,0.05149829387664795,0.048806965351104736,0.04527103900909424,0.0406421422958374,0.03606897592544556,0.03249412775039673,0.030565083026885986,0.029077231884002686,0.028633713722229004,0.029839038848876953,0.032437920570373535,0.0348932147026062,0.036432862281799316,0.03517025709152222,0.03217875957489014,0.02956557273864746,0.02824503183364868,0.02753347158432007,0.026696383953094482,0.025497376918792725,0.023378491401672363,0.020173072814941406,0.016079843044281006
23,0.0,0.0,0.0,0.0,0.0,0.0,0.0,0.0,0.0,0.0,0.0,0.0,0.0,0.0,0.0,0.0,0.0,0.0,0.0,0.0,0.0,0.0,0.0,0.0,0.0,0.0,0.0,0.0,0.0,0.0,0.0,0.0,0.0,0.0,0.0,0.0,0.0,0.0,0.0,0.0,0.0,0.0,0.0,0.0,0.0,0.0,0.0,0.0,0.0,0.0,0.0,0.0,0.0,0.0,0.0,0.0,0.0,0.0,0.0,0.0,0.0,0.0,0.0,0.0,0.0,0.0,0.0,0.0,0.0,0.0,0.0,0.0,0.0,0.0,0.0,0.0,0.0,0.0,0.0,0.0,0.0,0.0,0.0,0.0,0.0,0.0,0.0,0.0,0.0,0.0,0.0,0.0,0.0,0.0,0.0,0.0,0.0,0.0,0.0,0.0,0.0,0.0,0.0,0.0,0.0,0.0,0.0,0.0,0.0,0.0,0.0,0.0,0.0,0.0,0.0,0.0,0.0,0.0,0.0,0.0,0.0,0.0,0.0,0.0,0.0,0.0,0.0,0.0,0.0,0.0,0.0,0.0,0.0,0.0,0.0,0.0,0.0,0.0,0.0,0.0,0.0,0.0,0.0,0.0,0.0,0.0,0.0,0.0,0.0,0.0,-0.022840142250061035,-0.026294410228729248,-0.029027938842773438,-0.0314599871635437,-0.03287482261657715,-0.03422576189041138,-0.03478759527206421,-0.03559005260467529,-0.036477625370025635,-0.03659844398498535,-0.0368649959564209,-0.036508917808532715,-0.036545634269714355,-0.03601318597793579,-0.03512364625930786,-0.03444021940231323,-0.033458411693573,-0.033117473125457764,-0.03253316879272461,-0.03177666664123535,-0.03139221668243408,-0.030616462230682373,-0.03029334545135498,-0.029754042625427246,-0.02901071310043335,-0.028206348419189453,-0.026826918125152588,-0.0256345272064209,-0.02372342348098755,-0.021484434604644775,-0.018868684768676758,-0.01597285270690918,-0.013439178466796875,-0.010314226150512695,-0.007040083408355713,-0.0036956071853637695,-0.00034946203231811523,0.002294003963470459,0.00568079948425293,0.008925259113311768,0.012040197849273682,0.015066385269165039,0.017538070678710938,0.020548880100250244,0.02319997549057007,0.02562868595123291,0.027639329433441162,0.02910470962524414,0.030534982681274414,0.03148376941680908,0.03247898817062378,0.032988786697387695,0.033072710037231445,0.033376455307006836,0.033285319805145264,0.03358948230743408,0.033628761768341064,0.03373819589614868,0.034367918968200684,0.034550607204437256,0.03542625904083252,0.03595709800720215,0.03629410266876221,0.0369526743888855,0.03739374876022339,0.0376858115196228,0.037108004093170166,0.0359765887260437,0.03459054231643677,0.0324019193649292,0.030041635036468506,0.026784062385559082,0.022891640663146973,0.01970452070236206,0.01590782403945923
24,-0.00236666202545166,-0.003357827663421631,-0.005277872085571289,-0.006640374660491943,-0.007296085357666016,-0.007792472839355469,-0.009104430675506592,-0.011078953742980957,-0.012438595294952393,-0.012787222862243652,-0.012913644313812256,-0.013953864574432373,-0.01471179723739624,-0.015657663345336914,-0.015356481075286865,-0.014837980270385742,-0.015290379524230957,-0.01598149538040161,-0.015407741069793701,-0.014746248722076416,-0.013822197914123535,-0.013527154922485352,-0.013396084308624268,-0.012414693832397461,-0.011005699634552002,-0.01018834114074707,-0.00980687141418457,-0.008775830268859863,-0.007804155349731445,-0.006107330322265625,-0.00496828556060791,-0.004468321800231934,-0.0035598278045654297,-0.002452075481414795,-0.0005725622177124023,0.0011924505233764648,0.002095937728881836,0.002682626247406006,0.004313230514526367,0.006343543529510498,0.007982492446899414,0.00897228717803955,0.009597063064575195,0.010999977588653564,0.012860357761383057,0.014093875885009766,0.014612913131713867,0.014852821826934814,0.015814661979675293,0.017486214637756348,0.01822108030319214,0.01831287145614624,0.01794034242630005,0.01867544651031494,0.019005119800567627,0.018914103507995605,0.018180012702941895,0.017364144325256348,0.01721411943435669,0.017109930515289307,0.016491949558258057,0.014751076698303223,0.013069689273834229,0.012594103813171387,0.011923551559448242,0.010527193546295166,0.008689641952514648,0.006771564483642578,0.006139934062957764,0.00557786226272583,0.004376053810119629,0.0026748180389404297,0.0017674565315246582,0.001766800880432129,0.002010524272918701,-0.018439769744873047,-0.02240389585494995,-0.02577275037765503,-0.02830362319946289,-0.030113816261291504,-0.032424747943878174,-0.03393912315368652,-0.03411620855331421,-0.03271108865737915,-0.03112393617630005,-0.02911311388015747,-0.02573186159133911,-0.021288931369781494,-0.01587975025177002,-0.010321080684661865,-0.004961550235748291,0.0006208419799804688,0.006768405437469482,0.013655483722686768,0.018681645393371582,0.023396432399749756,0.027404069900512695,0.031704723834991455,0.034816741943359375,0.03640341758728027,0.03626173734664917,0.03567004203796387,0.03486067056655884,0.033199965953826904,0.02968806028366089,0.025044620037078857,0.02037900686264038,0.015501320362091064,0.010285675525665283,0.004428207874298096,-0.001894831657409668,-0.007942676544189453,-0.013268887996673584,-0.0181540846824646,-0.022644758224487305,-0.02741706371307373,-0.031104087829589844,-0.03317159414291382,-0.0336761474609375,-0.03442418575286865,-0.03419238328933716,-0.033373475074768066,-0.030311942100524902,-0.0266304612159729,-0.022525548934936523,-0.018321335315704346,-0.012847065925598145,-0.006824910640716553,-0.00041675567626953125,0.004787266254425049,0.009977757930755615,0.015136361122131348,0.02084028720855713,0.02541559934616089,0.028106093406677246,0.029980957508087158,0.03235769271850586,0.03388261795043945,0.0339510440826416,0.03291815519332886,0.0308229923248291,0.02879953384399414,0.02683579921722412,0.023798346519470215,0.020204663276672363,0.0164453387260437,0.013498544692993164,0.011075437068939209,0.009013891220092773,0.0062201619148254395,-0.015971064567565918,-0.016980767250061035,-0.017448842525482178,-0.018128693103790283,-0.018416166305541992,-0.018376469612121582,-0.017045974731445312,-0.015604615211486816,-0.01490938663482666,-0.013788759708404541,-0.011654973030090332,-0.009032070636749268,-0.0065825581550598145,-0.004820108413696289,-0.0032097697257995605,-0.0007357597351074219,0.0021494626998901367,0.004546821117401123,0.006311237812042236,0.007684051990509033,0.009690582752227783,0.012446701526641846,0.014177799224853516,0.01521533727645874,0.01596701145172119,0.017813146114349365,0.02007126808166504,0.02153104543685913,0.022089779376983643,0.022562146186828613,0.02399057149887085,0.025283336639404297,0.02568143606185913,0.025189757347106934,0.024977445602416992,0.025615036487579346,0.026018202304840088,0.025385558605194092,0.02457219362258911,0.02351588010787964,0.02326369285583496,0.022907257080078125,0.02194654941558838,0.02027595043182373,0.018457412719726562,0.01749640703201294,0.01705092191696167,0.014745593070983887,0.012572228908538818,0.010505318641662598,0.009492814540863037,0.00828397274017334,0.0056053996086120605,0.0027419328689575195,0.00029152631759643555,-0.001334846019744873,-0.003372371196746826,-0.00617140531539917,-0.009000599384307861,-0.011324882507324219,-0.012640774250030518,-0.013743281364440918,-0.01603245735168457,-0.01745903491973877,-0.01829206943511963,-0.018056392669677734,-0.017821788787841797,-0.018356621265411377,-0.01777637004852295,-0.017096340656280518,-0.01470273733139038,-0.01241844892501831,-0.010463953018188477,-0.009440600872039795,-0.007024943828582764
25,-0.00808095932006836,-0.008237957954406738,-0.008341968059539795,-0.007230877876281738,-0.0054909586906433105,-0.003184676170349121,0.0006440281867980957,0.004756927490234375,0.009633123874664307,0.013638019561767578,0.017876505851745605,0.02161771059036255,0.02386176586151123,0.025611460208892822,0.02499103546142578,0.022407829761505127,0.018443703651428223,0.012912631034851074,0.006623029708862305,-0.0011713504791259766,-0.009994864463806152,-0.01794612407684326,-0.024999678134918213,-0.030007481575012207,-0.03399580717086792,-0.03596013784408569,-0.03502386808395386,-0.031093299388885498,-0.02484196424484253,-0.017597615718841553,-0.008103609085083008,0.002453148365020752,0.012905478477478027,0.022982001304626465,0.03092479705810547,0.03751182556152344,0.041832566261291504,0.04340857267379761,0.042512357234954834,0.03804779052734375,0.031129539012908936,0.022615373134613037,0.013113141059875488,0.0029885172843933105,-0.007664680480957031,-0.017271459102630615,-0.02554231882095337,-0.031209468841552734,-0.03493547439575195,-0.03663015365600586,-0.035543739795684814,-0.032190024852752686,-0.026364147663116455,-0.019373416900634766,-0.011738836765289307,-0.0035019516944885254,0.0044612884521484375,0.012371718883514404,0.018545329570770264,0.022861063480377197,0.025816500186920166,0.026730775833129883,0.026380538940429688,0.02414149045944214,0.020427286624908447,0.01590031385421753,0.010840356349945068,0.006268620491027832,0.0009434223175048828,-0.004295170307159424,-0.0075800418853759766,-0.010068774223327637,-0.011405885219573975,-0.01220792531967163,-0.012235760688781738,0.0,0.0,0.0,0.0,0.0,0.0,0.0,0.0,0.0,0.0,0.0,0.0,0.0,0.0,0.0,0.0,0.0,0.0,0.0,0.0,0.0,0.0,0.0,0.0,0.0,0.0,0.0,0.0,0.0,0.0,0.0,0.0,0.0,0.0,0.0,0.0,0.0,0.0,0.0,0.0,0.0,0.0,0.0,0.0,0.0,0.0,0.0,0.0,0.0,0.0,0.0,0.0,0.0,0.0,0.0,0.0,0.0,0.0,0.0,0.0,0.0,0.0,0.0,0.0,0.0,0.0,0.0,0.0,0.0,0.0,0.0,0.0,0.0,0.0,0.0,0.0,0.0,0.0,0.0,0.0,0.0,0.0,0.0,0.0,0.0,0.0,0.0,0.0,0.0,0.0,0.0,0.0,0.0,0.0,0.0,0.0,0.0,0.0,0.0,0.0,0.0,0.0,0.0,0.0,0.0,0.0,0.0,0.0,0.0,0.0,0.0,0.0,0.0,0.0,0.0,0.0,0.0,0.0,0.0,0.0,0.0,0.0,0.0,0.0,0.0,0.0,0.0,0.0,0.0,0.0,0.0,0.0,0.0,0.0,0.0,0.0,0.0,0.0,0.0,0.0,0.0,0.0,0.0,0.0,0.0,0.0,0.0,0.0,0.0,0.0
26,0.0,0.0,0.0,0.0,0.0,0.0,0.0,0.0,0.0,0.0,0.0,0.0,0.0,0.0,0.0,0.0,0.0,0.0,0.0,0.0,0.0,0.0,0.0,0.0,0.0,0.0,0.0,0.0,0.0,0.0,0.0,0.0,0.0,0.0,0.0,0.0,0.0,0.0,0.0,0.0,0.0,0.0,0.0,0.0,0.0,0.0,0.0,0.0,0.0,0.0,0.0,0.0,0.0,0.0,0.0,0.0,0.0,0.0,0.0,0.0,0.0,0.0,0.0,0.0,0.0,0.0,0.0,0.0,0.0,0.0,0.0,0.0,0.0,0.0,0.0,0.006537795066833496,0.008962094783782959,0.011614799499511719,0.013478338718414307,0.014201641082763672,0.01375490427017212,0.011677026748657227,0.008999645709991455,0.005255699157714844,9.989738464355469e-05,-0.0053615570068359375,-0.011452019214630127,-0.016469717025756836,-0.02053302526473999,-0.02375715970993042,-0.024996161460876465,-0.024531662464141846,-0.02182823419570923,-0.016862988471984863,-0.01033937931060791,-0.002811431884765625,0.005480468273162842,0.014157593250274658,0.02214658260345459,0.028461694717407227,0.03300142288208008,0.03510183095932007,0.035324931144714355,0.03265506029129028,0.027299106121063232,0.019847452640533447,0.010341286659240723,0.0009030699729919434,-0.009654641151428223,-0.019430100917816162,-0.028150081634521484,-0.03490191698074341,-0.038716793060302734,-0.04015606641769409,-0.03866851329803467,-0.03445017337799072,-0.02783334255218506,-0.018863439559936523,-0.00892949104309082,0.001555025577545166,0.011425256729125977,0.020741820335388184,0.028494834899902344,0.033959150314331055,0.03702276945114136,0.03754580020904541,0.03550076484680176,0.031340718269348145,0.025286316871643066,0.017722785472869873,0.009400784969329834,0.0011665821075439453,-0.006685137748718262,-0.013689160346984863,-0.019221603870391846,-0.02332359552383423,-0.025459885597229004,-0.02527177333831787,-0.024094104766845703,-0.02141714096069336,-0.018088459968566895,-0.013625919818878174,-0.00864267349243164,-0.004080832004547119,-7.31348991394043e-05,0.0031688809394836426,0.006327033042907715,0.008733868598937988,0.009868919849395752,0.010176658630371094,-0.006273806095123291,-0.008739948272705078,-0.010969161987304688,-0.012866795063018799,-0.013901114463806152,-0.013552963733673096,-0.011190950870513916,-0.008306503295898438,-0.0042000412940979,0.00021719932556152344,0.00583493709564209,0.012099266052246094,0.017215073108673096,0.021333158016204834,0.02422642707824707,0.0257110595703125,0.025201916694641113,0.022260069847106934,0.0176352858543396,0.010790586471557617,0.0034825801849365234,-0.0046457648277282715,-0.013328194618225098,-0.021151721477508545,-0.02814847230911255,-0.03244966268539429,-0.0345766544342041,-0.03453183174133301,-0.03207600116729736,-0.027035415172576904,-0.019107937812805176,-0.010180175304412842,0.00010496377944946289,0.010255634784698486,0.019648075103759766,0.028870105743408203,0.03553450107574463,0.03943288326263428,0.0407375693321228,0.03885233402252197,0.035135746002197266,0.02841407060623169,0.019749879837036133,0.009680211544036865,-0.0012722015380859375,-0.011228382587432861,-0.020379066467285156,-0.027762949466705322,-0.033765316009521484,-0.03697633743286133,-0.03724229335784912,-0.035138845443725586,-0.030914783477783203,-0.024939537048339844,-0.017578423023223877,-0.008899986743927002,-0.0006814002990722656,0.007157027721405029,0.013803839683532715,0.01925414800643921,0.023598134517669678,0.025707662105560303,0.02600407600402832,0.024198532104492188,0.021408677101135254,0.01810222864151001,0.013737142086029053,0.008976936340332031,0.00400775671005249,-0.00012451410293579102,-0.003422379493713379,-0.006332457065582275,-0.008397877216339111,-0.009987354278564453,-0.010245919227600098
27,0.004316389560699463,0.0059923529624938965,0.0077928900718688965,0.008958041667938232,0.010280013084411621,0.011016488075256348,0.011292815208435059,0.010517597198486328,0.009169936180114746,0.007255256175994873,0.0039566755294799805,-3.445148468017578e-05,-0.004269242286682129,-0.008389711380004883,-0.012627601623535156,-0.016900360584259033,-0.020110666751861572,-0.02197885513305664,-0.022500932216644287,-0.021539270877838135,-0.019444406032562256,-0.015475749969482422,-0.010139763355255127,-0.0034491419792175293,0.00354158878326416,0.01097416877746582,0.018436014652252197,0.025105595588684082,0.031059324741363525,0.03536611795425415,0.037134647369384766,0.037177979946136475,0.034637629985809326,0.030149400234222412,0.023705482482910156,0.015006721019744873,0.0055092573165893555,-0.004837930202484131,-0.014564275741577148,-0.024119555950164795,-0.03243941068649292,-0.03871715068817139,-0.042526960372924805,-0.04357963800430298,-0.0424380898475647,-0.03839915990829468,-0.03232842683792114,-0.024279356002807617,-0.014679312705993652,-0.004924893379211426,0.0051482319831848145,0.01474219560623169,0.02322554588317871,0.030013740062713623,0.03493469953536987,0.03683316707611084,0.037070393562316895,0.03509831428527832,0.03141665458679199,0.02561098337173462,0.018935680389404297,0.011453211307525635,0.0038628578186035156,-0.0035656094551086426,-0.010502099990844727,-0.015977978706359863,-0.020208656787872314,-0.02315807342529297,-0.024237394332885742,-0.024259209632873535,-0.022154152393341064,-0.019243955612182617,-0.015481710433959961,-0.010802209377288818,-0.006548106670379639,0.0,0.0,0.0,0.0,0.0,0.0,0.0,0.0,0.0,0.0,0.0,0.0,0.0,0.0,0.0,0.0,0.0,0.0,0.0,0.0,0.0,0.0,0.0,0.0,0.0,0.0,0.0,0.0,0.0,0.0,0.0,0.0,0.0,0.0,0.0,0.0,0.0,0.0,0.0,0.0,0.0,0.0,0.0,0.0,0.0,0.0,0.0,0.0,0.0,0.0,0.0,0.0,0.0,0.0,0.0,0.0,0.0,0.0,0.0,0.0,0.0,0.0,0.0,0.0,0.0,0.0,0.0,0.0,0.0,0.0,0.0,0.0,0.0,0.0,0.0,0.0,0.0,0.0,0.0,0.0,0.0,0.0,0.0,0.0,0.0,0.0,0.0,0.0,0.0,0.0,0.0,0.0,0.0,0.0,0.0,0.0,0.0,0.0,0.0,0.0,0.0,0.0,0.0,0.0,0.0,0.0,0.0,0.0,0.0,0.0,0.0,0.0,0.0,0.0,0.0,0.0,0.0,0.0,0.0,0.0,0.0,0.0,0.0,0.0,0.0,0.0,0.0,0.0,0.0,0.0,0.0,0.0,0.0,0.0,0.0,0.0,0.0,0.0,0.0,0.0,0.0,0.0,0.0,0.0,0.0,0.0,0.0,0.0,0.0,0.0
28,-0.02831399440765381,-0.03321385383605957,-0.033970534801483154,-0.02976614236831665,-0.024271726608276367,-0.02089744806289673,-0.019182264804840088,-0.01650780439376831,-0.0126878023147583,-0.009021878242492676,-0.005487978458404541,-0.0021422505378723145,0.0017583966255187988,0.00464630126953125,0.00903618335723877,0.011743009090423584,0.01538020372390747,0.019464433193206787,0.022882938385009766,0.026658296585083008,0.028917133808135986,0.02716827392578125,0.018074989318847656,0.011014044284820557,-0.002886831760406494,-0.02322852611541748,-0.0334782600402832,-0.03687715530395508,-0.03329414129257202,-0.02747511863708496,-0.023861408233642578,-0.0212019681930542,-0.018049657344818115,-0.012494981288909912,-0.008685111999511719,-0.005240738391876221,-0.0012124180793762207,0.003002941608428955,0.006165146827697754,0.010324239730834961,0.012871205806732178,0.016664624214172363,0.02045118808746338,0.024124979972839355,0.027455687522888184,0.03090512752532959,0.026860058307647705,0.01686626672744751,0.008401155471801758,-0.003887355327606201,-0.0214807391166687,-0.031794190406799316,-0.036332011222839355,-0.034755706787109375,-0.02975553274154663,-0.025853455066680908,-0.022755682468414307,-0.0185355544090271,-0.012602746486663818,-0.008995294570922852,-0.0057642459869384766,-0.000961601734161377,0.003532707691192627,0.007233917713165283,0.011429965496063232,0.014591634273529053,0.01835387945175171,0.022076785564422607,0.025800764560699463,0.029773175716400146,0.03457188606262207,0.03184109926223755,0.02707386016845703,0.023363113403320312,0.018361568450927734,0.0,0.0,0.0,0.0,0.0,0.0,0.0,0.0,0.0,0.0,0.0,0.0,0.0,0.0,0.0,0.0,0.0,0.0,0.0,0.0,0.0,0.0,0.0,0.0,0.0,0.0,0.0,0.0,0.0,0.0,0.0,0.0,0.0,0.0,0.0,0.0,0.0,0.0,0.0,0.0,0.0,0.0,0.0,0.0,0.0,0.0,0.0,0.0,0.0,0.0,0.0,0.0,0.0,0.0,0.0,0.0,0.0,0.0,0.0,0.0,0.0,0.0,0.0,0.0,0.0,0.0,0.0,0.0,0.0,0.0,0.0,0.0,0.0,0.0,0.0,0.0,0.0,0.0,0.0,0.0,0.0,0.0,0.0,0.0,0.0,0.0,0.0,0.0,0.0,0.0,0.0,0.0,0.0,0.0,0.0,0.0,0.0,0.0,0.0,0.0,0.0,0.0,0.0,0.0,0.0,0.0,0.0,0.0,0.0,0.0,0.0,0.0,0.0,0.0,0.0,0.0,0.0,0.0,0.0,0.0,0.0,0.0,0.0,0.0,0.0,0.0,0.0,0.0,0.0,0.0,0.0,0.0,0.0,0.0,0.0,0.0,0.0,0.0,0.0,0.0,0.0,0.0,0.0,0.0,0.0,0.0,0.0,0.0,0.0,0.0
29,0.0,0.0,0.0,0.0,0.0,0.0,0.0,0.0,0.0,0.0,0.0,0.0,0.0,0.0,0.0,0.0,0.0,0.0,0.0,0.0,0.0,0.0,0.0,0.0,0.0,0.0,0.0,0.0,0.0,0.0,0.0,0.0,0.0,0.0,0.0,0.0,0.0,0.0,0.0,0.0,0.0,0.0,0.0,0.0,0.0,0.0,0.0,0.0,0.0,0.0,0.0,0.0,0.0,0.0,0.0,0.0,0.0,0.0,0.0,0.0,0.0,0.0,0.0,0.0,0.0,0.0,0.0,0.0,0.0,0.0,0.0,0.0,0.0,0.0,0.0,0.0017879605293273926,0.0027334094047546387,0.0025687813758850098,0.002533435821533203,0.0029816627502441406,0.004175543785095215,0.0048542022705078125,0.004932045936584473,0.005462646484375,0.0062375664710998535,0.007262468338012695,0.008043944835662842,0.00862741470336914,0.00946354866027832,0.010088205337524414,0.010982513427734375,0.012181341648101807,0.01345360279083252,0.014475524425506592,0.015125930309295654,0.016593515872955322,0.018107891082763672,0.0190923810005188,0.019674956798553467,0.020564615726470947,0.022343218326568604,0.023742973804473877,0.024423301219940186,0.025085151195526123,0.026090502738952637,0.027519702911376953,0.028076171875,0.028073787689208984,0.028007149696350098,0.02820688486099243,0.028797566890716553,0.028815925121307373,0.02893596887588501,0.029357075691223145,0.02999269962310791,0.030747950077056885,0.031710267066955566,0.03202831745147705,0.03141111135482788,0.030770421028137207,0.030552566051483154,0.030275464057922363,0.02989661693572998,0.029592275619506836,0.029963552951812744,0.031120121479034424,0.031558215618133545,0.031720519065856934,0.031335532665252686,0.03186511993408203,0.031526803970336914,0.02999401092529297,0.027473866939544678,0.02580052614212036,0.024299561977386475,0.021480798721313477,0.0183408260345459,0.015670299530029297,0.012795090675354004,0.010464072227478027,0.009111225605010986,0.00900876522064209,0.010297298431396484,0.01187896728515625,0.013192176818847656,0.014570951461791992,0.015543222427368164,0.015703439712524414,0.014265835285186768,0.012559354305267334,-0.002739131450653076,-0.003937184810638428,-0.004742026329040527,-0.004462122917175293,-0.004462122917175293,-0.005563199520111084,-0.006551623344421387,-0.007187187671661377,-0.007309556007385254,-0.007953763008117676,-0.008989453315734863,-0.009694159030914307,-0.010560035705566406,-0.011200487613677979,-0.011963725090026855,-0.012836635112762451,-0.013642072677612305,-0.015366137027740479,-0.016385138034820557,-0.016932547092437744,-0.01789766550064087,-0.01946556568145752,-0.02095651626586914,-0.02140223979949951,-0.021700739860534668,-0.02335745096206665,-0.024999260902404785,-0.026133060455322266,-0.02634483575820923,-0.026828885078430176,-0.028153300285339355,-0.028932809829711914,-0.029076814651489258,-0.028598785400390625,-0.028602421283721924,-0.029131054878234863,-0.029202580451965332,-0.029282033443450928,-0.029579639434814453,-0.03029578924179077,-0.030721306800842285,-0.03146904706954956,-0.03166168928146362,-0.03136646747589111,-0.030610322952270508,-0.029775679111480713,-0.029630720615386963,-0.029364705085754395,-0.029181241989135742,-0.029143691062927246,-0.03000187873840332,-0.030880868434906006,-0.031096458435058594,-0.03030693531036377,-0.0304640531539917,-0.030150294303894043,-0.029222488403320312,-0.026502549648284912,-0.02440810203552246,-0.022913873195648193,-0.020218729972839355,-0.01720714569091797,-0.014047622680664062,-0.011304318904876709,-0.009252488613128662,-0.007577717304229736,-0.007358729839324951,-0.008563637733459473,-0.01056051254272461,-0.012039601802825928,-0.012965261936187744,-0.014103233814239502,-0.014436960220336914,-0.013106286525726318,-0.011152148246765137
30,-0.0025773048400878906,-0.0029387474060058594,-0.0034908056259155273,-0.004858136177062988,-0.006326198577880859,-0.007259845733642578,-0.007851600646972656,-0.008329927921295166,-0.009326934814453125,-0.010633349418640137,-0.01157689094543457,-0.012813091278076172,-0.014118552207946777,-0.015577912330627441,-0.017148911952972412,-0.018594026565551758,-0.02045917510986328,-0.022420048713684082,-0.023990988731384277,-0.02494215965270996,-0.026377856731414795,-0.02740079164505005,-0.0287131667137146,-0.02986854314804077,-0.031168043613433838,-0.03286480903625488,-0.03527843952178955,-0.03787636756896973,-0.04066598415374756,-0.042813122272491455,-0.04470187425613403,-0.04603445529937744,-0.047295331954956055,-0.048359036445617676,-0.04895305633544922,-0.04932057857513428,-0.0493243932723999,-0.048899054527282715,-0.04813176393508911,-0.04666107892990112,-0.04487651586532593,-0.042853593826293945,-0.041490256786346436,-0.04077500104904175,-0.04084521532058716,-0.04185688495635986,-0.04240673780441284,-0.04236495494842529,-0.04183018207550049,-0.040531277656555176,-0.03979295492172241,-0.03854846954345703,-0.03718644380569458,-0.034923672676086426,-0.03244227170944214,-0.031069397926330566,-0.030281245708465576,-0.029499351978302002,-0.029545068740844727,-0.029269814491271973,-0.029032409191131592,-0.028133034706115723,-0.026355326175689697,-0.022577404975891113,-0.01705014705657959,-0.010854721069335938,-0.005080223083496094,-0.0006161928176879883,0.001964271068572998,0.002928793430328369,0.003172457218170166,0.002187490463256836,0.0011584162712097168,0.00046443939208984375,0.0002384185791015625,0.0,0.0,0.0,0.0,0.0,0.0,0.0,0.0,0.0,0.0,0.0,0.0,0.0,0.0,0.0,0.0,0.0,0.0,0.0,0.0,0.0,0.0,0.0,0.0,0.0,0.0,0.0,0.0,0.0,0.0,0.0,0.0,0.0,0.0,0.0,0.0,0.0,0.0,0.0,0.0,0.0,0.0,0.0,0.0,0.0,0.0,0.0,0.0,0.0,0.0,0.0,0.0,0.0,0.0,0.0,0.0,0.0,0.0,0.0,0.0,0.0,0.0,0.0,0.0,0.0,0.0,0.0,0.0,0.0,0.0,0.0,0.0,0.0,0.0,0.0,0.0,0.0,0.0,0.0,0.0,0.0,0.0,0.0,0.0,0.0,0.0,0.0,0.0,0.0,0.0,0.0,0.0,0.0,0.0,0.0,0.0,0.0,0.0,0.0,0.0,0.0,0.0,0.0,0.0,0.0,0.0,0.0,0.0,0.0,0.0,0.0,0.0,0.0,0.0,0.0,0.0,0.0,0.0,0.0,0.0,0.0,0.0,0.0,0.0,0.0,0.0,0.0,0.0,0.0,0.0,0.0,0.0,0.0,0.0,0.0,0.0,0.0,0.0,0.0,0.0,0.0,0.0,0.0,0.0,0.0,0.0,0.0,0.0,0.0,0.0
31,0.0,0.0,0.0,0.0,0.0,0.0,0.0,0.0,0.0,0.0,0.0,0.0,0.0,0.0,0.0,0.0,0.0,0.0,0.0,0.0,0.0,0.0,0.0,0.0,0.0,0.0,0.0,0.0,0.0,0.0,0.0,0.0,0.0,0.0,0.0,0.0,0.0,0.0,0.0,0.0,0.0,0.0,0.0,0.0,0.0,0.0,0.0,0.0,0.0,0.0,0.0,0.0,0.0,0.0,0.0,0.0,0.0,0.0,0.0,0.0,0.0,0.0,0.0,0.0,0.0,0.0,0.0,0.0,0.0,0.0,0.0,0.0,0.0,0.0,0.0,0.0,0.0,0.0,0.0,0.0,0.0,0.0,0.0,0.0,0.0,0.0,0.0,0.0,0.0,0.0,0.0,0.0,0.0,0.0,0.0,0.0,0.0,0.0,0.0,0.0,0.0,0.0,0.0,0.0,0.0,0.0,0.0,0.0,0.0,0.0,0.0,0.0,0.0,0.0,0.0,0.0,0.0,0.0,0.0,0.0,0.0,0.0,0.0,0.0,0.0,0.0,0.0,0.0,0.0,0.0,0.0,0.0,0.0,0.0,0.0,0.0,0.0,0.0,0.0,0.0,0.0,0.0,0.0,0.0,0.0,0.0,0.0,0.0,0.0,0.0,0.0,0.0,0.0,0.0,0.0,0.0,0.0,0.0,0.0,0.0,0.0,0.0,0.0,0.0,0.0,0.0,0.0,0.0,0.0,0.0,0.0,0.0,0.0,0.0,0.0,0.0,0.0,0.0,0.0,0.0,0.0,0.0,0.0,0.0,0.0,0.0,0.0,0.0,0.0,0.0,0.0,0.0,0.0,0.0,0.0,0.0,0.0,0.0,0.0,0.0,0.0,0.0,0.0,0.0,0.0,0.0,0.0,0.0,0.0,0.0,0.0,0.0,0.0,0.0,0.0,0.0,0.0,0.0,0.0,0.0,0.0,0.0,0.0,0.0,0.0
32,0.0,0.0,0.0,0.0,0.0,0.0,0.0,0.0,0.0,0.0,0.0,0.0,0.0,0.0,0.0,0.0,0.0,0.0,0.0,0.0,0.0,0.0,0.0,0.0,0.0,0.0,0.0,0.0,0.0,0.0,0.0,0.0,0.0,0.0,0.0,0.0,0.0,0.0,0.0,0.0,0.0,0.0,0.0,0.0,0.0,0.0,0.0,0.0,0.0,0.0,0.0,0.0,0.0,0.0,0.0,0.0,0.0,0.0,0.0,0.0,0.0,0.0,0.0,0.0,0.0,0.0,0.0,0.0,0.0,0.0,0.0,0.0,0.0,0.0,0.0,0.015159010887145996,0.021903693675994873,0.02820289134979248,0.031530022621154785,0.031290292739868164,0.0313115119934082,0.032913029193878174,0.03244048357009888,0.031253039836883545,0.030153930187225342,0.03011012077331543,0.030669987201690674,0.03093034029006958,0.03004312515258789,0.030066370964050293,0.030392706394195557,0.031153380870819092,0.031957268714904785,0.032682955265045166,0.03293079137802124,0.03241688013076782,0.03305453062057495,0.033431053161621094,0.03388315439224243,0.03270453214645386,0.031327664852142334,0.031112074851989746,0.031195878982543945,0.03264647722244263,0.03396415710449219,0.03552114963531494,0.03321605920791626,0.029100894927978516,0.030050277709960938,0.029898107051849365,0.024596095085144043,0.014265060424804688,0.0010951757431030273,-0.01192241907119751,-0.023776650428771973,-0.030420780181884766,-0.030343472957611084,-0.029347538948059082,-0.03241926431655884,-0.032534241676330566,-0.031099021434783936,-0.02936786413192749,-0.02900111675262451,-0.02905172109603882,-0.02892136573791504,-0.028373241424560547,-0.028770744800567627,-0.029334545135498047,-0.029881060123443604,-0.03059232234954834,-0.031533658504486084,-0.032083332538604736,-0.03146785497665405,-0.03226208686828613,-0.03261774778366089,-0.032076358795166016,-0.030348777770996094,-0.029060959815979004,-0.029300212860107422,-0.03090059757232666,-0.03361266851425171,-0.03606593608856201,-0.03645890951156616,-0.03264284133911133,-0.02921605110168457,-0.029461920261383057,-0.028719842433929443,-0.025996387004852295,-0.021701395511627197,-0.015319883823394775,-0.014611005783081055,-0.02107030153274536,-0.027270615100860596,-0.030538439750671387,-0.02995210886001587,-0.029358506202697754,-0.03097236156463623,-0.030812859535217285,-0.02988332509994507,-0.028926610946655273,-0.028396189212799072,-0.027616441249847412,-0.027526378631591797,-0.0270235538482666,-0.02695697546005249,-0.027469933032989502,-0.02789074182510376,-0.02810293436050415,-0.028100192546844482,-0.028072834014892578,-0.027566909790039062,-0.027339696884155273,-0.026835143566131592,-0.02583909034729004,-0.024174273014068604,-0.023116648197174072,-0.022930622100830078,-0.023396015167236328,-0.023591816425323486,-0.022967040538787842,-0.020280539989471436,-0.018267929553985596,-0.01485377550125122,-0.009496748447418213,-0.0068479180335998535,-0.005391836166381836,-0.0037435293197631836,-0.000810086727142334,0.0033240914344787598,0.007043123245239258,0.009866714477539062,0.012047886848449707,0.014562666416168213,0.0167086124420166,0.018929600715637207,0.020923316478729248,0.0220298171043396,0.023529887199401855,0.025479257106781006,0.026802241802215576,0.027382194995880127,0.027878403663635254,0.02853250503540039,0.029429852962493896,0.03006988763809204,0.03030174970626831,0.03079277276992798,0.030858516693115234,0.030858516693115234,0.03125375509262085,0.03125882148742676,0.03081798553466797,0.030661165714263916,0.030676722526550293,0.031084418296813965,0.03152120113372803,0.03197664022445679,0.0322456955909729,0.03224998712539673,0.030409157276153564,0.027284562587738037,0.028724610805511475,0.02914607524871826,0.02657085657119751,0.02071434259414673
33,-0.01813817024230957,-0.02299487590789795,-0.025170981884002686,-0.02651524543762207,-0.026739954948425293,-0.026291608810424805,-0.025870144367218018,-0.024499595165252686,-0.023928403854370117,-0.02368307113647461,-0.023746013641357422,-0.02323126792907715,-0.022454380989074707,-0.02061474323272705,-0.018803954124450684,-0.017608046531677246,-0.01686990261077881,-0.016316533088684082,-0.01582920551300049,-0.015251696109771729,-0.01494210958480835,-0.014207839965820312,-0.013245820999145508,-0.012203872203826904,-0.011581480503082275,-0.010814189910888672,-0.009958863258361816,-0.009066522121429443,-0.007991552352905273,-0.00716245174407959,-0.0065950751304626465,-0.005345582962036133,-0.003922641277313232,-0.0026467442512512207,-0.0019728541374206543,-0.0005460977554321289,-0.0005849003791809082,-0.00374525785446167,-0.0024697184562683105,0.00035560131072998047,0.00203859806060791,0.003058016300201416,0.003567337989807129,0.00432056188583374,0.005270659923553467,0.006030261516571045,0.006611943244934082,0.007762789726257324,0.008580684661865234,0.009306788444519043,0.010348975658416748,0.011385977268218994,0.011829555034637451,0.012241244316101074,0.012975096702575684,0.014244616031646729,0.015352427959442139,0.01636040210723877,0.016966402530670166,0.017324984073638916,0.017954766750335693,0.018952667713165283,0.020024597644805908,0.02083754539489746,0.021440863609313965,0.022386550903320312,0.023776113986968994,0.02483069896697998,0.025404632091522217,0.02547907829284668,0.026656746864318848,0.028343617916107178,0.027896106243133545,0.026891589164733887,0.02353990077972412,0.0137595534324646,0.020675361156463623,0.026202082633972168,0.02857261896133423,0.02961057424545288,0.02975285053253174,0.030330538749694824,0.03001713752746582,0.030037283897399902,0.03101038932800293,0.03168356418609619,0.0319066047668457,0.03213566541671753,0.03198522329330444,0.030718207359313965,0.029428482055664062,0.02950674295425415,0.030218958854675293,0.03061830997467041,0.03043574094772339,0.03070056438446045,0.030912041664123535,0.030796825885772705,0.03075510263442993,0.03064441680908203,0.030962467193603516,0.03134340047836304,0.031952500343322754,0.0328291654586792,0.03217810392379761,0.031540632247924805,0.03145414590835571,0.03241187334060669,0.03355687856674194,0.03081744909286499,0.024969279766082764,0.011450052261352539,-0.0068032145500183105,-0.017850220203399658,-0.025040745735168457,-0.02858257293701172,-0.02994602918624878,-0.029669880867004395,-0.029890000820159912,-0.029605984687805176,-0.030569732189178467,-0.03153800964355469,-0.032099127769470215,-0.03287690877914429,-0.03344428539276123,-0.032713890075683594,-0.03077387809753418,-0.0290336012840271,-0.028337061405181885,-0.029109537601470947,-0.02999424934387207,-0.030514538288116455,-0.030990004539489746,-0.031131267547607422,-0.03091442584991455,-0.030652403831481934,-0.030859053134918213,-0.031034409999847412,-0.031295180320739746,-0.031577110290527344,-0.03171861171722412,-0.031197965145111084,-0.031090140342712402,-0.03127402067184448,-0.03156465291976929,-0.031175315380096436,-0.029592037200927734,-0.02718830108642578,-0.020041048526763916,-0.012564599514007568,-0.017972469329833984,-0.022427260875701904,-0.02614748477935791,-0.028806686401367188,-0.029572665691375732,-0.0293615460395813,-0.029840826988220215,-0.029825270175933838,-0.030132830142974854,-0.030357420444488525,-0.030758440494537354,-0.031221389770507812,-0.0316464900970459,-0.030812740325927734,-0.02967512607574463,-0.02887439727783203,-0.028589248657226562,-0.028991997241973877,-0.02941155433654785,-0.029251933097839355,-0.02890026569366455,-0.02867412567138672,-0.02842104434967041,-0.027948498725891113,-0.027095794677734375,-0.025940358638763428,-0.025375068187713623,-0.024624228477478027,-0.022972822189331055,-0.021404504776000977,-0.019743680953979492,-0.01773691177368164,-0.015558958053588867,-0.012841224670410156,-0.009293198585510254,-0.005711019039154053,-0.007887065410614014,-0.007533133029937744,-0.0018420219421386719,0.0033313632011413574,0.007527709007263184,0.009407639503479004,0.011400759220123291,0.013882577419281006,0.01666969060897827,0.019042253494262695,0.020534098148345947,0.021952509880065918,0.023328840732574463,0.024925947189331055,0.026350975036621094,0.026884615421295166,0.02702629566192627,0.027538955211639404,0.028615355491638184,0.029600977897644043,0.02959275245666504,0.029700398445129395,0.0299837589263916,0.03037482500076294,0.03039383888244629,0.030282199382781982,0.030475914478302002,0.03086066246032715,0.031043052673339844,0.03143107891082764,0.03171318769454956,0.03142547607421875,0.031338393688201904,0.03161579370498657,0.03208363056182861,0.03178715705871582,0.03086012601852417,0.030179381370544434,0.022449851036071777
34,0.012680411338806152,0.021781861782073975,0.03057938814163208,0.03441011905670166,0.03548997640609741,0.03443974256515503,0.03166693449020386,0.027798950672149658,0.02445322275161743,0.02343064546585083,0.02294403314590454,0.024401962757110596,0.024848461151123047,0.025577127933502197,0.027050316333770752,0.028676629066467285,0.03090769052505493,0.03307926654815674,0.034526526927948,0.03529590368270874,0.03691583871841431,0.038841307163238525,0.03992581367492676,0.04074132442474365,0.04150867462158203,0.042009174823760986,0.042202115058898926,0.04124593734741211,0.04007512331008911,0.040392935276031494,0.04194200038909912,0.043921053409576416,0.044366419315338135,0.044597625732421875,0.0452498197555542,0.04601162672042847,0.046723008155822754,0.046413302421569824,0.045779407024383545,0.04547494649887085,0.04545116424560547,0.0467604398727417,0.04694843292236328,0.047280073165893555,0.047920167446136475,0.04831242561340332,0.049174368381500244,0.04923182725906372,0.04909622669219971,0.050207316875457764,0.05025285482406616,0.05050176382064819,0.050123393535614014,0.04988133907318115,0.0503271222114563,0.05225574970245361,0.053788840770721436,0.053915977478027344,0.05477607250213623,0.05539602041244507,0.055786311626434326,0.05661571025848389,0.05702394247055054,0.05621612071990967,0.05563896894454956,0.0561213493347168,0.05710256099700928,0.05514293909072876,0.053369343280792236,0.0515596866607666,0.0520557165145874,0.051450490951538086,0.04532212018966675,0.03949230909347534,0.03301507234573364,0.0,0.0,0.0,0.0,0.0,0.0,0.0,0.0,0.0,0.0,0.0,0.0,0.0,0.0,0.0,0.0,0.0,0.0,0.0,0.0,0.0,0.0,0.0,0.0,0.0,0.0,0.0,0.0,0.0,0.0,0.0,0.0,0.0,0.0,0.0,0.0,0.0,0.0,0.0,0.0,0.0,0.0,0.0,0.0,0.0,0.0,0.0,0.0,0.0,0.0,0.0,0.0,0.0,0.0,0.0,0.0,0.0,0.0,0.0,0.0,0.0,0.0,0.0,0.0,0.0,0.0,0.0,0.0,0.0,0.0,0.0,0.0,0.0,0.0,0.0,0.0,0.0,0.0,0.0,0.0,0.0,0.0,0.0,0.0,0.0,0.0,0.0,0.0,0.0,0.0,0.0,0.0,0.0,0.0,0.0,0.0,0.0,0.0,0.0,0.0,0.0,0.0,0.0,0.0,0.0,0.0,0.0,0.0,0.0,0.0,0.0,0.0,0.0,0.0,0.0,0.0,0.0,0.0,0.0,0.0,0.0,0.0,0.0,0.0,0.0,0.0,0.0,0.0,0.0,0.0,0.0,0.0,0.0,0.0,0.0,0.0,0.0,0.0,0.0,0.0,0.0,0.0,0.0,0.0,0.0,0.0,0.0,0.0,0.0,0.0
35,0.0,0.0,0.0,0.0,0.0,0.0,0.0,0.0,0.0,0.0,0.0,0.0,0.0,0.0,0.0,0.0,0.0,0.0,0.0,0.0,0.0,0.0,0.0,0.0,0.0,0.0,0.0,0.0,0.0,0.0,0.0,0.0,0.0,0.0,0.0,0.0,0.0,0.0,0.0,0.0,0.0,0.0,0.0,0.0,0.0,0.0,0.0,0.0,0.0,0.0,0.0,0.0,0.0,0.0,0.0,0.0,0.0,0.0,0.0,0.0,0.0,0.0,0.0,0.0,0.0,0.0,0.0,0.0,0.0,0.0,0.0,0.0,0.0,0.0,0.0,0.01607292890548706,0.020218491554260254,0.021809697151184082,0.022507786750793457,0.022852659225463867,0.022809386253356934,0.02321624755859375,0.022695958614349365,0.02301567792892456,0.02369910478591919,0.02517986297607422,0.026387929916381836,0.026569008827209473,0.0265120267868042,0.02678501605987549,0.02714836597442627,0.027163684368133545,0.02694624662399292,0.027459263801574707,0.027939021587371826,0.028375566005706787,0.028589904308319092,0.0283544659614563,0.02861696481704712,0.028942763805389404,0.029283642768859863,0.0294530987739563,0.029265880584716797,0.029195070266723633,0.029298245906829834,0.029545247554779053,0.029620587825775146,0.029809415340423584,0.030068635940551758,0.030219614505767822,0.03048872947692871,0.030325472354888916,0.029828190803527832,0.029680609703063965,0.02979576587677002,0.03042703866958618,0.030449092388153076,0.03019338846206665,0.030398666858673096,0.030627071857452393,0.031102478504180908,0.03067326545715332,0.03039371967315674,0.030738651752471924,0.03110182285308838,0.031152427196502686,0.030910789966583252,0.031195342540740967,0.031603455543518066,0.031466901302337646,0.03211623430252075,0.03275078535079956,0.03288125991821289,0.03279316425323486,0.032994210720062256,0.03286087512969971,0.03263735771179199,0.03283029794692993,0.03296011686325073,0.03367501497268677,0.03411698341369629,0.03332316875457764,0.03186690807342529,0.03199779987335205,0.033653199672698975,0.03591048717498779,0.038376688957214355,0.036656200885772705,0.03097224235534668,0.021709203720092773,-0.018215417861938477,-0.022356927394866943,-0.024180829524993896,-0.024718284606933594,-0.02451688051223755,-0.024719834327697754,-0.02521049976348877,-0.024834036827087402,-0.024909377098083496,-0.025067150592803955,-0.02659207582473755,-0.027753353118896484,-0.028157055377960205,-0.027923285961151123,-0.027768313884735107,-0.02823328971862793,-0.028285622596740723,-0.028419315814971924,-0.028466761112213135,-0.028544485569000244,-0.029177308082580566,-0.02940058708190918,-0.029274046421051025,-0.02897655963897705,-0.028964877128601074,-0.029502153396606445,-0.029587149620056152,-0.029597222805023193,-0.029178321361541748,-0.029015421867370605,-0.029262959957122803,-0.02945995330810547,-0.02990710735321045,-0.02980196475982666,-0.029658615589141846,-0.02990657091140747,-0.02986776828765869,-0.029618144035339355,-0.029022574424743652,-0.028999924659729004,-0.029784739017486572,-0.02998584508895874,-0.02984851598739624,-0.02971065044403076,-0.02980440855026245,-0.030230283737182617,-0.03011453151702881,-0.03008866310119629,-0.02985703945159912,-0.030290305614471436,-0.030650734901428223,-0.03066563606262207,-0.031069159507751465,-0.030943632125854492,-0.030870556831359863,-0.03167349100112915,-0.03261411190032959,-0.03287619352340698,-0.03235757350921631,-0.03255462646484375,-0.03273111581802368,-0.032915592193603516,-0.03301036357879639,-0.032791852951049805,-0.0337061882019043,-0.03423994779586792,-0.0338594913482666,-0.032491087913513184,-0.032271623611450195,-0.034220218658447266,-0.036655545234680176,-0.039592444896698,-0.03783053159713745,-0.031583547592163086,-0.02267324924468994
36,-0.023617684841156006,-0.028105437755584717,-0.03185582160949707,-0.03412365913391113,-0.03565847873687744,-0.03687518835067749,-0.03844517469406128,-0.03972733020782471,-0.04173719882965088,-0.043077945709228516,-0.04407668113708496,-0.044142067432403564,-0.04247784614562988,-0.04114466905593872,-0.04001355171203613,-0.03997141122817993,-0.040571510791778564,-0.04190647602081299,-0.042880475521087646,-0.0434686541557312,-0.04405689239501953,-0.04473137855529785,-0.04512101411819458,-0.04519230127334595,-0.045172035694122314,-0.045395612716674805,-0.045591533184051514,-0.045565903186798096,-0.045467495918273926,-0.04565238952636719,-0.04613316059112549,-0.04750162363052368,-0.04812586307525635,-0.04861295223236084,-0.04852020740509033,-0.04901409149169922,-0.04963040351867676,-0.05014312267303467,-0.05034428834915161,-0.05068844556808472,-0.05145895481109619,-0.05261713266372681,-0.05391925573348999,-0.05451548099517822,-0.054358065128326416,-0.054511964321136475,-0.05464649200439453,-0.05487704277038574,-0.054743170738220215,-0.05445748567581177,-0.054063379764556885,-0.053681910037994385,-0.05413854122161865,-0.05500161647796631,-0.05609714984893799,-0.05591893196105957,-0.05541515350341797,-0.05371260643005371,-0.05223727226257324,-0.05160278081893921,-0.05145078897476196,-0.05146479606628418,-0.05135995149612427,-0.05142629146575928,-0.05193978548049927,-0.05227917432785034,-0.05379599332809448,-0.05624574422836304,-0.05802810192108154,-0.05889761447906494,-0.058075010776519775,-0.05538886785507202,-0.0493660569190979,-0.04014712572097778,-0.02882474660873413,0.0,0.0,0.0,0.0,0.0,0.0,0.0,0.0,0.0,0.0,0.0,0.0,0.0,0.0,0.0,0.0,0.0,0.0,0.0,0.0,0.0,0.0,0.0,0.0,0.0,0.0,0.0,0.0,0.0,0.0,0.0,0.0,0.0,0.0,0.0,0.0,0.0,0.0,0.0,0.0,0.0,0.0,0.0,0.0,0.0,0.0,0.0,0.0,0.0,0.0,0.0,0.0,0.0,0.0,0.0,0.0,0.0,0.0,0.0,0.0,0.0,0.0,0.0,0.0,0.0,0.0,0.0,0.0,0.0,0.0,0.0,0.0,0.0,0.0,0.0,0.0,0.0,0.0,0.0,0.0,0.0,0.0,0.0,0.0,0.0,0.0,0.0,0.0,0.0,0.0,0.0,0.0,0.0,0.0,0.0,0.0,0.0,0.0,0.0,0.0,0.0,0.0,0.0,0.0,0.0,0.0,0.0,0.0,0.0,0.0,0.0,0.0,0.0,0.0,0.0,0.0,0.0,0.0,0.0,0.0,0.0,0.0,0.0,0.0,0.0,0.0,0.0,0.0,0.0,0.0,0.0,0.0,0.0,0.0,0.0,0.0,0.0,0.0,0.0,0.0,0.0,0.0,0.0,0.0,0.0,0.0,0.0,0.0,0.0,0.0
37,0.0,0.0,0.0,0.0,0.0,0.0,0.0,0.0,0.0,0.0,0.0,0.0,0.0,0.0,0.0,0.0,0.0,0.0,0.0,0.0,0.0,0.0,0.0,0.0,0.0,0.0,0.0,0.0,0.0,0.0,0.0,0.0,0.0,0.0,0.0,0.0,0.0,0.0,0.0,0.0,0.0,0.0,0.0,0.0,0.0,0.0,0.0,0.0,0.0,0.0,0.0,0.0,0.0,0.0,0.0,0.0,0.0,0.0,0.0,0.0,0.0,0.0,0.0,0.0,0.0,0.0,0.0,0.0,0.0,0.0,0.0,0.0,0.0,0.0,0.0,0.0,0.0,0.0,0.0,0.0,0.0,0.0,0.0,0.0,0.0,0.0,0.0,0.0,0.0,0.0,0.0,0.0,0.0,0.0,0.0,0.0,0.0,0.0,0.0,0.0,0.0,0.0,0.0,0.0,0.0,0.0,0.0,0.0,0.0,0.0,0.0,0.0,0.0,0.0,0.0,0.0,0.0,0.0,0.0,0.0,0.0,0.0,0.0,0.0,0.0,0.0,0.0,0.0,0.0,0.0,0.0,0.0,0.0,0.0,0.0,0.0,0.0,0.0,0.0,0.0,0.0,0.0,0.0,0.0,0.0,0.0,0.0,0.0,0.0,0.0,0.0,0.0,0.0,0.0,0.0,0.0,0.0,0.0,0.0,0.0,0.0,0.0,0.0,0.0,0.0,0.0,0.0,0.0,0.0,0.0,0.0,0.0,0.0,0.0,0.0,0.0,0.0,0.0,0.0,0.0,0.0,0.0,0.0,0.0,0.0,0.0,0.0,0.0,0.0,0.0,0.0,0.0,0.0,0.0,0.0,0.0,0.0,0.0,0.0,0.0,0.0,0.0,0.0,0.0,0.0,0.0,0.0,0.0,0.0,0.0,0.0,0.0,0.0,0.0,0.0,0.0,0.0,0.0,0.0,0.0,0.0,0.0,0.0,0.0,0.0
38,0.0,0.0,0.0,0.0,0.0,0.0,0.0,0.0,0.0,0.0,0.0,0.0,0.0,0.0,0.0,0.0,0.0,0.0,0.0,0.0,0.0,0.0,0.0,0.0,0.0,0.0,0.0,0.0,0.0,0.0,0.0,0.0,0.0,0.0,0.0,0.0,0.0,0.0,0.0,0.0,0.0,0.0,0.0,0.0,0.0,0.0,0.0,0.0,0.0,0.0,0.0,0.0,0.0,0.0,0.0,0.0,0.0,0.0,0.0,0.0,0.0,0.0,0.0,0.0,0.0,0.0,0.0,0.0,0.0,0.0,0.0,0.0,0.0,0.0,0.0,-0.006012916564941406,-0.009748995304107666,-0.013216912746429443,-0.01632291078567505,-0.019012033939361572,-0.020241200923919678,-0.020755231380462646,-0.019789278507232666,-0.01723611354827881,-0.013894736766815186,-0.009400546550750732,-0.00448840856552124,0.0008367300033569336,0.006197929382324219,0.010954201221466064,0.01532667875289917,0.018351852893829346,0.020729243755340576,0.021867215633392334,0.02146965265274048,0.019701898097991943,0.016404151916503906,0.012429594993591309,0.00649714469909668,-0.00030732154846191406,-0.007144927978515625,-0.014751017093658447,-0.021120786666870117,-0.026819586753845215,-0.031131625175476074,-0.03359389305114746,-0.03422039747238159,-0.03237265348434448,-0.028253793716430664,-0.02221304178237915,-0.01498478651046753,-0.007098197937011719,0.0019605159759521484,0.010745644569396973,0.018880844116210938,0.025570034980773926,0.030566930770874023,0.034170687198638916,0.03494638204574585,0.03393608331680298,0.031058549880981445,0.025916457176208496,0.01970529556274414,0.012690901756286621,0.005472958087921143,-0.0017542839050292969,-0.008761048316955566,-0.014463603496551514,-0.019415974617004395,-0.022673845291137695,-0.024613499641418457,-0.025159835815429688,-0.02377605438232422,-0.021196305751800537,-0.016928553581237793,-0.012054741382598877,-0.0061057209968566895,0.0006606578826904297,0.006752729415893555,0.012923955917358398,0.0179063081741333,0.022051513195037842,0.02469456195831299,0.02569103240966797,0.025224030017852783,0.022975146770477295,0.019815146923065186,0.015801846981048584,0.01149219274520874,0.0074005126953125,0.0,0.0,0.0,0.0,0.0,0.0,0.0,0.0,0.0,0.0,0.0,0.0,0.0,0.0,0.0,0.0,0.0,0.0,0.0,0.0,0.0,0.0,0.0,0.0,0.0,0.0,0.0,0.0,0.0,0.0,0.0,0.0,0.0,0.0,0.0,0.0,0.0,0.0,0.0,0.0,0.0,0.0,0.0,0.0,0.0,0.0,0.0,0.0,0.0,0.0,0.0,0.0,0.0,0.0,0.0,0.0,0.0,0.0,0.0,0.0,0.0,0.0,0.0,0.0,0.0,0.0,0.0,0.0,0.0,0.0,0.0,0.0,0.0,0.0,0.0
39,0.0,0.0,0.0,0.0,0.0,0.0,0.0,0.0,0.0,0.0,0.0,0.0,0.0,0.0,0.0,0.0,0.0,0.0,0.0,0.0,0.0,0.0,0.0,0.0,0.0,0.0,0.0,0.0,0.0,0.0,0.0,0.0,0.0,0.0,0.0,0.0,0.0,0.0,0.0,0.0,0.0,0.0,0.0,0.0,0.0,0.0,0.0,0.0,0.0,0.0,0.0,0.0,0.0,0.0,0.0,0.0,0.0,0.0,0.0,0.0,0.0,0.0,0.0,0.0,0.0,0.0,0.0,0.0,0.0,0.0,0.0,0.0,0.0,0.0,0.0,0.0007207393646240234,0.0007874369621276855,0.0009732842445373535,0.0010835528373718262,0.0012987256050109863,0.0010344386100769043,0.0011753439903259277,0.001049041748046875,0.0012162327766418457,0.0013093352317810059,0.0013089179992675781,0.0013179183006286621,0.0018982291221618652,0.0019431114196777344,0.0026064515113830566,0.0026955604553222656,0.0031241774559020996,0.0031256675720214844,0.0035100579261779785,0.0038451552391052246,0.004402041435241699,0.004571855068206787,0.004490911960601807,0.005209803581237793,0.005468130111694336,0.0052869319915771484,0.005303502082824707,0.004949390888214111,0.004809558391571045,0.003804922103881836,0.00306546688079834,0.0020941495895385742,0.000790715217590332,-0.00047522783279418945,-0.0019478201866149902,-0.003983616828918457,-0.00623089075088501,-0.008072912693023682,-0.010329186916351318,-0.01225203275680542,-0.01520305871963501,-0.017522335052490234,-0.020505428314208984,-0.022484004497528076,-0.025826096534729004,-0.02805781364440918,-0.03015345335006714,-0.03217792510986328,-0.03406989574432373,-0.03630262613296509,-0.037922561168670654,-0.039278626441955566,-0.040676891803741455,-0.041525423526763916,-0.04241067171096802,-0.04268687963485718,-0.04302620887756348,-0.04244488477706909,-0.04211866855621338,-0.041260361671447754,-0.04044497013092041,-0.03957021236419678,-0.0381777286529541,-0.03663069009780884,-0.03503727912902832,-0.032922983169555664,-0.030832231044769287,-0.028785407543182373,-0.026647865772247314,-0.024288058280944824,-0.021982789039611816,-0.019718587398529053,-0.017284154891967773,-0.014906048774719238,-0.012662768363952637,0.0,0.0,0.0,0.0,0.0,0.0,0.0,0.0,0.0,0.0,0.0,0.0,0.0,0.0,0.0,0.0,0.0,0.0,0.0,0.0,0.0,0.0,0.0,0.0,0.0,0.0,0.0,0.0,0.0,0.0,0.0,0.0,0.0,0.0,0.0,0.0,0.0,0.0,0.0,0.0,0.0,0.0,0.0,0.0,0.0,0.0,0.0,0.0,0.0,0.0,0.0,0.0,0.0,0.0,0.0,0.0,0.0,0.0,0.0,0.0,0.0,0.0,0.0,0.0,0.0,0.0,0.0,0.0,0.0,0.0,0.0,0.0,0.0,0.0,0.0
40,-0.006452322006225586,-0.00788027048110962,-0.00896376371383667,-0.00977325439453125,-0.010954618453979492,-0.012376010417938232,-0.013821005821228027,-0.0149458646774292,-0.016053199768066406,-0.017322242259979248,-0.018776118755340576,-0.020500123500823975,-0.022166728973388672,-0.023016393184661865,-0.02394580841064453,-0.026096463203430176,-0.027568519115447998,-0.028733909130096436,-0.02982991933822632,-0.030963540077209473,-0.03294539451599121,-0.03401154279708862,-0.03560882806777954,-0.03621762990951538,-0.03728151321411133,-0.03893327713012695,-0.0399056077003479,-0.04064744710922241,-0.04112821817398071,-0.042320191860198975,-0.0436362624168396,-0.04482722282409668,-0.04462552070617676,-0.045403242111206055,-0.04576367139816284,-0.04633599519729614,-0.0469590425491333,-0.04658323526382446,-0.046050846576690674,-0.04629260301589966,-0.04699885845184326,-0.04703158140182495,-0.046304404735565186,-0.04505842924118042,-0.04482829570770264,-0.04524850845336914,-0.04407256841659546,-0.04344421625137329,-0.04245483875274658,-0.04228764772415161,-0.04156494140625,-0.040198564529418945,-0.03938812017440796,-0.038261473178863525,-0.03724163770675659,-0.03588461875915527,-0.035286128520965576,-0.033817827701568604,-0.031991779804229736,-0.030687034130096436,-0.02964174747467041,-0.028414487838745117,-0.02673572301864624,-0.024844229221343994,-0.024008095264434814,-0.022987782955169678,-0.021049320697784424,-0.019584476947784424,-0.018126726150512695,-0.017006337642669678,-0.01627582311630249,-0.014322459697723389,-0.013157963752746582,-0.011744022369384766,-0.01104581356048584,0.0,0.0,0.0,0.0,0.0,0.0,0.0,0.0,0.0,0.0,0.0,0.0,0.0,0.0,0.0,0.0,0.0,0.0,0.0,0.0,0.0,0.0,0.0,0.0,0.0,0.0,0.0,0.0,0.0,0.0,0.0,0.0,0.0,0.0,0.0,0.0,0.0,0.0,0.0,0.0,0.0,0.0,0.0,0.0,0.0,0.0,0.0,0.0,0.0,0.0,0.0,0.0,0.0,0.0,0.0,0.0,0.0,0.0,0.0,0.0,0.0,0.0,0.0,0.0,0.0,0.0,0.0,0.0,0.0,0.0,0.0,0.0,0.0,0.0,0.0,0.0,0.0,0.0,0.0,0.0,0.0,0.0,0.0,0.0,0.0,0.0,0.0,0.0,0.0,0.0,0.0,0.0,0.0,0.0,0.0,0.0,0.0,0.0,0.0,0.0,0.0,0.0,0.0,0.0,0.0,0.0,0.0,0.0,0.0,0.0,0.0,0.0,0.0,0.0,0.0,0.0,0.0,0.0,0.0,0.0,0.0,0.0,0.0,0.0,0.0,0.0,0.0,0.0,0.0,0.0,0.0,0.0,0.0,0.0,0.0,0.0,0.0,0.0,0.0,0.0,0.0,0.0,0.0,0.0,0.0,0.0,0.0,0.0,0.0,0.0
41,0.006342470645904541,0.007137417793273926,0.00791311264038086,0.009043753147125244,0.010648667812347412,0.011566758155822754,0.01252657175064087,0.013563692569732666,0.014600574970245361,0.016065895557403564,0.017199933528900146,0.01849132776260376,0.019761085510253906,0.020932018756866455,0.022557854652404785,0.023343920707702637,0.02467644214630127,0.02590841054916382,0.027080953121185303,0.02853602170944214,0.02923053503036499,0.030501484870910645,0.03125262260437012,0.03250992298126221,0.03382474184036255,0.03450047969818115,0.035341084003448486,0.03616905212402344,0.03685462474822998,0.03775620460510254,0.038065969944000244,0.03861647844314575,0.03877699375152588,0.0393715500831604,0.03993844985961914,0.03996306657791138,0.04018604755401611,0.04013007879257202,0.04027271270751953,0.040088951587677,0.0396917462348938,0.039434075355529785,0.038732826709747314,0.03844261169433594,0.0379258394241333,0.037125468254089355,0.03659665584564209,0.03566181659698486,0.035072922706604004,0.03420180082321167,0.0330047607421875,0.0320354700088501,0.030939340591430664,0.030515193939208984,0.0289192795753479,0.02775704860687256,0.026687324047088623,0.02539891004562378,0.02479010820388794,0.023571908473968506,0.022265851497650146,0.020881474018096924,0.019565582275390625,0.018934428691864014,0.01752173900604248,0.016327381134033203,0.015166878700256348,0.014099180698394775,0.013437747955322266,0.01207822561264038,0.011372864246368408,0.010250449180603027,0.00938868522644043,0.009097158908843994,0.007981836795806885,0.0,0.0,0.0,0.0,0.0,0.0,0.0,0.0,0.0,0.0,0.0,0.0,0.0,0.0,0.0,0.0,0.0,0.0,0.0,0.0,0.0,0.0,0.0,0.0,0.0,0.0,0.0,0.0,0.0,0.0,0.0,0.0,0.0,0.0,0.0,0.0,0.0,0.0,0.0,0.0,0.0,0.0,0.0,0.0,0.0,0.0,0.0,0.0,0.0,0.0,0.0,0.0,0.0,0.0,0.0,0.0,0.0,0.0,0.0,0.0,0.0,0.0,0.0,0.0,0.0,0.0,0.0,0.0,0.0,0.0,0.0,0.0,0.0,0.0,0.0,0.0,0.0,0.0,0.0,0.0,0.0,0.0,0.0,0.0,0.0,0.0,0.0,0.0,0.0,0.0,0.0,0.0,0.0,0.0,0.0,0.0,0.0,0.0,0.0,0.0,0.0,0.0,0.0,0.0,0.0,0.0,0.0,0.0,0.0,0.0,0.0,0.0,0.0,0.0,0.0,0.0,0.0,0.0,0.0,0.0,0.0,0.0,0.0,0.0,0.0,0.0,0.0,0.0,0.0,0.0,0.0,0.0,0.0,0.0,0.0,0.0,0.0,0.0,0.0,0.0,0.0,0.0,0.0,0.0,0.0,0.0,0.0,0.0,0.0,0.0
42,0.005040943622589111,0.006565093994140625,0.007408499717712402,0.007379710674285889,0.008219003677368164,0.009647607803344727,0.011057496070861816,0.011559605598449707,0.011449694633483887,0.011919796466827393,0.013443470001220703,0.014852941036224365,0.015660107135772705,0.015799283981323242,0.016809046268463135,0.018563449382781982,0.020408272743225098,0.021354317665100098,0.02170807123184204,0.022783100605010986,0.024555206298828125,0.025738000869750977,0.02600252628326416,0.025724053382873535,0.026539862155914307,0.027909398078918457,0.029122591018676758,0.029582560062408447,0.03005295991897583,0.03124988079071045,0.033127784729003906,0.034523606300354004,0.03522384166717529,0.035977840423583984,0.03748142719268799,0.03881627321243286,0.03980433940887451,0.04003739356994629,0.040278494358062744,0.04104602336883545,0.04239630699157715,0.04310178756713867,0.0429157018661499,0.04298752546310425,0.04406839609146118,0.045106470584869385,0.04650843143463135,0.04727447032928467,0.047490060329437256,0.04854762554168701,0.04934757947921753,0.050106585025787354,0.04971534013748169,0.0492095947265625,0.049263596534729004,0.04929792881011963,0.048671603202819824,0.04728662967681885,0.046005427837371826,0.04492819309234619,0.04466259479522705,0.044313907623291016,0.04324418306350708,0.04293239116668701,0.04401600360870361,0.04561096429824829,0.04615062475204468,0.045931994915008545,0.0449444055557251,0.04332542419433594,0.039284706115722656,0.034681856632232666,0.029767513275146484,0.023739933967590332,0.018443167209625244,0.00015974044799804688,-0.0002142190933227539,-0.0007547140121459961,-0.00026792287826538086,0.00040465593338012695,0.000660240650177002,2.968311309814453e-05,-0.0005893111228942871,-0.00035369396209716797,0.00029075145721435547,0.0005173087120056152,-8.696317672729492e-05,-0.00034183263778686523,-1.1801719665527344e-05,0.0004481673240661621,0.0006533265113830566,-1.4066696166992188e-05,-0.0005893707275390625,-0.0002256631851196289,0.0001493692398071289,0.00014895200729370117,-0.0006802082061767578,-0.00128936767578125,-0.0010079145431518555,-0.0006001591682434082,-0.0005182027816772461,-0.0010870695114135742,-0.0011048316955566406,-0.00025653839111328125,0.0003808140754699707,0.00026154518127441406,-0.0004938244819641113,-0.0006468892097473145,-0.00022494792938232422,8.797645568847656e-05,-0.0005037784576416016,-0.0015612244606018066,-0.0017957687377929688,-0.001398921012878418,-0.0011734366416931152,-0.0015440583229064941,-0.0023757219314575195,-0.002551853656768799,-0.001973271369934082,-0.001776278018951416,-0.0023345351219177246,-0.0031117796897888184,-0.0032525062561035156,-0.003222048282623291,-0.003302454948425293,-0.004071474075317383,-0.0052607059478759766,-0.005710959434509277,-0.005850493907928467,-0.0060607194900512695,-0.00641942024230957,-0.006835818290710449,-0.006319403648376465,-0.005770206451416016,-0.005452215671539307,-0.005549132823944092,-0.005834043025970459,-0.0054051876068115234,-0.005025207996368408,-0.004889965057373047,-0.0054784417152404785,-0.006119489669799805,-0.005962491035461426,-0.005562543869018555,-0.0054441094398498535,-0.005886256694793701,-0.006444692611694336,-0.006215095520019531,-0.00612330436706543,-0.006032824516296387,0.0,0.0,0.0,0.0,0.0,0.0,0.0,0.0,0.0,0.0,0.0,0.0,0.0,0.0,0.0,0.0,0.0,0.0,0.0,0.0,0.0,0.0,0.0,0.0,0.0,0.0,0.0,0.0,0.0,0.0,0.0,0.0,0.0,0.0,0.0,0.0,0.0,0.0,0.0,0.0,0.0,0.0,0.0,0.0,0.0,0.0,0.0,0.0,0.0,0.0,0.0,0.0,0.0,0.0,0.0,0.0,0.0,0.0,0.0,0.0,0.0,0.0,0.0,0.0,0.0,0.0,0.0,0.0,0.0,0.0,0.0,0.0,0.0,0.0,0.0
43,0.0,0.0,0.0,0.0,0.0,0.0,0.0,0.0,0.0,0.0,0.0,0.0,0.0,0.0,0.0,0.0,0.0,0.0,0.0,0.0,0.0,0.0,0.0,0.0,0.0,0.0,0.0,0.0,0.0,0.0,0.0,0.0,0.0,0.0,0.0,0.0,0.0,0.0,0.0,0.0,0.0,0.0,0.0,0.0,0.0,0.0,0.0,0.0,0.0,0.0,0.0,0.0,0.0,0.0,0.0,0.0,0.0,0.0,0.0,0.0,0.0,0.0,0.0,0.0,0.0,0.0,0.0,0.0,0.0,0.0,0.0,0.0,0.0,0.0,0.0,0.0036618709564208984,0.004219532012939453,0.004978299140930176,0.005870521068572998,0.006295382976531982,0.006732463836669922,0.00755155086517334,0.008451223373413086,0.00911855697631836,0.009510934352874756,0.010114610195159912,0.010892629623413086,0.011725544929504395,0.01230543851852417,0.012841343879699707,0.01351100206375122,0.014365851879119873,0.015106201171875,0.01569545269012451,0.016262471675872803,0.016915738582611084,0.017824828624725342,0.018680691719055176,0.01921778917312622,0.019864022731781006,0.020676076412200928,0.02161121368408203,0.02260690927505493,0.023077785968780518,0.023548543453216553,0.024326324462890625,0.0252687931060791,0.02622401714324951,0.02682560682296753,0.027418136596679688,0.028127670288085938,0.02902078628540039,0.029893457889556885,0.030682384967803955,0.03130674362182617,0.031965017318725586,0.03289586305618286,0.033787310123443604,0.034389376640319824,0.03500008583068848,0.036019861698150635,0.03701508045196533,0.03780078887939453,0.03846687078475952,0.03927332162857056,0.04008066654205322,0.04062974452972412,0.04053926467895508,0.03934824466705322,0.03751540184020996,0.035929739475250244,0.03603565692901611,0.03719830513000488,0.03885716199874878,0.04065215587615967,0.042002320289611816,0.04217946529388428,0.04135674238204956,0.04044753313064575,0.03859931230545044,0.03488361835479736,0.02916628122329712,0.024078369140625,0.01916182041168213,0.014050126075744629,0.01001507043838501,0.008812487125396729,0.009040415287017822,0.009308218955993652,0.009789049625396729,-0.006310164928436279,-0.0067351460456848145,-0.007348060607910156,-0.008306384086608887,-0.008988797664642334,-0.009193956851959229,-0.009843707084655762,-0.010713696479797363,-0.011509239673614502,-0.011999368667602539,-0.012371420860290527,-0.013015985488891602,-0.01376044750213623,-0.014397859573364258,-0.01498425006866455,-0.015417754650115967,-0.01615309715270996,-0.01692020893096924,-0.017501413822174072,-0.01809513568878174,-0.018526971340179443,-0.01916295289993286,-0.019937336444854736,-0.020545363426208496,-0.021185994148254395,-0.021633148193359375,-0.02235788106918335,-0.02324855327606201,-0.02384209632873535,-0.02418762445449829,-0.024637818336486816,-0.025342285633087158,-0.026275336742401123,-0.02688014507293701,-0.02736842632293701,-0.02770751714706421,-0.02848958969116211,-0.029336392879486084,-0.030135631561279297,-0.03071463108062744,-0.03129708766937256,-0.031882524490356445,-0.03263896703720093,-0.03359872102737427,-0.03412318229675293,-0.0346224308013916,-0.03555107116699219,-0.036408185958862305,-0.03724926710128784,-0.03796029090881348,-0.038535475730895996,-0.03902232646942139,-0.03895479440689087,-0.037814974784851074,-0.03589451313018799,-0.034182071685791016,-0.034304022789001465,-0.03546476364135742,-0.037185490131378174,-0.038899898529052734,-0.04029470682144165,-0.04045867919921875,-0.03969717025756836,-0.039080798625946045,-0.037238895893096924,-0.033423006534576416,-0.027940452098846436,-0.02309507131576538,-0.017796099185943604,-0.012634456157684326,-0.00896906852722168,-0.007852554321289062,-0.008133292198181152,-0.008715152740478516,-0.009319782257080078
44,-0.00503772497177124,-0.006242990493774414,-0.00726926326751709,-0.008495569229125977,-0.009790539741516113,-0.011381566524505615,-0.012827455997467041,-0.014094233512878418,-0.015201926231384277,-0.016565322875976562,-0.017199993133544922,-0.017872750759124756,-0.018317461013793945,-0.019328296184539795,-0.02109295129776001,-0.023074030876159668,-0.025105953216552734,-0.026774942874908447,-0.028486907482147217,-0.029919743537902832,-0.030678749084472656,-0.030768752098083496,-0.03059333562850952,-0.0307004451751709,-0.031279921531677246,-0.03218299150466919,-0.033058106899261475,-0.03464704751968384,-0.036095619201660156,-0.037331998348236084,-0.03862708806991577,-0.03935670852661133,-0.0398097038269043,-0.04079616069793701,-0.04180854558944702,-0.042475759983062744,-0.04325038194656372,-0.04382169246673584,-0.04442411661148071,-0.04490762948989868,-0.04561954736709595,-0.045548439025878906,-0.045395076274871826,-0.04533284902572632,-0.045497000217437744,-0.04591941833496094,-0.04605305194854736,-0.04599595069885254,-0.046328186988830566,-0.047297120094299316,-0.04871082305908203,-0.0503653883934021,-0.05205070972442627,-0.052163898944854736,-0.05185532569885254,-0.05146002769470215,-0.050592005252838135,-0.049200236797332764,-0.04724907875061035,-0.04530614614486694,-0.04354727268218994,-0.04259324073791504,-0.04165226221084595,-0.04152756929397583,-0.041906535625457764,-0.042914748191833496,-0.0433124303817749,-0.043061792850494385,-0.04267245531082153,-0.04202920198440552,-0.039912283420562744,-0.03593623638153076,-0.031539201736450195,-0.026205718517303467,-0.020662546157836914,0.0,0.0,0.0,0.0,0.0,0.0,0.0,0.0,0.0,0.0,0.0,0.0,0.0,0.0,0.0,0.0,0.0,0.0,0.0,0.0,0.0,0.0,0.0,0.0,0.0,0.0,0.0,0.0,0.0,0.0,0.0,0.0,0.0,0.0,0.0,0.0,0.0,0.0,0.0,0.0,0.0,0.0,0.0,0.0,0.0,0.0,0.0,0.0,0.0,0.0,0.0,0.0,0.0,0.0,0.0,0.0,0.0,0.0,0.0,0.0,0.0,0.0,0.0,0.0,0.0,0.0,0.0,0.0,0.0,0.0,0.0,0.0,0.0,0.0,0.0,0.0,0.0,0.0,0.0,0.0,0.0,0.0,0.0,0.0,0.0,0.0,0.0,0.0,0.0,0.0,0.0,0.0,0.0,0.0,0.0,0.0,0.0,0.0,0.0,0.0,0.0,0.0,0.0,0.0,0.0,0.0,0.0,0.0,0.0,0.0,0.0,0.0,0.0,0.0,0.0,0.0,0.0,0.0,0.0,0.0,0.0,0.0,0.0,0.0,0.0,0.0,0.0,0.0,0.0,0.0,0.0,0.0,0.0,0.0,0.0,0.0,0.0,0.0,0.0,0.0,0.0,0.0,0.0,0.0,0.0,0.0,0.0,0.0,0.0,0.0
45,0.01690465211868286,0.01916813850402832,0.02209371328353882,0.025194644927978516,0.027162671089172363,0.02681601047515869,0.026941359043121338,0.027819573879241943,0.027822017669677734,0.027351796627044678,0.027043581008911133,0.02701270580291748,0.027517318725585938,0.02823561429977417,0.02922344207763672,0.029529929161071777,0.029349684715270996,0.028963804244995117,0.02967745065689087,0.03037881851196289,0.03048396110534668,0.02983248233795166,0.028958499431610107,0.028883755207061768,0.02938896417617798,0.02976524829864502,0.030169367790222168,0.030256688594818115,0.030584990978240967,0.031163156032562256,0.031634747982025146,0.03244781494140625,0.032798826694488525,0.03339451551437378,0.03375893831253052,0.03429001569747925,0.034637391567230225,0.034233808517456055,0.03371697664260864,0.033843040466308594,0.03423285484313965,0.034455835819244385,0.03460061550140381,0.036160051822662354,0.03848820924758911,0.03743135929107666,0.034546613693237305,0.031529903411865234,0.032557904720306396,0.035765111446380615,0.03912925720214844,0.038393259048461914,0.034239768981933594,0.03235989809036255,0.03141254186630249,0.029661476612091064,0.02602487802505493,0.0230066180229187,0.026015281677246094,0.028646647930145264,0.029555022716522217,0.028765380382537842,0.029649019241333008,0.029827237129211426,0.028444290161132812,0.02808767557144165,0.027815163135528564,0.027775168418884277,0.02811974287033081,0.026429712772369385,0.02353614568710327,0.023416221141815186,0.021682918071746826,0.01926124095916748,0.015894591808319092,-0.0010011792182922363,-0.0012059211730957031,-0.001704871654510498,-0.0028946399688720703,-0.0032866597175598145,-0.0029909610748291016,-0.004102468490600586,-0.0061509013175964355,-0.0066751837730407715,-0.006408870220184326,-0.006154179573059082,-0.006349682807922363,-0.00730741024017334,-0.008809864521026611,-0.009769916534423828,-0.010785877704620361,-0.011060535907745361,-0.011391043663024902,-0.011845231056213379,-0.011944353580474854,-0.012574374675750732,-0.013162493705749512,-0.01392441987991333,-0.01455080509185791,-0.0148887038230896,-0.015443801879882812,-0.01599067449569702,-0.016789793968200684,-0.017394721508026123,-0.017779290676116943,-0.01833474636077881,-0.019040703773498535,-0.020230531692504883,-0.020814597606658936,-0.02147519588470459,-0.02240431308746338,-0.023281335830688477,-0.023898065090179443,-0.02368032932281494,-0.02375936508178711,-0.024565577507019043,-0.025573134422302246,-0.02655959129333496,-0.028266549110412598,-0.03073364496231079,-0.030212223529815674,-0.027818500995635986,-0.02533745765686035,-0.026111483573913574,-0.029498636722564697,-0.03320235013961792,-0.03300076723098755,-0.02949744462966919,-0.027582108974456787,-0.026586174964904785,-0.025139689445495605,-0.02220439910888672,-0.019614696502685547,-0.022369682788848877,-0.025156795978546143,-0.02649325132369995,-0.026142597198486328,-0.027444124221801758,-0.027478575706481934,-0.026545405387878418,-0.026344358921051025,-0.02625805139541626,-0.02649766206741333,-0.0269620418548584,-0.025466442108154297,-0.022903263568878174,-0.02340036630630493,-0.021380245685577393,-0.018861711025238037,-0.015602171421051025,-0.004776358604431152,-0.00490725040435791,-0.0056893229484558105,-0.005851030349731445,-0.006453156471252441,-0.007192134857177734,-0.007620036602020264,-0.009100794792175293,-0.009926974773406982,-0.010275483131408691,-0.009986460208892822,-0.01052027940750122,-0.011824250221252441,-0.012272179126739502,-0.012776553630828857,-0.012880325317382812,-0.013403773307800293,-0.014211475849151611,-0.014819979667663574,-0.01517099142074585,-0.01538938283920288,-0.015930354595184326,-0.016727864742279053,-0.016980111598968506,-0.017341017723083496,-0.017317891120910645,-0.01797032356262207,-0.01893693208694458,-0.019590556621551514,-0.019977867603302002,-0.020099639892578125,-0.020561277866363525,-0.021397173404693604,-0.02220296859741211,-0.022831261157989502,-0.023524224758148193,-0.024605274200439453,-0.025252163410186768,-0.02474433183670044,-0.02489793300628662,-0.025418102741241455,-0.02708965539932251,-0.02830958366394043,-0.029413282871246338,-0.03128838539123535,-0.03022557497024536,-0.02760547399520874,-0.024902939796447754,-0.026262342929840088,-0.02987837791442871,-0.03324216604232788,-0.03350144624710083,-0.030189812183380127,-0.027790546417236328,-0.02653956413269043,-0.024981975555419922,-0.022007763385772705,-0.019492745399475098,-0.022519409656524658,-0.025470614433288574,-0.026575088500976562,-0.026348888874053955,-0.027259111404418945,-0.02828991413116455,-0.027509748935699463,-0.02689337730407715,-0.028041064739227295,-0.029207170009613037,-0.027751028537750244,-0.025153636932373047,-0.022756516933441162,-0.023166358470916748,-0.021011710166931152,-0.01753014326095581,-0.014740407466888428
