model_id,channel_44_1,channel_44_2,channel_44_3,channel_44_4,channel_44_5,channel_44_6,channel_44_7,channel_44_8,channel_44_9,channel_44_10,channel_44_11,channel_44_12,channel_44_13,channel_44_14,channel_44_15,channel_44_16,channel_44_17,channel_44_18,channel_44_19,channel_44_20,channel_44_21,channel_44_22,channel_44_23,channel_44_24,channel_44_25,channel_44_26,channel_44_27,channel_44_28,channel_44_29,channel_44_30,channel_44_31,channel_44_32,channel_44_33,channel_44_34,channel_44_35,channel_44_36,channel_44_37,channel_44_38,channel_44_39,channel_44_40,channel_44_41,channel_44_42,channel_44_43,channel_44_44,channel_44_45,channel_44_46,channel_44_47,channel_44_48,channel_44_49,channel_44_50,channel_44_51,channel_44_52,channel_44_53,channel_44_54,channel_44_55,channel_44_56,channel_44_57,channel_44_58,channel_44_59,channel_44_60,channel_44_61,channel_44_62,channel_44_63,channel_44_64,channel_44_65,channel_44_66,channel_44_67,channel_44_68,channel_44_69,channel_44_70,channel_44_71,channel_44_72,channel_44_73,channel_44_74,channel_44_75,channel_45_1,channel_45_2,channel_45_3,channel_45_4,channel_45_5,channel_45_6,channel_45_7,channel_45_8,channel_45_9,channel_45_10,channel_45_11,channel_45_12,channel_45_13,channel_45_14,channel_45_15,channel_45_16,channel_45_17,channel_45_18,channel_45_19,channel_45_20,channel_45_21,channel_45_22,channel_45_23,channel_45_24,channel_45_25,channel_45_26,channel_45_27,channel_45_28,channel_45_29,channel_45_30,channel_45_31,channel_45_32,channel_45_33,channel_45_34,channel_45_35,channel_45_36,channel_45_37,channel_45_38,channel_45_39,channel_45_40,channel_45_41,channel_45_42,channel_45_43,channel_45_44,channel_45_45,channel_45_46,channel_45_47,channel_45_48,channel_45_49,channel_45_50,channel_45_51,channel_45_52,channel_45_53,channel_45_54,channel_45_55,channel_45_56,channel_45_57,channel_45_58,channel_45_59,channel_45_60,channel_45_61,channel_45_62,channel_45_63,channel_45_64,channel_45_65,channel_45_66,channel_45_67,channel_45_68,channel_45_69,channel_45_70,channel_45_71,channel_45_72,channel_45_73,channel_45_74,channel_45_75,channel_46_1,channel_46_2,channel_46_3,channel_46_4,channel_46_5,channel_46_6,channel_46_7,channel_46_8,channel_46_9,channel_46_10,channel_46_11,channel_46_12,channel_46_13,channel_46_14,channel_46_15,channel_46_16,channel_46_17,channel_46_18,channel_46_19,channel_46_20,channel_46_21,channel_46_22,channel_46_23,channel_46_24,channel_46_25,channel_46_26,channel_46_27,channel_46_28,channel_46_29,channel_46_30,channel_46_31,channel_46_32,channel_46_33,channel_46_34,channel_46_35,channel_46_36,channel_46_37,channel_46_38,channel_46_39,channel_46_40,channel_46_41,channel_46_42,channel_46_43,channel_46_44,channel_46_45,channel_46_46,channel_46_47,channel_46_48,channel_46_49,channel_46_50,channel_46_51,channel_46_52,channel_46_53,channel_46_54,channel_46_55,channel_46_56,channel_46_57,channel_46_58,channel_46_59,channel_46_60,channel_46_61,channel_46_62,channel_46_63,channel_46_64,channel_46_65,channel_46_66,channel_46_67,channel_46_68,channel_46_69,channel_46_70,channel_46_71,channel_46_72,channel_46_73,channel_46_74,channel_46_75
1,0.0,0.0,0.0,0.0,0.0,0.0,0.0,0.0,0.0,0.0,0.0,0.0,0.0,0.0,0.0,0.0,0.0,0.0,0.0,0.0,0.0,0.0,0.0,0.0,0.0,0.0,0.0,0.0,0.0,0.0,0.0,0.0,0.0,0.0,0.0,0.0,0.0,0.0,0.0,0.0,0.0,0.0,0.0,0.0,0.0,0.0,0.0,0.0,0.0,0.0,0.0,0.0,0.0,0.0,0.0,0.0,0.0,0.0,0.0,0.0,0.0,0.0,0.0,0.0,0.0,0.0,0.0,0.0,0.0,0.0,0.0,0.0,0.0,0.0,0.0,0.0,0.0,0.0,0.0,0.0,0.0,0.0,0.0,0.0,0.0,0.0,0.0,0.0,0.0,0.0,0.0,0.0,0.0,0.0,0.0,0.0,0.0,0.0,0.0,0.0,0.0,0.0,0.0,0.0,0.0,0.0,0.0,0.0,0.0,0.0,0.0,0.0,0.0,0.0,0.0,0.0,0.0,0.0,0.0,0.0,0.0,0.0,0.0,0.0,0.0,0.0,0.0,0.0,0.0,0.0,0.0,0.0,0.0,0.0,0.0,0.0,0.0,0.0,0.0,0.0,0.0,0.0,0.0,0.0,0.0,0.0,0.0,0.0,0.0,0.0,-0.0018161535263061523,-0.0035290122032165527,-0.00502389669418335,-0.006465911865234375,-0.008078515529632568,-0.009870469570159912,-0.011526763439178467,-0.012830793857574463,-0.01409083604812622,-0.014990627765655518,-0.01584792137145996,-0.016274750232696533,-0.016309797763824463,-0.015941619873046875,-0.015324950218200684,-0.014269411563873291,-0.012758433818817139,-0.010562241077423096,-0.008166134357452393,-0.005666792392730713,-0.0027965903282165527,0.0003592371940612793,0.00397491455078125,0.0075370073318481445,0.011277318000793457,0.01468813419342041,0.018379807472229004,0.021635591983795166,0.0246201753616333,0.02728348970413208,0.029290437698364258,0.03116399049758911,0.0325014591217041,0.03323221206665039,0.0332607626914978,0.032890379428863525,0.031935274600982666,0.030435144901275635,0.028570711612701416,0.026197850704193115,0.023535847663879395,0.02041006088256836,0.01722484827041626,0.014147043228149414,0.010713756084442139,0.007291197776794434,0.004233062267303467,0.0012822747230529785,-0.0015101432800292969,-0.004075586795806885,-0.006471037864685059,-0.008329451084136963,-0.009796440601348877,-0.011189162731170654,-0.012328267097473145,-0.013077497482299805,-0.013291537761688232,-0.013355851173400879,-0.013338088989257812,-0.013177216053009033,-0.012621819972991943,-0.011759161949157715,-0.011143147945404053,-0.010474860668182373,-0.0096016526222229,-0.00878232717514038,-0.007818937301635742,-0.006878972053527832,-0.00609898567199707,-0.005518913269042969,-0.004626929759979248,-0.0036756396293640137,-0.0029892325401306152,-0.0023127198219299316,-0.0016447901725769043
2,0.0,0.0,0.0,0.0,0.0,0.0,0.0,0.0,0.0,0.0,0.0,0.0,0.0,0.0,0.0,0.0,0.0,0.0,0.0,0.0,0.0,0.0,0.0,0.0,0.0,0.0,0.0,0.0,0.0,0.0,0.0,0.0,0.0,0.0,0.0,0.0,0.0,0.0,0.0,0.0,0.0,0.0,0.0,0.0,0.0,0.0,0.0,0.0,0.0,0.0,0.0,0.0,0.0,0.0,0.0,0.0,0.0,0.0,0.0,0.0,0.0,0.0,0.0,0.0,0.0,0.0,0.0,0.0,0.0,0.0,0.0,0.0,0.0,0.0,0.0,0.0,0.0,0.0,0.0,0.0,0.0,0.0,0.0,0.0,0.0,0.0,0.0,0.0,0.0,0.0,0.0,0.0,0.0,0.0,0.0,0.0,0.0,0.0,0.0,0.0,0.0,0.0,0.0,0.0,0.0,0.0,0.0,0.0,0.0,0.0,0.0,0.0,0.0,0.0,0.0,0.0,0.0,0.0,0.0,0.0,0.0,0.0,0.0,0.0,0.0,0.0,0.0,0.0,0.0,0.0,0.0,0.0,0.0,0.0,0.0,0.0,0.0,0.0,0.0,0.0,0.0,0.0,0.0,0.0,0.0,0.0,0.0,0.0,0.0,0.0,0.009087026119232178,0.015040397644042969,0.02024388313293457,0.025907933712005615,0.0298650860786438,0.03233659267425537,0.032778143882751465,0.03129708766937256,0.0299069881439209,0.029839754104614258,0.030456840991973877,0.03052884340286255,0.030099034309387207,0.02970731258392334,0.029605627059936523,0.0292510986328125,0.029053151607513428,0.0291367769241333,0.029181241989135742,0.02908492088317871,0.028418362140655518,0.0276719331741333,0.026864826679229736,0.026359140872955322,0.02646106481552124,0.026723206043243408,0.02648252248764038,0.025765538215637207,0.024609386920928955,0.023695766925811768,0.023381948471069336,0.024040520191192627,0.02528560161590576,0.026363611221313477,0.026144325733184814,0.02243220806121826,0.01576685905456543,0.00621187686920166,-0.005664944648742676,-0.01703643798828125,-0.0282137393951416,-0.03544259071350098,-0.039733290672302246,-0.04050701856613159,-0.03804725408554077,-0.035369932651519775,-0.03444582223892212,-0.034253060817718506,-0.03411954641342163,-0.033655524253845215,-0.03347647190093994,-0.03288453817367554,-0.03180724382400513,-0.030828535556793213,-0.03070908784866333,-0.031219124794006348,-0.03145211935043335,-0.031050920486450195,-0.030092239379882812,-0.028781592845916748,-0.027853012084960938,-0.02785170078277588,-0.02816540002822876,-0.027982234954833984,-0.026851654052734375,-0.025048375129699707,-0.02382582426071167,-0.023319721221923828,-0.02330678701400757,-0.024071216583251953,-0.024824678897857666,-0.024925053119659424,-0.022819876670837402,-0.01861393451690674,-0.01330709457397461
3,0.0,0.0,0.0,0.0,0.0,0.0,0.0,0.0,0.0,0.0,0.0,0.0,0.0,0.0,0.0,0.0,0.0,0.0,0.0,0.0,0.0,0.0,0.0,0.0,0.0,0.0,0.0,0.0,0.0,0.0,0.0,0.0,0.0,0.0,0.0,0.0,0.0,0.0,0.0,0.0,0.0,0.0,0.0,0.0,0.0,0.0,0.0,0.0,0.0,0.0,0.0,0.0,0.0,0.0,0.0,0.0,0.0,0.0,0.0,0.0,0.0,0.0,0.0,0.0,0.0,0.0,0.0,0.0,0.0,0.0,0.0,0.0,0.0,0.0,0.0,0.0,0.0,0.0,0.0,0.0,0.0,0.0,0.0,0.0,0.0,0.0,0.0,0.0,0.0,0.0,0.0,0.0,0.0,0.0,0.0,0.0,0.0,0.0,0.0,0.0,0.0,0.0,0.0,0.0,0.0,0.0,0.0,0.0,0.0,0.0,0.0,0.0,0.0,0.0,0.0,0.0,0.0,0.0,0.0,0.0,0.0,0.0,0.0,0.0,0.0,0.0,0.0,0.0,0.0,0.0,0.0,0.0,0.0,0.0,0.0,0.0,0.0,0.0,0.0,0.0,0.0,0.0,0.0,0.0,0.0,0.0,0.0,0.0,0.0,0.0,0.00019872188568115234,0.0001379251480102539,0.0005901455879211426,0.0012162327766418457,0.0018261075019836426,0.0028707385063171387,0.004322052001953125,0.0060083866119384766,0.00814831256866455,0.010558843612670898,0.013165533542633057,0.016551315784454346,0.019576311111450195,0.023165524005889893,0.02626723051071167,0.029108941555023193,0.03204470872879028,0.034587860107421875,0.03668093681335449,0.03769552707672119,0.038598835468292236,0.03869384527206421,0.03819584846496582,0.03705406188964844,0.03525042533874512,0.03286087512969971,0.030468881130218506,0.02751314640045166,0.024745523929595947,0.021502137184143066,0.018039584159851074,0.015358269214630127,0.012643694877624512,0.010303616523742676,0.008060932159423828,0.006052374839782715,0.004352688789367676,0.0030066967010498047,0.0020232200622558594,0.0009019970893859863,-4.267692565917969e-05,-0.0012525320053100586,-0.002315998077392578,-0.0035779476165771484,-0.0050868988037109375,-0.00687175989151001,-0.009086132049560547,-0.011382341384887695,-0.014101088047027588,-0.01728510856628418,-0.020282208919525146,-0.02374708652496338,-0.02678525447845459,-0.0295562744140625,-0.03213256597518921,-0.03448212146759033,-0.03623473644256592,-0.03749096393585205,-0.03789937496185303,-0.03795886039733887,-0.037038564682006836,-0.03563511371612549,-0.03362536430358887,-0.031468868255615234,-0.028756320476531982,-0.025629043579101562,-0.022503912448883057,-0.019251227378845215,-0.016020536422729492,-0.013160943984985352,-0.010187029838562012,-0.007549881935119629,-0.005182445049285889,-0.0034347176551818848,-0.0021439194679260254
4,0.0,0.0,0.0,0.0,0.0,0.0,0.0,0.0,0.0,0.0,0.0,0.0,0.0,0.0,0.0,0.0,0.0,0.0,0.0,0.0,0.0,0.0,0.0,0.0,0.0,0.0,0.0,0.0,0.0,0.0,0.0,0.0,0.0,0.0,0.0,0.0,0.0,0.0,0.0,0.0,0.0,0.0,0.0,0.0,0.0,0.0,0.0,0.0,0.0,0.0,0.0,0.0,0.0,0.0,0.0,0.0,0.0,0.0,0.0,0.0,0.0,0.0,0.0,0.0,0.0,0.0,0.0,0.0,0.0,0.0,0.0,0.0,0.0,0.0,0.0,0.00196152925491333,0.0022830963134765625,0.002492368221282959,0.002689540386199951,0.003026247024536133,0.0033549070358276367,0.0037235617637634277,0.004217267036437988,0.004589557647705078,0.005042612552642822,0.0059053897857666016,0.0067005157470703125,0.007478296756744385,0.008224070072174072,0.00908571481704712,0.010399043560028076,0.011749744415283203,0.012959539890289307,0.014115452766418457,0.01542443037033081,0.01681959629058838,0.018190085887908936,0.019514381885528564,0.020685553550720215,0.021917223930358887,0.02304542064666748,0.024013042449951172,0.02474290132522583,0.02542722225189209,0.02616572380065918,0.02644658088684082,0.0265771746635437,0.026598691940307617,0.026378154754638672,0.026204586029052734,0.025661706924438477,0.02502620220184326,0.024187445640563965,0.023193776607513428,0.02219611406326294,0.02100992202758789,0.01983433961868286,0.018621861934661865,0.017246484756469727,0.0159265398979187,0.01461803913116455,0.013374090194702148,0.011960089206695557,0.010702788829803467,0.00969552993774414,0.008701145648956299,0.007833778858184814,0.0069999098777771,0.006205856800079346,0.0055966973304748535,0.005078732967376709,0.0046918392181396484,0.0043267011642456055,0.004059255123138428,0.003911852836608887,0.0036247968673706055,0.003425896167755127,0.0032547712326049805,0.0030763745307922363,0.003082275390625,0.00303727388381958,0.002984941005706787,0.00283205509185791,0.0026968717575073242,0.0027062296867370605,0.002712845802307129,0.00260162353515625,0.002315342426300049,0.0021210908889770508,0.0019524693489074707,0.0,0.0,0.0,0.0,0.0,0.0,0.0,0.0,0.0,0.0,0.0,0.0,0.0,0.0,0.0,0.0,0.0,0.0,0.0,0.0,0.0,0.0,0.0,0.0,0.0,0.0,0.0,0.0,0.0,0.0,0.0,0.0,0.0,0.0,0.0,0.0,0.0,0.0,0.0,0.0,0.0,0.0,0.0,0.0,0.0,0.0,0.0,0.0,0.0,0.0,0.0,0.0,0.0,0.0,0.0,0.0,0.0,0.0,0.0,0.0,0.0,0.0,0.0,0.0,0.0,0.0,0.0,0.0,0.0,0.0,0.0,0.0,0.0,0.0,0.0
5,-0.0008925199508666992,-0.0011157989501953125,-0.0012935996055603027,-0.0013961195945739746,-0.00147247314453125,-0.0016503334045410156,-0.001911163330078125,-0.00206911563873291,-0.0020922422409057617,-0.0020717382431030273,-0.0023105740547180176,-0.002678513526916504,-0.002893209457397461,-0.003098905086517334,-0.0032624006271362305,-0.0036028623580932617,-0.004131734371185303,-0.004495561122894287,-0.004727065563201904,-0.005005478858947754,-0.005347728729248047,-0.005770325660705566,-0.006078243255615234,-0.006483256816864014,-0.006957411766052246,-0.007584691047668457,-0.00834810733795166,-0.009244084358215332,-0.010253846645355225,-0.011423051357269287,-0.012672722339630127,-0.014073193073272705,-0.015565574169158936,-0.01701730489730835,-0.018555879592895508,-0.020177006721496582,-0.02181720733642578,-0.02332216501235962,-0.024598419666290283,-0.02584218978881836,-0.026958465576171875,-0.027863502502441406,-0.028473854064941406,-0.028683722019195557,-0.028760135173797607,-0.028594493865966797,-0.028167903423309326,-0.02740013599395752,-0.02627319097518921,-0.025018513202667236,-0.02358686923980713,-0.0220412015914917,-0.020313560962677002,-0.018535196781158447,-0.01689237356185913,-0.015309929847717285,-0.01378244161605835,-0.0123634934425354,-0.01103675365447998,-0.009945273399353027,-0.008884906768798828,-0.007976651191711426,-0.007123351097106934,-0.006344795227050781,-0.005651712417602539,-0.005009889602661133,-0.004403948783874512,-0.0038027167320251465,-0.003175020217895508,-0.0026870369911193848,-0.0022679567337036133,-0.0018019676208496094,-0.0013455748558044434,-0.0009035468101501465,-0.0005602836608886719,0.0,0.0,0.0,0.0,0.0,0.0,0.0,0.0,0.0,0.0,0.0,0.0,0.0,0.0,0.0,0.0,0.0,0.0,0.0,0.0,0.0,0.0,0.0,0.0,0.0,0.0,0.0,0.0,0.0,0.0,0.0,0.0,0.0,0.0,0.0,0.0,0.0,0.0,0.0,0.0,0.0,0.0,0.0,0.0,0.0,0.0,0.0,0.0,0.0,0.0,0.0,0.0,0.0,0.0,0.0,0.0,0.0,0.0,0.0,0.0,0.0,0.0,0.0,0.0,0.0,0.0,0.0,0.0,0.0,0.0,0.0,0.0,0.0,0.0,0.0,0.0,0.0,0.0,0.0,0.0,0.0,0.0,0.0,0.0,0.0,0.0,0.0,0.0,0.0,0.0,0.0,0.0,0.0,0.0,0.0,0.0,0.0,0.0,0.0,0.0,0.0,0.0,0.0,0.0,0.0,0.0,0.0,0.0,0.0,0.0,0.0,0.0,0.0,0.0,0.0,0.0,0.0,0.0,0.0,0.0,0.0,0.0,0.0,0.0,0.0,0.0,0.0,0.0,0.0,0.0,0.0,0.0,0.0,0.0,0.0,0.0,0.0,0.0,0.0,0.0,0.0,0.0,0.0,0.0,0.0,0.0,0.0,0.0,0.0,0.0
6,0.00149458646774292,0.0014456510543823242,0.0012195706367492676,0.001300215721130371,0.001206517219543457,0.0010808110237121582,0.00105363130569458,0.0009773969650268555,0.0011921525001525879,0.0013064146041870117,0.00139617919921875,0.001682281494140625,0.0022054314613342285,0.002927124500274658,0.0036496520042419434,0.004580855369567871,0.005765199661254883,0.007254540920257568,0.00907367467880249,0.010928869247436523,0.013091623783111572,0.015527665615081787,0.018184542655944824,0.021016836166381836,0.023882508277893066,0.02688765525817871,0.02998894453048706,0.033106088638305664,0.03615999221801758,0.03896862268447876,0.041624367237091064,0.04408740997314453,0.046260058879852295,0.04816514253616333,0.04951375722885132,0.05054360628128052,0.05093967914581299,0.05104541778564453,0.05073189735412598,0.04969245195388794,0.048235177993774414,0.04644376039505005,0.04439985752105713,0.04201585054397583,0.03910189867019653,0.036149442195892334,0.03306841850280762,0.029948174953460693,0.026706933975219727,0.023540019989013672,0.02061372995376587,0.017720401287078857,0.015117645263671875,0.012752950191497803,0.010550379753112793,0.008693814277648926,0.007018923759460449,0.005648374557495117,0.0044669508934021,0.0035999417304992676,0.0029439926147460938,0.002453029155731201,0.002058267593383789,0.0016709566116333008,0.0015072822570800781,0.0015934109687805176,0.001556098461151123,0.0015666484832763672,0.0014691948890686035,0.0015773177146911621,0.0016109943389892578,0.0015723705291748047,0.0015467405319213867,0.001377403736114502,0.001484513282775879,0.0,0.0,0.0,0.0,0.0,0.0,0.0,0.0,0.0,0.0,0.0,0.0,0.0,0.0,0.0,0.0,0.0,0.0,0.0,0.0,0.0,0.0,0.0,0.0,0.0,0.0,0.0,0.0,0.0,0.0,0.0,0.0,0.0,0.0,0.0,0.0,0.0,0.0,0.0,0.0,0.0,0.0,0.0,0.0,0.0,0.0,0.0,0.0,0.0,0.0,0.0,0.0,0.0,0.0,0.0,0.0,0.0,0.0,0.0,0.0,0.0,0.0,0.0,0.0,0.0,0.0,0.0,0.0,0.0,0.0,0.0,0.0,0.0,0.0,0.0,0.0,0.0,0.0,0.0,0.0,0.0,0.0,0.0,0.0,0.0,0.0,0.0,0.0,0.0,0.0,0.0,0.0,0.0,0.0,0.0,0.0,0.0,0.0,0.0,0.0,0.0,0.0,0.0,0.0,0.0,0.0,0.0,0.0,0.0,0.0,0.0,0.0,0.0,0.0,0.0,0.0,0.0,0.0,0.0,0.0,0.0,0.0,0.0,0.0,0.0,0.0,0.0,0.0,0.0,0.0,0.0,0.0,0.0,0.0,0.0,0.0,0.0,0.0,0.0,0.0,0.0,0.0,0.0,0.0,0.0,0.0,0.0,0.0,0.0,0.0
7,0.0,0.0,0.0,0.0,0.0,0.0,0.0,0.0,0.0,0.0,0.0,0.0,0.0,0.0,0.0,0.0,0.0,0.0,0.0,0.0,0.0,0.0,0.0,0.0,0.0,0.0,0.0,0.0,0.0,0.0,0.0,0.0,0.0,0.0,0.0,0.0,0.0,0.0,0.0,0.0,0.0,0.0,0.0,0.0,0.0,0.0,0.0,0.0,0.0,0.0,0.0,0.0,0.0,0.0,0.0,0.0,0.0,0.0,0.0,0.0,0.0,0.0,0.0,0.0,0.0,0.0,0.0,0.0,0.0,0.0,0.0,0.0,0.0,0.0,0.0,-0.022030651569366455,-0.025418639183044434,-0.028746604919433594,-0.031130433082580566,-0.033149659633636475,-0.03406435251235962,-0.03523522615432739,-0.035516202449798584,-0.03513389825820923,-0.03479313850402832,-0.03426474332809448,-0.033216655254364014,-0.03197520971298218,-0.030908823013305664,-0.029697179794311523,-0.028229236602783203,-0.026931166648864746,-0.02554553747177124,-0.02404201030731201,-0.022902846336364746,-0.021474480628967285,-0.02014148235321045,-0.019014298915863037,-0.017877399921417236,-0.016631126403808594,-0.015371441841125488,-0.013974905014038086,-0.012940526008605957,-0.011901497840881348,-0.01064234972000122,-0.00943136215209961,-0.008166849613189697,-0.007073402404785156,-0.005959153175354004,-0.004580020904541016,-0.0030245184898376465,-0.001784980297088623,-0.0005030632019042969,0.0005939602851867676,0.0016620159149169922,0.0029459595680236816,0.004330337047576904,0.005645632743835449,0.006694316864013672,0.007953464984893799,0.009256720542907715,0.010648488998413086,0.011966466903686523,0.013138175010681152,0.014519989490509033,0.015913844108581543,0.017271995544433594,0.018527626991271973,0.0198519229888916,0.02103865146636963,0.022268295288085938,0.0237310528755188,0.02487337589263916,0.02629142999649048,0.02770167589187622,0.029163002967834473,0.03022599220275879,0.03144305944442749,0.032704830169677734,0.03378993272781372,0.03467041254043579,0.035192668437957764,0.03522402048110962,0.035116493701934814,0.03429746627807617,0.033487677574157715,0.032368600368499756,0.030389726161956787,0.02765434980392456,0.02468806505203247,0.0,0.0,0.0,0.0,0.0,0.0,0.0,0.0,0.0,0.0,0.0,0.0,0.0,0.0,0.0,0.0,0.0,0.0,0.0,0.0,0.0,0.0,0.0,0.0,0.0,0.0,0.0,0.0,0.0,0.0,0.0,0.0,0.0,0.0,0.0,0.0,0.0,0.0,0.0,0.0,0.0,0.0,0.0,0.0,0.0,0.0,0.0,0.0,0.0,0.0,0.0,0.0,0.0,0.0,0.0,0.0,0.0,0.0,0.0,0.0,0.0,0.0,0.0,0.0,0.0,0.0,0.0,0.0,0.0,0.0,0.0,0.0,0.0,0.0,0.0
8,0.0,0.0,0.0,0.0,0.0,0.0,0.0,0.0,0.0,0.0,0.0,0.0,0.0,0.0,0.0,0.0,0.0,0.0,0.0,0.0,0.0,0.0,0.0,0.0,0.0,0.0,0.0,0.0,0.0,0.0,0.0,0.0,0.0,0.0,0.0,0.0,0.0,0.0,0.0,0.0,0.0,0.0,0.0,0.0,0.0,0.0,0.0,0.0,0.0,0.0,0.0,0.0,0.0,0.0,0.0,0.0,0.0,0.0,0.0,0.0,0.0,0.0,0.0,0.0,0.0,0.0,0.0,0.0,0.0,0.0,0.0,0.0,0.0,0.0,0.0,0.0,0.0,0.0,0.0,0.0,0.0,0.0,0.0,0.0,0.0,0.0,0.0,0.0,0.0,0.0,0.0,0.0,0.0,0.0,0.0,0.0,0.0,0.0,0.0,0.0,0.0,0.0,0.0,0.0,0.0,0.0,0.0,0.0,0.0,0.0,0.0,0.0,0.0,0.0,0.0,0.0,0.0,0.0,0.0,0.0,0.0,0.0,0.0,0.0,0.0,0.0,0.0,0.0,0.0,0.0,0.0,0.0,0.0,0.0,0.0,0.0,0.0,0.0,0.0,0.0,0.0,0.0,0.0,0.0,0.0,0.0,0.0,0.0,0.0,0.0,-0.01302427053451538,-0.017831802368164062,-0.019701838493347168,-0.018999099731445312,-0.016235172748565674,-0.013338863849639893,-0.011106014251708984,-0.009518325328826904,-0.008635282516479492,-0.007678687572479248,-0.006809830665588379,-0.0055768489837646484,-0.00400090217590332,-0.0026276707649230957,-0.001466512680053711,-0.00010728836059570312,0.0012694597244262695,0.002835869789123535,0.004051804542541504,0.00462418794631958,0.004678010940551758,0.004987001419067383,0.005717754364013672,0.006974220275878906,0.008404970169067383,0.010127007961273193,0.011733293533325195,0.012369811534881592,0.012434184551239014,0.012506365776062012,0.013155698776245117,0.01374894380569458,0.013034343719482422,0.010810434818267822,0.009525418281555176,0.009066522121429443,0.007382392883300781,0.0019861459732055664,-0.007407426834106445,-0.015612959861755371,-0.0204617977142334,-0.020954906940460205,-0.017653286457061768,-0.013933360576629639,-0.010906636714935303,-0.009586215019226074,-0.010401904582977295,-0.011042118072509766,-0.010744929313659668,-0.008614659309387207,-0.0061514973640441895,-0.004744470119476318,-0.004100620746612549,-0.003431558609008789,-0.002125859260559082,-7.832050323486328e-05,0.0017440319061279297,0.002574443817138672,0.003214240074157715,0.004044473171234131,0.005416989326477051,0.006810128688812256,0.008185207843780518,0.009684205055236816,0.010816872119903564,0.011753499507904053,0.012583494186401367,0.013625025749206543,0.014531373977661133,0.014773786067962646,0.012675046920776367,0.011296629905700684,0.012342453002929688,0.015060126781463623,0.015539467334747314
9,0.0,0.0,0.0,0.0,0.0,0.0,0.0,0.0,0.0,0.0,0.0,0.0,0.0,0.0,0.0,0.0,0.0,0.0,0.0,0.0,0.0,0.0,0.0,0.0,0.0,0.0,0.0,0.0,0.0,0.0,0.0,0.0,0.0,0.0,0.0,0.0,0.0,0.0,0.0,0.0,0.0,0.0,0.0,0.0,0.0,0.0,0.0,0.0,0.0,0.0,0.0,0.0,0.0,0.0,0.0,0.0,0.0,0.0,0.0,0.0,0.0,0.0,0.0,0.0,0.0,0.0,0.0,0.0,0.0,0.0,0.0,0.0,0.0,0.0,0.0,-0.029846012592315674,-0.03761875629425049,-0.04142957925796509,-0.043309569358825684,-0.041809141635894775,-0.040283381938934326,-0.038564324378967285,-0.038049399852752686,-0.037488579750061035,-0.036040306091308594,-0.0350610613822937,-0.03287041187286377,-0.031171202659606934,-0.029323041439056396,-0.027766704559326172,-0.026428043842315674,-0.0254213809967041,-0.02417302131652832,-0.023295044898986816,-0.022413015365600586,-0.021057963371276855,-0.019677281379699707,-0.018317818641662598,-0.017192542552947998,-0.01587212085723877,-0.01453244686126709,-0.01320260763168335,-0.011929750442504883,-0.010604023933410645,-0.009344339370727539,-0.007923245429992676,-0.006550610065460205,-0.00533604621887207,-0.0041539669036865234,-0.0031014084815979004,-0.0016981959342956543,-0.000334322452545166,0.0009645819664001465,0.0021657943725585938,0.0034016966819763184,0.004777014255523682,0.006126701831817627,0.007614791393280029,0.009113490581512451,0.01025301218032837,0.011490225791931152,0.012866497039794922,0.01409006118774414,0.015155434608459473,0.016163170337677002,0.017439305782318115,0.018747687339782715,0.02010512351989746,0.02134937047958374,0.02269798517227173,0.02436208724975586,0.02588498592376709,0.027519166469573975,0.02878129482269287,0.029890775680541992,0.031148791313171387,0.03251659870147705,0.03384369611740112,0.03540605306625366,0.03682941198348999,0.03813129663467407,0.03953665494918823,0.042092740535736084,0.045139849185943604,0.04694056510925293,0.048017680644989014,0.04602915048599243,0.04039686918258667,0.03256082534790039,0.02463918924331665,-0.029851198196411133,-0.0375484824180603,-0.04018568992614746,-0.04201406240463257,-0.04044121503829956,-0.03967702388763428,-0.0378076434135437,-0.03781622648239136,-0.03702503442764282,-0.03540372848510742,-0.03426814079284668,-0.031992316246032715,-0.030418872833251953,-0.0287972092628479,-0.027111411094665527,-0.025897562503814697,-0.024917125701904297,-0.02355891466140747,-0.022642195224761963,-0.0216825008392334,-0.02059781551361084,-0.019239723682403564,-0.018154680728912354,-0.016727745532989502,-0.015304327011108398,-0.014036417007446289,-0.012890040874481201,-0.011738777160644531,-0.010258734226226807,-0.008894920349121094,-0.007489383220672607,-0.0061127543449401855,-0.005160212516784668,-0.003932058811187744,-0.0025016069412231445,-0.001141190528869629,5.537271499633789e-05,0.001187145709991455,0.002542853355407715,0.0038161277770996094,0.005300581455230713,0.006713509559631348,0.007977306842803955,0.009403049945831299,0.010664403438568115,0.011919975280761719,0.013280987739562988,0.01450657844543457,0.01569133996963501,0.016885995864868164,0.0179784893989563,0.019207775592803955,0.02049124240875244,0.02196747064590454,0.02346092462539673,0.025102078914642334,0.02642655372619629,0.027839183807373047,0.02929598093032837,0.03055042028427124,0.032002151012420654,0.03313720226287842,0.03428715467453003,0.03574115037918091,0.0371440052986145,0.03876042366027832,0.040065228939056396,0.042922019958496094,0.04604446887969971,0.04772979021072388,0.048709750175476074,0.04663407802581787,0.04032653570175171,0.0327681303024292,0.0247880220413208
10,0.0,0.0,0.0,0.0,0.0,0.0,0.0,0.0,0.0,0.0,0.0,0.0,0.0,0.0,0.0,0.0,0.0,0.0,0.0,0.0,0.0,0.0,0.0,0.0,0.0,0.0,0.0,0.0,0.0,0.0,0.0,0.0,0.0,0.0,0.0,0.0,0.0,0.0,0.0,0.0,0.0,0.0,0.0,0.0,0.0,0.0,0.0,0.0,0.0,0.0,0.0,0.0,0.0,0.0,0.0,0.0,0.0,0.0,0.0,0.0,0.0,0.0,0.0,0.0,0.0,0.0,0.0,0.0,0.0,0.0,0.0,0.0,0.0,0.0,0.0,-0.03071826696395874,-0.032415807247161865,-0.03325551748275757,-0.033222079277038574,-0.03316354751586914,-0.03276252746582031,-0.0318945050239563,-0.03122192621231079,-0.030276954174041748,-0.028953075408935547,-0.028380870819091797,-0.02776426076889038,-0.026791095733642578,-0.025700807571411133,-0.024534165859222412,-0.02378368377685547,-0.022599637508392334,-0.021068811416625977,-0.019398808479309082,-0.018080174922943115,-0.017109990119934082,-0.01589864492416382,-0.014561235904693604,-0.013479948043823242,-0.012527644634246826,-0.011530101299285889,-0.010231375694274902,-0.008885204792022705,-0.007565736770629883,-0.006342768669128418,-0.0053809285163879395,-0.0042778849601745605,-0.0029561519622802734,-0.0016814470291137695,-0.0005701184272766113,0.00036340951919555664,0.0015694499015808105,0.0029889941215515137,0.004068970680236816,0.005078256130218506,0.006010591983795166,0.007003664970397949,0.008024871349334717,0.00910937786102295,0.009891986846923828,0.010690450668334961,0.011598527431488037,0.012528955936431885,0.013805806636810303,0.015049099922180176,0.01613330841064453,0.01741844415664673,0.018821001052856445,0.02008843421936035,0.02141481637954712,0.022908151149749756,0.024621784687042236,0.026621639728546143,0.028347134590148926,0.02986055612564087,0.03161507844924927,0.03310251235961914,0.03444796800613403,0.035206615924835205,0.035600364208221436,0.03511619567871094,0.03412562608718872,0.03249549865722656,0.030835211277008057,0.027825534343719482,0.024070262908935547,0.019862651824951172,0.016225814819335938,0.012620508670806885,0.00917142629623413,0.011564075946807861,0.014464259147644043,0.01762211322784424,0.020476102828979492,0.023100197315216064,0.02608335018157959,0.028921961784362793,0.031588733196258545,0.033788084983825684,0.03582876920700073,0.03767204284667969,0.039257705211639404,0.04053854942321777,0.041475117206573486,0.04214608669281006,0.042618632316589355,0.04282099008560181,0.042739272117614746,0.04225659370422363,0.04118359088897705,0.040248215198516846,0.03928864002227783,0.03769797086715698,0.035482704639434814,0.03324311971664429,0.03133583068847656,0.029092848300933838,0.026403427124023438,0.023331761360168457,0.0203821063041687,0.0174064040184021,0.0140838623046875,0.01059025526046753,0.006888270378112793,0.0032699108123779297,-0.0002225041389465332,-0.0037186741828918457,-0.007273256778717041,-0.010838568210601807,-0.014361143112182617,-0.01742076873779297,-0.02040565013885498,-0.023158013820648193,-0.02594292163848877,-0.028699874877929688,-0.03109639883041382,-0.03335607051849365,-0.03533118963241577,-0.03715008497238159,-0.03867596387863159,-0.03987276554107666,-0.04093247652053833,-0.04185819625854492,-0.042337656021118164,-0.042349159717559814,-0.04175800085067749,-0.04108381271362305,-0.04045373201370239,-0.03945469856262207,-0.03780698776245117,-0.0358121395111084,-0.03361213207244873,-0.03146129846572876,-0.02873462438583374,-0.025913894176483154,-0.02289557456970215,-0.01983058452606201,-0.017120182514190674,-0.01445072889328003,-0.011810243129730225,-0.009267210960388184,-0.006756424903869629,-0.00502324104309082,-0.0036266446113586426,-0.002265632152557373
11,0.0,0.0,0.0,0.0,0.0,0.0,0.0,0.0,0.0,0.0,0.0,0.0,0.0,0.0,0.0,0.0,0.0,0.0,0.0,0.0,0.0,0.0,0.0,0.0,0.0,0.0,0.0,0.0,0.0,0.0,0.0,0.0,0.0,0.0,0.0,0.0,0.0,0.0,0.0,0.0,0.0,0.0,0.0,0.0,0.0,0.0,0.0,0.0,0.0,0.0,0.0,0.0,0.0,0.0,0.0,0.0,0.0,0.0,0.0,0.0,0.0,0.0,0.0,0.0,0.0,0.0,0.0,0.0,0.0,0.0,0.0,0.0,0.0,0.0,0.0,0.0,0.0,0.0,0.0,0.0,0.0,0.0,0.0,0.0,0.0,0.0,0.0,0.0,0.0,0.0,0.0,0.0,0.0,0.0,0.0,0.0,0.0,0.0,0.0,0.0,0.0,0.0,0.0,0.0,0.0,0.0,0.0,0.0,0.0,0.0,0.0,0.0,0.0,0.0,0.0,0.0,0.0,0.0,0.0,0.0,0.0,0.0,0.0,0.0,0.0,0.0,0.0,0.0,0.0,0.0,0.0,0.0,0.0,0.0,0.0,0.0,0.0,0.0,0.0,0.0,0.0,0.0,0.0,0.0,0.0,0.0,0.0,0.0,0.0,0.0,0.005737888626754284,0.01725105568766594,0.03348340839147568,0.04412791505455971,0.0493391789495945,0.05085902661085129,0.05375366657972336,0.053806934505701065,0.04812317341566086,0.05477666109800339,0.056803926825523376,0.05512159317731857,0.05265991389751434,0.044614627957344055,0.01843401789665222,-0.017177509143948555,-0.03492799401283264,-0.03604744002223015,-0.049616679549217224,-0.05848020315170288,-0.055789947509765625,-0.05368039011955261,-0.059219688177108765,-0.0638616755604744,-0.05559677258133888,-0.04709486663341522,-0.017081433907151222,0.020669693127274513,0.040215376764535904,0.050189707428216934,0.056481849402189255,0.06415779143571854,0.0647394061088562,0.05625525489449501,0.06655000150203705,0.07150313258171082,0.06824998557567596,0.06332915276288986,0.052179478108882904,0.014067113399505615,-0.023589760065078735,-0.04073234647512436,-0.04395614564418793,-0.05598488822579384,-0.06810546666383743,-0.06514425575733185,-0.06269346922636032,-0.0709928646683693,-0.07749926298856735,-0.06570510566234589,-0.051314037293195724,-0.018207961693406105,0.021825455129146576,0.03889428451657295,0.048861533403396606,0.05637617036700249,0.06703425198793411,0.07187772542238235,0.06263939291238785,0.0750671997666359,0.08150696754455566,0.0736638680100441,0.06422876566648483,0.049637869000434875,0.012173205614089966,-0.02085079438984394,-0.0365719199180603,-0.044795677065849304,-0.05510399863123894,-0.07098476588726044,-0.067566879093647,-0.06358406692743301,-0.06978201121091843,-0.07322242856025696,-0.062419239431619644
12,-0.05000000074505806,-0.05000000074505806,-0.05000000074505806,-0.05000000074505806,-0.05000000074505806,-0.05000000074505806,-0.05000000074505806,-0.05000000074505806,-0.05000000074505806,-0.05000000074505806,-0.05000000074505806,-0.05000000074505806,-0.05000000074505806,-0.05000000074505806,-0.05000000074505806,-0.05000000074505806,-0.05000000074505806,-0.05000000074505806,-0.05000000074505806,-0.05000000074505806,-0.05000000074505806,-0.05000000074505806,-0.05000000074505806,-0.05000000074505806,-0.05000000074505806,-0.05000000074505806,-0.05000000074505806,-0.05000000074505806,-0.05000000074505806,-0.05000000074505806,-0.05000000074505806,-0.05000000074505806,-0.05000000074505806,-0.05000000074505806,-0.05000000074505806,-0.05000000074505806,-0.05000000074505806,-0.05000000074505806,-0.05000000074505806,-0.05000000074505806,-0.05000000074505806,-0.05000000074505806,-0.05000000074505806,-0.05000000074505806,-0.05000000074505806,-0.05000000074505806,-0.05000000074505806,-0.05000000074505806,-0.05000000074505806,-0.05000000074505806,-0.05000000074505806,-0.05000000074505806,-0.05000000074505806,-0.05000000074505806,-0.05000000074505806,-0.05000000074505806,-0.05000000074505806,-0.05000000074505806,-0.05000000074505806,-0.05000000074505806,-0.05000000074505806,-0.05000000074505806,-0.05000000074505806,-0.05000000074505806,-0.05000000074505806,-0.05000000074505806,-0.05000000074505806,-0.05000000074505806,-0.05000000074505806,-0.05000000074505806,-0.05000000074505806,-0.05000000074505806,-0.05000000074505806,-0.05000000074505806,-0.05000000074505806,-0.05000000074505806,-0.05000000074505806,-0.05000000074505806,-0.05000000074505806,-0.05000000074505806,-0.05000000074505806,-0.05000000074505806,-0.05000000074505806,-0.05000000074505806,-0.05000000074505806,-0.05000000074505806,-0.05000000074505806,-0.05000000074505806,-0.05000000074505806,-0.05000000074505806,-0.05000000074505806,-0.05000000074505806,-0.05000000074505806,-0.05000000074505806,-0.05000000074505806,-0.05000000074505806,-0.05000000074505806,-0.05000000074505806,-0.05000000074505806,-0.05000000074505806,-0.05000000074505806,-0.05000000074505806,-0.05000000074505806,-0.05000000074505806,-0.05000000074505806,-0.05000000074505806,-0.05000000074505806,-0.05000000074505806,-0.05000000074505806,-0.05000000074505806,-0.05000000074505806,-0.05000000074505806,-0.05000000074505806,-0.05000000074505806,-0.05000000074505806,-0.05000000074505806,-0.05000000074505806,-0.05000000074505806,-0.05000000074505806,-0.05000000074505806,-0.05000000074505806,-0.05000000074505806,-0.05000000074505806,-0.05000000074505806,-0.05000000074505806,-0.05000000074505806,-0.05000000074505806,-0.05000000074505806,-0.05000000074505806,-0.05000000074505806,-0.05000000074505806,-0.05000000074505806,-0.05000000074505806,-0.05000000074505806,-0.05000000074505806,-0.05000000074505806,-0.05000000074505806,-0.05000000074505806,-0.05000000074505806,-0.05000000074505806,-0.05000000074505806,-0.05000000074505806,-0.05000000074505806,-0.05000000074505806,-0.05000000074505806,-0.05000000074505806,-0.05000000074505806,-0.05000000074505806,-0.05000000074505806,-0.05000000074505806,-0.05000000074505806,-0.05000000074505806,-0.05000000074505806,-0.05000000074505806,-0.05000000074505806,-0.05000000074505806,-0.05000000074505806,-0.05000000074505806,-0.05000000074505806,-0.05000000074505806,-0.05000000074505806,-0.05000000074505806,-0.05000000074505806,-0.05000000074505806,-0.05000000074505806,-0.05000000074505806,-0.05000000074505806,-0.05000000074505806,-0.05000000074505806,-0.05000000074505806,-0.05000000074505806,-0.05000000074505806,-0.05000000074505806,-0.05000000074505806,-0.05000000074505806,-0.05000000074505806,-0.05000000074505806,-0.05000000074505806,-0.05000000074505806,-0.05000000074505806,-0.05000000074505806,-0.05000000074505806,-0.05000000074505806,-0.05000000074505806,-0.05000000074505806,-0.05000000074505806,-0.05000000074505806,-0.05000000074505806,-0.05000000074505806,-0.05000000074505806,-0.05000000074505806,-0.05000000074505806,-0.05000000074505806,-0.05000000074505806,-0.05000000074505806,-0.05000000074505806,-0.05000000074505806,-0.05000000074505806,-0.05000000074505806,-0.05000000074505806,-0.05000000074505806,-0.05000000074505806,-0.05000000074505806,-0.05000000074505806,-0.05000000074505806,-0.05000000074505806,-0.05000000074505806,-0.05000000074505806,-0.05000000074505806,-0.05000000074505806,-0.05000000074505806,-0.05000000074505806,-0.05000000074505806,-0.05000000074505806,-0.05000000074505806,-0.05000000074505806,-0.05000000074505806,-0.05000000074505806,-0.05000000074505806,-0.05000000074505806,-0.05000000074505806,-0.05000000074505806,-0.05000000074505806,-0.05000000074505806,-0.05000000074505806
13,0.009921491146087646,0.01678544282913208,0.025094211101531982,0.03274017572402954,0.038611412048339844,0.04159575700759888,0.04207253456115723,0.0407942533493042,0.03832751512527466,0.035483479499816895,0.03309375047683716,0.03110206127166748,0.029374659061431885,0.027725160121917725,0.025946319103240967,0.0243302583694458,0.022621512413024902,0.020991146564483643,0.01898878812789917,0.016987085342407227,0.014960050582885742,0.012708783149719238,0.010420918464660645,0.007866501808166504,0.00530242919921875,0.002910912036895752,0.0011560916900634766,0.0006129741668701172,0.0005934238433837891,0.0005965828895568848,0.0008957386016845703,0.0007712244987487793,0.000656425952911377,0.0002790689468383789,-0.00012236833572387695,-0.00022304058074951172,-0.0002663135528564453,-5.6624412536621094e-05,1.9729137420654297e-05,5.40614128112793e-05,0.00016605854034423828,0.00013965368270874023,0.00015372037887573242,4.5299530029296875e-05,6.324052810668945e-05,0.0001480579376220703,0.00012302398681640625,0.0001894235610961914,0.00010699033737182617,-0.00029391050338745117,-0.0005925893783569336,-0.0008249282836914062,-0.0006151199340820312,-0.0003464221954345703,0.00014346837997436523,0.0005612969398498535,0.0007097721099853516,0.0006113052368164062,0.0003985762596130371,0.00016045570373535156,1.436471939086914e-05,-0.00010561943054199219,4.398822784423828e-05,4.2319297790527344e-05,-0.00013756752014160156,-0.00030517578125,-0.00017976760864257812,-4.762411117553711e-05,-8.83936882019043e-05,-0.00014382600784301758,-9.417533874511719e-05,0.0001647472381591797,0.00039762258529663086,0.0003719329833984375,0.00024944543838500977,-0.0010617971420288086,-0.0012984275817871094,-0.0012156963348388672,-0.00143510103225708,-0.001265883445739746,-0.0008348822593688965,-0.00020366907119750977,-6.943941116333008e-05,4.76837158203125e-07,-0.00010138750076293945,-3.5703182220458984e-05,8.255243301391602e-05,0.00017660856246948242,0.0004532337188720703,0.0008373260498046875,0.0008778572082519531,0.0009073019027709961,0.0007027983665466309,0.00025957822799682617,-0.00018203258514404297,-0.0006889104843139648,-0.0012313127517700195,-0.0008916854858398438,0.00024962425231933594,0.003482341766357422,0.008648216724395752,0.015681326389312744,0.02412116527557373,0.03181225061416626,0.03809249401092529,0.0411069393157959,0.041758596897125244,0.040083885192871094,0.03768247365951538,0.03485667705535889,0.03262615203857422,0.03068023920059204,0.0287015438079834,0.02697443962097168,0.025262832641601562,0.02361917495727539,0.021917223930358887,0.02007085084915161,0.018240690231323242,0.016283035278320312,0.014275431632995605,0.012201964855194092,0.010121762752532959,0.007935523986816406,0.005451858043670654,0.0033528804779052734,0.0015178322792053223,0.0005168914794921875,8.291006088256836e-05,-6.818771362304688e-05,0.0001461505889892578,0.00019377470016479492,-2.4616718292236328e-05,-0.0001080632209777832,-0.00020569562911987305,-0.00012028217315673828,-0.00023984909057617188,-0.00024300813674926758,-0.0002765655517578125,-0.00032836198806762695,-0.00018936395645141602,-0.00019603967666625977,-0.00031882524490356445,-0.0003796219825744629,-0.0003498196601867676,-6.020069122314453e-05,-2.1457672119140625e-06,5.525350570678711e-05,0.00010585784912109375,-0.00014859437942504883,-0.0009229183197021484,-0.0007987022399902344,-0.0001519322395324707,0.0005447864532470703,0.0013055801391601562,0.0013578534126281738,0.001063227653503418,0.0009086132049560547,0.0007980465888977051,0.0005934238433837891,0.0004601478576660156,0.00030601024627685547,0.0003733634948730469,0.00039005279541015625,0.000525355339050293,0.00044268369674682617,0.0002846717834472656,0.00022125244140625,0.0003769993782043457,0.00042510032653808594,0.00016677379608154297,5.078315734863281e-05,-0.00013363361358642578,-0.0004869699478149414,-0.0009362697601318359,-0.0011792778968811035,-0.001365363597869873,-0.0013396143913269043,-0.0012156367301940918,-0.0004458427429199219,-0.0003547072410583496,8.58306884765625e-06,0.00011295080184936523,0.0004057884216308594,0.00043904781341552734,0.0003604888916015625,0.00033915042877197266,0.0005668997764587402,0.0007404685020446777,0.0011546015739440918,0.0010528564453125,0.0009669661521911621,0.0008180737495422363,0.0005474090576171875,0.0001195073127746582,-0.00013440847396850586,-0.0004997849464416504,4.857778549194336e-05,0.0015090703964233398,0.0050577521324157715,0.010162591934204102,0.01694166660308838,0.024969935417175293,0.03241288661956787,0.038528621196746826,0.041203320026397705,0.0418248176574707,0.040619611740112305,0.038614869117736816,0.036104440689086914,0.033669352531433105,0.031580448150634766,0.02959895133972168,0.02796649932861328,0.026074349880218506,0.024283528327941895,0.022480249404907227,0.020652472972869873,0.01891988515853882,0.017058849334716797,0.014969170093536377,0.012935459613800049,0.010977745056152344,0.008896708488464355,0.006754398345947266
14,0.0,0.0,0.0,0.0,0.0,0.0,0.0,0.0,0.0,0.0,0.0,0.0,0.0,0.0,0.0,0.0,0.0,0.0,0.0,0.0,0.0,0.0,0.0,0.0,0.0,0.0,0.0,0.0,0.0,0.0,0.0,0.0,0.0,0.0,0.0,0.0,0.0,0.0,0.0,0.0,0.0,0.0,0.0,0.0,0.0,0.0,0.0,0.0,0.0,0.0,0.0,0.0,0.0,0.0,0.0,0.0,0.0,0.0,0.0,0.0,0.0,0.0,0.0,0.0,0.0,0.0,0.0,0.0,0.0,0.0,0.0,0.0,0.0,0.0,0.0,-0.0007784366607666016,-0.0021099448204040527,-0.0031423568725585938,-0.004913330078125,-0.006845653057098389,-0.009008407592773438,-0.011427700519561768,-0.013864696025848389,-0.01639246940612793,-0.018598318099975586,-0.021194517612457275,-0.023440182209014893,-0.02549988031387329,-0.027469396591186523,-0.029078185558319092,-0.030898451805114746,-0.03195059299468994,-0.03280758857727051,-0.033175110816955566,-0.03320491313934326,-0.03347575664520264,-0.032612144947052,-0.031625449657440186,-0.02977997064590454,-0.028225600719451904,-0.025986671447753906,-0.02388143539428711,-0.02164459228515625,-0.01915884017944336,-0.01705026626586914,-0.014982879161834717,-0.012526631355285645,-0.010539472103118896,-0.008935511112213135,-0.007774531841278076,-0.006814122200012207,-0.005243420600891113,-0.0046024322509765625,-0.004896581172943115,-0.005563020706176758,-0.006495952606201172,-0.007397949695587158,-0.009015500545501709,-0.011082887649536133,-0.013543248176574707,-0.015964627265930176,-0.018426477909088135,-0.020896077156066895,-0.02345716953277588,-0.025918543338775635,-0.02830791473388672,-0.030683398246765137,-0.03279632329940796,-0.03451657295227051,-0.036120474338531494,-0.03724265098571777,-0.03774380683898926,-0.03806382417678833,-0.03775078058242798,-0.0372241735458374,-0.036260008811950684,-0.03438889980316162,-0.033065974712371826,-0.03090900182723999,-0.02866041660308838,-0.02596735954284668,-0.022883117198944092,-0.02021467685699463,-0.017297565937042236,-0.014734804630279541,-0.011608242988586426,-0.008584201335906982,-0.006159007549285889,-0.0043149590492248535,-0.00275421142578125,0.0,0.0,0.0,0.0,0.0,0.0,0.0,0.0,0.0,0.0,0.0,0.0,0.0,0.0,0.0,0.0,0.0,0.0,0.0,0.0,0.0,0.0,0.0,0.0,0.0,0.0,0.0,0.0,0.0,0.0,0.0,0.0,0.0,0.0,0.0,0.0,0.0,0.0,0.0,0.0,0.0,0.0,0.0,0.0,0.0,0.0,0.0,0.0,0.0,0.0,0.0,0.0,0.0,0.0,0.0,0.0,0.0,0.0,0.0,0.0,0.0,0.0,0.0,0.0,0.0,0.0,0.0,0.0,0.0,0.0,0.0,0.0,0.0,0.0,0.0
15,-0.036523520946502686,-0.04099947214126587,-0.04053980112075806,-0.03985249996185303,-0.038838863372802734,-0.03673499822616577,-0.0369606614112854,-0.038182616233825684,-0.03705322742462158,-0.03754299879074097,-0.03879868984222412,-0.03960442543029785,-0.03903597593307495,-0.03854084014892578,-0.039347290992736816,-0.03821617364883423,-0.03654170036315918,-0.03703773021697998,-0.03999817371368408,-0.04351174831390381,-0.047490596771240234,-0.05156785249710083,-0.054055631160736084,-0.05427783727645874,-0.0528450608253479,-0.049680352210998535,-0.0461617112159729,-0.04307281970977783,-0.04049414396286011,-0.03495603799819946,-0.029778122901916504,-0.02680075168609619,-0.026367127895355225,-0.01996135711669922,-0.012897312641143799,0.0005581974983215332,0.017096638679504395,0.03173720836639404,0.03806161880493164,0.037523627281188965,0.03729045391082764,0.036366045475006104,0.03376209735870361,0.0339428186416626,0.03603643178939819,0.03429234027862549,0.03394192457199097,0.036118924617767334,0.038170039653778076,0.038872361183166504,0.03858262300491333,0.038381099700927734,0.03730356693267822,0.03690505027770996,0.03842353820800781,0.041129887104034424,0.04274439811706543,0.04392021894454956,0.04598325490951538,0.04963648319244385,0.052184998989105225,0.052263081073760986,0.04969143867492676,0.04591858386993408,0.04301810264587402,0.041170477867126465,0.037687480449676514,0.03524821996688843,0.03307729959487915,0.03203326463699341,0.0286102294921875,0.026359140872955322,0.020376503467559814,0.011418819427490234,0.004666268825531006,0.0,0.0,0.0,0.0,0.0,0.0,0.0,0.0,0.0,0.0,0.0,0.0,0.0,0.0,0.0,0.0,0.0,0.0,0.0,0.0,0.0,0.0,0.0,0.0,0.0,0.0,0.0,0.0,0.0,0.0,0.0,0.0,0.0,0.0,0.0,0.0,0.0,0.0,0.0,0.0,0.0,0.0,0.0,0.0,0.0,0.0,0.0,0.0,0.0,0.0,0.0,0.0,0.0,0.0,0.0,0.0,0.0,0.0,0.0,0.0,0.0,0.0,0.0,0.0,0.0,0.0,0.0,0.0,0.0,0.0,0.0,0.0,0.0,0.0,0.0,0.03827357292175293,0.042867839336395264,0.04259544610977173,0.041769564151763916,0.0405733585357666,0.03869616985321045,0.03888130187988281,0.04015791416168213,0.039044737815856934,0.039398014545440674,0.04092276096343994,0.04170870780944824,0.04114252328872681,0.040536344051361084,0.041425883769989014,0.04048651456832886,0.03853464126586914,0.03888261318206787,0.04199641942977905,0.04554939270019531,0.04969888925552368,0.053624749183654785,0.05588841438293457,0.05616706609725952,0.05478554964065552,0.05184280872344971,0.04826545715332031,0.04490554332733154,0.04222685098648071,0.03701460361480713,0.0318569540977478,0.02885657548904419,0.028474509716033936,0.02180492877960205,0.014744102954864502,0.0013724565505981445,-0.015308797359466553,-0.029791057109832764,-0.03638392686843872,-0.03583341836929321,-0.03561121225357056,-0.034768104553222656,-0.032000958919525146,-0.032330989837646484,-0.03440260887145996,-0.03243917226791382,-0.03220182657241821,-0.03454655408859253,-0.036710917949676514,-0.03712308406829834,-0.03688383102416992,-0.036745548248291016,-0.03583323955535889,-0.03562331199645996,-0.036746323108673096,-0.0394245982170105,-0.04115784168243408,-0.042371928691864014,-0.044576048851013184,-0.04797142744064331,-0.050641775131225586,-0.050802409648895264,-0.0484999418258667,-0.044815659523010254,-0.04155433177947998,-0.03958785533905029,-0.035940468311309814,-0.033842384815216064,-0.03188389539718628,-0.03064626455307007,-0.027115345001220703,-0.024833321571350098,-0.018897831439971924,-0.009999632835388184,-0.0031881332397460938
16,0.0,0.0,0.0,0.0,0.0,0.0,0.0,0.0,0.0,0.0,0.0,0.0,0.0,0.0,0.0,0.0,0.0,0.0,0.0,0.0,0.0,0.0,0.0,0.0,0.0,0.0,0.0,0.0,0.0,0.0,0.0,0.0,0.0,0.0,0.0,0.0,0.0,0.0,0.0,0.0,0.0,0.0,0.0,0.0,0.0,0.0,0.0,0.0,0.0,0.0,0.0,0.0,0.0,0.0,0.0,0.0,0.0,0.0,0.0,0.0,0.0,0.0,0.0,0.0,0.0,0.0,0.0,0.0,0.0,0.0,0.0,0.0,0.0,0.0,0.0,0.005036294460296631,0.006031334400177002,0.006791532039642334,0.007758080959320068,0.008931994438171387,0.009936034679412842,0.011292517185211182,0.012310266494750977,0.013546109199523926,0.015042483806610107,0.016193091869354248,0.017810940742492676,0.019081711769104004,0.02056264877319336,0.022258996963500977,0.023621737957000732,0.025250375270843506,0.02658867835998535,0.02814692258834839,0.02987462282180786,0.031149625778198242,0.03271526098251343,0.03391939401626587,0.03537094593048096,0.03681814670562744,0.03811007738113403,0.039332032203674316,0.040487587451934814,0.04144567251205444,0.042611539363861084,0.04329890012741089,0.04429656267166138,0.04466867446899414,0.0456010103225708,0.04596221446990967,0.04631155729293823,0.04669386148452759,0.0466119647026062,0.0469365119934082,0.047196149826049805,0.046949028968811035,0.04646700620651245,0.04572033882141113,0.045828163623809814,0.045501530170440674,0.0447503924369812,0.04373544454574585,0.04255318641662598,0.04196298122406006,0.04107177257537842,0.0398402214050293,0.03838473558425903,0.036880314350128174,0.035939931869506836,0.03473025560379028,0.033415138721466064,0.031571805477142334,0.029892921447753906,0.02850806713104248,0.027131855487823486,0.025612592697143555,0.023810267448425293,0.021887540817260742,0.020792245864868164,0.019090771675109863,0.0176546573638916,0.01576167345046997,0.014194607734680176,0.013169050216674805,0.011650145053863525,0.010398924350738525,0.008747279644012451,0.007650434970855713,0.006717324256896973,0.005539596080780029,-0.0013161301612854004,-0.0017808079719543457,-0.0021268129348754883,-0.0029024481773376465,-0.0031868815422058105,-0.0035015344619750977,-0.004347026348114014,-0.0048370361328125,-0.005599617958068848,-0.006087958812713623,-0.00655895471572876,-0.007532238960266113,-0.008246421813964844,-0.00890117883682251,-0.00959324836730957,-0.010290145874023438,-0.011269032955169678,-0.011798381805419922,-0.012741327285766602,-0.013141810894012451,-0.013928472995758057,-0.014695584774017334,-0.015426039695739746,-0.01605534553527832,-0.016581475734710693,-0.017285823822021484,-0.018005013465881348,-0.0183258056640625,-0.019063293933868408,-0.019331514835357666,-0.019898295402526855,-0.020411431789398193,-0.020628035068511963,-0.02100616693496704,-0.021096229553222656,-0.021485984325408936,-0.021757066249847412,-0.02189052104949951,-0.021716654300689697,-0.021487295627593994,-0.021872401237487793,-0.021761655807495117,-0.02124077081680298,-0.02092719078063965,-0.020510315895080566,-0.020598530769348145,-0.02006596326828003,-0.019446134567260742,-0.019003570079803467,-0.018242835998535156,-0.018043160438537598,-0.017260193824768066,-0.01661914587020874,-0.015863120555877686,-0.014864027500152588,-0.014477968215942383,-0.013550341129302979,-0.012656450271606445,-0.011877834796905518,-0.011119246482849121,-0.010742127895355225,-0.009866893291473389,-0.008867859840393066,-0.00797206163406372,-0.007062017917633057,-0.006825923919677734,-0.0058634281158447266,-0.004997670650482178,-0.004278004169464111,-0.0037017464637756348,-0.003337562084197998,-0.002414107322692871,-0.001640617847442627,-0.0009223222732543945,-0.0007843971252441406
17,0.034257471561431885,0.05054664611816406,0.04955887794494629,0.052586257457733154,0.05418407917022705,0.05353754758834839,0.05215567350387573,0.04926818609237671,0.051878154277801514,0.053053975105285645,0.053145766258239746,0.052633047103881836,0.051250576972961426,0.05141592025756836,0.05231541395187378,0.05296677350997925,0.05373108386993408,0.05471527576446533,0.05387449264526367,0.05386018753051758,0.054387569427490234,0.053144752979278564,0.053077101707458496,0.05594569444656372,0.055335402488708496,0.05347704887390137,0.054120540618896484,0.05473750829696655,0.05472153425216675,0.05459719896316528,0.05379128456115723,0.04921853542327881,0.05259132385253906,0.05794680118560791,0.05404984951019287,0.05424618721008301,0.03832423686981201,-0.013493955135345459,-0.04596024751663208,-0.04290372133255005,-0.05045890808105469,-0.05098527669906616,-0.04936659336090088,-0.0467376708984375,-0.047313690185546875,-0.04867875576019287,-0.04814910888671875,-0.04967796802520752,-0.04953813552856445,-0.048814356327056885,-0.050086021423339844,-0.05052739381790161,-0.050147950649261475,-0.052279114723205566,-0.054212987422943115,-0.05085188150405884,-0.04945415258407593,-0.05139029026031494,-0.05093461275100708,-0.050457894802093506,-0.052304625511169434,-0.05280035734176636,-0.0520053505897522,-0.05211609601974487,-0.052238643169403076,-0.05251944065093994,-0.0517117977142334,-0.051036953926086426,-0.0492168664932251,-0.051220595836639404,-0.053737521171569824,-0.05030184984207153,-0.05217409133911133,-0.04571795463562012,-0.018097758293151855,0.0178830623626709,0.026680290699005127,0.026613056659698486,0.028207778930664062,0.02899688482284546,0.028315365314483643,0.027271807193756104,0.026134967803955078,0.027191162109375,0.027724266052246094,0.02791726589202881,0.027577638626098633,0.026791095733642578,0.026806652545928955,0.027587890625,0.02761787176132202,0.02772665023803711,0.027996838092803955,0.027520477771759033,0.027575671672821045,0.027987778186798096,0.027640879154205322,0.027997970581054688,0.029289662837982178,0.028461992740631104,0.02730351686477661,0.02758735418319702,0.02747046947479248,0.027917087078094482,0.028676629066467285,0.02845895290374756,0.026257097721099854,0.02732241153717041,0.029837965965270996,0.027608871459960938,0.027350783348083496,0.019208252429962158,-0.00844639539718628,-0.02583634853363037,-0.025174319744110107,-0.028055846691131592,-0.027274727821350098,-0.025873005390167236,-0.024592101573944092,-0.025136113166809082,-0.0256538987159729,-0.025328874588012695,-0.026430904865264893,-0.026614606380462646,-0.02635335922241211,-0.02672421932220459,-0.026605725288391113,-0.026573359966278076,-0.027145087718963623,-0.027178168296813965,-0.026441872119903564,-0.026597678661346436,-0.028021574020385742,-0.028188347816467285,-0.028191566467285156,-0.02822709083557129,-0.027459561824798584,-0.02700561285018921,-0.026364028453826904,-0.0257146954536438,-0.026132047176361084,-0.026066303253173828,-0.026639699935913086,-0.02582317590713501,-0.026688814163208008,-0.028318941593170166,-0.02670586109161377,-0.026651501655578613,-0.022518813610076904,-0.007560253143310547,0.05143612623214722,0.07499051094055176,0.07317227125167847,0.07668113708496094,0.07880508899688721,0.07776033878326416,0.07608890533447266,0.07234537601470947,0.07591134309768677,0.07782268524169922,0.07823145389556885,0.07754850387573242,0.07542544603347778,0.07594966888427734,0.0774005651473999,0.077597975730896,0.0788869857788086,0.08096033334732056,0.07998472452163696,0.07988595962524414,0.08087676763534546,0.07916074991226196,0.0785071849822998,0.08107537031173706,0.08088797330856323,0.0788874626159668,0.08015984296798706,0.0810888409614563,0.08283936977386475,0.08189809322357178,0.07907593250274658,0.07182133197784424,0.07685863971710205,0.08519577980041504,0.079586923122406,0.07971751689910889,0.05554121732711792,-0.021454453468322754,-0.06800615787506104,-0.06331026554107666,-0.07163256406784058,-0.07353752851486206,-0.07210075855255127,-0.07032930850982666,-0.07025164365768433,-0.07157927751541138,-0.0711258053779602,-0.07329827547073364,-0.0729607343673706,-0.0715869665145874,-0.0731549859046936,-0.07438939809799194,-0.0744549036026001,-0.07641708850860596,-0.07965707778930664,-0.07774120569229126,-0.07430410385131836,-0.07641035318374634,-0.07476675510406494,-0.07341283559799194,-0.07479029893875122,-0.07680392265319824,-0.0766984224319458,-0.07650750875473022,-0.07753729820251465,-0.07991200685501099,-0.07855969667434692,-0.07748985290527344,-0.07330161333084106,-0.07598668336868286,-0.0799565315246582,-0.07379865646362305,-0.07642626762390137,-0.06689715385437012,-0.026715636253356934
18,-0.013364136219024658,-0.015614151954650879,-0.018388450145721436,-0.020828187465667725,-0.023793041706085205,-0.027234435081481934,-0.03017193078994751,-0.03356832265853882,-0.03624165058135986,-0.039329707622528076,-0.04255640506744385,-0.044527411460876465,-0.0471155047416687,-0.0490717887878418,-0.05125993490219116,-0.05301743745803833,-0.05367016792297363,-0.054950833320617676,-0.054760873317718506,-0.055227458477020264,-0.055140674114227295,-0.05376255512237549,-0.052576661109924316,-0.05015069246292114,-0.04810053110122681,-0.04563015699386597,-0.04212993383407593,-0.03919994831085205,-0.034539878368377686,-0.030771851539611816,-0.026592373847961426,-0.021645784378051758,-0.01717209815979004,-0.011597096920013428,-0.006865501403808594,-0.001762986183166504,0.003631770610809326,0.0086669921875,0.014358878135681152,0.01903676986694336,0.02356201410293579,0.02836090326309204,0.032800912857055664,0.03752005100250244,0.04078155755996704,0.04472839832305908,0.04771512746810913,0.050500690937042236,0.05356496572494507,0.054970622062683105,0.05671662092208862,0.05774188041687012,0.05865687131881714,0.059635818004608154,0.05886572599411011,0.05840247869491577,0.057293593883514404,0.056634604930877686,0.05569332838058472,0.05332028865814209,0.05165833234786987,0.04883849620819092,0.04652601480484009,0.04390960931777954,0.040507495403289795,0.037852466106414795,0.034132301807403564,0.031488239765167236,0.02839815616607666,0.024667024612426758,0.022023797035217285,0.018950939178466797,0.016959428787231445,0.014267444610595703,0.011477947235107422,0.0,0.0,0.0,0.0,0.0,0.0,0.0,0.0,0.0,0.0,0.0,0.0,0.0,0.0,0.0,0.0,0.0,0.0,0.0,0.0,0.0,0.0,0.0,0.0,0.0,0.0,0.0,0.0,0.0,0.0,0.0,0.0,0.0,0.0,0.0,0.0,0.0,0.0,0.0,0.0,0.0,0.0,0.0,0.0,0.0,0.0,0.0,0.0,0.0,0.0,0.0,0.0,0.0,0.0,0.0,0.0,0.0,0.0,0.0,0.0,0.0,0.0,0.0,0.0,0.0,0.0,0.0,0.0,0.0,0.0,0.0,0.0,0.0,0.0,0.0,0.0,0.0,0.0,0.0,0.0,0.0,0.0,0.0,0.0,0.0,0.0,0.0,0.0,0.0,0.0,0.0,0.0,0.0,0.0,0.0,0.0,0.0,0.0,0.0,0.0,0.0,0.0,0.0,0.0,0.0,0.0,0.0,0.0,0.0,0.0,0.0,0.0,0.0,0.0,0.0,0.0,0.0,0.0,0.0,0.0,0.0,0.0,0.0,0.0,0.0,0.0,0.0,0.0,0.0,0.0,0.0,0.0,0.0,0.0,0.0,0.0,0.0,0.0,0.0,0.0,0.0,0.0,0.0,0.0,0.0,0.0,0.0,0.0,0.0,0.0
19,0.0,0.0,0.0,0.0,0.0,0.0,0.0,0.0,0.0,0.0,0.0,0.0,0.0,0.0,0.0,0.0,0.0,0.0,0.0,0.0,0.0,0.0,0.0,0.0,0.0,0.0,0.0,0.0,0.0,0.0,0.0,0.0,0.0,0.0,0.0,0.0,0.0,0.0,0.0,0.0,0.0,0.0,0.0,0.0,0.0,0.0,0.0,0.0,0.0,0.0,0.0,0.0,0.0,0.0,0.0,0.0,0.0,0.0,0.0,0.0,0.0,0.0,0.0,0.0,0.0,0.0,0.0,0.0,0.0,0.0,0.0,0.0,0.0,0.0,0.0,0.0,0.0,0.0,0.0,0.0,0.0,0.0,0.0,0.0,0.0,0.0,0.0,0.0,0.0,0.0,0.0,0.0,0.0,0.0,0.0,0.0,0.0,0.0,0.0,0.0,0.0,0.0,0.0,0.0,0.0,0.0,0.0,0.0,0.0,0.0,0.0,0.0,0.0,0.0,0.0,0.0,0.0,0.0,0.0,0.0,0.0,0.0,0.0,0.0,0.0,0.0,0.0,0.0,0.0,0.0,0.0,0.0,0.0,0.0,0.0,0.0,0.0,0.0,0.0,0.0,0.0,0.0,0.0,0.0,0.0,0.0,0.0,0.0,0.0,0.0,0.0,0.0,0.0,0.0,0.0,0.0,0.0,0.0,0.0,0.0,0.0,0.0,0.0,0.0,0.0,0.0,0.0,0.0,0.0,0.0,0.0,0.0,0.0,0.0,0.0,0.0,0.0,0.0,0.0,0.0,0.0,0.0,0.0,0.0,0.0,0.0,0.0,0.0,0.0,0.0,0.0,0.0,0.0,0.0,0.0,0.0,0.0,0.0,0.0,0.0,0.0,0.0,0.0,0.0,0.0,0.0,0.0,0.0,0.0,0.0,0.0,0.0,0.0,0.0,0.0,0.0,0.0,0.0,0.0,0.0,0.0,0.0,0.0,0.0,0.0
20,0.004722118377685547,0.007709801197052002,0.009810864925384521,0.01055455207824707,0.010085880756378174,0.007673382759094238,0.003274261951446533,-0.0027543306350708008,-0.009551286697387695,-0.01544332504272461,-0.018949389457702637,-0.01926523447036743,-0.015923380851745605,-0.008851766586303711,0.0013706684112548828,0.01330113410949707,0.024535179138183594,0.032485246658325195,0.03541839122772217,0.0326685905456543,0.024090707302093506,0.010305166244506836,-0.0066506266593933105,-0.023441314697265625,-0.0371861457824707,-0.04474848508834839,-0.04457741975784302,-0.0368158221244812,-0.02206707000732422,-0.002051711082458496,0.019412994384765625,0.038490891456604004,0.05147051811218262,0.05622345209121704,0.05167579650878906,0.038325369358062744,0.01848423480987549,-0.00475841760635376,-0.027156531810760498,-0.04448807239532471,-0.05383855104446411,-0.053931355476379395,-0.04488497972488403,-0.0283125638961792,-0.0066394805908203125,0.0157700777053833,0.034826040267944336,0.04742652177810669,0.05202394723892212,0.0481562614440918,0.03699833154678345,0.02053391933441162,0.001456141471862793,-0.016286492347717285,-0.02919173240661621,-0.03647196292877197,-0.03720688819885254,-0.03161662817001343,-0.02135568857192993,-0.00811147689819336,0.005487978458404541,0.01673179864883423,0.024290800094604492,0.027591586112976074,0.02654975652694702,0.021747112274169922,0.014449119567871094,0.006117641925811768,-0.001609206199645996,-0.007260799407958984,-0.010848522186279297,-0.012052714824676514,-0.011284828186035156,-0.008534669876098633,-0.004936933517456055,0.0,0.0,0.0,0.0,0.0,0.0,0.0,0.0,0.0,0.0,0.0,0.0,0.0,0.0,0.0,0.0,0.0,0.0,0.0,0.0,0.0,0.0,0.0,0.0,0.0,0.0,0.0,0.0,0.0,0.0,0.0,0.0,0.0,0.0,0.0,0.0,0.0,0.0,0.0,0.0,0.0,0.0,0.0,0.0,0.0,0.0,0.0,0.0,0.0,0.0,0.0,0.0,0.0,0.0,0.0,0.0,0.0,0.0,0.0,0.0,0.0,0.0,0.0,0.0,0.0,0.0,0.0,0.0,0.0,0.0,0.0,0.0,0.0,0.0,0.0,0.0,0.0,0.0,0.0,0.0,0.0,0.0,0.0,0.0,0.0,0.0,0.0,0.0,0.0,0.0,0.0,0.0,0.0,0.0,0.0,0.0,0.0,0.0,0.0,0.0,0.0,0.0,0.0,0.0,0.0,0.0,0.0,0.0,0.0,0.0,0.0,0.0,0.0,0.0,0.0,0.0,0.0,0.0,0.0,0.0,0.0,0.0,0.0,0.0,0.0,0.0,0.0,0.0,0.0,0.0,0.0,0.0,0.0,0.0,0.0,0.0,0.0,0.0,0.0,0.0,0.0,0.0,0.0,0.0,0.0,0.0,0.0,0.0,0.0,0.0
21,0.0,0.0,0.0,0.0,0.0,0.0,0.0,0.0,0.0,0.0,0.0,0.0,0.0,0.0,0.0,0.0,0.0,0.0,0.0,0.0,0.0,0.0,0.0,0.0,0.0,0.0,0.0,0.0,0.0,0.0,0.0,0.0,0.0,0.0,0.0,0.0,0.0,0.0,0.0,0.0,0.0,0.0,0.0,0.0,0.0,0.0,0.0,0.0,0.0,0.0,0.0,0.0,0.0,0.0,0.0,0.0,0.0,0.0,0.0,0.0,0.0,0.0,0.0,0.0,0.0,0.0,0.0,0.0,0.0,0.0,0.0,0.0,0.0,0.0,0.0,0.00042700767517089844,0.0009409189224243164,0.0017129778861999512,0.0023880600929260254,0.002614736557006836,0.0018660426139831543,-0.00023120641708374023,-0.004261612892150879,-0.009376585483551025,-0.015098631381988525,-0.020400047302246094,-0.02468395233154297,-0.027162551879882812,-0.027274012565612793,-0.024923503398895264,-0.020603597164154053,-0.015246450901031494,-0.009320378303527832,-0.00395280122756958,-6.455183029174805e-05,0.00241774320602417,0.0031347274780273438,0.002469480037689209,0.0014328360557556152,0.0004951953887939453,-6.383657455444336e-05,-0.0003476738929748535,0.00010877847671508789,0.0009677410125732422,0.001514434814453125,0.0011086463928222656,-0.0011777877807617188,-0.005741775035858154,-0.011825263500213623,-0.018776297569274902,-0.025835275650024414,-0.03195822238922119,-0.035733819007873535,-0.036603450775146484,-0.034479618072509766,-0.029615700244903564,-0.02296304702758789,-0.015682518482208252,-0.008616268634796143,-0.0029114484786987305,0.0009676218032836914,0.0026775598526000977,0.0026525259017944336,0.00170975923538208,0.0009050965309143066,0.0001938343048095703,8.207559585571289e-05,0.0010052323341369629,0.002274751663208008,0.003325343132019043,0.003290414810180664,0.001736462116241455,-0.0017635822296142578,-0.0067656636238098145,-0.012918591499328613,-0.019662320613861084,-0.02553945779800415,-0.02947843074798584,-0.030984699726104736,-0.02981424331665039,-0.026266872882843018,-0.02117258310317993,-0.014857053756713867,-0.008870303630828857,-0.003869950771331787,-0.00024306774139404297,0.001592397689819336,0.0019223690032958984,0.001467585563659668,0.0007155537605285645,0.0,0.0,0.0,0.0,0.0,0.0,0.0,0.0,0.0,0.0,0.0,0.0,0.0,0.0,0.0,0.0,0.0,0.0,0.0,0.0,0.0,0.0,0.0,0.0,0.0,0.0,0.0,0.0,0.0,0.0,0.0,0.0,0.0,0.0,0.0,0.0,0.0,0.0,0.0,0.0,0.0,0.0,0.0,0.0,0.0,0.0,0.0,0.0,0.0,0.0,0.0,0.0,0.0,0.0,0.0,0.0,0.0,0.0,0.0,0.0,0.0,0.0,0.0,0.0,0.0,0.0,0.0,0.0,0.0,0.0,0.0,0.0,0.0,0.0,0.0
22,0.0,0.0,0.0,0.0,0.0,0.0,0.0,0.0,0.0,0.0,0.0,0.0,0.0,0.0,0.0,0.0,0.0,0.0,0.0,0.0,0.0,0.0,0.0,0.0,0.0,0.0,0.0,0.0,0.0,0.0,0.0,0.0,0.0,0.0,0.0,0.0,0.0,0.0,0.0,0.0,0.0,0.0,0.0,0.0,0.0,0.0,0.0,0.0,0.0,0.0,0.0,0.0,0.0,0.0,0.0,0.0,0.0,0.0,0.0,0.0,0.0,0.0,0.0,0.0,0.0,0.0,0.0,0.0,0.0,0.0,0.0,0.0,0.0,0.0,0.0,0.0,0.0,0.0,0.0,0.0,0.0,0.0,0.0,0.0,0.0,0.0,0.0,0.0,0.0,0.0,0.0,0.0,0.0,0.0,0.0,0.0,0.0,0.0,0.0,0.0,0.0,0.0,0.0,0.0,0.0,0.0,0.0,0.0,0.0,0.0,0.0,0.0,0.0,0.0,0.0,0.0,0.0,0.0,0.0,0.0,0.0,0.0,0.0,0.0,0.0,0.0,0.0,0.0,0.0,0.0,0.0,0.0,0.0,0.0,0.0,0.0,0.0,0.0,0.0,0.0,0.0,0.0,0.0,0.0,0.0,0.0,0.0,0.0,0.0,0.0,0.0009328126907348633,0.001168370246887207,0.001402437686920166,0.0014973878860473633,0.0016464591026306152,0.0019423961639404297,0.002536296844482422,0.0031456947326660156,0.0036365389823913574,0.004277348518371582,0.005186915397644043,0.006263792514801025,0.007444441318511963,0.008729338645935059,0.010303854942321777,0.011553049087524414,0.013111889362335205,0.014760613441467285,0.016188204288482666,0.018038630485534668,0.019720256328582764,0.021785318851470947,0.023708462715148926,0.025934278964996338,0.028393805027008057,0.030421972274780273,0.031974196434020996,0.03295522928237915,0.03373730182647705,0.034512877464294434,0.034822821617126465,0.035124003887176514,0.03535038232803345,0.035304486751556396,0.035703837871551514,0.03574126958847046,0.036374032497406006,0.03694039583206177,0.03717672824859619,0.03749346733093262,0.03755605220794678,0.03726321458816528,0.03687930107116699,0.03692072629928589,0.03737592697143555,0.03799271583557129,0.03883707523345947,0.03975182771682739,0.0400538444519043,0.0396307110786438,0.0385357141494751,0.03665977716445923,0.03433537483215332,0.030961453914642334,0.026832401752471924,0.022075176239013672,0.016944169998168945,0.011953532695770264,0.007469356060028076,0.003615438938140869,0.0010825395584106445,-0.00044274330139160156,-0.0012531280517578125,-0.0017830133438110352,-0.0020171403884887695,-0.0019556283950805664,-0.0015265345573425293,-0.0008983612060546875,-0.0007973909378051758,-0.0014454126358032227,-0.0018009543418884277,-0.0017841458320617676,-0.0017839670181274414,-0.0015628337860107422,-0.001141369342803955
23,0.0,0.0,0.0,0.0,0.0,0.0,0.0,0.0,0.0,0.0,0.0,0.0,0.0,0.0,0.0,0.0,0.0,0.0,0.0,0.0,0.0,0.0,0.0,0.0,0.0,0.0,0.0,0.0,0.0,0.0,0.0,0.0,0.0,0.0,0.0,0.0,0.0,0.0,0.0,0.0,0.0,0.0,0.0,0.0,0.0,0.0,0.0,0.0,0.0,0.0,0.0,0.0,0.0,0.0,0.0,0.0,0.0,0.0,0.0,0.0,0.0,0.0,0.0,0.0,0.0,0.0,0.0,0.0,0.0,0.0,0.0,0.0,0.0,0.0,0.0,0.0,0.0,0.0,0.0,0.0,0.0,0.0,0.0,0.0,0.0,0.0,0.0,0.0,0.0,0.0,0.0,0.0,0.0,0.0,0.0,0.0,0.0,0.0,0.0,0.0,0.0,0.0,0.0,0.0,0.0,0.0,0.0,0.0,0.0,0.0,0.0,0.0,0.0,0.0,0.0,0.0,0.0,0.0,0.0,0.0,0.0,0.0,0.0,0.0,0.0,0.0,0.0,0.0,0.0,0.0,0.0,0.0,0.0,0.0,0.0,0.0,0.0,0.0,0.0,0.0,0.0,0.0,0.0,0.0,0.0,0.0,0.0,0.0,0.0,0.0,-0.04792517423629761,-0.05147993564605713,-0.053584158420562744,-0.055048465728759766,-0.05512970685958862,-0.05403774976730347,-0.05263495445251465,-0.051633596420288086,-0.05140894651412964,-0.050732433795928955,-0.049667954444885254,-0.049220383167266846,-0.04950755834579468,-0.04983627796173096,-0.04951608180999756,-0.04874986410140991,-0.04848700761795044,-0.04841172695159912,-0.04822897911071777,-0.04727458953857422,-0.04598265886306763,-0.04479372501373291,-0.04372608661651611,-0.042632341384887695,-0.040252685546875,-0.037271320819854736,-0.03411608934402466,-0.03118187189102173,-0.028064370155334473,-0.02364814281463623,-0.019062519073486328,-0.014331221580505371,-0.0100974440574646,-0.005795896053314209,-5.549192428588867e-05,0.005589663982391357,0.01063990592956543,0.01498723030090332,0.019672751426696777,0.024875879287719727,0.029533565044403076,0.03318506479263306,0.03549164533615112,0.03816133737564087,0.04108309745788574,0.04330927133560181,0.04441654682159424,0.045184969902038574,0.046314775943756104,0.047963619232177734,0.04881167411804199,0.04894387722015381,0.04866212606430054,0.04884529113769531,0.04968792200088501,0.050295114517211914,0.05013453960418701,0.049639880657196045,0.05046868324279785,0.05192601680755615,0.05325436592102051,0.05427229404449463,0.05506253242492676,0.05606484413146973,0.057466328144073486,0.05788785219192505,0.05575662851333618,0.05161881446838379,0.04738897085189819,0.04170119762420654,0.0343015193939209,0.026476144790649414,0.018261969089508057,0.011650264263153076,0.006758391857147217
24,0.0009613633155822754,0.00025403499603271484,-0.000855565071105957,-0.001849055290222168,-0.00304567813873291,-0.004568696022033691,-0.005640983581542969,-0.00670468807220459,-0.007957100868225098,-0.009012222290039062,-0.010046422481536865,-0.01083141565322876,-0.011737346649169922,-0.012617707252502441,-0.01296323537826538,-0.013182878494262695,-0.013364970684051514,-0.013783812522888184,-0.013940632343292236,-0.014187395572662354,-0.013807415962219238,-0.013429105281829834,-0.013151824474334717,-0.012717604637145996,-0.011826395988464355,-0.010780632495880127,-0.01001352071762085,-0.009174764156341553,-0.008179426193237305,-0.0070822834968566895,-0.005767822265625,-0.004758358001708984,-0.0036547183990478516,-0.002543151378631592,-0.0017074346542358398,-0.0006041526794433594,0.00032317638397216797,0.001151740550994873,0.002260744571685791,0.0030841827392578125,0.004364609718322754,0.00520247220993042,0.005760669708251953,0.006981492042541504,0.007766067981719971,0.00892329216003418,0.009978711605072021,0.010746777057647705,0.011462211608886719,0.01264578104019165,0.013083696365356445,0.013550162315368652,0.014238953590393066,0.014540553092956543,0.01450580358505249,0.014836609363555908,0.014955639839172363,0.014565348625183105,0.014379262924194336,0.014187395572662354,0.013984143733978271,0.013233065605163574,0.012837648391723633,0.012046337127685547,0.011516153812408447,0.010767459869384766,0.009709656238555908,0.00870370864868164,0.007860720157623291,0.006871521472930908,0.0060158371925354,0.004989504814147949,0.004000067710876465,0.003397703170776367,0.003076314926147461,-0.005662858486175537,-0.009312689304351807,-0.012849569320678711,-0.016140520572662354,-0.01991826295852661,-0.023558318614959717,-0.02633112668991089,-0.028640687465667725,-0.03012716770172119,-0.030880391597747803,-0.030908584594726562,-0.030140042304992676,-0.028474032878875732,-0.026175975799560547,-0.022890090942382812,-0.01873546838760376,-0.014185667037963867,-0.008854866027832031,-0.003419339656829834,0.0023385286331176758,0.008081555366516113,0.01322239637374878,0.018627405166625977,0.023548781871795654,0.027500152587890625,0.031143128871917725,0.03340184688568115,0.03486675024032593,0.03594768047332764,0.03561431169509888,0.033724963665008545,0.03129392862319946,0.027778446674346924,0.023473501205444336,0.018464863300323486,0.012670695781707764,0.006531715393066406,0.00027060508728027344,-0.005221664905548096,-0.011477172374725342,-0.017493486404418945,-0.02260458469390869,-0.027041912078857422,-0.03067249059677124,-0.03348278999328613,-0.03559237718582153,-0.03614962100982666,-0.03573739528656006,-0.03432023525238037,-0.032081663608551025,-0.0288543701171875,-0.024637341499328613,-0.02010554075241089,-0.014755785465240479,-0.009000241756439209,-0.0031746625900268555,0.0023906826972961426,0.008603990077972412,0.014277815818786621,0.019739925861358643,0.024264156818389893,0.028200089931488037,0.031513512134552,0.03393667936325073,0.035508155822753906,0.0354304313659668,0.03515005111694336,0.033950865268707275,0.03173351287841797,0.029152512550354004,0.025963127613067627,0.02241373062133789,0.0188751220703125,0.015393614768981934,0.011829376220703125,-0.010139524936676025,-0.011229872703552246,-0.01301729679107666,-0.013680100440979004,-0.015417993068695068,-0.01593571901321411,-0.01575183868408203,-0.015731990337371826,-0.015402257442474365,-0.015114307403564453,-0.01401221752166748,-0.012591719627380371,-0.011077880859375,-0.009358346462249756,-0.00748521089553833,-0.005120813846588135,-0.003028690814971924,-0.0010722875595092773,0.000775456428527832,0.0026938319206237793,0.00476384162902832,0.006540358066558838,0.00846707820892334,0.010437309741973877,0.011850118637084961,0.01358717679977417,0.01532292366027832,0.016809284687042236,0.017980217933654785,0.019111573696136475,0.019585728645324707,0.020573854446411133,0.021335184574127197,0.02167576551437378,0.021793603897094727,0.02151942253112793,0.02140629291534424,0.021514952182769775,0.021461963653564453,0.020397305488586426,0.01994800567626953,0.01947653293609619,0.019148528575897217,0.018264949321746826,0.017522335052490234,0.016679823398590088,0.015775322914123535,0.014963805675506592,0.013776004314422607,0.013036370277404785,0.01152336597442627,0.010035872459411621,0.0084000825881958,0.0065000057220458984,0.0048558712005615234,0.002911388874053955,0.0010691285133361816,-0.0006407499313354492,-0.0026631951332092285,-0.004257678985595703,-0.006123781204223633,-0.007797718048095703,-0.009280264377593994,-0.010549843311309814,-0.011586368083953857,-0.012508928775787354,-0.013148009777069092,-0.013418316841125488,-0.01332700252532959,-0.012804985046386719,-0.012308359146118164,-0.011465847492218018,-0.009880781173706055,-0.008807599544525146,-0.006886661052703857
25,0.017166435718536377,0.020044595003128052,0.022265613079071045,0.023086965084075928,0.022399723529815674,0.020928531885147095,0.01791045069694519,0.012709349393844604,0.0061893463134765625,-0.001933276653289795,-0.01075640320777893,-0.019860565662384033,-0.02875581383705139,-0.036715567111968994,-0.04344046115875244,-0.04691854119300842,-0.04772573709487915,-0.0454828143119812,-0.04025861620903015,-0.03184854984283447,-0.01985400915145874,-0.005614608526229858,0.00977739691734314,0.025578588247299194,0.04047319293022156,0.05423352122306824,0.06514057517051697,0.07196038961410522,0.074521005153656,0.07278546690940857,0.06597131490707397,0.05537986755371094,0.04107847809791565,0.023363083600997925,0.004655569791793823,-0.013810694217681885,-0.03155142068862915,-0.04740700125694275,-0.060704052448272705,-0.06964161992073059,-0.07340103387832642,-0.07234469056129456,-0.06734296679496765,-0.05804136395454407,-0.04521861672401428,-0.028590410947799683,-0.01153603196144104,0.005948692560195923,0.022801756858825684,0.03830358386039734,0.05092978477478027,0.05973160266876221,0.06473273038864136,0.06562694907188416,0.06269752979278564,0.0563734769821167,0.04675373435020447,0.0345785915851593,0.021350830793380737,0.007613450288772583,-0.005158483982086182,-0.01684635877609253,-0.0270766019821167,-0.034677982330322266,-0.03963485360145569,-0.04108205437660217,-0.039548128843307495,-0.03700032830238342,-0.03144383430480957,-0.024020671844482422,-0.01614704728126526,-0.007659792900085449,0.00039249658584594727,0.0075404345989227295,0.013902336359024048,0.0,0.0,0.0,0.0,0.0,0.0,0.0,0.0,0.0,0.0,0.0,0.0,0.0,0.0,0.0,0.0,0.0,0.0,0.0,0.0,0.0,0.0,0.0,0.0,0.0,0.0,0.0,0.0,0.0,0.0,0.0,0.0,0.0,0.0,0.0,0.0,0.0,0.0,0.0,0.0,0.0,0.0,0.0,0.0,0.0,0.0,0.0,0.0,0.0,0.0,0.0,0.0,0.0,0.0,0.0,0.0,0.0,0.0,0.0,0.0,0.0,0.0,0.0,0.0,0.0,0.0,0.0,0.0,0.0,0.0,0.0,0.0,0.0,0.0,0.0,0.0,0.0,0.0,0.0,0.0,0.0,0.0,0.0,0.0,0.0,0.0,0.0,0.0,0.0,0.0,0.0,0.0,0.0,0.0,0.0,0.0,0.0,0.0,0.0,0.0,0.0,0.0,0.0,0.0,0.0,0.0,0.0,0.0,0.0,0.0,0.0,0.0,0.0,0.0,0.0,0.0,0.0,0.0,0.0,0.0,0.0,0.0,0.0,0.0,0.0,0.0,0.0,0.0,0.0,0.0,0.0,0.0,0.0,0.0,0.0,0.0,0.0,0.0,0.0,0.0,0.0,0.0,0.0,0.0,0.0,0.0,0.0,0.0,0.0,0.0
26,0.006400883197784424,0.0025342702865600586,0.0022310614585876465,0.00530087947845459,0.00793766975402832,0.006058931350708008,0.0023102760314941406,0.002129852771759033,0.005365848541259766,0.007631778717041016,0.005821168422698975,0.002146422863006592,0.002343118190765381,0.005964159965515137,0.008029639720916748,0.005429625511169434,0.0017914175987243652,0.00270998477935791,0.0062122344970703125,0.007932960987091064,0.005233407020568848,0.0018520355224609375,0.0028077363967895508,0.0064675211906433105,0.007872223854064941,0.005082368850708008,0.0019408464431762695,0.0032532811164855957,0.006759703159332275,0.00783008337020874,0.004909634590148926,0.0020467042922973633,0.003763258457183838,0.007425069808959961,0.007872819900512695,0.004462122917175293,0.0018752217292785645,0.004010379314422607,0.007632732391357422,0.007866978645324707,0.004175662994384766,0.0020951032638549805,0.004536092281341553,0.0080413818359375,0.007859945297241211,0.004046022891998291,0.0022994279861450195,0.005162835121154785,0.008311152458190918,0.007748007774353027,0.003572225570678711,0.0023844242095947266,0.005236566066741943,0.008487164974212646,0.007552504539489746,0.003649890422821045,0.0026444196701049805,0.005727410316467285,0.008674323558807373,0.007382035255432129,0.003361225128173828,0.0027175545692443848,0.006190896034240723,0.008990168571472168,0.007113099098205566,0.0030347108840942383,0.0029175877571105957,0.006449699401855469,0.009020507335662842,0.006441652774810791,0.002621889114379883,0.0031114816665649414,0.006609439849853516,0.008550763130187988,0.005985617637634277,0.01926565170288086,0.025547325611114502,0.032846927642822266,0.035831332206726074,0.03292369842529297,0.028803348541259766,0.026727378368377686,0.02332252264022827,0.014491081237792969,-9.864568710327148e-05,-0.014514029026031494,-0.024776816368103027,-0.03339409828186035,-0.043781280517578125,-0.054988980293273926,-0.06057769060134888,-0.05713486671447754,-0.04853260517120361,-0.039697110652923584,-0.02993100881576538,-0.014681041240692139,0.006988883018493652,0.02940678596496582,0.046800076961517334,0.059021711349487305,0.0704764723777771,0.0812346339225769,0.08634573221206665,0.08160358667373657,0.06898665428161621,0.05494576692581177,0.04112124443054199,0.024182379245758057,0.0022608041763305664,-0.02072453498840332,-0.03770756721496582,-0.04738783836364746,-0.05374830961227417,-0.059435248374938965,-0.06162083148956299,-0.05509233474731445,-0.041267454624176025,-0.026063084602355957,-0.013807296752929688,-0.0020709633827209473,0.012890517711639404,0.02892887592315674,0.039971351623535156,0.04295158386230469,0.04212909936904907,0.04243260622024536,0.041876018047332764,0.03657585382461548,0.025150835514068604,0.012907445430755615,0.005305767059326172,0.0008174777030944824,-0.005247056484222412,-0.01355588436126709,-0.019087493419647217,-0.017850100994110107,-0.012754559516906738,-0.009058117866516113,-0.008316516876220703,-0.005757689476013184,0.0013425350189208984,0.009508192539215088,0.013430416584014893,0.012170970439910889,0.011538922786712646,0.014541327953338623,0.017589271068572998,0.01595926284790039,0.010108709335327148,0.006260812282562256,-0.011030793190002441,-0.014006972312927246,-0.0212860107421875,-0.02731269598007202,-0.026420652866363525,-0.020683646202087402,-0.015162646770477295,-0.012104630470275879,-0.0063283443450927734,0.0065615177154541016,0.022927403450012207,0.03657931089401245,0.04476124048233032,0.05185401439666748,0.06161010265350342,0.06931442022323608,0.06914770603179932,0.05971282720565796,0.04741567373275757,0.03652799129486084,0.02382338047027588,0.005217373371124268,-0.01858419179916382,-0.03930628299713135,-0.05236542224884033,-0.060779571533203125,-0.06899040937423706,-0.075492262840271,-0.07390439510345459,-0.06186676025390625,-0.04462432861328125,-0.02834630012512207,-0.013374507427215576,0.005642235279083252,0.028571009635925293,0.048690736293792725,0.06043398380279541,0.06445705890655518,0.06729751825332642,0.06948190927505493,0.06635171175003052,0.05426579713821411,0.03668999671936035,0.021894395351409912,0.010642588138580322,-0.0009947419166564941,-0.01571369171142578,-0.02931380271911621,-0.03513050079345703,-0.03331553936004639,-0.02988755702972412,-0.02856266498565674,-0.026309967041015625,-0.017336368560791016,-0.003752589225769043,0.007424294948577881,0.012419462203979492,0.01551741361618042,0.021527409553527832,0.028452396392822266,0.03082406520843506,0.025886952877044678,0.018992304801940918,0.016166627407073975,0.015621840953826904,0.011820673942565918,0.003299236297607422,-0.0038806796073913574,-0.00439220666885376,-0.0017702579498291016,-0.001371920108795166,-0.005243659019470215,-0.006859123706817627,-0.0023673176765441895,0.003617703914642334
27,0.010919809341430664,0.01145845651626587,0.012164711952209473,0.01217508316040039,0.011000275611877441,0.009701192378997803,0.006236910820007324,0.002514958381652832,-0.0016570687294006348,-0.00561445951461792,-0.010097324848175049,-0.01510530710220337,-0.019084692001342773,-0.021547377109527588,-0.022989332675933838,-0.022376954555511475,-0.02128523588180542,-0.01791173219680786,-0.013340771198272705,-0.006778717041015625,0.0002478957176208496,0.00795656442642212,0.01642787456512451,0.024096906185150146,0.030737876892089844,0.03527176380157471,0.03718537092208862,0.037150800228118896,0.03332453966140747,0.02720785140991211,0.018713653087615967,0.008055269718170166,-0.0036340951919555664,-0.01568204164505005,-0.02650916576385498,-0.03590351343154907,-0.0432087779045105,-0.04652225971221924,-0.04742789268493652,-0.04390847682952881,-0.037458956241607666,-0.028222382068634033,-0.016431868076324463,-0.002608180046081543,0.011893808841705322,0.025065124034881592,0.0366477370262146,0.046118855476379395,0.051888346672058105,0.05433094501495361,0.051988422870635986,0.045903146266937256,0.03666931390762329,0.02467864751815796,0.011614561080932617,-0.0030922889709472656,-0.017040789127349854,-0.029375970363616943,-0.03897219896316528,-0.04529833793640137,-0.04845684766769409,-0.0478745698928833,-0.04401499032974243,-0.0375666618347168,-0.0282323956489563,-0.01777517795562744,-0.0058577656745910645,0.005859851837158203,0.016439437866210938,0.025744199752807617,0.03180062770843506,0.03580033779144287,0.036715805530548096,0.035380661487579346,0.031101644039154053,0.0,0.0,0.0,0.0,0.0,0.0,0.0,0.0,0.0,0.0,0.0,0.0,0.0,0.0,0.0,0.0,0.0,0.0,0.0,0.0,0.0,0.0,0.0,0.0,0.0,0.0,0.0,0.0,0.0,0.0,0.0,0.0,0.0,0.0,0.0,0.0,0.0,0.0,0.0,0.0,0.0,0.0,0.0,0.0,0.0,0.0,0.0,0.0,0.0,0.0,0.0,0.0,0.0,0.0,0.0,0.0,0.0,0.0,0.0,0.0,0.0,0.0,0.0,0.0,0.0,0.0,0.0,0.0,0.0,0.0,0.0,0.0,0.0,0.0,0.0,0.0,0.0,0.0,0.0,0.0,0.0,0.0,0.0,0.0,0.0,0.0,0.0,0.0,0.0,0.0,0.0,0.0,0.0,0.0,0.0,0.0,0.0,0.0,0.0,0.0,0.0,0.0,0.0,0.0,0.0,0.0,0.0,0.0,0.0,0.0,0.0,0.0,0.0,0.0,0.0,0.0,0.0,0.0,0.0,0.0,0.0,0.0,0.0,0.0,0.0,0.0,0.0,0.0,0.0,0.0,0.0,0.0,0.0,0.0,0.0,0.0,0.0,0.0,0.0,0.0,0.0,0.0,0.0,0.0,0.0,0.0,0.0,0.0,0.0,0.0
28,-0.03343188762664795,-0.043776631355285645,-0.04543888568878174,-0.04076707363128662,-0.03623443841934204,-0.03364163637161255,-0.028720974922180176,-0.02377307415008545,-0.01947009563446045,-0.016344785690307617,-0.013025224208831787,-0.006741046905517578,-0.0014591813087463379,0.0035681724548339844,0.008092284202575684,0.012542366981506348,0.015678226947784424,0.02005821466445923,0.026028215885162354,0.028960347175598145,0.034611523151397705,0.02885127067565918,0.03786051273345947,0.04323685169219971,0.028395533561706543,-0.01402217149734497,-0.04015493392944336,-0.04639768600463867,-0.042149484157562256,-0.03739726543426514,-0.03365403413772583,-0.02999258041381836,-0.02588176727294922,-0.021267294883728027,-0.017596840858459473,-0.013583242893218994,-0.007200658321380615,-0.002095639705657959,0.003111541271209717,0.007088184356689453,0.011896848678588867,0.015132129192352295,0.018950462341308594,0.025282561779022217,0.027536988258361816,0.031209230422973633,0.026591718196868896,0.03871554136276245,0.045163631439208984,0.0357096791267395,-0.0021138787269592285,-0.03115522861480713,-0.03957712650299072,-0.03702282905578613,-0.033213019371032715,-0.029912114143371582,-0.027723193168640137,-0.024268686771392822,-0.019807875156402588,-0.01639425754547119,-0.012066125869750977,-0.006768345832824707,-0.0037374496459960938,0.0011061429977416992,0.005037665367126465,0.01041567325592041,0.014276623725891113,0.017359673976898193,0.022757768630981445,0.02343130111694336,0.023984789848327637,0.021392524242401123,0.033518075942993164,0.039324402809143066,0.04067915678024292,0.0,0.0,0.0,0.0,0.0,0.0,0.0,0.0,0.0,0.0,0.0,0.0,0.0,0.0,0.0,0.0,0.0,0.0,0.0,0.0,0.0,0.0,0.0,0.0,0.0,0.0,0.0,0.0,0.0,0.0,0.0,0.0,0.0,0.0,0.0,0.0,0.0,0.0,0.0,0.0,0.0,0.0,0.0,0.0,0.0,0.0,0.0,0.0,0.0,0.0,0.0,0.0,0.0,0.0,0.0,0.0,0.0,0.0,0.0,0.0,0.0,0.0,0.0,0.0,0.0,0.0,0.0,0.0,0.0,0.0,0.0,0.0,0.0,0.0,0.0,0.0,0.0,0.0,0.0,0.0,0.0,0.0,0.0,0.0,0.0,0.0,0.0,0.0,0.0,0.0,0.0,0.0,0.0,0.0,0.0,0.0,0.0,0.0,0.0,0.0,0.0,0.0,0.0,0.0,0.0,0.0,0.0,0.0,0.0,0.0,0.0,0.0,0.0,0.0,0.0,0.0,0.0,0.0,0.0,0.0,0.0,0.0,0.0,0.0,0.0,0.0,0.0,0.0,0.0,0.0,0.0,0.0,0.0,0.0,0.0,0.0,0.0,0.0,0.0,0.0,0.0,0.0,0.0,0.0,0.0,0.0,0.0,0.0,0.0,0.0
29,0.0,0.0,0.0,0.0,0.0,0.0,0.0,0.0,0.0,0.0,0.0,0.0,0.0,0.0,0.0,0.0,0.0,0.0,0.0,0.0,0.0,0.0,0.0,0.0,0.0,0.0,0.0,0.0,0.0,0.0,0.0,0.0,0.0,0.0,0.0,0.0,0.0,0.0,0.0,0.0,0.0,0.0,0.0,0.0,0.0,0.0,0.0,0.0,0.0,0.0,0.0,0.0,0.0,0.0,0.0,0.0,0.0,0.0,0.0,0.0,0.0,0.0,0.0,0.0,0.0,0.0,0.0,0.0,0.0,0.0,0.0,0.0,0.0,0.0,0.0,0.0005996823310852051,-0.003007054328918457,-0.003833293914794922,-0.0004016757011413574,0.0021372437477111816,0.0008704662322998047,-0.002920806407928467,-0.003209233283996582,0.00041675567626953125,0.002619802951812744,0.0008626580238342285,-0.0024955272674560547,-0.001954197883605957,0.0018732547760009766,0.003738880157470703,0.001964092254638672,-0.000907599925994873,0.0004290342330932617,0.004688084125518799,0.006724178791046143,0.005274355411529541,0.0030252933502197266,0.00544583797454834,0.010500073432922363,0.013234078884124756,0.012467920780181885,0.011394798755645752,0.015023350715637207,0.020856022834777832,0.024117767810821533,0.023760974407196045,0.023347198963165283,0.02765411138534546,0.033438920974731445,0.03624999523162842,0.03516429662704468,0.03436768054962158,0.038678884506225586,0.044029057025909424,0.045579373836517334,0.043305933475494385,0.041899025440216064,0.045185208320617676,0.04885035753250122,0.04863828420639038,0.04515653848648071,0.04334968328475952,0.04670441150665283,0.050083935260772705,0.04951882362365723,0.0464058518409729,0.0456317663192749,0.049851834774017334,0.05368244647979736,0.052879393100738525,0.048465609550476074,0.046114563941955566,0.04853624105453491,0.05124092102050781,0.05093127489089966,0.048037052154541016,0.04814505577087402,0.05195695161819458,0.05365109443664551,0.049054741859436035,0.040147602558135986,0.033158838748931885,0.027564406394958496,0.019603371620178223,0.009397387504577637,0.00025641918182373047,-0.0031238198280334473,-0.001171410083770752,0.0001983046531677246,-0.0013446211814880371,-0.0033145546913146973,-0.00012922286987304688,0.003385484218597412,0.0025897622108459473,-0.001745462417602539,-0.0035512447357177734,0.0001404285430908203,0.003207385540008545,0.0019322037696838379,-0.002829611301422119,-0.003943085670471191,-0.00015878677368164062,0.002187371253967285,0.00011390447616577148,-0.00441431999206543,-0.0051291584968566895,-0.0014606118202209473,0.00015717744827270508,-0.002487480640411377,-0.007643759250640869,-0.008440852165222168,-0.0054236650466918945,-0.004772603511810303,-0.008642196655273438,-0.014518916606903076,-0.015707850456237793,-0.013560295104980469,-0.014081180095672607,-0.01886075735092163,-0.0253717303276062,-0.026819229125976562,-0.02534639835357666,-0.026368796825408936,-0.03147590160369873,-0.03781688213348389,-0.0381963849067688,-0.03584170341491699,-0.03688102960586548,-0.04197758436203003,-0.04720848798751831,-0.04608505964279175,-0.04286313056945801,-0.042973220348358154,-0.04711633920669556,-0.05042451620101929,-0.04795432090759277,-0.04393678903579712,-0.044239044189453125,-0.04831498861312866,-0.051145851612091064,-0.04879122972488403,-0.04575026035308838,-0.04702889919281006,-0.052001953125,-0.054683148860931396,-0.0508040189743042,-0.04592788219451904,-0.04545193910598755,-0.04970967769622803,-0.05269312858581543,-0.05011039972305298,-0.04741406440734863,-0.04867631196975708,-0.052566349506378174,-0.05101287364959717,-0.04208087921142578,-0.03215819597244263,-0.024358510971069336,-0.018787741661071777,-0.011329412460327148,-0.0017209649085998535,0.004656851291656494,0.004602789878845215,0.0003120303153991699,-0.0006933808326721191
30,0.0005806684494018555,0.0004975795745849609,0.0005059242248535156,0.0004767179489135742,0.000288546085357666,0.00016951560974121094,1.2814998626708984e-05,-0.00025582313537597656,-0.0006059408187866211,-0.0009366273880004883,-0.0012348294258117676,-0.0017257928848266602,-0.0023046135902404785,-0.002860426902770996,-0.0035942792892456055,-0.004447281360626221,-0.005497992038726807,-0.00675356388092041,-0.007977306842803955,-0.00939333438873291,-0.010968506336212158,-0.012611687183380127,-0.014382541179656982,-0.01617896556854248,-0.01849067211151123,-0.020809471607208252,-0.023237526416778564,-0.025738954544067383,-0.02824687957763672,-0.03089207410812378,-0.033189475536346436,-0.03493541479110718,-0.03622323274612427,-0.03730297088623047,-0.03822469711303711,-0.038677334785461426,-0.03914767503738403,-0.03975272178649902,-0.04058647155761719,-0.041245102882385254,-0.04167431592941284,-0.042073071002960205,-0.04242473840713501,-0.04266488552093506,-0.04290848970413208,-0.04285013675689697,-0.0426594614982605,-0.0422055721282959,-0.04178047180175781,-0.04145622253417969,-0.04118216037750244,-0.040641963481903076,-0.040637969970703125,-0.041228413581848145,-0.04186922311782837,-0.04254555702209473,-0.04328882694244385,-0.04345279932022095,-0.0425114631652832,-0.04076188802719116,-0.03687101602554321,-0.03148472309112549,-0.02497345209121704,-0.018126964569091797,-0.010663509368896484,-0.0032608509063720703,0.0025949478149414062,0.006134033203125,0.00687795877456665,0.006657242774963379,0.005923628807067871,0.0055016279220581055,0.005003631114959717,0.004680156707763672,0.00457310676574707,0.0,0.0,0.0,0.0,0.0,0.0,0.0,0.0,0.0,0.0,0.0,0.0,0.0,0.0,0.0,0.0,0.0,0.0,0.0,0.0,0.0,0.0,0.0,0.0,0.0,0.0,0.0,0.0,0.0,0.0,0.0,0.0,0.0,0.0,0.0,0.0,0.0,0.0,0.0,0.0,0.0,0.0,0.0,0.0,0.0,0.0,0.0,0.0,0.0,0.0,0.0,0.0,0.0,0.0,0.0,0.0,0.0,0.0,0.0,0.0,0.0,0.0,0.0,0.0,0.0,0.0,0.0,0.0,0.0,0.0,0.0,0.0,0.0,0.0,0.0,0.0,0.0,0.0,0.0,0.0,0.0,0.0,0.0,0.0,0.0,0.0,0.0,0.0,0.0,0.0,0.0,0.0,0.0,0.0,0.0,0.0,0.0,0.0,0.0,0.0,0.0,0.0,0.0,0.0,0.0,0.0,0.0,0.0,0.0,0.0,0.0,0.0,0.0,0.0,0.0,0.0,0.0,0.0,0.0,0.0,0.0,0.0,0.0,0.0,0.0,0.0,0.0,0.0,0.0,0.0,0.0,0.0,0.0,0.0,0.0,0.0,0.0,0.0,0.0,0.0,0.0,0.0,0.0,0.0,0.0,0.0,0.0,0.0,0.0,0.0
31,0.07547485828399658,0.08016723394393921,0.09024626016616821,0.09125185012817383,0.09191131591796875,0.08899962902069092,0.09367787837982178,0.09149163961410522,0.0881422758102417,0.08835059404373169,0.07878929376602173,0.070545494556427,0.03385406732559204,-0.06375950574874878,-0.079609215259552,-0.08758139610290527,-0.0920221209526062,-0.09205937385559082,-0.0873766541481018,-0.08901160955429077,-0.0881088376045227,-0.08527034521102905,-0.07842016220092773,-0.06791496276855469,-0.034627676010131836,0.06660938262939453,0.08026742935180664,0.08368664979934692,0.08972567319869995,0.09216427803039551,0.0844469666481018,0.0885499119758606,0.0882757306098938,0.08496147394180298,0.08488154411315918,0.07594335079193115,0.06673657894134521,0.03588992357254028,-0.06783068180084229,-0.08102202415466309,-0.07796144485473633,-0.08890330791473389,-0.08808058500289917,-0.08232992887496948,-0.08777511119842529,-0.08739030361175537,-0.08353567123413086,-0.0816914439201355,-0.06775981187820435,-0.03485572338104248,0.05812960863113403,0.07465147972106934,0.07294750213623047,0.08279633522033691,0.08254849910736084,0.08125656843185425,0.08583182096481323,0.08820205926895142,0.08468896150588989,0.08175349235534668,0.0834546685218811,0.06898939609527588,0.033836185932159424,-0.05405384302139282,-0.07187008857727051,-0.06662583351135254,-0.08238667249679565,-0.07819336652755737,-0.07976245880126953,-0.08583050966262817,-0.08269762992858887,-0.07878214120864868,-0.08193659782409668,-0.07289570569992065,-0.0541841983795166,0.0,0.0,0.0,0.0,0.0,0.0,0.0,0.0,0.0,0.0,0.0,0.0,0.0,0.0,0.0,0.0,0.0,0.0,0.0,0.0,0.0,0.0,0.0,0.0,0.0,0.0,0.0,0.0,0.0,0.0,0.0,0.0,0.0,0.0,0.0,0.0,0.0,0.0,0.0,0.0,0.0,0.0,0.0,0.0,0.0,0.0,0.0,0.0,0.0,0.0,0.0,0.0,0.0,0.0,0.0,0.0,0.0,0.0,0.0,0.0,0.0,0.0,0.0,0.0,0.0,0.0,0.0,0.0,0.0,0.0,0.0,0.0,0.0,0.0,0.0,0.07546484470367432,0.08023619651794434,0.09048300981521606,0.09119504690170288,0.09156274795532227,0.08894884586334229,0.09414684772491455,0.09116077423095703,0.08726733922958374,0.09080970287322998,0.0812845230102539,0.07188361883163452,0.03417617082595825,-0.0643303394317627,-0.07842737436294556,-0.08631384372711182,-0.09113609790802002,-0.09120601415634155,-0.08671504259109497,-0.08835458755493164,-0.08768492937088013,-0.08596545457839966,-0.07913762331008911,-0.06902778148651123,-0.033720552921295166,0.06769496202468872,0.08017504215240479,0.08354097604751587,0.08913964033126831,0.09188562631607056,0.08408701419830322,0.08919644355773926,0.08879780769348145,0.08471405506134033,0.08599013090133667,0.07726448774337769,0.06745940446853638,0.03643745183944702,-0.0675542950630188,-0.08164447546005249,-0.07825535535812378,-0.08926147222518921,-0.0882500410079956,-0.08214831352233887,-0.08725577592849731,-0.08685636520385742,-0.08477640151977539,-0.08229583501815796,-0.06780636310577393,-0.03358173370361328,0.05965358018875122,0.07463550567626953,0.07305073738098145,0.08324605226516724,0.08202040195465088,0.08096092939376831,0.08600568771362305,0.08756417036056519,0.08369535207748413,0.08321583271026611,0.08513593673706055,0.06890714168548584,0.032873332500457764,-0.05582880973815918,-0.0710594654083252,-0.06594830751419067,-0.08159464597702026,-0.07764387130737305,-0.07937383651733398,-0.08511817455291748,-0.0823708176612854,-0.07835471630096436,-0.08183687925338745,-0.07311683893203735,-0.05370610952377319
32,0.0,0.0,0.0,0.0,0.0,0.0,0.0,0.0,0.0,0.0,0.0,0.0,0.0,0.0,0.0,0.0,0.0,0.0,0.0,0.0,0.0,0.0,0.0,0.0,0.0,0.0,0.0,0.0,0.0,0.0,0.0,0.0,0.0,0.0,0.0,0.0,0.0,0.0,0.0,0.0,0.0,0.0,0.0,0.0,0.0,0.0,0.0,0.0,0.0,0.0,0.0,0.0,0.0,0.0,0.0,0.0,0.0,0.0,0.0,0.0,0.0,0.0,0.0,0.0,0.0,0.0,0.0,0.0,0.0,0.0,0.0,0.0,0.0,0.0,0.0,0.023531317710876465,0.03529268503189087,0.045033395290374756,0.0508686900138855,0.053331196308135986,0.05477786064147949,0.0558132529258728,0.05669146776199341,0.05578368902206421,0.055838584899902344,0.055415332317352295,0.055964112281799316,0.05657893419265747,0.05686616897583008,0.056509554386138916,0.0556715726852417,0.05558669567108154,0.05623537302017212,0.05655860900878906,0.057634711265563965,0.05895280838012695,0.06057614088058472,0.06157028675079346,0.0601201057434082,0.05898362398147583,0.0584447979927063,0.0585782527923584,0.0576820969581604,0.05566215515136719,0.05549806356430054,0.057655930519104004,0.059145331382751465,0.058690786361694336,0.05366373062133789,0.048252224922180176,0.04088515043258667,0.025862693786621094,0.003135383129119873,-0.020797014236450195,-0.03929227590560913,-0.049115538597106934,-0.052080631256103516,-0.05242621898651123,-0.052873432636260986,-0.05418020486831665,-0.05395549535751343,-0.054343461990356445,-0.05399209260940552,-0.053760826587677,-0.053679585456848145,-0.05446702241897583,-0.05449169874191284,-0.05493760108947754,-0.05500507354736328,-0.05574995279312134,-0.055890023708343506,-0.05633056163787842,-0.05711197853088379,-0.057916879653930664,-0.05794191360473633,-0.057035624980926514,-0.05638378858566284,-0.05647403001785278,-0.057014524936676025,-0.05626124143600464,-0.0549396276473999,-0.055040836334228516,-0.05646026134490967,-0.056592702865600586,-0.05478084087371826,-0.051319658756256104,-0.049596309661865234,-0.04647761583328247,-0.03930854797363281,-0.027532339096069336,-0.022100746631622314,-0.03298354148864746,-0.04208707809448242,-0.048175930976867676,-0.05083894729614258,-0.051401615142822266,-0.05224877595901489,-0.053155720233917236,-0.05244100093841553,-0.052413105964660645,-0.0519258975982666,-0.05262601375579834,-0.05287283658981323,-0.053086161613464355,-0.0530470609664917,-0.053009033203125,-0.05260789394378662,-0.052615463733673096,-0.052746713161468506,-0.053367555141448975,-0.05354773998260498,-0.05240654945373535,-0.050968170166015625,-0.050862669944763184,-0.050220489501953125,-0.049160659313201904,-0.04732465744018555,-0.04511141777038574,-0.042496323585510254,-0.040263235569000244,-0.03785216808319092,-0.03304070234298706,-0.028228342533111572,-0.024891018867492676,-0.021980881690979004,-0.018440723419189453,-0.014940142631530762,-0.008914411067962646,-0.0004963278770446777,0.0065517425537109375,0.01229935884475708,0.016401946544647217,0.020611166954040527,0.025417625904083252,0.029895663261413574,0.033675312995910645,0.03716135025024414,0.04003298282623291,0.042326509952545166,0.04422593116760254,0.04617476463317871,0.04807615280151367,0.04973924160003662,0.05085569620132446,0.05193161964416504,0.052855491638183594,0.05364781618118286,0.054290592670440674,0.05391132831573486,0.055187225341796875,0.05652874708175659,0.05706304311752319,0.057050883769989014,0.05672740936279297,0.056534528732299805,0.0556451678276062,0.05520474910736084,0.05484431982040405,0.05494028329849243,0.05601048469543457,0.056911587715148926,0.05558574199676514,0.05279135704040527,0.04788696765899658,0.040112078189849854
33,-0.05177861452102661,-0.0690079927444458,-0.07363057136535645,-0.07495498657226562,-0.0737999677658081,-0.07045453786849976,-0.06767135858535767,-0.06646174192428589,-0.06570154428482056,-0.06530404090881348,-0.06187307834625244,-0.05822098255157471,-0.055223166942596436,-0.05505424737930298,-0.054278790950775146,-0.051619529724121094,-0.047586023807525635,-0.042928457260131836,-0.04045712947845459,-0.04032588005065918,-0.037730515003204346,-0.03376060724258423,-0.03104567527770996,-0.029597759246826172,-0.028379499912261963,-0.025700926780700684,-0.02278125286102295,-0.021722614765167236,-0.01868593692779541,-0.014225959777832031,-0.012442827224731445,-0.012795209884643555,-0.014677345752716064,-0.008254051208496094,-0.000648796558380127,-0.0018489360809326172,-0.004067420959472656,-0.012757301330566406,-0.007671236991882324,0.0010649561882019043,0.0029009580612182617,0.0050386786460876465,0.008535563945770264,0.01269543170928955,0.01603245735168457,0.01827239990234375,0.02116471529006958,0.02406388521194458,0.025297045707702637,0.025632858276367188,0.027992606163024902,0.030835211277008057,0.032060444355010986,0.03409755229949951,0.036386191844940186,0.03800016641616821,0.04111737012863159,0.044607341289520264,0.04718106985092163,0.04861605167388916,0.05096089839935303,0.05279320478439331,0.054729163646698,0.05782318115234375,0.06046319007873535,0.062396228313446045,0.06408822536468506,0.06553584337234497,0.06945782899856567,0.07447487115859985,0.07434391975402832,0.07668876647949219,0.08283686637878418,0.07643318176269531,0.06096041202545166,0.04725849628448486,0.06549912691116333,0.0773005485534668,0.08177947998046875,0.0852435827255249,0.08579206466674805,0.08494997024536133,0.0863504409790039,0.08811354637145996,0.09043633937835693,0.08812737464904785,0.0844539999961853,0.08506882190704346,0.08728104829788208,0.08829087018966675,0.08709603548049927,0.08457821607589722,0.08257502317428589,0.08254510164260864,0.08534854650497437,0.08514261245727539,0.08308428525924683,0.08320009708404541,0.08324956893920898,0.08444654941558838,0.08414846658706665,0.08394759893417358,0.08369529247283936,0.08465486764907837,0.08406925201416016,0.08661562204360962,0.0891842246055603,0.09085488319396973,0.10322409868240356,0.10104721784591675,0.07733219861984253,0.025708496570587158,-0.030333340167999268,-0.058192551136016846,-0.0716814398765564,-0.07727247476577759,-0.07946664094924927,-0.07879161834716797,-0.07973450422286987,-0.08297139406204224,-0.08613592386245728,-0.08888447284698486,-0.08681851625442505,-0.08337974548339844,-0.08288723230361938,-0.0862460732460022,-0.08762311935424805,-0.08568757772445679,-0.08273416757583618,-0.07932007312774658,-0.07942461967468262,-0.08246183395385742,-0.08220189809799194,-0.07965022325515747,-0.07989615201950073,-0.08048522472381592,-0.08093732595443726,-0.07939058542251587,-0.07833307981491089,-0.07831788063049316,-0.0790523886680603,-0.07774579524993896,-0.07752132415771484,-0.07857674360275269,-0.08140617609024048,-0.08682113885879517,-0.08090204000473022,-0.0654151439666748,-0.044683873653411865,-0.026935219764709473,-0.0561368465423584,-0.06893306970596313,-0.07598012685775757,-0.0793871283531189,-0.08027291297912598,-0.07949447631835938,-0.08006304502487183,-0.08139091730117798,-0.0829119086265564,-0.08354532718658447,-0.08208286762237549,-0.08051782846450806,-0.0803496241569519,-0.08241808414459229,-0.08274984359741211,-0.08197242021560669,-0.08027690649032593,-0.07792866230010986,-0.07683610916137695,-0.0777016282081604,-0.07662874460220337,-0.07429510354995728,-0.07282960414886475,-0.07231676578521729,-0.07108491659164429,-0.06872105598449707,-0.0665845274925232,-0.0639382004737854,-0.05834156274795532,-0.05364722013473511,-0.049783408641815186,-0.04943060874938965,-0.043892621994018555,-0.029140830039978027,-0.02220982313156128,-0.018265962600708008,-0.025697767734527588,-0.021654605865478516,-0.003409087657928467,0.008426904678344727,0.016312479972839355,0.023449718952178955,0.03218644857406616,0.040991902351379395,0.0473477840423584,0.0529627799987793,0.05887258052825928,0.0643777847290039,0.06751179695129395,0.06877541542053223,0.0711546540260315,0.07353746891021729,0.0756070613861084,0.07745200395584106,0.07765376567840576,0.0780259370803833,0.07955235242843628,0.08245044946670532,0.08355218172073364,0.08319103717803955,0.08309799432754517,0.08268672227859497,0.08318299055099487,0.08416914939880371,0.08402442932128906,0.08358025550842285,0.08407711982727051,0.0837814211845398,0.08565342426300049,0.08460021018981934,0.08231693506240845,0.09023475646972656,0.09202307462692261,0.08153724670410156,0.05505192279815674
34,0.002720773220062256,0.006916463375091553,0.011863291263580322,0.018274366855621338,0.02429664134979248,0.03021085262298584,0.03616011142730713,0.04023301601409912,0.042361319065093994,0.04274684190750122,0.04358905553817749,0.043936848640441895,0.04296475648880005,0.041761040687561035,0.041641175746917725,0.04227536916732788,0.04409325122833252,0.04517316818237305,0.04524970054626465,0.045481085777282715,0.04603332281112671,0.046902239322662354,0.04633331298828125,0.04516589641571045,0.044146180152893066,0.045266926288604736,0.0468713641166687,0.04796940088272095,0.04895657300949097,0.05017942190170288,0.05178689956665039,0.05328094959259033,0.052666306495666504,0.051765382289886475,0.05149352550506592,0.052623629570007324,0.05392366647720337,0.053600847721099854,0.05304521322250366,0.0531654953956604,0.05434536933898926,0.055180132389068604,0.05443507432937622,0.053665757179260254,0.05345511436462402,0.05474090576171875,0.05548578500747681,0.0552859902381897,0.05496340990066528,0.05535966157913208,0.05684858560562134,0.05747044086456299,0.05735945701599121,0.057149410247802734,0.05820930004119873,0.06012845039367676,0.06071877479553223,0.0599973201751709,0.059101879596710205,0.058782994747161865,0.059867024421691895,0.06034207344055176,0.05988132953643799,0.05943375825881958,0.059515416622161865,0.06045091152191162,0.060521602630615234,0.059257447719573975,0.05848348140716553,0.05896139144897461,0.061483025550842285,0.06276309490203857,0.06289535760879517,0.06224912405014038,0.06187862157821655,0.0,0.0,0.0,0.0,0.0,0.0,0.0,0.0,0.0,0.0,0.0,0.0,0.0,0.0,0.0,0.0,0.0,0.0,0.0,0.0,0.0,0.0,0.0,0.0,0.0,0.0,0.0,0.0,0.0,0.0,0.0,0.0,0.0,0.0,0.0,0.0,0.0,0.0,0.0,0.0,0.0,0.0,0.0,0.0,0.0,0.0,0.0,0.0,0.0,0.0,0.0,0.0,0.0,0.0,0.0,0.0,0.0,0.0,0.0,0.0,0.0,0.0,0.0,0.0,0.0,0.0,0.0,0.0,0.0,0.0,0.0,0.0,0.0,0.0,0.0,0.0,0.0,0.0,0.0,0.0,0.0,0.0,0.0,0.0,0.0,0.0,0.0,0.0,0.0,0.0,0.0,0.0,0.0,0.0,0.0,0.0,0.0,0.0,0.0,0.0,0.0,0.0,0.0,0.0,0.0,0.0,0.0,0.0,0.0,0.0,0.0,0.0,0.0,0.0,0.0,0.0,0.0,0.0,0.0,0.0,0.0,0.0,0.0,0.0,0.0,0.0,0.0,0.0,0.0,0.0,0.0,0.0,0.0,0.0,0.0,0.0,0.0,0.0,0.0,0.0,0.0,0.0,0.0,0.0,0.0,0.0,0.0,0.0,0.0,0.0
35,0.0,0.0,0.0,0.0,0.0,0.0,0.0,0.0,0.0,0.0,0.0,0.0,0.0,0.0,0.0,0.0,0.0,0.0,0.0,0.0,0.0,0.0,0.0,0.0,0.0,0.0,0.0,0.0,0.0,0.0,0.0,0.0,0.0,0.0,0.0,0.0,0.0,0.0,0.0,0.0,0.0,0.0,0.0,0.0,0.0,0.0,0.0,0.0,0.0,0.0,0.0,0.0,0.0,0.0,0.0,0.0,0.0,0.0,0.0,0.0,0.0,0.0,0.0,0.0,0.0,0.0,0.0,0.0,0.0,0.0,0.0,0.0,0.0,0.0,0.0,0.031243085861206055,0.04253518581390381,0.0504150390625,0.05287116765975952,0.04957544803619385,0.04745382070541382,0.04704159498214722,0.04887533187866211,0.05008435249328613,0.051119327545166016,0.05174988508224487,0.05196785926818848,0.05214405059814453,0.05222046375274658,0.05228161811828613,0.05332976579666138,0.05429434776306152,0.054419875144958496,0.053662776947021484,0.05303376913070679,0.05259829759597778,0.052948832511901855,0.054198503494262695,0.05531811714172363,0.05609387159347534,0.0564386248588562,0.05693167448043823,0.057955265045166016,0.057927072048187256,0.058541178703308105,0.059593260288238525,0.06018030643463135,0.06098628044128418,0.06150323152542114,0.06214559078216553,0.061664700508117676,0.061355412006378174,0.06165313720703125,0.06250941753387451,0.06325554847717285,0.06394726037979126,0.06457650661468506,0.06452286243438721,0.06538283824920654,0.06632310152053833,0.06658470630645752,0.06633591651916504,0.06659203767776489,0.06682223081588745,0.06700658798217773,0.06778085231781006,0.06773364543914795,0.06807100772857666,0.06746923923492432,0.06760185956954956,0.06876659393310547,0.07086974382400513,0.07285279035568237,0.07303410768508911,0.07180249691009521,0.07141172885894775,0.07132965326309204,0.07267236709594727,0.07332074642181396,0.07284796237945557,0.07248353958129883,0.0728449821472168,0.07264649868011475,0.0735100507736206,0.07577764987945557,0.07832562923431396,0.07583761215209961,0.06942218542098999,0.05732327699661255,0.040117502212524414,-0.03250974416732788,-0.04384833574295044,-0.05182051658630371,-0.05413419008255005,-0.05093884468078613,-0.04864305257797241,-0.048167526721954346,-0.050122737884521484,-0.051522910594940186,-0.05267614126205444,-0.05313318967819214,-0.053022563457489014,-0.053427278995513916,-0.053919196128845215,-0.053492069244384766,-0.054193317890167236,-0.055189669132232666,-0.055627286434173584,-0.05497920513153076,-0.05474841594696045,-0.053735435009002686,-0.054367780685424805,-0.05547380447387695,-0.056765198707580566,-0.057551801204681396,-0.057642459869384766,-0.05719566345214844,-0.057893574237823486,-0.058022260665893555,-0.05882608890533447,-0.05931711196899414,-0.06007862091064453,-0.06094777584075928,-0.06147336959838867,-0.06193697452545166,-0.06146007776260376,-0.06111043691635132,-0.06121492385864258,-0.06222331523895264,-0.06346774101257324,-0.06390422582626343,-0.06438559293746948,-0.06375712156295776,-0.06528383493423462,-0.06664228439331055,-0.06686687469482422,-0.066165030002594,-0.06611424684524536,-0.06711018085479736,-0.06808358430862427,-0.06828290224075317,-0.0688331127166748,-0.06900203227996826,-0.06872618198394775,-0.06889373064041138,-0.06968718767166138,-0.07179427146911621,-0.07365226745605469,-0.07380056381225586,-0.07269448041915894,-0.07240873575210571,-0.07193601131439209,-0.07317179441452026,-0.07403475046157837,-0.07407987117767334,-0.0734093189239502,-0.07353246212005615,-0.07323336601257324,-0.07452547550201416,-0.07725101709365845,-0.07979243993759155,-0.07721608877182007,-0.07055425643920898,-0.05872529745101929,-0.041364073753356934
36,-0.026715576648712158,-0.034842491149902344,-0.04076617956161499,-0.04458743333816528,-0.04638469219207764,-0.04671353101730347,-0.04499387741088867,-0.043594300746917725,-0.04398602247238159,-0.04548221826553345,-0.04673874378204346,-0.047511935234069824,-0.046944499015808105,-0.04675793647766113,-0.046648263931274414,-0.04699808359146118,-0.04724496603012085,-0.04815143346786499,-0.049012184143066406,-0.0497860312461853,-0.05026596784591675,-0.050591886043548584,-0.05088770389556885,-0.05129098892211914,-0.051472485065460205,-0.051764726638793945,-0.052042365074157715,-0.05250370502471924,-0.0529211163520813,-0.05357402563095093,-0.0539088249206543,-0.05392634868621826,-0.053954899311065674,-0.05428791046142578,-0.05511021614074707,-0.05577433109283447,-0.05664867162704468,-0.05761629343032837,-0.0585135817527771,-0.059085845947265625,-0.059368133544921875,-0.059892892837524414,-0.060038745403289795,-0.06060868501663208,-0.06098908185958862,-0.06154906749725342,-0.06216144561767578,-0.06263720989227295,-0.0632428526878357,-0.06352639198303223,-0.06384384632110596,-0.06439942121505737,-0.06453394889831543,-0.06498974561691284,-0.06537514925003052,-0.06535732746124268,-0.06527972221374512,-0.06531739234924316,-0.0655319094657898,-0.065848708152771,-0.06599009037017822,-0.06645286083221436,-0.06707441806793213,-0.06744080781936646,-0.06748789548873901,-0.06818091869354248,-0.06889498233795166,-0.07012009620666504,-0.06981557607650757,-0.06913530826568604,-0.06662571430206299,-0.06423449516296387,-0.05859500169754028,-0.048729896545410156,-0.03691661357879639,0.0,0.0,0.0,0.0,0.0,0.0,0.0,0.0,0.0,0.0,0.0,0.0,0.0,0.0,0.0,0.0,0.0,0.0,0.0,0.0,0.0,0.0,0.0,0.0,0.0,0.0,0.0,0.0,0.0,0.0,0.0,0.0,0.0,0.0,0.0,0.0,0.0,0.0,0.0,0.0,0.0,0.0,0.0,0.0,0.0,0.0,0.0,0.0,0.0,0.0,0.0,0.0,0.0,0.0,0.0,0.0,0.0,0.0,0.0,0.0,0.0,0.0,0.0,0.0,0.0,0.0,0.0,0.0,0.0,0.0,0.0,0.0,0.0,0.0,0.0,0.0,0.0,0.0,0.0,0.0,0.0,0.0,0.0,0.0,0.0,0.0,0.0,0.0,0.0,0.0,0.0,0.0,0.0,0.0,0.0,0.0,0.0,0.0,0.0,0.0,0.0,0.0,0.0,0.0,0.0,0.0,0.0,0.0,0.0,0.0,0.0,0.0,0.0,0.0,0.0,0.0,0.0,0.0,0.0,0.0,0.0,0.0,0.0,0.0,0.0,0.0,0.0,0.0,0.0,0.0,0.0,0.0,0.0,0.0,0.0,0.0,0.0,0.0,0.0,0.0,0.0,0.0,0.0,0.0,0.0,0.0,0.0,0.0,0.0,0.0
37,0.0,0.0,0.0,0.0,0.0,0.0,0.0,0.0,0.0,0.0,0.0,0.0,0.0,0.0,0.0,0.0,0.0,0.0,0.0,0.0,0.0,0.0,0.0,0.0,0.0,0.0,0.0,0.0,0.0,0.0,0.0,0.0,0.0,0.0,0.0,0.0,0.0,0.0,0.0,0.0,0.0,0.0,0.0,0.0,0.0,0.0,0.0,0.0,0.0,0.0,0.0,0.0,0.0,0.0,0.0,0.0,0.0,0.0,0.0,0.0,0.0,0.0,0.0,0.0,0.0,0.0,0.0,0.0,0.0,0.0,0.0,0.0,0.0,0.0,0.0,0.0,0.0,0.0,0.0,0.0,0.0,0.0,0.0,0.0,0.0,0.0,0.0,0.0,0.0,0.0,0.0,0.0,0.0,0.0,0.0,0.0,0.0,0.0,0.0,0.0,0.0,0.0,0.0,0.0,0.0,0.0,0.0,0.0,0.0,0.0,0.0,0.0,0.0,0.0,0.0,0.0,0.0,0.0,0.0,0.0,0.0,0.0,0.0,0.0,0.0,0.0,0.0,0.0,0.0,0.0,0.0,0.0,0.0,0.0,0.0,0.0,0.0,0.0,0.0,0.0,0.0,0.0,0.0,0.0,0.0,0.0,0.0,0.0,0.0,0.0,0.0,0.0,0.0,0.0,0.0,0.0,0.0,0.0,0.0,0.0,0.0,0.0,0.0,0.0,0.0,0.0,0.0,0.0,0.0,0.0,0.0,0.0,0.0,0.0,0.0,0.0,0.0,0.0,0.0,0.0,0.0,0.0,0.0,0.0,0.0,0.0,0.0,0.0,0.0,0.0,0.0,0.0,0.0,0.0,0.0,0.0,0.0,0.0,0.0,0.0,0.0,0.0,0.0,0.0,0.0,0.0,0.0,0.0,0.0,0.0,0.0,0.0,0.0,0.0,0.0,0.0,0.0,0.0,0.0,0.0,0.0,0.0,0.0,0.0,0.0
38,0.0,0.0,0.0,0.0,0.0,0.0,0.0,0.0,0.0,0.0,0.0,0.0,0.0,0.0,0.0,0.0,0.0,0.0,0.0,0.0,0.0,0.0,0.0,0.0,0.0,0.0,0.0,0.0,0.0,0.0,0.0,0.0,0.0,0.0,0.0,0.0,0.0,0.0,0.0,0.0,0.0,0.0,0.0,0.0,0.0,0.0,0.0,0.0,0.0,0.0,0.0,0.0,0.0,0.0,0.0,0.0,0.0,0.0,0.0,0.0,0.0,0.0,0.0,0.0,0.0,0.0,0.0,0.0,0.0,0.0,0.0,0.0,0.0,0.0,0.0,-0.003017902374267578,-0.0054315924644470215,-0.007751822471618652,-0.009873270988464355,-0.011073291301727295,-0.011716485023498535,-0.011652350425720215,-0.010736823081970215,-0.008988380432128906,-0.0064547061920166016,-0.0032918453216552734,-0.00016069412231445312,0.0030694007873535156,0.0063645243644714355,0.009444057941436768,0.011893868446350098,0.013528048992156982,0.014548003673553467,0.014651596546173096,0.01407468318939209,0.012661755084991455,0.010028183460235596,0.006434917449951172,0.0020758509635925293,-0.0026984214782714844,-0.007734179496765137,-0.012995541095733643,-0.01784414052963257,-0.021156370639801025,-0.023358166217803955,-0.024230003356933594,-0.023729979991912842,-0.02186405658721924,-0.017849862575531006,-0.012564301490783691,-0.0069075822830200195,-0.0007913112640380859,0.005533754825592041,0.011575698852539062,0.017125606536865234,0.02142566442489624,0.024404466152191162,0.026060283184051514,0.02600717544555664,0.024449944496154785,0.021500885486602783,0.017289161682128906,0.012116074562072754,0.0064588189125061035,0.0006777644157409668,-0.004975736141204834,-0.010341942310333252,-0.01482921838760376,-0.0179671049118042,-0.019915997982025146,-0.02079695463180542,-0.02038949728012085,-0.01848989725112915,-0.015275180339813232,-0.011045515537261963,-0.00638580322265625,-0.0012677311897277832,0.003921866416931152,0.009319663047790527,0.014024734497070312,0.01768016815185547,0.020053982734680176,0.021411001682281494,0.02165985107421875,0.020524799823760986,0.018006086349487305,0.014571845531463623,0.010784387588500977,0.007213473320007324,0.0036055445671081543,0.0,0.0,0.0,0.0,0.0,0.0,0.0,0.0,0.0,0.0,0.0,0.0,0.0,0.0,0.0,0.0,0.0,0.0,0.0,0.0,0.0,0.0,0.0,0.0,0.0,0.0,0.0,0.0,0.0,0.0,0.0,0.0,0.0,0.0,0.0,0.0,0.0,0.0,0.0,0.0,0.0,0.0,0.0,0.0,0.0,0.0,0.0,0.0,0.0,0.0,0.0,0.0,0.0,0.0,0.0,0.0,0.0,0.0,0.0,0.0,0.0,0.0,0.0,0.0,0.0,0.0,0.0,0.0,0.0,0.0,0.0,0.0,0.0,0.0,0.0
39,0.0,0.0,0.0,0.0,0.0,0.0,0.0,0.0,0.0,0.0,0.0,0.0,0.0,0.0,0.0,0.0,0.0,0.0,0.0,0.0,0.0,0.0,0.0,0.0,0.0,0.0,0.0,0.0,0.0,0.0,0.0,0.0,0.0,0.0,0.0,0.0,0.0,0.0,0.0,0.0,0.0,0.0,0.0,0.0,0.0,0.0,0.0,0.0,0.0,0.0,0.0,0.0,0.0,0.0,0.0,0.0,0.0,0.0,0.0,0.0,0.0,0.0,0.0,0.0,0.0,0.0,0.0,0.0,0.0,0.0,0.0,0.0,0.0,0.0,0.0,0.0020831823348999023,0.002024054527282715,0.002137303352355957,0.0023797154426574707,0.002613246440887451,0.0026248693466186523,0.0025544166564941406,0.0026755332946777344,0.00280684232711792,0.002851545810699463,0.0026454925537109375,0.002329409122467041,0.002012968063354492,0.0016968250274658203,0.001269519329071045,0.0001939535140991211,-0.0009618997573852539,-0.0018925070762634277,-0.0030546188354492188,-0.004598736763000488,-0.0064203739166259766,-0.008349120616912842,-0.01036924123764038,-0.01251596212387085,-0.014889180660247803,-0.01756376028060913,-0.020240068435668945,-0.022593557834625244,-0.024985671043395996,-0.027406632900238037,-0.030053913593292236,-0.03258812427520752,-0.034651756286621094,-0.03636765480041504,-0.03784358501434326,-0.03940582275390625,-0.04071485996246338,-0.04113119840621948,-0.04118853807449341,-0.04124164581298828,-0.04113572835922241,-0.04053044319152832,-0.03920173645019531,-0.03761380910873413,-0.036044180393218994,-0.03449428081512451,-0.032576799392700195,-0.030026614665985107,-0.02752786874771118,-0.025281667709350586,-0.02291882038116455,-0.02037525177001953,-0.017753303050994873,-0.015341758728027344,-0.013200879096984863,-0.011312603950500488,-0.009314537048339844,-0.007361710071563721,-0.005666613578796387,-0.004367232322692871,-0.0033225417137145996,-0.0021466612815856934,-0.0010535120964050293,-0.0002650022506713867,0.00021791458129882812,0.0005581974983215332,0.0009483695030212402,0.0013650059700012207,0.0016017556190490723,0.0015483498573303223,0.001459956169128418,0.0016751885414123535,0.0018728971481323242,0.001974165439605713,0.0018227100372314453,0.0,0.0,0.0,0.0,0.0,0.0,0.0,0.0,0.0,0.0,0.0,0.0,0.0,0.0,0.0,0.0,0.0,0.0,0.0,0.0,0.0,0.0,0.0,0.0,0.0,0.0,0.0,0.0,0.0,0.0,0.0,0.0,0.0,0.0,0.0,0.0,0.0,0.0,0.0,0.0,0.0,0.0,0.0,0.0,0.0,0.0,0.0,0.0,0.0,0.0,0.0,0.0,0.0,0.0,0.0,0.0,0.0,0.0,0.0,0.0,0.0,0.0,0.0,0.0,0.0,0.0,0.0,0.0,0.0,0.0,0.0,0.0,0.0,0.0,0.0
40,-0.006985008716583252,-0.008010268211364746,-0.008938610553741455,-0.009958505630493164,-0.011213183403015137,-0.01220780611038208,-0.013187408447265625,-0.014364242553710938,-0.015537381172180176,-0.016783952713012695,-0.01781785488128662,-0.01905381679534912,-0.02021932601928711,-0.021689951419830322,-0.022928059101104736,-0.024052977561950684,-0.025272369384765625,-0.026076078414916992,-0.027493000030517578,-0.028402090072631836,-0.029464900493621826,-0.030378520488739014,-0.03145414590835571,-0.032622575759887695,-0.03338146209716797,-0.03430360555648804,-0.03500795364379883,-0.03575021028518677,-0.03646892309188843,-0.03690791130065918,-0.03760343790054321,-0.03797781467437744,-0.03815102577209473,-0.038793087005615234,-0.039051353931427,-0.03921151161193848,-0.03929227590560913,-0.03928405046463013,-0.03923159837722778,-0.03911954164505005,-0.03900223970413208,-0.03846365213394165,-0.03817439079284668,-0.037822723388671875,-0.03740876913070679,-0.036774635314941406,-0.036110520362854004,-0.035501182079315186,-0.034918129444122314,-0.03409188985824585,-0.03329664468765259,-0.03215759992599487,-0.03124833106994629,-0.030487477779388428,-0.029308557510375977,-0.02833467721939087,-0.02705693244934082,-0.02604663372039795,-0.024901270866394043,-0.02371448278427124,-0.022595226764678955,-0.02144867181777954,-0.020256638526916504,-0.01923757791519165,-0.01779484748840332,-0.016732871532440186,-0.015421271324157715,-0.01456516981124878,-0.013397276401519775,-0.01246345043182373,-0.011179208755493164,-0.009896397590637207,-0.00911867618560791,-0.00816953182220459,-0.007404804229736328,0.0,0.0,0.0,0.0,0.0,0.0,0.0,0.0,0.0,0.0,0.0,0.0,0.0,0.0,0.0,0.0,0.0,0.0,0.0,0.0,0.0,0.0,0.0,0.0,0.0,0.0,0.0,0.0,0.0,0.0,0.0,0.0,0.0,0.0,0.0,0.0,0.0,0.0,0.0,0.0,0.0,0.0,0.0,0.0,0.0,0.0,0.0,0.0,0.0,0.0,0.0,0.0,0.0,0.0,0.0,0.0,0.0,0.0,0.0,0.0,0.0,0.0,0.0,0.0,0.0,0.0,0.0,0.0,0.0,0.0,0.0,0.0,0.0,0.0,0.0,0.0,0.0,0.0,0.0,0.0,0.0,0.0,0.0,0.0,0.0,0.0,0.0,0.0,0.0,0.0,0.0,0.0,0.0,0.0,0.0,0.0,0.0,0.0,0.0,0.0,0.0,0.0,0.0,0.0,0.0,0.0,0.0,0.0,0.0,0.0,0.0,0.0,0.0,0.0,0.0,0.0,0.0,0.0,0.0,0.0,0.0,0.0,0.0,0.0,0.0,0.0,0.0,0.0,0.0,0.0,0.0,0.0,0.0,0.0,0.0,0.0,0.0,0.0,0.0,0.0,0.0,0.0,0.0,0.0,0.0,0.0,0.0,0.0,0.0,0.0
41,0.0060686469078063965,0.006888210773468018,0.00789642333984375,0.00882863998413086,0.00986933708190918,0.010958313941955566,0.012091517448425293,0.013173282146453857,0.014392077922821045,0.015503883361816406,0.016619205474853516,0.01781398057937622,0.018975436687469482,0.02035588026046753,0.021624624729156494,0.022682547569274902,0.023885726928710938,0.025275826454162598,0.02649664878845215,0.027443408966064453,0.028486132621765137,0.029639005661010742,0.030856192111968994,0.03187441825866699,0.032786786556243896,0.03370702266693115,0.034621357917785645,0.035527944564819336,0.03627502918243408,0.03689110279083252,0.03746229410171509,0.037956953048706055,0.03847581148147583,0.038963377475738525,0.039237380027770996,0.03930962085723877,0.03937339782714844,0.03945434093475342,0.039436399936676025,0.03941589593887329,0.039004623889923096,0.03876715898513794,0.038388729095458984,0.037912607192993164,0.03734380006790161,0.03673195838928223,0.03603768348693848,0.03511530160903931,0.034272849559783936,0.0332796573638916,0.03248393535614014,0.03156620264053345,0.030475080013275146,0.02927851676940918,0.028117477893829346,0.02705061435699463,0.025965452194213867,0.02483832836151123,0.02349865436553955,0.02217179536819458,0.020961105823516846,0.019810080528259277,0.018716514110565186,0.017652451992034912,0.016258835792541504,0.014974415302276611,0.013875365257263184,0.012978971004486084,0.012045681476593018,0.010850965976715088,0.009882688522338867,0.008916854858398438,0.008162081241607666,0.0072290897369384766,0.006425797939300537,0.0,0.0,0.0,0.0,0.0,0.0,0.0,0.0,0.0,0.0,0.0,0.0,0.0,0.0,0.0,0.0,0.0,0.0,0.0,0.0,0.0,0.0,0.0,0.0,0.0,0.0,0.0,0.0,0.0,0.0,0.0,0.0,0.0,0.0,0.0,0.0,0.0,0.0,0.0,0.0,0.0,0.0,0.0,0.0,0.0,0.0,0.0,0.0,0.0,0.0,0.0,0.0,0.0,0.0,0.0,0.0,0.0,0.0,0.0,0.0,0.0,0.0,0.0,0.0,0.0,0.0,0.0,0.0,0.0,0.0,0.0,0.0,0.0,0.0,0.0,0.0,0.0,0.0,0.0,0.0,0.0,0.0,0.0,0.0,0.0,0.0,0.0,0.0,0.0,0.0,0.0,0.0,0.0,0.0,0.0,0.0,0.0,0.0,0.0,0.0,0.0,0.0,0.0,0.0,0.0,0.0,0.0,0.0,0.0,0.0,0.0,0.0,0.0,0.0,0.0,0.0,0.0,0.0,0.0,0.0,0.0,0.0,0.0,0.0,0.0,0.0,0.0,0.0,0.0,0.0,0.0,0.0,0.0,0.0,0.0,0.0,0.0,0.0,0.0,0.0,0.0,0.0,0.0,0.0,0.0,0.0,0.0,0.0,0.0,0.0
42,0.006405353546142578,0.007546365261077881,0.009739100933074951,0.011159956455230713,0.011339128017425537,0.011194348335266113,0.012537181377410889,0.014656007289886475,0.015726447105407715,0.015919029712677002,0.016052603721618652,0.017571091651916504,0.019856691360473633,0.02156364917755127,0.02187889814376831,0.021935760974884033,0.023767709732055664,0.026222050189971924,0.027610361576080322,0.027106046676635742,0.02756291627883911,0.0295448899269104,0.03156775236129761,0.03297978639602661,0.032933712005615234,0.03366744518280029,0.03537929058074951,0.03761094808578491,0.03882789611816406,0.03863734006881714,0.03899961709976196,0.04083901643753052,0.04299443960189819,0.043889522552490234,0.04351484775543213,0.0440027117729187,0.04610252380371094,0.04813563823699951,0.04885220527648926,0.04823637008666992,0.04896223545074463,0.05108034610748291,0.05275970697402954,0.05357241630554199,0.05331599712371826,0.054127037525177,0.05635803937911987,0.05802339315414429,0.05815577507019043,0.057357728481292725,0.0584145188331604,0.06084471940994263,0.0631360411643982,0.0642697811126709,0.065390944480896,0.0680047869682312,0.07148468494415283,0.07411593198776245,0.07505333423614502,0.0743873119354248,0.07523387670516968,0.07517248392105103,0.07267993688583374,0.06743729114532471,0.06108057498931885,0.05552631616592407,0.049745023250579834,0.04277604818344116,0.03368884325027466,0.024859905242919922,0.01851552724838257,0.013287127017974854,0.008342206478118896,0.0037747621536254883,4.488229751586914e-05,0.0,0.0,0.0,0.0,0.0,0.0,0.0,0.0,0.0,0.0,0.0,0.0,0.0,0.0,0.0,0.0,0.0,0.0,0.0,0.0,0.0,0.0,0.0,0.0,0.0,0.0,0.0,0.0,0.0,0.0,0.0,0.0,0.0,0.0,0.0,0.0,0.0,0.0,0.0,0.0,0.0,0.0,0.0,0.0,0.0,0.0,0.0,0.0,0.0,0.0,0.0,0.0,0.0,0.0,0.0,0.0,0.0,0.0,0.0,0.0,0.0,0.0,0.0,0.0,0.0,0.0,0.0,0.0,0.0,0.0,0.0,0.0,0.0,0.0,0.0,0.0,0.0,0.0,0.0,0.0,0.0,0.0,0.0,0.0,0.0,0.0,0.0,0.0,0.0,0.0,0.0,0.0,0.0,0.0,0.0,0.0,0.0,0.0,0.0,0.0,0.0,0.0,0.0,0.0,0.0,0.0,0.0,0.0,0.0,0.0,0.0,0.0,0.0,0.0,0.0,0.0,0.0,0.0,0.0,0.0,0.0,0.0,0.0,0.0,0.0,0.0,0.0,0.0,0.0,0.0,0.0,0.0,0.0,0.0,0.0,0.0,0.0,0.0,0.0,0.0,0.0,0.0,0.0,0.0,0.0,0.0,0.0,0.0,0.0,0.0
43,0.0,0.0,0.0,0.0,0.0,0.0,0.0,0.0,0.0,0.0,0.0,0.0,0.0,0.0,0.0,0.0,0.0,0.0,0.0,0.0,0.0,0.0,0.0,0.0,0.0,0.0,0.0,0.0,0.0,0.0,0.0,0.0,0.0,0.0,0.0,0.0,0.0,0.0,0.0,0.0,0.0,0.0,0.0,0.0,0.0,0.0,0.0,0.0,0.0,0.0,0.0,0.0,0.0,0.0,0.0,0.0,0.0,0.0,0.0,0.0,0.0,0.0,0.0,0.0,0.0,0.0,0.0,0.0,0.0,0.0,0.0,0.0,0.0,0.0,0.0,0.0005217790603637695,0.0013747215270996094,0.0004960894584655762,-0.0014358162879943848,-0.0008467435836791992,0.0019513368606567383,0.00398707389831543,0.0038390159606933594,0.0027748942375183105,0.004173934459686279,0.007228195667266846,0.008811235427856445,0.008289813995361328,0.007225155830383301,0.009064555168151855,0.012329459190368652,0.013956606388092041,0.013343572616577148,0.012235403060913086,0.014098644256591797,0.01712357997894287,0.018371939659118652,0.017508327960968018,0.01674675941467285,0.01899123191833496,0.022048473358154297,0.02329707145690918,0.022537708282470703,0.02208179235458374,0.024559497833251953,0.02727031707763672,0.028100132942199707,0.02691936492919922,0.02643376588821411,0.029081225395202637,0.031897127628326416,0.03268700838088989,0.031673312187194824,0.03137099742889404,0.034124910831451416,0.036732375621795654,0.03735196590423584,0.036093711853027344,0.036559879779815674,0.03987538814544678,0.042511940002441406,0.04290902614593506,0.04179227352142334,0.042126357555389404,0.04515242576599121,0.04734295606613159,0.04752814769744873,0.04635864496231079,0.0471346378326416,0.05018758773803711,0.05220574140548706,0.05222785472869873,0.051280200481414795,0.05237913131713867,0.05534893274307251,0.057272374629974365,0.05724126100540161,0.056143343448638916,0.05741006135940552,0.060816287994384766,0.0623927116394043,0.06170988082885742,0.06095665693283081,0.06268393993377686,0.06574374437332153,0.06723105907440186,0.06632745265960693,0.06578004360198975,0.06811803579330444,0.07047182321548462,0.00010699033737182617,-0.0023546218872070312,-0.0030739307403564453,-0.0008637905120849609,5.1975250244140625e-05,-0.0014036893844604492,-0.005088508129119873,-0.006550967693328857,-0.00509721040725708,-0.004924654960632324,-0.00688326358795166,-0.010293424129486084,-0.011261224746704102,-0.009459733963012695,-0.009523093700408936,-0.011794745922088623,-0.015520572662353516,-0.015878260135650635,-0.014150798320770264,-0.014411509037017822,-0.016729652881622314,-0.02016538381576538,-0.020358383655548096,-0.018647849559783936,-0.01904219388961792,-0.02178734540939331,-0.025065600872039795,-0.02490633726119995,-0.023545444011688232,-0.02433180809020996,-0.026877284049987793,-0.029906749725341797,-0.02934473752975464,-0.027817368507385254,-0.028737366199493408,-0.03177595138549805,-0.03465461730957031,-0.03414803743362427,-0.03263503313064575,-0.03346896171569824,-0.036558330059051514,-0.03949594497680664,-0.038413286209106445,-0.037436723709106445,-0.03896689414978027,-0.04266047477722168,-0.04511821269989014,-0.0436977744102478,-0.042632102966308594,-0.043839454650878906,-0.047186076641082764,-0.049380481243133545,-0.04817473888397217,-0.04745960235595703,-0.048966288566589355,-0.05236339569091797,-0.05420839786529541,-0.052819013595581055,-0.05227792263031006,-0.05398392677307129,-0.0575404167175293,-0.0590747594833374,-0.05746883153915405,-0.057246506214141846,-0.05945873260498047,-0.06288772821426392,-0.06373703479766846,-0.06233096122741699,-0.06223982572555542,-0.06440085172653198,-0.06796836853027344,-0.06826907396316528,-0.06704717874526978,-0.0676303505897522,-0.06930935382843018
44,-0.008618414402008057,-0.0091056227684021,-0.009771883487701416,-0.01047903299331665,-0.011372029781341553,-0.01189190149307251,-0.012660980224609375,-0.013787806034088135,-0.015146434307098389,-0.016174137592315674,-0.016633570194244385,-0.017159104347229004,-0.01815873384475708,-0.01920527219772339,-0.019892454147338867,-0.020128965377807617,-0.02092134952545166,-0.022187352180480957,-0.023435652256011963,-0.024293839931488037,-0.024838626384735107,-0.025530755519866943,-0.026515603065490723,-0.02769523859024048,-0.028367340564727783,-0.028917312622070312,-0.02971947193145752,-0.030780434608459473,-0.03209257125854492,-0.033014774322509766,-0.03361332416534424,-0.03434157371520996,-0.03542417287826538,-0.03653454780578613,-0.03708243370056152,-0.037510454654693604,-0.038269639015197754,-0.03972196578979492,-0.04114347696304321,-0.04182422161102295,-0.04241454601287842,-0.043066978454589844,-0.0439600944519043,-0.0447465181350708,-0.04488760232925415,-0.045353710651397705,-0.046225130558013916,-0.04773831367492676,-0.04919707775115967,-0.05036056041717529,-0.05145329236984253,-0.05263429880142212,-0.05449354648590088,-0.056247711181640625,-0.057578444480895996,-0.05863809585571289,-0.059570491313934326,-0.060124874114990234,-0.05983549356460571,-0.057507991790771484,-0.052746593952178955,-0.04618191719055176,-0.03753930330276489,-0.027711331844329834,-0.01836341619491577,-0.009896039962768555,-0.003916263580322266,0.0010134577751159668,0.004039287567138672,0.005800485610961914,0.005170226097106934,0.0035545825958251953,0.001302480697631836,-0.00037175416946411133,-0.0010245442390441895,0.0,0.0,0.0,0.0,0.0,0.0,0.0,0.0,0.0,0.0,0.0,0.0,0.0,0.0,0.0,0.0,0.0,0.0,0.0,0.0,0.0,0.0,0.0,0.0,0.0,0.0,0.0,0.0,0.0,0.0,0.0,0.0,0.0,0.0,0.0,0.0,0.0,0.0,0.0,0.0,0.0,0.0,0.0,0.0,0.0,0.0,0.0,0.0,0.0,0.0,0.0,0.0,0.0,0.0,0.0,0.0,0.0,0.0,0.0,0.0,0.0,0.0,0.0,0.0,0.0,0.0,0.0,0.0,0.0,0.0,0.0,0.0,0.0,0.0,0.0,0.0,0.0,0.0,0.0,0.0,0.0,0.0,0.0,0.0,0.0,0.0,0.0,0.0,0.0,0.0,0.0,0.0,0.0,0.0,0.0,0.0,0.0,0.0,0.0,0.0,0.0,0.0,0.0,0.0,0.0,0.0,0.0,0.0,0.0,0.0,0.0,0.0,0.0,0.0,0.0,0.0,0.0,0.0,0.0,0.0,0.0,0.0,0.0,0.0,0.0,0.0,0.0,0.0,0.0,0.0,0.0,0.0,0.0,0.0,0.0,0.0,0.0,0.0,0.0,0.0,0.0,0.0,0.0,0.0,0.0,0.0,0.0,0.0,0.0,0.0
45,0.04527539014816284,0.04643750190734863,0.04719877243041992,0.04831629991531372,0.04861116409301758,0.04794144630432129,0.048208415508270264,0.0494038462638855,0.04987853765487671,0.0503460168838501,0.0498083233833313,0.050662219524383545,0.052228569984436035,0.053324103355407715,0.05359989404678345,0.053501129150390625,0.05372363328933716,0.05440253019332886,0.055069029331207275,0.054533183574676514,0.052990496158599854,0.05285543203353882,0.052919209003448486,0.05452084541320801,0.05518043041229248,0.05510944128036499,0.05612659454345703,0.05762434005737305,0.05793970823287964,0.05762571096420288,0.05708169937133789,0.057610273361206055,0.058870673179626465,0.06021612882614136,0.060432612895965576,0.05931496620178223,0.05850857496261597,0.05961710214614868,0.06075108051300049,0.06137126684188843,0.06195253133773804,0.06398534774780273,0.06418508291244507,0.06282567977905273,0.06065768003463745,0.058789074420928955,0.059024155139923096,0.05891507863998413,0.05848938226699829,0.058007776737213135,0.058708012104034424,0.05853927135467529,0.05921673774719238,0.05949753522872925,0.05791419744491577,0.05654710531234741,0.05834537744522095,0.060691654682159424,0.060318589210510254,0.0600132942199707,0.05973637104034424,0.06054544448852539,0.06122589111328125,0.06026118993759155,0.059826791286468506,0.06155812740325928,0.06535595655441284,0.06537961959838867,0.05125504732131958,0.022413015365600586,-0.00021082162857055664,-0.010595321655273438,-0.008065640926361084,-0.004529237747192383,-0.004380941390991211,0.003056824207305908,0.004999279975891113,0.006155252456665039,0.006873011589050293,0.007232725620269775,0.008237957954406738,0.01023775339126587,0.011896729469299316,0.012299418449401855,0.011930584907531738,0.012579798698425293,0.015140414237976074,0.017459988594055176,0.018724441528320312,0.01878899335861206,0.019658803939819336,0.021616041660308838,0.022741854190826416,0.023502588272094727,0.023883521556854248,0.0252377986907959,0.027140796184539795,0.027957558631896973,0.028160274028778076,0.028717517852783203,0.030599594116210938,0.03291440010070801,0.03399193286895752,0.03388833999633789,0.03425365686416626,0.03575563430786133,0.03758847713470459,0.038723111152648926,0.0392608642578125,0.040269315242767334,0.041027724742889404,0.04171186685562134,0.042726099491119385,0.04341346025466919,0.044521450996398926,0.04688906669616699,0.05028688907623291,0.050351738929748535,0.048871636390686035,0.047071218490600586,0.046784281730651855,0.048100173473358154,0.04797518253326416,0.04719531536102295,0.04787242412567139,0.05046486854553223,0.05083668231964111,0.0509796142578125,0.05106234550476074,0.05061405897140503,0.051154136657714844,0.053503990173339844,0.05511683225631714,0.05471670627593994,0.055880844593048096,0.05743592977523804,0.058776140213012695,0.058793485164642334,0.05759936571121216,0.05863356590270996,0.062297046184539795,0.06644535064697266,0.0655704140663147,0.05111414194107056,0.023850619792938232,0.0024980902671813965,-0.008444249629974365,-0.0074797868728637695,-0.0047231316566467285,-0.0033028721809387207,-0.008759796619415283,-0.010360360145568848,-0.011903584003448486,-0.013031959533691406,-0.01338893175125122,-0.013915181159973145,-0.01564931869506836,-0.01748669147491455,-0.018063008785247803,-0.017948389053344727,-0.01824885606765747,-0.020381689071655273,-0.023318171501159668,-0.025151729583740234,-0.024930894374847412,-0.02505701780319214,-0.026688575744628906,-0.028741180896759033,-0.02957022190093994,-0.029586613178253174,-0.030031442642211914,-0.03207230567932129,-0.03368145227432251,-0.03468632698059082,-0.03468954563140869,-0.03565162420272827,-0.038113951683044434,-0.03999137878417969,-0.040144145488739014,-0.03977137804031372,-0.04023677110671997,-0.042726218700408936,-0.04474747180938721,-0.04535937309265137,-0.04562234878540039,-0.04552018642425537,-0.046473801136016846,-0.048107266426086426,-0.04904061555862427,-0.04999899864196777,-0.051490068435668945,-0.055638253688812256,-0.05640500783920288,-0.05342459678649902,-0.0505099892616272,-0.050464749336242676,-0.0520707368850708,-0.05266910791397095,-0.05227863788604736,-0.05216783285140991,-0.05401092767715454,-0.05498009920120239,-0.05590122938156128,-0.05568051338195801,-0.05449318885803223,-0.054565489292144775,-0.05770421028137207,-0.0600399374961853,-0.059273362159729004,-0.059646546840667725,-0.06088000535964966,-0.06264454126358032,-0.06326359510421753,-0.0621066689491272,-0.06249183416366577,-0.06590104103088379,-0.07007551193237305,-0.06952297687530518,-0.055402398109436035,-0.027769088745117188,-0.00606149435043335,0.004668831825256348,0.0034024715423583984,2.282857894897461e-05,-0.0009223222732543945
